suite,case_id,pid,operation,passed,source,source_line,source_sha256,record_sha256,library_sha256
A/B/C,A-0001,101,keyGen,True,validation/stage1-20261004-0100/external.jsonl,1,689820b92d2ff8603a2ee6aa6e618fe990e340bee653f22eb844228a7b730efa,0c924ee6d9f60e9fa4c620f88843e3f374b05b8eac48c775edc13599125afe44,7466b9e92ac09f6a5dd82cc928ebe1ea46d0e74c59f0dd6f937918d132a94618
A/B/C,A-0002,101,keyGen,True,validation/stage1-20261004-0100/external.jsonl,2,689820b92d2ff8603a2ee6aa6e618fe990e340bee653f22eb844228a7b730efa,4dedbb6f48814b1b750215abc900c41fb41bf9ab0de9136673eee736ffcd17dc,7466b9e92ac09f6a5dd82cc928ebe1ea46d0e74c59f0dd6f937918d132a94618
A/B/C,A-0003,101,keyGen,True,validation/stage1-20261004-0100/external.jsonl,3,689820b92d2ff8603a2ee6aa6e618fe990e340bee653f22eb844228a7b730efa,98c3e399530d3cc335ae152f454e6e1deb87755ba4f6340a16e81dba2ce57798,7466b9e92ac09f6a5dd82cc928ebe1ea46d0e74c59f0dd6f937918d132a94618
A/B/C,A-0004,101,keyGen,True,validation/stage1-20261004-0100/external.jsonl,4,689820b92d2ff8603a2ee6aa6e618fe990e340bee653f22eb844228a7b730efa,0dad709f79f55bb1a0304e2238df0abdae3c30cb6c70b9ea127e0dd946b729ef,7466b9e92ac09f6a5dd82cc928ebe1ea46d0e74c59f0dd6f937918d132a94618
A/B/C,A-0005,101,keyGen,True,validation/stage1-20261004-0100/external.jsonl,5,689820b92d2ff8603a2ee6aa6e618fe990e340bee653f22eb844228a7b730efa,be3052f992b13d851405234f8e3b28d9fb4f3ce078315d703f6bda1e76a375f4,7466b9e92ac09f6a5dd82cc928ebe1ea46d0e74c59f0dd6f937918d132a94618
A/B/C,A-0006,101,keyGen,True,validation/stage1-20261004-0100/external.jsonl,6,689820b92d2ff8603a2ee6aa6e618fe990e340bee653f22eb844228a7b730efa,25bffb0f59d868ff7ee52124f95b4e600f496d403d9cf12165bea2fe44571b96,7466b9e92ac09f6a5dd82cc928ebe1ea46d0e74c59f0dd6f937918d132a94618
A/B/C,A-0007,101,keyGen,True,validation/stage1-20261004-0100/external.jsonl,7,689820b92d2ff8603a2ee6aa6e618fe990e340bee653f22eb844228a7b730efa,c21884987009fe189d5bd44cf4e473968c5ff2cd4d934592d5ca12e661bc63e8,7466b9e92ac09f6a5dd82cc928ebe1ea46d0e74c59f0dd6f937918d132a94618
A/B/C,A-0008,101,keyGen,True,validation/stage1-20261004-0100/external.jsonl,8,689820b92d2ff8603a2ee6aa6e618fe990e340bee653f22eb844228a7b730efa,1bd9ab9b8614fdef0dde211d7f8349401fec325212fb03ea8e232e8d1026894a,7466b9e92ac09f6a5dd82cc928ebe1ea46d0e74c59f0dd6f937918d132a94618
A/B/C,A-0009,101,keyGen,True,validation/stage1-20261004-0100/external.jsonl,9,689820b92d2ff8603a2ee6aa6e618fe990e340bee653f22eb844228a7b730efa,cb54bc5bfaffee6d8332a83cbec10d29dc798a325ccc5ae0cbfc10166d2a412d,7466b9e92ac09f6a5dd82cc928ebe1ea46d0e74c59f0dd6f937918d132a94618
A/B/C,A-0010,101,keyGen,True,validation/stage1-20261004-0100/external.jsonl,10,689820b92d2ff8603a2ee6aa6e618fe990e340bee653f22eb844228a7b730efa,018357ac8c6497e0f94bf32d2d8e6737e753c7d1dc34e7a313a1f6dcc0bfcfdf,7466b9e92ac09f6a5dd82cc928ebe1ea46d0e74c59f0dd6f937918d132a94618
A/B/C,A-0011,102,keyGen,True,validation/stage1-20261004-0100/external.jsonl,11,689820b92d2ff8603a2ee6aa6e618fe990e340bee653f22eb844228a7b730efa,400b7471572093391f9a6b86c50ab66a1fd2d57250a8df7429c59d247a32fddf,7466b9e92ac09f6a5dd82cc928ebe1ea46d0e74c59f0dd6f937918d132a94618
A/B/C,A-0012,102,keyGen,True,validation/stage1-20261004-0100/external.jsonl,12,689820b92d2ff8603a2ee6aa6e618fe990e340bee653f22eb844228a7b730efa,bac3f455a8b6a995869c36fb1231a473c22e84057ba938465fa12ae08949b88c,7466b9e92ac09f6a5dd82cc928ebe1ea46d0e74c59f0dd6f937918d132a94618
A/B/C,A-0013,102,keyGen,True,validation/stage1-20261004-0100/external.jsonl,13,689820b92d2ff8603a2ee6aa6e618fe990e340bee653f22eb844228a7b730efa,a1fa1367ed8f0d2dc7beb2a28cee3847e771112a2b7bf2010c39107014e1543a,7466b9e92ac09f6a5dd82cc928ebe1ea46d0e74c59f0dd6f937918d132a94618
A/B/C,A-0014,102,keyGen,True,validation/stage1-20261004-0100/external.jsonl,14,689820b92d2ff8603a2ee6aa6e618fe990e340bee653f22eb844228a7b730efa,9ffccdc57b022625798b6b8066ff1d942ef87c71baa707cf65dec05d8fd8718b,7466b9e92ac09f6a5dd82cc928ebe1ea46d0e74c59f0dd6f937918d132a94618
A/B/C,A-0015,102,keyGen,True,validation/stage1-20261004-0100/external.jsonl,15,689820b92d2ff8603a2ee6aa6e618fe990e340bee653f22eb844228a7b730efa,8e24dff13537a63f8381366d940702af5efc959066ca1ea87501869230db1638,7466b9e92ac09f6a5dd82cc928ebe1ea46d0e74c59f0dd6f937918d132a94618
A/B/C,A-0016,102,keyGen,True,validation/stage1-20261004-0100/external.jsonl,16,689820b92d2ff8603a2ee6aa6e618fe990e340bee653f22eb844228a7b730efa,7b2023e2ca5a8a34215e8427954542f2bd22c47e3413d531519eb23867b8ae1d,7466b9e92ac09f6a5dd82cc928ebe1ea46d0e74c59f0dd6f937918d132a94618
A/B/C,A-0017,102,keyGen,True,validation/stage1-20261004-0100/external.jsonl,17,689820b92d2ff8603a2ee6aa6e618fe990e340bee653f22eb844228a7b730efa,0ffdf57a5b215afbbd5a480ffa0a2ca37e02cf2c059290da8f71ebd1d4ed7e4a,7466b9e92ac09f6a5dd82cc928ebe1ea46d0e74c59f0dd6f937918d132a94618
A/B/C,A-0018,102,keyGen,True,validation/stage1-20261004-0100/external.jsonl,18,689820b92d2ff8603a2ee6aa6e618fe990e340bee653f22eb844228a7b730efa,fc813a829bf87fb9e486aca3900466c22e0302ef594759a140eb5a40b7a0124c,7466b9e92ac09f6a5dd82cc928ebe1ea46d0e74c59f0dd6f937918d132a94618
A/B/C,A-0019,102,keyGen,True,validation/stage1-20261004-0100/external.jsonl,19,689820b92d2ff8603a2ee6aa6e618fe990e340bee653f22eb844228a7b730efa,db4f432b3dd1b832db5074e450a303c7137688bd2b902ea29ef048364fc2a822,7466b9e92ac09f6a5dd82cc928ebe1ea46d0e74c59f0dd6f937918d132a94618
A/B/C,A-0020,102,keyGen,True,validation/stage1-20261004-0100/external.jsonl,20,689820b92d2ff8603a2ee6aa6e618fe990e340bee653f22eb844228a7b730efa,ac21ddecb8a15ed375efce5129056229cb01f5cdaf7c0d8b80016f9924dd4db4,7466b9e92ac09f6a5dd82cc928ebe1ea46d0e74c59f0dd6f937918d132a94618
A/B/C,A-0021,102,sigGen,True,validation/stage1-20261004-0100/external.jsonl,21,689820b92d2ff8603a2ee6aa6e618fe990e340bee653f22eb844228a7b730efa,30c902015c546e287d9884900cd26f422f675b7d03ae649924654da10539f70f,7466b9e92ac09f6a5dd82cc928ebe1ea46d0e74c59f0dd6f937918d132a94618
A/B/C,A-0022,102,sigGen,True,validation/stage1-20261004-0100/external.jsonl,22,689820b92d2ff8603a2ee6aa6e618fe990e340bee653f22eb844228a7b730efa,0e7b715a1c690d86fc848fc304aa12cf3fe2bfbc5396711d772c91113bcb71b1,7466b9e92ac09f6a5dd82cc928ebe1ea46d0e74c59f0dd6f937918d132a94618
A/B/C,A-0023,102,sigGen,True,validation/stage1-20261004-0100/external.jsonl,23,689820b92d2ff8603a2ee6aa6e618fe990e340bee653f22eb844228a7b730efa,52fce5e6b1415cfba344fb31c839cb7120ea35d5bb8addd5cfdbaa7e90bf87b9,7466b9e92ac09f6a5dd82cc928ebe1ea46d0e74c59f0dd6f937918d132a94618
A/B/C,A-0024,102,sigGen,True,validation/stage1-20261004-0100/external.jsonl,24,689820b92d2ff8603a2ee6aa6e618fe990e340bee653f22eb844228a7b730efa,cf7150c973935a98f32438a67152ace4e100a5f6d3e372529ccfd252de2a5e38,7466b9e92ac09f6a5dd82cc928ebe1ea46d0e74c59f0dd6f937918d132a94618
A/B/C,A-0025,102,sigGen,True,validation/stage1-20261004-0100/external.jsonl,25,689820b92d2ff8603a2ee6aa6e618fe990e340bee653f22eb844228a7b730efa,3cf5681b74ee2b45082d8b17330e36640dcce97504c9f8679192022d56fea651,7466b9e92ac09f6a5dd82cc928ebe1ea46d0e74c59f0dd6f937918d132a94618
A/B/C,A-0026,102,sigGen,True,validation/stage1-20261004-0100/external.jsonl,26,689820b92d2ff8603a2ee6aa6e618fe990e340bee653f22eb844228a7b730efa,38a34653a6e2849823ad1d08899519155cc6ccd01ec9b5f10f9ac6f5194a2a60,7466b9e92ac09f6a5dd82cc928ebe1ea46d0e74c59f0dd6f937918d132a94618
A/B/C,A-0027,102,sigGen,True,validation/stage1-20261004-0100/external.jsonl,27,689820b92d2ff8603a2ee6aa6e618fe990e340bee653f22eb844228a7b730efa,c3d2f6ac922e1a70489d747c76c8701cf95f835c85e9c7826b2b15f641c81012,7466b9e92ac09f6a5dd82cc928ebe1ea46d0e74c59f0dd6f937918d132a94618
A/B/C,A-0028,102,sigGen,True,validation/stage1-20261004-0100/external.jsonl,28,689820b92d2ff8603a2ee6aa6e618fe990e340bee653f22eb844228a7b730efa,39f84e6063263e0d7ca4e8acac76f64fa6223b5c2b9c66de21b0750467eba790,7466b9e92ac09f6a5dd82cc928ebe1ea46d0e74c59f0dd6f937918d132a94618
A/B/C,A-0029,102,sigGen,True,validation/stage1-20261004-0100/external.jsonl,29,689820b92d2ff8603a2ee6aa6e618fe990e340bee653f22eb844228a7b730efa,9b5816d06bfe4f0fb8d24c73d7b2ba08139e7ee3541609660864526ea4859c2f,7466b9e92ac09f6a5dd82cc928ebe1ea46d0e74c59f0dd6f937918d132a94618
A/B/C,A-0030,102,sigGen,True,validation/stage1-20261004-0100/external.jsonl,30,689820b92d2ff8603a2ee6aa6e618fe990e340bee653f22eb844228a7b730efa,948403f5b175ea8c59ae86d3490e0fcd7bd543ee94d1567b12f90259b1748928,7466b9e92ac09f6a5dd82cc928ebe1ea46d0e74c59f0dd6f937918d132a94618
A/B/C,A-0031,102,sigGen,True,validation/stage1-20261004-0100/external.jsonl,31,689820b92d2ff8603a2ee6aa6e618fe990e340bee653f22eb844228a7b730efa,ea453a0d36a7889038bd058cbbde4350f4f34cb072a0d58a068a6ec11d4e2370,7466b9e92ac09f6a5dd82cc928ebe1ea46d0e74c59f0dd6f937918d132a94618
A/B/C,A-0032,102,sigGen,True,validation/stage1-20261004-0100/external.jsonl,32,689820b92d2ff8603a2ee6aa6e618fe990e340bee653f22eb844228a7b730efa,bc5e1547bdf8debf5775a0f25c05b98ee281ca9088f82d9ecd4d77677062dc00,7466b9e92ac09f6a5dd82cc928ebe1ea46d0e74c59f0dd6f937918d132a94618
A/B/C,A-0033,102,sigGen,True,validation/stage1-20261004-0100/external.jsonl,33,689820b92d2ff8603a2ee6aa6e618fe990e340bee653f22eb844228a7b730efa,9e6b981370a4959d731c4a7a246f1664971dafceaa53698faf6b0748d260c655,7466b9e92ac09f6a5dd82cc928ebe1ea46d0e74c59f0dd6f937918d132a94618
A/B/C,A-0034,102,sigGen,True,validation/stage1-20261004-0100/external.jsonl,34,689820b92d2ff8603a2ee6aa6e618fe990e340bee653f22eb844228a7b730efa,649d935b33b33c3fdce606a7d1ea94cee3dfb98fe07e42740112aa2bfe66ef09,7466b9e92ac09f6a5dd82cc928ebe1ea46d0e74c59f0dd6f937918d132a94618
A/B/C,A-0035,102,sigGen,True,validation/stage1-20261004-0100/external.jsonl,35,689820b92d2ff8603a2ee6aa6e618fe990e340bee653f22eb844228a7b730efa,2d697ed3d3303cdc0660aab3a0d98ecac4076b2e01e789d79e6ffdf9667d0a06,7466b9e92ac09f6a5dd82cc928ebe1ea46d0e74c59f0dd6f937918d132a94618
A/B/C,A-0036,102,sigGen,True,validation/stage1-20261004-0100/external.jsonl,36,689820b92d2ff8603a2ee6aa6e618fe990e340bee653f22eb844228a7b730efa,64bfd51fd3bec8124715c93ba854a6347a7b887a07f4f4b80bd213b8a0373b44,7466b9e92ac09f6a5dd82cc928ebe1ea46d0e74c59f0dd6f937918d132a94618
A/B/C,A-0037,102,sigGen,True,validation/stage1-20261004-0100/external.jsonl,37,689820b92d2ff8603a2ee6aa6e618fe990e340bee653f22eb844228a7b730efa,cdb1259243100c808a8673e0846a993995d106932027f543c31b1bdd85199d3a,7466b9e92ac09f6a5dd82cc928ebe1ea46d0e74c59f0dd6f937918d132a94618
A/B/C,A-0038,102,sigGen,True,validation/stage1-20261004-0100/external.jsonl,38,689820b92d2ff8603a2ee6aa6e618fe990e340bee653f22eb844228a7b730efa,05b75fab4808d190cfa35318fc28f97f8dd77f3f1a0974a71843b9f96831cb5e,7466b9e92ac09f6a5dd82cc928ebe1ea46d0e74c59f0dd6f937918d132a94618
A/B/C,A-0039,102,sigGen,True,validation/stage1-20261004-0100/external.jsonl,39,689820b92d2ff8603a2ee6aa6e618fe990e340bee653f22eb844228a7b730efa,d8e0267c6461503e10bf7fc80a9b344ecef9d3a4987c9f91f034dc7f97c2840d,7466b9e92ac09f6a5dd82cc928ebe1ea46d0e74c59f0dd6f937918d132a94618
A/B/C,A-0040,102,sigGen,True,validation/stage1-20261004-0100/external.jsonl,40,689820b92d2ff8603a2ee6aa6e618fe990e340bee653f22eb844228a7b730efa,0c1222e2ad4536b42b546549b65e0b2ab7ee7b0ce5c824ee03af6f36c2754f0d,7466b9e92ac09f6a5dd82cc928ebe1ea46d0e74c59f0dd6f937918d132a94618
A/B/C,A-0041,102,sigGen,True,validation/stage1-20261004-0100/external.jsonl,41,689820b92d2ff8603a2ee6aa6e618fe990e340bee653f22eb844228a7b730efa,d52f1a35fd78852adafd7032b9218edb0f40b5aa2b60b19c9ea54eaa598c1d31,7466b9e92ac09f6a5dd82cc928ebe1ea46d0e74c59f0dd6f937918d132a94618
A/B/C,A-0042,102,sigGen,True,validation/stage1-20261004-0100/external.jsonl,42,689820b92d2ff8603a2ee6aa6e618fe990e340bee653f22eb844228a7b730efa,50a3dcf454cf7fa208a141772f0962f17bba050766eb8508843ea676d0bb47d1,7466b9e92ac09f6a5dd82cc928ebe1ea46d0e74c59f0dd6f937918d132a94618
A/B/C,A-0043,102,sigGen,True,validation/stage1-20261004-0100/external.jsonl,43,689820b92d2ff8603a2ee6aa6e618fe990e340bee653f22eb844228a7b730efa,d8a0b10aa4175a6ef36fa26b27fa35c66a42c95c3226539a1b95b4228fb70edd,7466b9e92ac09f6a5dd82cc928ebe1ea46d0e74c59f0dd6f937918d132a94618
A/B/C,A-0044,102,sigGen,True,validation/stage1-20261004-0100/external.jsonl,44,689820b92d2ff8603a2ee6aa6e618fe990e340bee653f22eb844228a7b730efa,de2dbb3c94eff5bf5cd4d0478800803fda84555bb5300fdb527ca03843ae099c,7466b9e92ac09f6a5dd82cc928ebe1ea46d0e74c59f0dd6f937918d132a94618
A/B/C,A-0045,102,sigGen,True,validation/stage1-20261004-0100/external.jsonl,45,689820b92d2ff8603a2ee6aa6e618fe990e340bee653f22eb844228a7b730efa,1e65d8839d7f1d45443d40c7408123107d6e71886087e228bad83dd5b0316ec5,7466b9e92ac09f6a5dd82cc928ebe1ea46d0e74c59f0dd6f937918d132a94618
A/B/C,A-0046,102,sigGen,True,validation/stage1-20261004-0100/external.jsonl,46,689820b92d2ff8603a2ee6aa6e618fe990e340bee653f22eb844228a7b730efa,aec1d561e697f750509c16fcecd0aca916aedcdea2ff9dbde5cb8643c3cfe7a6,7466b9e92ac09f6a5dd82cc928ebe1ea46d0e74c59f0dd6f937918d132a94618
A/B/C,A-0047,101,sigGen,True,validation/stage1-20261004-0100/external.jsonl,47,689820b92d2ff8603a2ee6aa6e618fe990e340bee653f22eb844228a7b730efa,be02a9a94ca249077714e594ef24a5ae25784882ef1f766b2bbf379279fd22c8,7466b9e92ac09f6a5dd82cc928ebe1ea46d0e74c59f0dd6f937918d132a94618
A/B/C,A-0048,101,sigGen,True,validation/stage1-20261004-0100/external.jsonl,48,689820b92d2ff8603a2ee6aa6e618fe990e340bee653f22eb844228a7b730efa,9b1bfef0e40b7dff790536378a6c997660dd2754c2304d314e968bc33a01bdd3,7466b9e92ac09f6a5dd82cc928ebe1ea46d0e74c59f0dd6f937918d132a94618
A/B/C,A-0049,101,sigGen,True,validation/stage1-20261004-0100/external.jsonl,49,689820b92d2ff8603a2ee6aa6e618fe990e340bee653f22eb844228a7b730efa,5f9f422d70d98bbcae66f6f51a3b16cf618bcdc0f6e5040851e408fc9783ea03,7466b9e92ac09f6a5dd82cc928ebe1ea46d0e74c59f0dd6f937918d132a94618
A/B/C,A-0050,101,sigGen,True,validation/stage1-20261004-0100/external.jsonl,50,689820b92d2ff8603a2ee6aa6e618fe990e340bee653f22eb844228a7b730efa,044a930571421b94eeefccdbc74e179733625e9b2a020ae1641a733afad850b7,7466b9e92ac09f6a5dd82cc928ebe1ea46d0e74c59f0dd6f937918d132a94618
A/B/C,A-0051,101,sigGen,True,validation/stage1-20261004-0100/external.jsonl,51,689820b92d2ff8603a2ee6aa6e618fe990e340bee653f22eb844228a7b730efa,5799eefa5a119d8dcc8918036f1b0442671c6f6957f4ed5c3badc5c60e4890a3,7466b9e92ac09f6a5dd82cc928ebe1ea46d0e74c59f0dd6f937918d132a94618
A/B/C,A-0052,101,sigGen,True,validation/stage1-20261004-0100/external.jsonl,52,689820b92d2ff8603a2ee6aa6e618fe990e340bee653f22eb844228a7b730efa,9314e07c8d97dd31a8b50a2a889674b66963077ce8dffb226d6e0f9e4cee11ab,7466b9e92ac09f6a5dd82cc928ebe1ea46d0e74c59f0dd6f937918d132a94618
A/B/C,A-0053,101,sigGen,True,validation/stage1-20261004-0100/external.jsonl,53,689820b92d2ff8603a2ee6aa6e618fe990e340bee653f22eb844228a7b730efa,87cce07ee215761a3ca415037085279057b9243ded8d853b61d9a9ad58d7800c,7466b9e92ac09f6a5dd82cc928ebe1ea46d0e74c59f0dd6f937918d132a94618
A/B/C,A-0054,101,sigGen,True,validation/stage1-20261004-0100/external.jsonl,54,689820b92d2ff8603a2ee6aa6e618fe990e340bee653f22eb844228a7b730efa,c7774e8c369349213c776eab463a8e05ab7486c457a860716bdbf49a4930108f,7466b9e92ac09f6a5dd82cc928ebe1ea46d0e74c59f0dd6f937918d132a94618
A/B/C,A-0055,101,sigGen,True,validation/stage1-20261004-0100/external.jsonl,55,689820b92d2ff8603a2ee6aa6e618fe990e340bee653f22eb844228a7b730efa,093c53f8e0aa2349864812d40213d47e38ba5f04ac1e263d0c39eeeabf360d9e,7466b9e92ac09f6a5dd82cc928ebe1ea46d0e74c59f0dd6f937918d132a94618
A/B/C,A-0056,101,sigGen,True,validation/stage1-20261004-0100/external.jsonl,56,689820b92d2ff8603a2ee6aa6e618fe990e340bee653f22eb844228a7b730efa,3c156a29f87482ca3c23544ae0e91a4652102f42b296f09f738e72fc21796c1a,7466b9e92ac09f6a5dd82cc928ebe1ea46d0e74c59f0dd6f937918d132a94618
A/B/C,A-0057,101,sigGen,True,validation/stage1-20261004-0100/external.jsonl,57,689820b92d2ff8603a2ee6aa6e618fe990e340bee653f22eb844228a7b730efa,94895acfb842d5f4c4892edcbfbee9740c4e6569bdb48f8edb53e7e5f1098161,7466b9e92ac09f6a5dd82cc928ebe1ea46d0e74c59f0dd6f937918d132a94618
A/B/C,A-0058,101,sigGen,True,validation/stage1-20261004-0100/external.jsonl,58,689820b92d2ff8603a2ee6aa6e618fe990e340bee653f22eb844228a7b730efa,16395f05b894d8e1a2202f1390498c8cbac71e14e555b31c851614e1d88205da,7466b9e92ac09f6a5dd82cc928ebe1ea46d0e74c59f0dd6f937918d132a94618
A/B/C,A-0059,101,sigGen,True,validation/stage1-20261004-0100/external.jsonl,59,689820b92d2ff8603a2ee6aa6e618fe990e340bee653f22eb844228a7b730efa,6886a6ae3a9152ea3fe7d836c6bf2a8090f36183387b02c2b4cfe178745bcc8c,7466b9e92ac09f6a5dd82cc928ebe1ea46d0e74c59f0dd6f937918d132a94618
A/B/C,A-0060,101,sigGen,True,validation/stage1-20261004-0100/external.jsonl,60,689820b92d2ff8603a2ee6aa6e618fe990e340bee653f22eb844228a7b730efa,bf066f1f5a1dc76c51b09c3f0bb4a786a4921dba114f05a59f45de4045cf1828,7466b9e92ac09f6a5dd82cc928ebe1ea46d0e74c59f0dd6f937918d132a94618
A/B/C,A-0061,101,sigGen,True,validation/stage1-20261004-0100/external.jsonl,61,689820b92d2ff8603a2ee6aa6e618fe990e340bee653f22eb844228a7b730efa,2c4ac1d62cdcf99318591d751581a6612d2fd8cb29332f82ff04bc8aa0e12b03,7466b9e92ac09f6a5dd82cc928ebe1ea46d0e74c59f0dd6f937918d132a94618
A/B/C,A-0062,101,sigGen,True,validation/stage1-20261004-0100/external.jsonl,62,689820b92d2ff8603a2ee6aa6e618fe990e340bee653f22eb844228a7b730efa,99126347458b5be6e0449cdc4be602ccfa01f788c6c15fe073f3c7136b5bc900,7466b9e92ac09f6a5dd82cc928ebe1ea46d0e74c59f0dd6f937918d132a94618
A/B/C,A-0063,101,sigGen,True,validation/stage1-20261004-0100/external.jsonl,63,689820b92d2ff8603a2ee6aa6e618fe990e340bee653f22eb844228a7b730efa,6a28d09353e576d93b64d2241d5d071076b5933c43d0a1c6829bbaa447ffcba3,7466b9e92ac09f6a5dd82cc928ebe1ea46d0e74c59f0dd6f937918d132a94618
A/B/C,A-0064,101,sigGen,True,validation/stage1-20261004-0100/external.jsonl,64,689820b92d2ff8603a2ee6aa6e618fe990e340bee653f22eb844228a7b730efa,d775a61167c3d11951fc1e714125942f1291b0b4fc086999b05e7c066ccd4439,7466b9e92ac09f6a5dd82cc928ebe1ea46d0e74c59f0dd6f937918d132a94618
A/B/C,A-0065,101,sigGen,True,validation/stage1-20261004-0100/external.jsonl,65,689820b92d2ff8603a2ee6aa6e618fe990e340bee653f22eb844228a7b730efa,953ff75c9c3ac437386f185b275ff900c4d2f4d5b441168de488003c850f31f3,7466b9e92ac09f6a5dd82cc928ebe1ea46d0e74c59f0dd6f937918d132a94618
A/B/C,A-0066,101,sigGen,True,validation/stage1-20261004-0100/external.jsonl,66,689820b92d2ff8603a2ee6aa6e618fe990e340bee653f22eb844228a7b730efa,0da1b023bd8a15b84a035a4e913142282d22f1187963c38f3ae9cf4ee715dc76,7466b9e92ac09f6a5dd82cc928ebe1ea46d0e74c59f0dd6f937918d132a94618
A/B/C,A-0067,101,sigGen,True,validation/stage1-20261004-0100/external.jsonl,67,689820b92d2ff8603a2ee6aa6e618fe990e340bee653f22eb844228a7b730efa,5750be23f25cb3513abd0bcdd28a62e82c9db300b631e09dbe9a77fd0a0b0a26,7466b9e92ac09f6a5dd82cc928ebe1ea46d0e74c59f0dd6f937918d132a94618
A/B/C,A-0068,101,sigGen,True,validation/stage1-20261004-0100/external.jsonl,68,689820b92d2ff8603a2ee6aa6e618fe990e340bee653f22eb844228a7b730efa,f78db33db66f73f9832322c81476c709317d9457f496e8413542d55d68212971,7466b9e92ac09f6a5dd82cc928ebe1ea46d0e74c59f0dd6f937918d132a94618
A/B/C,A-0069,101,sigGen,True,validation/stage1-20261004-0100/external.jsonl,69,689820b92d2ff8603a2ee6aa6e618fe990e340bee653f22eb844228a7b730efa,bcfd5be2f1ad68d08fa7ff4b76166d20fd825cb32973f91af3650443cd09573d,7466b9e92ac09f6a5dd82cc928ebe1ea46d0e74c59f0dd6f937918d132a94618
A/B/C,A-0070,101,sigGen,True,validation/stage1-20261004-0100/external.jsonl,70,689820b92d2ff8603a2ee6aa6e618fe990e340bee653f22eb844228a7b730efa,6d4f6644163e480788d20058034d6ea56fe4bd1ccef42a64c29f496885db6632,7466b9e92ac09f6a5dd82cc928ebe1ea46d0e74c59f0dd6f937918d132a94618
A/B/C,A-0071,101,sigGen,True,validation/stage1-20261004-0100/external.jsonl,71,689820b92d2ff8603a2ee6aa6e618fe990e340bee653f22eb844228a7b730efa,230b24c0cdb01ad3ce6187438cc2071ecc93d25d82fec3d67ded02df31a73e98,7466b9e92ac09f6a5dd82cc928ebe1ea46d0e74c59f0dd6f937918d132a94618
A/B/C,A-0072,101,sigGen,True,validation/stage1-20261004-0100/external.jsonl,72,689820b92d2ff8603a2ee6aa6e618fe990e340bee653f22eb844228a7b730efa,1639bd8ce1c6a300b49b80687fb145521a6d6f9f7ff43678e4da337ccb21ccb9,7466b9e92ac09f6a5dd82cc928ebe1ea46d0e74c59f0dd6f937918d132a94618
A/B/C,A-0073,102,sigGen,True,validation/stage1-20261004-0100/external.jsonl,73,689820b92d2ff8603a2ee6aa6e618fe990e340bee653f22eb844228a7b730efa,dd2a82d392341d097818b6869907ff347c103b46d001cc84cb8a8e7b3a46803a,7466b9e92ac09f6a5dd82cc928ebe1ea46d0e74c59f0dd6f937918d132a94618
A/B/C,A-0074,102,sigGen,True,validation/stage1-20261004-0100/external.jsonl,74,689820b92d2ff8603a2ee6aa6e618fe990e340bee653f22eb844228a7b730efa,fa362513ee5dd75940b6286e524fb8e015f055412eb9cddcafd3e22f973c2dd9,7466b9e92ac09f6a5dd82cc928ebe1ea46d0e74c59f0dd6f937918d132a94618
A/B/C,A-0075,102,sigGen,True,validation/stage1-20261004-0100/external.jsonl,75,689820b92d2ff8603a2ee6aa6e618fe990e340bee653f22eb844228a7b730efa,f4c4dcb9864668041e726c44330aae8f686e812765352a8e880a2dc82af60c9b,7466b9e92ac09f6a5dd82cc928ebe1ea46d0e74c59f0dd6f937918d132a94618
A/B/C,A-0076,102,sigGen,True,validation/stage1-20261004-0100/external.jsonl,76,689820b92d2ff8603a2ee6aa6e618fe990e340bee653f22eb844228a7b730efa,10fa7eaff646e5e5f28af5ae86a654be3a0096b26c091fed1d7c521fe7e5eb98,7466b9e92ac09f6a5dd82cc928ebe1ea46d0e74c59f0dd6f937918d132a94618
A/B/C,A-0077,102,sigGen,True,validation/stage1-20261004-0100/external.jsonl,77,689820b92d2ff8603a2ee6aa6e618fe990e340bee653f22eb844228a7b730efa,22dbc3cdc2fcff903183498835a8d15d9e6803ad0d3caa2fbf3bb255665c7d6a,7466b9e92ac09f6a5dd82cc928ebe1ea46d0e74c59f0dd6f937918d132a94618
A/B/C,A-0078,102,sigGen,True,validation/stage1-20261004-0100/external.jsonl,78,689820b92d2ff8603a2ee6aa6e618fe990e340bee653f22eb844228a7b730efa,69ec86783bd3d664bd50c1f9b2289f022b2db41a739ee45d441ee8e71d2d40ac,7466b9e92ac09f6a5dd82cc928ebe1ea46d0e74c59f0dd6f937918d132a94618
A/B/C,A-0079,102,sigGen,True,validation/stage1-20261004-0100/external.jsonl,79,689820b92d2ff8603a2ee6aa6e618fe990e340bee653f22eb844228a7b730efa,c445b8df390b63f807f0b7c344558d69b71064858a77193a7ed7571a67c0ec11,7466b9e92ac09f6a5dd82cc928ebe1ea46d0e74c59f0dd6f937918d132a94618
A/B/C,A-0080,102,sigGen,True,validation/stage1-20261004-0100/external.jsonl,80,689820b92d2ff8603a2ee6aa6e618fe990e340bee653f22eb844228a7b730efa,fb449a16d833df866556ec25fa3c2923aad45b4eeef3b34032d178d246967419,7466b9e92ac09f6a5dd82cc928ebe1ea46d0e74c59f0dd6f937918d132a94618
A/B/C,A-0081,102,sigGen,True,validation/stage1-20261004-0100/external.jsonl,81,689820b92d2ff8603a2ee6aa6e618fe990e340bee653f22eb844228a7b730efa,40be566640186bf0c5c090a991fb6c95103967e4de310bd57c598e4729c5462d,7466b9e92ac09f6a5dd82cc928ebe1ea46d0e74c59f0dd6f937918d132a94618
A/B/C,A-0082,102,sigGen,True,validation/stage1-20261004-0100/external.jsonl,82,689820b92d2ff8603a2ee6aa6e618fe990e340bee653f22eb844228a7b730efa,9e3a7b91259ec6ca617de3758cf706fb279e18df3a0ab53088818bf271832aff,7466b9e92ac09f6a5dd82cc928ebe1ea46d0e74c59f0dd6f937918d132a94618
A/B/C,A-0083,102,sigGen,True,validation/stage1-20261004-0100/external.jsonl,83,689820b92d2ff8603a2ee6aa6e618fe990e340bee653f22eb844228a7b730efa,0d5cf122d022d607b45a3be02e2bd006a88fa7e3ba3376521d89e7bc5cbc6654,7466b9e92ac09f6a5dd82cc928ebe1ea46d0e74c59f0dd6f937918d132a94618
A/B/C,A-0084,102,sigGen,True,validation/stage1-20261004-0100/external.jsonl,84,689820b92d2ff8603a2ee6aa6e618fe990e340bee653f22eb844228a7b730efa,1cca4b3fa6097a638bb6d32760a3627cdbb34c885cdc97aedbc9b5f2a0807db0,7466b9e92ac09f6a5dd82cc928ebe1ea46d0e74c59f0dd6f937918d132a94618
A/B/C,A-0085,102,sigGen,True,validation/stage1-20261004-0100/external.jsonl,85,689820b92d2ff8603a2ee6aa6e618fe990e340bee653f22eb844228a7b730efa,9db42867b090b0ec6008f3dcc0639fa7c23103f01d19c091fa67427e8aa9ae8d,7466b9e92ac09f6a5dd82cc928ebe1ea46d0e74c59f0dd6f937918d132a94618
A/B/C,A-0086,102,sigGen,True,validation/stage1-20261004-0100/external.jsonl,86,689820b92d2ff8603a2ee6aa6e618fe990e340bee653f22eb844228a7b730efa,8797b5ae338fe5d0b480a8a47abb5c754661cbd49e3be3636a32ec0fb254fb00,7466b9e92ac09f6a5dd82cc928ebe1ea46d0e74c59f0dd6f937918d132a94618
A/B/C,A-0087,102,sigGen,True,validation/stage1-20261004-0100/external.jsonl,87,689820b92d2ff8603a2ee6aa6e618fe990e340bee653f22eb844228a7b730efa,c305db9eb11ff8feebdb92fd912c69d7837e6abc758c04e6cc44d0a509130d3a,7466b9e92ac09f6a5dd82cc928ebe1ea46d0e74c59f0dd6f937918d132a94618
A/B/C,A-0088,102,sigGen,True,validation/stage1-20261004-0100/external.jsonl,88,689820b92d2ff8603a2ee6aa6e618fe990e340bee653f22eb844228a7b730efa,68b58e39951765109260f2cfbc99fd321e3116e3999dfa01f3eaa482701af5fd,7466b9e92ac09f6a5dd82cc928ebe1ea46d0e74c59f0dd6f937918d132a94618
A/B/C,A-0089,102,sigGen,True,validation/stage1-20261004-0100/external.jsonl,89,689820b92d2ff8603a2ee6aa6e618fe990e340bee653f22eb844228a7b730efa,0ad77c1be6bbfa6487de3713ecb31a99231998c30508eb609290b52f5d42647f,7466b9e92ac09f6a5dd82cc928ebe1ea46d0e74c59f0dd6f937918d132a94618
A/B/C,A-0090,102,sigGen,True,validation/stage1-20261004-0100/external.jsonl,90,689820b92d2ff8603a2ee6aa6e618fe990e340bee653f22eb844228a7b730efa,9b2207740bba16a1d9680de4d9f3b7c72452e477baf3ec8a618137e54aca5c07,7466b9e92ac09f6a5dd82cc928ebe1ea46d0e74c59f0dd6f937918d132a94618
A/B/C,A-0091,102,sigGen,True,validation/stage1-20261004-0100/external.jsonl,91,689820b92d2ff8603a2ee6aa6e618fe990e340bee653f22eb844228a7b730efa,99ded788a5db8946a439ead677287bea24e11acb4395430dac65d8fd3b518671,7466b9e92ac09f6a5dd82cc928ebe1ea46d0e74c59f0dd6f937918d132a94618
A/B/C,A-0092,102,sigGen,True,validation/stage1-20261004-0100/external.jsonl,92,689820b92d2ff8603a2ee6aa6e618fe990e340bee653f22eb844228a7b730efa,f6633c2e8502c90faad3eb082ee18baf90f92493a3a706e6d2c72010a0ce4821,7466b9e92ac09f6a5dd82cc928ebe1ea46d0e74c59f0dd6f937918d132a94618
A/B/C,A-0093,102,sigGen,True,validation/stage1-20261004-0100/external.jsonl,93,689820b92d2ff8603a2ee6aa6e618fe990e340bee653f22eb844228a7b730efa,98e43c390003c166c67218901ffcb22e1b8b9afc36b6c73bdf3b1aeed0654832,7466b9e92ac09f6a5dd82cc928ebe1ea46d0e74c59f0dd6f937918d132a94618
A/B/C,A-0094,102,sigGen,True,validation/stage1-20261004-0100/external.jsonl,94,689820b92d2ff8603a2ee6aa6e618fe990e340bee653f22eb844228a7b730efa,bdc911ed0a50bc6345aa42e9972f1c085b2c9bacd0d2b1b8c718c56e76346d4a,7466b9e92ac09f6a5dd82cc928ebe1ea46d0e74c59f0dd6f937918d132a94618
A/B/C,A-0095,102,sigGen,True,validation/stage1-20261004-0100/external.jsonl,95,689820b92d2ff8603a2ee6aa6e618fe990e340bee653f22eb844228a7b730efa,e9c94d39988a8385a768c6beb21b87348b83790a095254ebc1036bdeac382a86,7466b9e92ac09f6a5dd82cc928ebe1ea46d0e74c59f0dd6f937918d132a94618
A/B/C,A-0096,102,sigGen,True,validation/stage1-20261004-0100/external.jsonl,96,689820b92d2ff8603a2ee6aa6e618fe990e340bee653f22eb844228a7b730efa,b16f8a8e63b907b1c9b263715fa3c84a9fa3afd24347a4e690b5ef90e9b493b8,7466b9e92ac09f6a5dd82cc928ebe1ea46d0e74c59f0dd6f937918d132a94618
A/B/C,A-0097,102,sigGen,True,validation/stage1-20261004-0100/external.jsonl,97,689820b92d2ff8603a2ee6aa6e618fe990e340bee653f22eb844228a7b730efa,58d0390ef1efd0cce24514202050caae9d0136c928c97d123b454f2ea5520c51,7466b9e92ac09f6a5dd82cc928ebe1ea46d0e74c59f0dd6f937918d132a94618
A/B/C,A-0098,102,sigGen,True,validation/stage1-20261004-0100/external.jsonl,98,689820b92d2ff8603a2ee6aa6e618fe990e340bee653f22eb844228a7b730efa,b9cd4a7819a2aae1064d1a1f671b66d960f552babbbd07c21d4066c9a4cbe1ed,7466b9e92ac09f6a5dd82cc928ebe1ea46d0e74c59f0dd6f937918d132a94618
A/B/C,A-0099,101,sigGen,True,validation/stage1-20261004-0100/external.jsonl,99,689820b92d2ff8603a2ee6aa6e618fe990e340bee653f22eb844228a7b730efa,75b9e96c630cb83b6aea8523024f664a1d5e89ecb025210163e83049e6e0b79a,7466b9e92ac09f6a5dd82cc928ebe1ea46d0e74c59f0dd6f937918d132a94618
A/B/C,A-0100,101,sigGen,True,validation/stage1-20261004-0100/external.jsonl,100,689820b92d2ff8603a2ee6aa6e618fe990e340bee653f22eb844228a7b730efa,d504d1e63c1cdad5b8306d69b9cf427398a5b338549856da7df4036369dd0071,7466b9e92ac09f6a5dd82cc928ebe1ea46d0e74c59f0dd6f937918d132a94618
A/B/C,A-0101,101,sigGen,True,validation/stage1-20261004-0100/external.jsonl,101,689820b92d2ff8603a2ee6aa6e618fe990e340bee653f22eb844228a7b730efa,a8f84008f2d87b840e009ef5e47cbcea37fcc421bac3cde9c6669ea123731d09,7466b9e92ac09f6a5dd82cc928ebe1ea46d0e74c59f0dd6f937918d132a94618
A/B/C,A-0102,101,sigGen,True,validation/stage1-20261004-0100/external.jsonl,102,689820b92d2ff8603a2ee6aa6e618fe990e340bee653f22eb844228a7b730efa,7ca750f1dd01175fc2e47cd5673efc47697efca22ef1862f083194a903914f7a,7466b9e92ac09f6a5dd82cc928ebe1ea46d0e74c59f0dd6f937918d132a94618
A/B/C,A-0103,101,sigGen,True,validation/stage1-20261004-0100/external.jsonl,103,689820b92d2ff8603a2ee6aa6e618fe990e340bee653f22eb844228a7b730efa,0453446b0f009bae62ecfe551db1dc7d0a15b31f434cc207b21a51dda1ea5ce7,7466b9e92ac09f6a5dd82cc928ebe1ea46d0e74c59f0dd6f937918d132a94618
A/B/C,A-0104,101,sigGen,True,validation/stage1-20261004-0100/external.jsonl,104,689820b92d2ff8603a2ee6aa6e618fe990e340bee653f22eb844228a7b730efa,6118b33268368bedc3d9dcb5564210c2f1c32d5484f674e6ef12938f46ddcd17,7466b9e92ac09f6a5dd82cc928ebe1ea46d0e74c59f0dd6f937918d132a94618
A/B/C,A-0105,101,sigGen,True,validation/stage1-20261004-0100/external.jsonl,105,689820b92d2ff8603a2ee6aa6e618fe990e340bee653f22eb844228a7b730efa,0c8e7c567f68f0a6ffa99199622b414cdca0fe941b84397dcf4de92a01230501,7466b9e92ac09f6a5dd82cc928ebe1ea46d0e74c59f0dd6f937918d132a94618
A/B/C,A-0106,101,sigGen,True,validation/stage1-20261004-0100/external.jsonl,106,689820b92d2ff8603a2ee6aa6e618fe990e340bee653f22eb844228a7b730efa,dfadd247ffd07b31cb02c65507683721d4560ac07a5eb5830b13800742ab85fe,7466b9e92ac09f6a5dd82cc928ebe1ea46d0e74c59f0dd6f937918d132a94618
A/B/C,A-0107,101,sigGen,True,validation/stage1-20261004-0100/external.jsonl,107,689820b92d2ff8603a2ee6aa6e618fe990e340bee653f22eb844228a7b730efa,4f9979b2f6e6bc9bf903685320703329ca610069703005cf203b32c0ce3ac362,7466b9e92ac09f6a5dd82cc928ebe1ea46d0e74c59f0dd6f937918d132a94618
A/B/C,A-0108,101,sigGen,True,validation/stage1-20261004-0100/external.jsonl,108,689820b92d2ff8603a2ee6aa6e618fe990e340bee653f22eb844228a7b730efa,3fe0940873cb31902ea4017ce55e1d156456b62fdd53b896657f85471d0d7dcf,7466b9e92ac09f6a5dd82cc928ebe1ea46d0e74c59f0dd6f937918d132a94618
A/B/C,A-0109,101,sigGen,True,validation/stage1-20261004-0100/external.jsonl,109,689820b92d2ff8603a2ee6aa6e618fe990e340bee653f22eb844228a7b730efa,b116efd10aa2b0cd23dab6ed7861fd53990101f3638a257bd6eee3800f97c4a7,7466b9e92ac09f6a5dd82cc928ebe1ea46d0e74c59f0dd6f937918d132a94618
A/B/C,A-0110,101,sigGen,True,validation/stage1-20261004-0100/external.jsonl,110,689820b92d2ff8603a2ee6aa6e618fe990e340bee653f22eb844228a7b730efa,0c4f4e057314c49993bf3a0138a8be442be572f8358851076161474a999b626d,7466b9e92ac09f6a5dd82cc928ebe1ea46d0e74c59f0dd6f937918d132a94618
A/B/C,A-0111,101,sigGen,True,validation/stage1-20261004-0100/external.jsonl,111,689820b92d2ff8603a2ee6aa6e618fe990e340bee653f22eb844228a7b730efa,fbe1da82eff2c70745e5c6045c9ba6c142d60dd0804de92f006eef47938b4103,7466b9e92ac09f6a5dd82cc928ebe1ea46d0e74c59f0dd6f937918d132a94618
A/B/C,A-0112,101,sigGen,True,validation/stage1-20261004-0100/external.jsonl,112,689820b92d2ff8603a2ee6aa6e618fe990e340bee653f22eb844228a7b730efa,179e8ddfadb2c4a1015a2444946920f3fa6576731b3fa5371140674c06815d87,7466b9e92ac09f6a5dd82cc928ebe1ea46d0e74c59f0dd6f937918d132a94618
A/B/C,A-0113,101,sigGen,True,validation/stage1-20261004-0100/external.jsonl,113,689820b92d2ff8603a2ee6aa6e618fe990e340bee653f22eb844228a7b730efa,09d0619b41edb1575ca341f70d7ccad3ad8356d3402a94eb825c70928b486e0f,7466b9e92ac09f6a5dd82cc928ebe1ea46d0e74c59f0dd6f937918d132a94618
A/B/C,A-0114,101,sigGen,True,validation/stage1-20261004-0100/external.jsonl,114,689820b92d2ff8603a2ee6aa6e618fe990e340bee653f22eb844228a7b730efa,90b5d8b186a567afb44732213d35d3a2a4a78676781bec096007a7718f8fc3e4,7466b9e92ac09f6a5dd82cc928ebe1ea46d0e74c59f0dd6f937918d132a94618
A/B/C,A-0115,101,sigGen,True,validation/stage1-20261004-0100/external.jsonl,115,689820b92d2ff8603a2ee6aa6e618fe990e340bee653f22eb844228a7b730efa,07610154c456fb96fa07bd387a0b32546a994b966262a21c247c89c5a20b03d3,7466b9e92ac09f6a5dd82cc928ebe1ea46d0e74c59f0dd6f937918d132a94618
A/B/C,A-0116,101,sigGen,True,validation/stage1-20261004-0100/external.jsonl,116,689820b92d2ff8603a2ee6aa6e618fe990e340bee653f22eb844228a7b730efa,d4485c261f898f31c156b1dcc465d4a5fdc3faeb4064d0eca3939ce3c126c2c9,7466b9e92ac09f6a5dd82cc928ebe1ea46d0e74c59f0dd6f937918d132a94618
A/B/C,A-0117,101,sigGen,True,validation/stage1-20261004-0100/external.jsonl,117,689820b92d2ff8603a2ee6aa6e618fe990e340bee653f22eb844228a7b730efa,3cb3cc13f687bc62a8600aef357a6748a5bcde2ed84cd361c29df0a319a56aa9,7466b9e92ac09f6a5dd82cc928ebe1ea46d0e74c59f0dd6f937918d132a94618
A/B/C,A-0118,101,sigGen,True,validation/stage1-20261004-0100/external.jsonl,118,689820b92d2ff8603a2ee6aa6e618fe990e340bee653f22eb844228a7b730efa,c3f11e9b5e85757b6b4563f08215a2473d154ccdf445ecdbdb04021339eb8703,7466b9e92ac09f6a5dd82cc928ebe1ea46d0e74c59f0dd6f937918d132a94618
A/B/C,A-0119,101,sigGen,True,validation/stage1-20261004-0100/external.jsonl,119,689820b92d2ff8603a2ee6aa6e618fe990e340bee653f22eb844228a7b730efa,2e891305ec431d6797d5178cacb6b8a2b0fb2895d664f39fc9b4aae858a9bd5a,7466b9e92ac09f6a5dd82cc928ebe1ea46d0e74c59f0dd6f937918d132a94618
A/B/C,A-0120,101,sigGen,True,validation/stage1-20261004-0100/external.jsonl,120,689820b92d2ff8603a2ee6aa6e618fe990e340bee653f22eb844228a7b730efa,8ab823684647e5b2b06834f42284799fa3cef27c79189379fbde332b2651578b,7466b9e92ac09f6a5dd82cc928ebe1ea46d0e74c59f0dd6f937918d132a94618
A/B/C,A-0121,101,sigGen,True,validation/stage1-20261004-0100/external.jsonl,121,689820b92d2ff8603a2ee6aa6e618fe990e340bee653f22eb844228a7b730efa,6ebe71fb053e364bf711469163c458aa610b1ee6326e7465d9eddbac9adc402b,7466b9e92ac09f6a5dd82cc928ebe1ea46d0e74c59f0dd6f937918d132a94618
A/B/C,A-0122,101,sigGen,True,validation/stage1-20261004-0100/external.jsonl,122,689820b92d2ff8603a2ee6aa6e618fe990e340bee653f22eb844228a7b730efa,52fcc518e78f73c5f5781834bd147e36a055082c1513f59bfc74cfb81ed10ecb,7466b9e92ac09f6a5dd82cc928ebe1ea46d0e74c59f0dd6f937918d132a94618
A/B/C,A-0123,101,sigGen,True,validation/stage1-20261004-0100/external.jsonl,123,689820b92d2ff8603a2ee6aa6e618fe990e340bee653f22eb844228a7b730efa,b4de329bc34e52f271ed032a6f127abc7c7091d32b6075777be156b06e1d4392,7466b9e92ac09f6a5dd82cc928ebe1ea46d0e74c59f0dd6f937918d132a94618
A/B/C,A-0124,101,sigGen,True,validation/stage1-20261004-0100/external.jsonl,124,689820b92d2ff8603a2ee6aa6e618fe990e340bee653f22eb844228a7b730efa,8c4543aa3e39eab74f672556c373a71e13228ece1ba4dc2b8e1301198182c9bb,7466b9e92ac09f6a5dd82cc928ebe1ea46d0e74c59f0dd6f937918d132a94618
A/B/C,A-0125,102,sigVer,True,validation/stage1-20261004-0100/external.jsonl,125,689820b92d2ff8603a2ee6aa6e618fe990e340bee653f22eb844228a7b730efa,7479ea41d454287c0c30117948c71815498c2c15decd2bf3cd1106d6622e20a6,7466b9e92ac09f6a5dd82cc928ebe1ea46d0e74c59f0dd6f937918d132a94618
A/B/C,A-0126,102,sigVer,True,validation/stage1-20261004-0100/external.jsonl,126,689820b92d2ff8603a2ee6aa6e618fe990e340bee653f22eb844228a7b730efa,95a4008553a24398e6092bb3ba6f4b6306ea4b77a74e97b55bf1e9716ea22f5c,7466b9e92ac09f6a5dd82cc928ebe1ea46d0e74c59f0dd6f937918d132a94618
A/B/C,A-0127,102,sigVer,True,validation/stage1-20261004-0100/external.jsonl,127,689820b92d2ff8603a2ee6aa6e618fe990e340bee653f22eb844228a7b730efa,d5620d8f72f334c7fd5f57eac19cc0162bf7bcf0a840777428ff0b4169ddadc2,7466b9e92ac09f6a5dd82cc928ebe1ea46d0e74c59f0dd6f937918d132a94618
A/B/C,A-0128,102,sigVer,True,validation/stage1-20261004-0100/external.jsonl,128,689820b92d2ff8603a2ee6aa6e618fe990e340bee653f22eb844228a7b730efa,da69512cf45e069a2d26cf3610c76986926c7920751a114d5f690f4a561057c6,7466b9e92ac09f6a5dd82cc928ebe1ea46d0e74c59f0dd6f937918d132a94618
A/B/C,A-0129,102,sigVer,True,validation/stage1-20261004-0100/external.jsonl,129,689820b92d2ff8603a2ee6aa6e618fe990e340bee653f22eb844228a7b730efa,7785d99ace1095b872dd82bd5b475c7c50329ca1da9d0a27bbbfa292b367321d,7466b9e92ac09f6a5dd82cc928ebe1ea46d0e74c59f0dd6f937918d132a94618
A/B/C,A-0130,102,sigVer,True,validation/stage1-20261004-0100/external.jsonl,130,689820b92d2ff8603a2ee6aa6e618fe990e340bee653f22eb844228a7b730efa,c35fb9bbc3f088dabd5ed9346f18eda7feadf6b30f4f8089a59ae737d75e2876,7466b9e92ac09f6a5dd82cc928ebe1ea46d0e74c59f0dd6f937918d132a94618
A/B/C,A-0131,102,sigVer,True,validation/stage1-20261004-0100/external.jsonl,131,689820b92d2ff8603a2ee6aa6e618fe990e340bee653f22eb844228a7b730efa,56a29116fdbf871d513d5bd6ae70098c2f98ced923adef2131441bc536ca9b5e,7466b9e92ac09f6a5dd82cc928ebe1ea46d0e74c59f0dd6f937918d132a94618
A/B/C,A-0132,102,sigVer,True,validation/stage1-20261004-0100/external.jsonl,132,689820b92d2ff8603a2ee6aa6e618fe990e340bee653f22eb844228a7b730efa,77479a7ebbcba11de3d37fc60887bb72850541ac0208689d83e2fcfed0be3471,7466b9e92ac09f6a5dd82cc928ebe1ea46d0e74c59f0dd6f937918d132a94618
A/B/C,A-0133,102,sigVer,True,validation/stage1-20261004-0100/external.jsonl,133,689820b92d2ff8603a2ee6aa6e618fe990e340bee653f22eb844228a7b730efa,23ba0ac4ee959508be0960bac429ea5c12b42c5d279950a681a70f500f242ae5,7466b9e92ac09f6a5dd82cc928ebe1ea46d0e74c59f0dd6f937918d132a94618
A/B/C,A-0134,102,sigVer,True,validation/stage1-20261004-0100/external.jsonl,134,689820b92d2ff8603a2ee6aa6e618fe990e340bee653f22eb844228a7b730efa,46d6a94764ffd351c511ed6f4aab7f47e636fa3316f552320a0fd3d4f10d79f3,7466b9e92ac09f6a5dd82cc928ebe1ea46d0e74c59f0dd6f937918d132a94618
A/B/C,A-0135,102,sigVer,True,validation/stage1-20261004-0100/external.jsonl,135,689820b92d2ff8603a2ee6aa6e618fe990e340bee653f22eb844228a7b730efa,7a8e2a3e098f859424937bf4187330fd7b1a3a73d0f277d2a6f207bbd9b082ad,7466b9e92ac09f6a5dd82cc928ebe1ea46d0e74c59f0dd6f937918d132a94618
A/B/C,A-0136,102,sigVer,True,validation/stage1-20261004-0100/external.jsonl,136,689820b92d2ff8603a2ee6aa6e618fe990e340bee653f22eb844228a7b730efa,32855bf5ac724a6df1cea50099276fafd67ef98775dd524da51438bcd910169f,7466b9e92ac09f6a5dd82cc928ebe1ea46d0e74c59f0dd6f937918d132a94618
A/B/C,A-0137,102,sigVer,True,validation/stage1-20261004-0100/external.jsonl,137,689820b92d2ff8603a2ee6aa6e618fe990e340bee653f22eb844228a7b730efa,d22ab070d07f65b9db13ac99f15637647089e08af57e3c90d8ccae12ba7781a0,7466b9e92ac09f6a5dd82cc928ebe1ea46d0e74c59f0dd6f937918d132a94618
A/B/C,A-0138,102,sigVer,True,validation/stage1-20261004-0100/external.jsonl,138,689820b92d2ff8603a2ee6aa6e618fe990e340bee653f22eb844228a7b730efa,026b6f38a509ff1a8b01e410db5aefd39dcbfb38db5717e756ab70d7cfe2dea8,7466b9e92ac09f6a5dd82cc928ebe1ea46d0e74c59f0dd6f937918d132a94618
A/B/C,A-0139,102,sigVer,True,validation/stage1-20261004-0100/external.jsonl,139,689820b92d2ff8603a2ee6aa6e618fe990e340bee653f22eb844228a7b730efa,7d460af7fcd953f878082844ba7be61c00cce014e22fdcec40f227f778bcd3cd,7466b9e92ac09f6a5dd82cc928ebe1ea46d0e74c59f0dd6f937918d132a94618
A/B/C,A-0140,102,sigVer,True,validation/stage1-20261004-0100/external.jsonl,140,689820b92d2ff8603a2ee6aa6e618fe990e340bee653f22eb844228a7b730efa,83cfffcdd506e1c9387ad16279b88b7bb3f2be2d01c80a816bf34612c2cb66c6,7466b9e92ac09f6a5dd82cc928ebe1ea46d0e74c59f0dd6f937918d132a94618
A/B/C,A-0141,102,sigVer,True,validation/stage1-20261004-0100/external.jsonl,141,689820b92d2ff8603a2ee6aa6e618fe990e340bee653f22eb844228a7b730efa,50b03dacac4442c3c097b02fe5729e9411284d09b0c74d7d33b8c80797747c0c,7466b9e92ac09f6a5dd82cc928ebe1ea46d0e74c59f0dd6f937918d132a94618
A/B/C,A-0142,102,sigVer,True,validation/stage1-20261004-0100/external.jsonl,142,689820b92d2ff8603a2ee6aa6e618fe990e340bee653f22eb844228a7b730efa,0499941d3246da9c73cc29307f748021b09b3d4e98978b7aabd8fe24282fea9d,7466b9e92ac09f6a5dd82cc928ebe1ea46d0e74c59f0dd6f937918d132a94618
A/B/C,A-0143,102,sigVer,True,validation/stage1-20261004-0100/external.jsonl,143,689820b92d2ff8603a2ee6aa6e618fe990e340bee653f22eb844228a7b730efa,32c77bb077466d5aaebb797e7b7d89c5b4554a6888a67565473d9ff3789be75a,7466b9e92ac09f6a5dd82cc928ebe1ea46d0e74c59f0dd6f937918d132a94618
A/B/C,A-0144,102,sigVer,True,validation/stage1-20261004-0100/external.jsonl,144,689820b92d2ff8603a2ee6aa6e618fe990e340bee653f22eb844228a7b730efa,4383e4ba3907de4b06f5b9070960d7c413f43b865f20190f8eb7fb85bf6aa153,7466b9e92ac09f6a5dd82cc928ebe1ea46d0e74c59f0dd6f937918d132a94618
A/B/C,A-0145,102,sigVer,True,validation/stage1-20261004-0100/external.jsonl,145,689820b92d2ff8603a2ee6aa6e618fe990e340bee653f22eb844228a7b730efa,4cd46dfcf8a529818216d0f16bec309359f866548a63e5f48dd5a1391b6de72d,7466b9e92ac09f6a5dd82cc928ebe1ea46d0e74c59f0dd6f937918d132a94618
A/B/C,A-0146,102,sigVer,True,validation/stage1-20261004-0100/external.jsonl,146,689820b92d2ff8603a2ee6aa6e618fe990e340bee653f22eb844228a7b730efa,f3bb358baf0742d238ad97fbe1c7d3d12a69e4cfd3f918f71a3dddf08e9f394a,7466b9e92ac09f6a5dd82cc928ebe1ea46d0e74c59f0dd6f937918d132a94618
A/B/C,A-0147,102,sigVer,True,validation/stage1-20261004-0100/external.jsonl,147,689820b92d2ff8603a2ee6aa6e618fe990e340bee653f22eb844228a7b730efa,6bb4e3cf2a2099a35f4b8b1c2b0760604ae055029765ff18a79b3720d38bbe6a,7466b9e92ac09f6a5dd82cc928ebe1ea46d0e74c59f0dd6f937918d132a94618
A/B/C,A-0148,102,sigVer,True,validation/stage1-20261004-0100/external.jsonl,148,689820b92d2ff8603a2ee6aa6e618fe990e340bee653f22eb844228a7b730efa,b55bc7ad454e2e5f68f3645ed041a38c1f4bbeeeb637603b4c24711fdcd6cc92,7466b9e92ac09f6a5dd82cc928ebe1ea46d0e74c59f0dd6f937918d132a94618
A/B/C,A-0149,102,sigVer,True,validation/stage1-20261004-0100/external.jsonl,149,689820b92d2ff8603a2ee6aa6e618fe990e340bee653f22eb844228a7b730efa,4c6615698d3fbab28f740c191adf68c7b845376c037d932997c065edfc64a95b,7466b9e92ac09f6a5dd82cc928ebe1ea46d0e74c59f0dd6f937918d132a94618
A/B/C,A-0150,102,sigVer,True,validation/stage1-20261004-0100/external.jsonl,150,689820b92d2ff8603a2ee6aa6e618fe990e340bee653f22eb844228a7b730efa,8c1d19da5079524065618bd2a398ee7d05d9b4b8c6152a706826b440e47c93aa,7466b9e92ac09f6a5dd82cc928ebe1ea46d0e74c59f0dd6f937918d132a94618
A/B/C,A-0151,102,sigVer,True,validation/stage1-20261004-0100/external.jsonl,151,689820b92d2ff8603a2ee6aa6e618fe990e340bee653f22eb844228a7b730efa,04d5ba305038d1979b983599362b76de7d42b088e3b6864e712ad686507b6d9e,7466b9e92ac09f6a5dd82cc928ebe1ea46d0e74c59f0dd6f937918d132a94618
A/B/C,A-0152,102,sigVer,True,validation/stage1-20261004-0100/external.jsonl,152,689820b92d2ff8603a2ee6aa6e618fe990e340bee653f22eb844228a7b730efa,a91c782886a6a20935b7fa26814622149c5dbcf919ef7a915e577f5b6aba4a8f,7466b9e92ac09f6a5dd82cc928ebe1ea46d0e74c59f0dd6f937918d132a94618
A/B/C,A-0153,102,sigVer,True,validation/stage1-20261004-0100/external.jsonl,153,689820b92d2ff8603a2ee6aa6e618fe990e340bee653f22eb844228a7b730efa,2ae735e8ba6c1b386bdbd1eb55dafc2ad6d4b024cc7c46a47921b6485075c1d3,7466b9e92ac09f6a5dd82cc928ebe1ea46d0e74c59f0dd6f937918d132a94618
A/B/C,A-0154,102,sigVer,True,validation/stage1-20261004-0100/external.jsonl,154,689820b92d2ff8603a2ee6aa6e618fe990e340bee653f22eb844228a7b730efa,dbb81980d10ddd298237be64c1758eab771e336cea09963e50eea407a3ce67c7,7466b9e92ac09f6a5dd82cc928ebe1ea46d0e74c59f0dd6f937918d132a94618
A/B/C,A-0155,102,sigVer,True,validation/stage1-20261004-0100/external.jsonl,155,689820b92d2ff8603a2ee6aa6e618fe990e340bee653f22eb844228a7b730efa,3f8838570722fb7d15e646f9ee0d26eb16a85690b35de106a0a08577771e7789,7466b9e92ac09f6a5dd82cc928ebe1ea46d0e74c59f0dd6f937918d132a94618
A/B/C,A-0156,102,sigVer,True,validation/stage1-20261004-0100/external.jsonl,156,689820b92d2ff8603a2ee6aa6e618fe990e340bee653f22eb844228a7b730efa,f0ee44039498d27ade1f1ff53812ef61b1c65049751c22681d4604f75a78ecc6,7466b9e92ac09f6a5dd82cc928ebe1ea46d0e74c59f0dd6f937918d132a94618
A/B/C,A-0157,102,sigVer,True,validation/stage1-20261004-0100/external.jsonl,157,689820b92d2ff8603a2ee6aa6e618fe990e340bee653f22eb844228a7b730efa,38c14351e97ea8a7ec4d8e44ac4007250a26654d23fd0371bbb7ef02c2bd0a92,7466b9e92ac09f6a5dd82cc928ebe1ea46d0e74c59f0dd6f937918d132a94618
A/B/C,A-0158,102,sigVer,True,validation/stage1-20261004-0100/external.jsonl,158,689820b92d2ff8603a2ee6aa6e618fe990e340bee653f22eb844228a7b730efa,e873bb2336735a5ce0dd9986f92857e7ba53ca512a80d700a8b927ecde11808e,7466b9e92ac09f6a5dd82cc928ebe1ea46d0e74c59f0dd6f937918d132a94618
A/B/C,A-0159,102,sigVer,True,validation/stage1-20261004-0100/external.jsonl,159,689820b92d2ff8603a2ee6aa6e618fe990e340bee653f22eb844228a7b730efa,f1e514f732d6c86ed2c3c26fd12d72ac707f52526775986f8fcaef72e9987b73,7466b9e92ac09f6a5dd82cc928ebe1ea46d0e74c59f0dd6f937918d132a94618
A/B/C,A-0160,102,sigVer,True,validation/stage1-20261004-0100/external.jsonl,160,689820b92d2ff8603a2ee6aa6e618fe990e340bee653f22eb844228a7b730efa,cbd1923b5e4e8bb085b6484253263254c45a13c96b4ecb492e70ddecb698b3c1,7466b9e92ac09f6a5dd82cc928ebe1ea46d0e74c59f0dd6f937918d132a94618
A/B/C,A-0161,102,sigVer,True,validation/stage1-20261004-0100/external.jsonl,161,689820b92d2ff8603a2ee6aa6e618fe990e340bee653f22eb844228a7b730efa,fd197172579999c9e26a9ecc371f1549ee8393b7b66b7b2786305f1726b74dce,7466b9e92ac09f6a5dd82cc928ebe1ea46d0e74c59f0dd6f937918d132a94618
A/B/C,A-0162,102,sigVer,True,validation/stage1-20261004-0100/external.jsonl,162,689820b92d2ff8603a2ee6aa6e618fe990e340bee653f22eb844228a7b730efa,2ef3648a45667a31001da8391dc32f5b727d7500e6c884abc31e3c4bab02b3db,7466b9e92ac09f6a5dd82cc928ebe1ea46d0e74c59f0dd6f937918d132a94618
A/B/C,A-0163,102,sigVer,True,validation/stage1-20261004-0100/external.jsonl,163,689820b92d2ff8603a2ee6aa6e618fe990e340bee653f22eb844228a7b730efa,d9781146e444ea3f29e61cd23909881bf82fbddf287370c578ebfddc76b262ac,7466b9e92ac09f6a5dd82cc928ebe1ea46d0e74c59f0dd6f937918d132a94618
A/B/C,A-0164,102,sigVer,True,validation/stage1-20261004-0100/external.jsonl,164,689820b92d2ff8603a2ee6aa6e618fe990e340bee653f22eb844228a7b730efa,f129d17502f1e6f8aaa9e4f987f0e09163466f8ac1d7d17df910eee7f972cf6a,7466b9e92ac09f6a5dd82cc928ebe1ea46d0e74c59f0dd6f937918d132a94618
A/B/C,A-0165,102,sigVer,True,validation/stage1-20261004-0100/external.jsonl,165,689820b92d2ff8603a2ee6aa6e618fe990e340bee653f22eb844228a7b730efa,73d0f271e8d6df035b3c48a45e811492032d7a0900447d8151862b35741c00bf,7466b9e92ac09f6a5dd82cc928ebe1ea46d0e74c59f0dd6f937918d132a94618
A/B/C,A-0166,102,sigVer,True,validation/stage1-20261004-0100/external.jsonl,166,689820b92d2ff8603a2ee6aa6e618fe990e340bee653f22eb844228a7b730efa,ef8788cd3d115c7ccfd87591c7449f2a1a16d40c710e5e2245296d98e43f8cea,7466b9e92ac09f6a5dd82cc928ebe1ea46d0e74c59f0dd6f937918d132a94618
A/B/C,A-0167,101,sigVer,True,validation/stage1-20261004-0100/external.jsonl,167,689820b92d2ff8603a2ee6aa6e618fe990e340bee653f22eb844228a7b730efa,625a0945b442ed1a0b41ce984c75fcd0889d04496e255fedd7a2203966b44b06,7466b9e92ac09f6a5dd82cc928ebe1ea46d0e74c59f0dd6f937918d132a94618
A/B/C,A-0168,101,sigVer,True,validation/stage1-20261004-0100/external.jsonl,168,689820b92d2ff8603a2ee6aa6e618fe990e340bee653f22eb844228a7b730efa,05e59b81231c0adbd08bc62511d1db2c66f540f5ba67b150085af5d8f3359340,7466b9e92ac09f6a5dd82cc928ebe1ea46d0e74c59f0dd6f937918d132a94618
A/B/C,A-0169,101,sigVer,True,validation/stage1-20261004-0100/external.jsonl,169,689820b92d2ff8603a2ee6aa6e618fe990e340bee653f22eb844228a7b730efa,620ece32bc506c3f8d9c5b6b0c1aa3978ed8dc39f153e0e031b553b7c0277811,7466b9e92ac09f6a5dd82cc928ebe1ea46d0e74c59f0dd6f937918d132a94618
A/B/C,A-0170,101,sigVer,True,validation/stage1-20261004-0100/external.jsonl,170,689820b92d2ff8603a2ee6aa6e618fe990e340bee653f22eb844228a7b730efa,b24def00dae85311a1ab4bb51f99df30bee9f9a4a00f952f54ec92971ff486d4,7466b9e92ac09f6a5dd82cc928ebe1ea46d0e74c59f0dd6f937918d132a94618
A/B/C,A-0171,101,sigVer,True,validation/stage1-20261004-0100/external.jsonl,171,689820b92d2ff8603a2ee6aa6e618fe990e340bee653f22eb844228a7b730efa,a7a6a414124ed9cefcdc1630a170791008a4599bf197457c9801596adb525a40,7466b9e92ac09f6a5dd82cc928ebe1ea46d0e74c59f0dd6f937918d132a94618
A/B/C,A-0172,101,sigVer,True,validation/stage1-20261004-0100/external.jsonl,172,689820b92d2ff8603a2ee6aa6e618fe990e340bee653f22eb844228a7b730efa,2996cd795495f57ddeef4d69f29eaf3e1139682c82f57f509d3cb2bcda04c0fd,7466b9e92ac09f6a5dd82cc928ebe1ea46d0e74c59f0dd6f937918d132a94618
A/B/C,A-0173,101,sigVer,True,validation/stage1-20261004-0100/external.jsonl,173,689820b92d2ff8603a2ee6aa6e618fe990e340bee653f22eb844228a7b730efa,362bc03e2384f83b9892e4e602121b2af04f5dafb9d47a6df5af325b815cfcf8,7466b9e92ac09f6a5dd82cc928ebe1ea46d0e74c59f0dd6f937918d132a94618
A/B/C,A-0174,101,sigVer,True,validation/stage1-20261004-0100/external.jsonl,174,689820b92d2ff8603a2ee6aa6e618fe990e340bee653f22eb844228a7b730efa,071e4b7baaefc3a824126ef2fba69b512adf1f58ae3343918b197c033485122e,7466b9e92ac09f6a5dd82cc928ebe1ea46d0e74c59f0dd6f937918d132a94618
A/B/C,A-0175,101,sigVer,True,validation/stage1-20261004-0100/external.jsonl,175,689820b92d2ff8603a2ee6aa6e618fe990e340bee653f22eb844228a7b730efa,dd4ecb606847da068bcdd05d442f79d91eac06f040db2610b3a55b48451c97a2,7466b9e92ac09f6a5dd82cc928ebe1ea46d0e74c59f0dd6f937918d132a94618
A/B/C,A-0176,101,sigVer,True,validation/stage1-20261004-0100/external.jsonl,176,689820b92d2ff8603a2ee6aa6e618fe990e340bee653f22eb844228a7b730efa,cc104c04ed4e340369f8c41841bc634b9625e5a70efe51f34ba1233801887367,7466b9e92ac09f6a5dd82cc928ebe1ea46d0e74c59f0dd6f937918d132a94618
A/B/C,A-0177,101,sigVer,True,validation/stage1-20261004-0100/external.jsonl,177,689820b92d2ff8603a2ee6aa6e618fe990e340bee653f22eb844228a7b730efa,7a952666dd79e5c40aebd4423bd1c8c6b1a420423ca6be4e317a23fe312ee4e0,7466b9e92ac09f6a5dd82cc928ebe1ea46d0e74c59f0dd6f937918d132a94618
A/B/C,A-0178,101,sigVer,True,validation/stage1-20261004-0100/external.jsonl,178,689820b92d2ff8603a2ee6aa6e618fe990e340bee653f22eb844228a7b730efa,d20ff071c56907b326ca46602aaa35a4014a3f0bcefec8e50f269375c2256cc8,7466b9e92ac09f6a5dd82cc928ebe1ea46d0e74c59f0dd6f937918d132a94618
A/B/C,A-0179,101,sigVer,True,validation/stage1-20261004-0100/external.jsonl,179,689820b92d2ff8603a2ee6aa6e618fe990e340bee653f22eb844228a7b730efa,2f40b22a7b2dcaecfaa20bbfe9a4691ab0f48ccd87e955aca7c88b78fb7db31c,7466b9e92ac09f6a5dd82cc928ebe1ea46d0e74c59f0dd6f937918d132a94618
A/B/C,A-0180,101,sigVer,True,validation/stage1-20261004-0100/external.jsonl,180,689820b92d2ff8603a2ee6aa6e618fe990e340bee653f22eb844228a7b730efa,eecb3cdb2d32441f787ee9d03ee7f3f6d901327cf9e7d839855da9aecc7fda19,7466b9e92ac09f6a5dd82cc928ebe1ea46d0e74c59f0dd6f937918d132a94618
A/B/C,A-0181,101,sigVer,True,validation/stage1-20261004-0100/external.jsonl,181,689820b92d2ff8603a2ee6aa6e618fe990e340bee653f22eb844228a7b730efa,5be6fb4c09811fa3bac74670ea71179a193506098d3e82030e158b74f68aa83d,7466b9e92ac09f6a5dd82cc928ebe1ea46d0e74c59f0dd6f937918d132a94618
A/B/C,A-0182,101,sigVer,True,validation/stage1-20261004-0100/external.jsonl,182,689820b92d2ff8603a2ee6aa6e618fe990e340bee653f22eb844228a7b730efa,e87d5b9abc1e41e04e6bb0e8fc73a5a176e9fe611fd4c8654d093bed7eebfa2a,7466b9e92ac09f6a5dd82cc928ebe1ea46d0e74c59f0dd6f937918d132a94618
A/B/C,A-0183,101,sigVer,True,validation/stage1-20261004-0100/external.jsonl,183,689820b92d2ff8603a2ee6aa6e618fe990e340bee653f22eb844228a7b730efa,cadbba351840c6b1f11ed7664f838ad3cd746197571d5de73c173585a00f3fa9,7466b9e92ac09f6a5dd82cc928ebe1ea46d0e74c59f0dd6f937918d132a94618
A/B/C,A-0184,101,sigVer,True,validation/stage1-20261004-0100/external.jsonl,184,689820b92d2ff8603a2ee6aa6e618fe990e340bee653f22eb844228a7b730efa,530c821dfe3166e1de2ec0006edbc02a5b921a19fafc477b7027388dc9d0df71,7466b9e92ac09f6a5dd82cc928ebe1ea46d0e74c59f0dd6f937918d132a94618
A/B/C,A-0185,101,sigVer,True,validation/stage1-20261004-0100/external.jsonl,185,689820b92d2ff8603a2ee6aa6e618fe990e340bee653f22eb844228a7b730efa,37c31054a5bc17b97679e0e97044a6ba7015642fabf434804f9b6ac69578b9c3,7466b9e92ac09f6a5dd82cc928ebe1ea46d0e74c59f0dd6f937918d132a94618
A/B/C,A-0186,101,sigVer,True,validation/stage1-20261004-0100/external.jsonl,186,689820b92d2ff8603a2ee6aa6e618fe990e340bee653f22eb844228a7b730efa,4499fe76bf03ce2779a661457c36bfd93efdeab2cc55a1b04231995a9d2dc52d,7466b9e92ac09f6a5dd82cc928ebe1ea46d0e74c59f0dd6f937918d132a94618
A/B/C,A-0187,101,sigVer,True,validation/stage1-20261004-0100/external.jsonl,187,689820b92d2ff8603a2ee6aa6e618fe990e340bee653f22eb844228a7b730efa,106ea21ce59cd8ff3e2dd7620e2d8985e8bc1e5295b6a2e69b1d130e93c7bb43,7466b9e92ac09f6a5dd82cc928ebe1ea46d0e74c59f0dd6f937918d132a94618
A/B/C,A-0188,101,sigVer,True,validation/stage1-20261004-0100/external.jsonl,188,689820b92d2ff8603a2ee6aa6e618fe990e340bee653f22eb844228a7b730efa,bab23ca5ab858ed928e17294eb0c364da5993d7ac99c2d0ce03ba6113cdf13ad,7466b9e92ac09f6a5dd82cc928ebe1ea46d0e74c59f0dd6f937918d132a94618
A/B/C,A-0189,101,sigVer,True,validation/stage1-20261004-0100/external.jsonl,189,689820b92d2ff8603a2ee6aa6e618fe990e340bee653f22eb844228a7b730efa,8ba2cdea3262618baaa9616b253fa8b1a4a3cb284bead6e3aade3af46fc04a11,7466b9e92ac09f6a5dd82cc928ebe1ea46d0e74c59f0dd6f937918d132a94618
A/B/C,A-0190,101,sigVer,True,validation/stage1-20261004-0100/external.jsonl,190,689820b92d2ff8603a2ee6aa6e618fe990e340bee653f22eb844228a7b730efa,e4cad51d078242a829b27721039f0ac0793598abfc2547b1d08c74ff52f4d725,7466b9e92ac09f6a5dd82cc928ebe1ea46d0e74c59f0dd6f937918d132a94618
A/B/C,A-0191,101,sigVer,True,validation/stage1-20261004-0100/external.jsonl,191,689820b92d2ff8603a2ee6aa6e618fe990e340bee653f22eb844228a7b730efa,4a283e8a0394b4a84675c6f0ac21ec8b93e6baeaf7cf8f5e0d8791dce0ce4bc1,7466b9e92ac09f6a5dd82cc928ebe1ea46d0e74c59f0dd6f937918d132a94618
A/B/C,A-0192,101,sigVer,True,validation/stage1-20261004-0100/external.jsonl,192,689820b92d2ff8603a2ee6aa6e618fe990e340bee653f22eb844228a7b730efa,3e9ec4ff21e655f11ef1e3b9e6956f902691fdca1e2cd819a7d6ee39b8e854da,7466b9e92ac09f6a5dd82cc928ebe1ea46d0e74c59f0dd6f937918d132a94618
A/B/C,A-0193,101,sigVer,True,validation/stage1-20261004-0100/external.jsonl,193,689820b92d2ff8603a2ee6aa6e618fe990e340bee653f22eb844228a7b730efa,a04021a336885195cfda1ff67d08fbd09dce4c9438be9c3e296a3662d964f2f5,7466b9e92ac09f6a5dd82cc928ebe1ea46d0e74c59f0dd6f937918d132a94618
A/B/C,A-0194,101,sigVer,True,validation/stage1-20261004-0100/external.jsonl,194,689820b92d2ff8603a2ee6aa6e618fe990e340bee653f22eb844228a7b730efa,06bba1936b6d1f31d33082a631f5ad77e42e25fa50e92f4ff405d3ed7f1ffb96,7466b9e92ac09f6a5dd82cc928ebe1ea46d0e74c59f0dd6f937918d132a94618
A/B/C,A-0195,101,sigVer,True,validation/stage1-20261004-0100/external.jsonl,195,689820b92d2ff8603a2ee6aa6e618fe990e340bee653f22eb844228a7b730efa,243201b23ae4cf4f6ec3c0058650ec04620325113ab7e319d9c27f8c534acaab,7466b9e92ac09f6a5dd82cc928ebe1ea46d0e74c59f0dd6f937918d132a94618
A/B/C,A-0196,101,sigVer,True,validation/stage1-20261004-0100/external.jsonl,196,689820b92d2ff8603a2ee6aa6e618fe990e340bee653f22eb844228a7b730efa,9f1edf37120e7e01353e404b6ffa05fd89a327766bd0c57803926cff423f78e4,7466b9e92ac09f6a5dd82cc928ebe1ea46d0e74c59f0dd6f937918d132a94618
A/B/C,A-0197,101,sigVer,True,validation/stage1-20261004-0100/external.jsonl,197,689820b92d2ff8603a2ee6aa6e618fe990e340bee653f22eb844228a7b730efa,7d442211b40b852854058d956d4261b3eb293fc0de62009ab0f8967ba3c85aa7,7466b9e92ac09f6a5dd82cc928ebe1ea46d0e74c59f0dd6f937918d132a94618
A/B/C,A-0198,101,sigVer,True,validation/stage1-20261004-0100/external.jsonl,198,689820b92d2ff8603a2ee6aa6e618fe990e340bee653f22eb844228a7b730efa,9f1a92c8d5db7774779f102b0c60d7dacd14b3a58c7ce966b95496ef65cc0ef0,7466b9e92ac09f6a5dd82cc928ebe1ea46d0e74c59f0dd6f937918d132a94618
A/B/C,A-0199,101,sigVer,True,validation/stage1-20261004-0100/external.jsonl,199,689820b92d2ff8603a2ee6aa6e618fe990e340bee653f22eb844228a7b730efa,9d230cc8d12225c3e41456dab9cf239a9e4e1185db7e7f2482570b21aef0780b,7466b9e92ac09f6a5dd82cc928ebe1ea46d0e74c59f0dd6f937918d132a94618
A/B/C,A-0200,101,sigVer,True,validation/stage1-20261004-0100/external.jsonl,200,689820b92d2ff8603a2ee6aa6e618fe990e340bee653f22eb844228a7b730efa,18992197d4365a291f675799b27c3df0bf0639c3111ddb68d324a21a73ca5caa,7466b9e92ac09f6a5dd82cc928ebe1ea46d0e74c59f0dd6f937918d132a94618
A/B/C,A-0201,101,sigVer,True,validation/stage1-20261004-0100/external.jsonl,201,689820b92d2ff8603a2ee6aa6e618fe990e340bee653f22eb844228a7b730efa,d05829b03dbaade5bcd4f5f83d0cf0ab37618b5acd2d440c52709f0606433ad8,7466b9e92ac09f6a5dd82cc928ebe1ea46d0e74c59f0dd6f937918d132a94618
A/B/C,A-0202,101,sigVer,True,validation/stage1-20261004-0100/external.jsonl,202,689820b92d2ff8603a2ee6aa6e618fe990e340bee653f22eb844228a7b730efa,62d6708dc78cd37bb4aaff494f13022ba073540efed0c4cea6c6c7b5b8da18e0,7466b9e92ac09f6a5dd82cc928ebe1ea46d0e74c59f0dd6f937918d132a94618
A/B/C,A-0203,101,sigVer,True,validation/stage1-20261004-0100/external.jsonl,203,689820b92d2ff8603a2ee6aa6e618fe990e340bee653f22eb844228a7b730efa,cdf50d268c25f0744a2ea4689b9c2051b6ebc5f79957c9d7a19fbefc236c9b36,7466b9e92ac09f6a5dd82cc928ebe1ea46d0e74c59f0dd6f937918d132a94618
A/B/C,A-0204,101,sigVer,True,validation/stage1-20261004-0100/external.jsonl,204,689820b92d2ff8603a2ee6aa6e618fe990e340bee653f22eb844228a7b730efa,5e99fc48da1471db16d7b0ab0dd4e719b12441ab2533431d9164c9d9d5ac8d0f,7466b9e92ac09f6a5dd82cc928ebe1ea46d0e74c59f0dd6f937918d132a94618
A/B/C,A-0205,101,sigVer,True,validation/stage1-20261004-0100/external.jsonl,205,689820b92d2ff8603a2ee6aa6e618fe990e340bee653f22eb844228a7b730efa,23f76394dd1f0ffd9aaedbb59283646456d8cb982d2ed7b56000b96458976be8,7466b9e92ac09f6a5dd82cc928ebe1ea46d0e74c59f0dd6f937918d132a94618
A/B/C,A-0206,101,sigVer,True,validation/stage1-20261004-0100/external.jsonl,206,689820b92d2ff8603a2ee6aa6e618fe990e340bee653f22eb844228a7b730efa,5bba3e5ec57ed34ee6bbc8b4320e82abdf901e81d87fa99198da518de1c6d4a9,7466b9e92ac09f6a5dd82cc928ebe1ea46d0e74c59f0dd6f937918d132a94618
A/B/C,A-0207,101,sigVer,True,validation/stage1-20261004-0100/external.jsonl,207,689820b92d2ff8603a2ee6aa6e618fe990e340bee653f22eb844228a7b730efa,b30cbd96c4887c0f318a310eeb361ef96774c78338bdf3cc78182313f98cf40e,7466b9e92ac09f6a5dd82cc928ebe1ea46d0e74c59f0dd6f937918d132a94618
A/B/C,A-0208,101,sigVer,True,validation/stage1-20261004-0100/external.jsonl,208,689820b92d2ff8603a2ee6aa6e618fe990e340bee653f22eb844228a7b730efa,27bcf5a4b4d39119db6bf6eb724d8a7d1b97e7bbe4ac592b1b89f5d3a1cdacbb,7466b9e92ac09f6a5dd82cc928ebe1ea46d0e74c59f0dd6f937918d132a94618
A/B/C,C-0001,1,keyGen,True,validation/stage1-20261004-0100/external.jsonl,209,689820b92d2ff8603a2ee6aa6e618fe990e340bee653f22eb844228a7b730efa,56bfb5cf7056b1d95c72c010174bf9524de0d9cac8ee05c45e99e304ac0fa804,7466b9e92ac09f6a5dd82cc928ebe1ea46d0e74c59f0dd6f937918d132a94618
A/B/C,C-0002,1,sigGen,True,validation/stage1-20261004-0100/external.jsonl,210,689820b92d2ff8603a2ee6aa6e618fe990e340bee653f22eb844228a7b730efa,ecab81c592d2819194dcbcff0437629c0b5f680055c302b9b5697dad890f320a,7466b9e92ac09f6a5dd82cc928ebe1ea46d0e74c59f0dd6f937918d132a94618
A/B/C,C-0003,1,sigVer,True,validation/stage1-20261004-0100/external.jsonl,211,689820b92d2ff8603a2ee6aa6e618fe990e340bee653f22eb844228a7b730efa,f6ee1011b7eee35153665a47e296094e949499de77bcb217781fbe380c0fad2c,7466b9e92ac09f6a5dd82cc928ebe1ea46d0e74c59f0dd6f937918d132a94618
A/B/C,C-0004,1,sigVer,True,validation/stage1-20261004-0100/external.jsonl,212,689820b92d2ff8603a2ee6aa6e618fe990e340bee653f22eb844228a7b730efa,57c6472c9afe35782f86b4be9488e366b6c1ab6cbe2a8816d13cb7a70c67e24d,7466b9e92ac09f6a5dd82cc928ebe1ea46d0e74c59f0dd6f937918d132a94618
A/B/C,C-0005,1,sigGen,True,validation/stage1-20261004-0100/external.jsonl,213,689820b92d2ff8603a2ee6aa6e618fe990e340bee653f22eb844228a7b730efa,299c1d305b6c15756924aace52dc48a691df30092ad029a978b66a2981ededc8,7466b9e92ac09f6a5dd82cc928ebe1ea46d0e74c59f0dd6f937918d132a94618
A/B/C,C-0006,1,sigVer,True,validation/stage1-20261004-0100/external.jsonl,214,689820b92d2ff8603a2ee6aa6e618fe990e340bee653f22eb844228a7b730efa,39d5f106c7d19e3764484abfd6d776d66298504824ddec4b4183738e2ceba3e6,7466b9e92ac09f6a5dd82cc928ebe1ea46d0e74c59f0dd6f937918d132a94618
A/B/C,C-0007,1,sigVer,True,validation/stage1-20261004-0100/external.jsonl,215,689820b92d2ff8603a2ee6aa6e618fe990e340bee653f22eb844228a7b730efa,0158cd5bd64a4f99e22c299797fcf694402b4c5115c8093481bb0c32464d83cc,7466b9e92ac09f6a5dd82cc928ebe1ea46d0e74c59f0dd6f937918d132a94618
A/B/C,C-0008,1,keyGen,True,validation/stage1-20261004-0100/external.jsonl,216,689820b92d2ff8603a2ee6aa6e618fe990e340bee653f22eb844228a7b730efa,273d097a8ed4ad7de7c3636d59071b60275351a5fb0cfec51a49db5d38b1140f,7466b9e92ac09f6a5dd82cc928ebe1ea46d0e74c59f0dd6f937918d132a94618
A/B/C,C-0009,1,sigGen,True,validation/stage1-20261004-0100/external.jsonl,217,689820b92d2ff8603a2ee6aa6e618fe990e340bee653f22eb844228a7b730efa,581b7857f829b7ce0192399859b15bd3f437c30370e8f2cbde255c6116fcafa5,7466b9e92ac09f6a5dd82cc928ebe1ea46d0e74c59f0dd6f937918d132a94618
A/B/C,C-0010,1,sigVer,True,validation/stage1-20261004-0100/external.jsonl,218,689820b92d2ff8603a2ee6aa6e618fe990e340bee653f22eb844228a7b730efa,a44cf6484ada8349e9e8103198fd957cb410b1a6f0333e0dd94cdd73159b6f93,7466b9e92ac09f6a5dd82cc928ebe1ea46d0e74c59f0dd6f937918d132a94618
A/B/C,C-0011,1,sigVer,True,validation/stage1-20261004-0100/external.jsonl,219,689820b92d2ff8603a2ee6aa6e618fe990e340bee653f22eb844228a7b730efa,4afefb65d58591c23203baa5f8383c63a2d84c6be70f6073a6385e8216d234ca,7466b9e92ac09f6a5dd82cc928ebe1ea46d0e74c59f0dd6f937918d132a94618
A/B/C,C-0012,1,sigGen,True,validation/stage1-20261004-0100/external.jsonl,220,689820b92d2ff8603a2ee6aa6e618fe990e340bee653f22eb844228a7b730efa,4d1a4892153f5207020b2d352403098b514ad9deddf674c44676aac13affa0d8,7466b9e92ac09f6a5dd82cc928ebe1ea46d0e74c59f0dd6f937918d132a94618
A/B/C,C-0013,1,sigVer,True,validation/stage1-20261004-0100/external.jsonl,221,689820b92d2ff8603a2ee6aa6e618fe990e340bee653f22eb844228a7b730efa,530116d919ab8e43c71cfcc9dafeb23e5e2e562b40bc863996cf7ca83a5df417,7466b9e92ac09f6a5dd82cc928ebe1ea46d0e74c59f0dd6f937918d132a94618
A/B/C,C-0014,1,sigVer,True,validation/stage1-20261004-0100/external.jsonl,222,689820b92d2ff8603a2ee6aa6e618fe990e340bee653f22eb844228a7b730efa,0e9ee1f07260561f3909ca528ac2585ea2e00b44e50b14d4f8545b31714ac417,7466b9e92ac09f6a5dd82cc928ebe1ea46d0e74c59f0dd6f937918d132a94618
A/B/C,C-0015,1,keyGen,True,validation/stage1-20261004-0100/external.jsonl,223,689820b92d2ff8603a2ee6aa6e618fe990e340bee653f22eb844228a7b730efa,abebefd6b5ba9b703b2100b76fdf2fd2e1dff8240eaae1552a593b358ba0e075,7466b9e92ac09f6a5dd82cc928ebe1ea46d0e74c59f0dd6f937918d132a94618
A/B/C,C-0016,1,sigGen,True,validation/stage1-20261004-0100/external.jsonl,224,689820b92d2ff8603a2ee6aa6e618fe990e340bee653f22eb844228a7b730efa,ec2d084fc7209090269f12c6853b9d3d811649067a1e4454ced132b2ac10bb11,7466b9e92ac09f6a5dd82cc928ebe1ea46d0e74c59f0dd6f937918d132a94618
A/B/C,C-0017,1,sigVer,True,validation/stage1-20261004-0100/external.jsonl,225,689820b92d2ff8603a2ee6aa6e618fe990e340bee653f22eb844228a7b730efa,c790085aba5bbd131da061203387dd98ee2a61ee7ebca34d40f7287e1cba6585,7466b9e92ac09f6a5dd82cc928ebe1ea46d0e74c59f0dd6f937918d132a94618
A/B/C,C-0018,1,sigVer,True,validation/stage1-20261004-0100/external.jsonl,226,689820b92d2ff8603a2ee6aa6e618fe990e340bee653f22eb844228a7b730efa,69b30337ea758da20a6ac5558f370785f842f12df414a0b1b84a1f38541943bc,7466b9e92ac09f6a5dd82cc928ebe1ea46d0e74c59f0dd6f937918d132a94618
A/B/C,C-0019,1,sigGen,True,validation/stage1-20261004-0100/external.jsonl,227,689820b92d2ff8603a2ee6aa6e618fe990e340bee653f22eb844228a7b730efa,1177d7c8a54065f6a912cfcebc5d9267ea3c62ffbbc7ea98167557c57501aedb,7466b9e92ac09f6a5dd82cc928ebe1ea46d0e74c59f0dd6f937918d132a94618
A/B/C,C-0020,1,sigVer,True,validation/stage1-20261004-0100/external.jsonl,228,689820b92d2ff8603a2ee6aa6e618fe990e340bee653f22eb844228a7b730efa,31102a603a37065fa0a2e00529f3373e5db848f24fd330652a391d9c3b7946c6,7466b9e92ac09f6a5dd82cc928ebe1ea46d0e74c59f0dd6f937918d132a94618
A/B/C,C-0021,1,sigVer,True,validation/stage1-20261004-0100/external.jsonl,229,689820b92d2ff8603a2ee6aa6e618fe990e340bee653f22eb844228a7b730efa,32ca2df097c646c508356345dfc1ebfc40b501663c66f73d590424863ded4d6c,7466b9e92ac09f6a5dd82cc928ebe1ea46d0e74c59f0dd6f937918d132a94618
A/B/C,C-0022,1,keyGen,True,validation/stage1-20261004-0100/external.jsonl,230,689820b92d2ff8603a2ee6aa6e618fe990e340bee653f22eb844228a7b730efa,048ecf4b708f04825df78d0ab682e9074b0be78d632ba9744ed7d13661a0f8a9,7466b9e92ac09f6a5dd82cc928ebe1ea46d0e74c59f0dd6f937918d132a94618
A/B/C,C-0023,1,sigGen,True,validation/stage1-20261004-0100/external.jsonl,231,689820b92d2ff8603a2ee6aa6e618fe990e340bee653f22eb844228a7b730efa,5495e2be65c92affa42bcba2213fdbca869bc2ce4e216fe11d89b9f7f753e347,7466b9e92ac09f6a5dd82cc928ebe1ea46d0e74c59f0dd6f937918d132a94618
A/B/C,C-0024,1,sigVer,True,validation/stage1-20261004-0100/external.jsonl,232,689820b92d2ff8603a2ee6aa6e618fe990e340bee653f22eb844228a7b730efa,4e4d66568b741242c78cb02e69bc48607dc6f81c70a9f27706634c863be1e6ca,7466b9e92ac09f6a5dd82cc928ebe1ea46d0e74c59f0dd6f937918d132a94618
A/B/C,C-0025,1,sigVer,True,validation/stage1-20261004-0100/external.jsonl,233,689820b92d2ff8603a2ee6aa6e618fe990e340bee653f22eb844228a7b730efa,cb0375e222702e7369260f49bb4ef90717f5bf7b587ef3250a4638b6faa5c900,7466b9e92ac09f6a5dd82cc928ebe1ea46d0e74c59f0dd6f937918d132a94618
A/B/C,C-0026,1,sigGen,True,validation/stage1-20261004-0100/external.jsonl,234,689820b92d2ff8603a2ee6aa6e618fe990e340bee653f22eb844228a7b730efa,4ac524a96b7eec793fba5cafd4b621c3dbe008f2899e7804c19525c9bd5a8b2a,7466b9e92ac09f6a5dd82cc928ebe1ea46d0e74c59f0dd6f937918d132a94618
A/B/C,C-0027,1,sigVer,True,validation/stage1-20261004-0100/external.jsonl,235,689820b92d2ff8603a2ee6aa6e618fe990e340bee653f22eb844228a7b730efa,7807939fc9363818d2536aa3eefc02284817857c95d35e8d0a4c2456881aa4d4,7466b9e92ac09f6a5dd82cc928ebe1ea46d0e74c59f0dd6f937918d132a94618
A/B/C,C-0028,1,sigVer,True,validation/stage1-20261004-0100/external.jsonl,236,689820b92d2ff8603a2ee6aa6e618fe990e340bee653f22eb844228a7b730efa,1320f0ce3c43ffa2690687375f057f7735d885fe49a373fada26ab2b02f80cbb,7466b9e92ac09f6a5dd82cc928ebe1ea46d0e74c59f0dd6f937918d132a94618
A/B/C,C-0029,1,keyGen,True,validation/stage1-20261004-0100/external.jsonl,237,689820b92d2ff8603a2ee6aa6e618fe990e340bee653f22eb844228a7b730efa,c264558cc8a569e9bb56685a4d0a87ef7e8f9b2afca2d82b10c841e894b144e5,7466b9e92ac09f6a5dd82cc928ebe1ea46d0e74c59f0dd6f937918d132a94618
A/B/C,C-0030,1,sigGen,True,validation/stage1-20261004-0100/external.jsonl,238,689820b92d2ff8603a2ee6aa6e618fe990e340bee653f22eb844228a7b730efa,2ad745b4c0d4952f237fdd107459b137749b78bae3bf736275706c82b08efa3e,7466b9e92ac09f6a5dd82cc928ebe1ea46d0e74c59f0dd6f937918d132a94618
A/B/C,C-0031,1,sigVer,True,validation/stage1-20261004-0100/external.jsonl,239,689820b92d2ff8603a2ee6aa6e618fe990e340bee653f22eb844228a7b730efa,3ede22d57e87c3d64be3b77cbf9a7f95e69590aa2c4e1cc17dc4e466ac5e0214,7466b9e92ac09f6a5dd82cc928ebe1ea46d0e74c59f0dd6f937918d132a94618
A/B/C,C-0032,1,sigVer,True,validation/stage1-20261004-0100/external.jsonl,240,689820b92d2ff8603a2ee6aa6e618fe990e340bee653f22eb844228a7b730efa,5cc1467749c3730e85ce8f935b756067923d9439c344a0d74eaae1f7c58d6e26,7466b9e92ac09f6a5dd82cc928ebe1ea46d0e74c59f0dd6f937918d132a94618
A/B/C,C-0033,1,sigGen,True,validation/stage1-20261004-0100/external.jsonl,241,689820b92d2ff8603a2ee6aa6e618fe990e340bee653f22eb844228a7b730efa,99b69612bb6f4ad773e923f9e5908a07db08c766e4e327c7c277d8d2ace709a9,7466b9e92ac09f6a5dd82cc928ebe1ea46d0e74c59f0dd6f937918d132a94618
A/B/C,C-0034,1,sigVer,True,validation/stage1-20261004-0100/external.jsonl,242,689820b92d2ff8603a2ee6aa6e618fe990e340bee653f22eb844228a7b730efa,4518174fb066c366d73496fc79ab72b8cd5a482424ad3ddafccc53ffcf028cb1,7466b9e92ac09f6a5dd82cc928ebe1ea46d0e74c59f0dd6f937918d132a94618
A/B/C,C-0035,1,sigVer,True,validation/stage1-20261004-0100/external.jsonl,243,689820b92d2ff8603a2ee6aa6e618fe990e340bee653f22eb844228a7b730efa,24ddb23b9b24bca68af5d320f1958e5c28971db568e4048a823548cc1cefd443,7466b9e92ac09f6a5dd82cc928ebe1ea46d0e74c59f0dd6f937918d132a94618
A/B/C,C-0036,1,keyGen,True,validation/stage1-20261004-0100/external.jsonl,244,689820b92d2ff8603a2ee6aa6e618fe990e340bee653f22eb844228a7b730efa,08c0cd10247ac2071b197d1adabf5a22f4777dc2246ac9b6e08471d57efe88b9,7466b9e92ac09f6a5dd82cc928ebe1ea46d0e74c59f0dd6f937918d132a94618
A/B/C,C-0037,1,sigGen,True,validation/stage1-20261004-0100/external.jsonl,245,689820b92d2ff8603a2ee6aa6e618fe990e340bee653f22eb844228a7b730efa,9efff3cba5e5ec58e31f8dbe890965d1bbf61f01e145768a7216e669467b4a55,7466b9e92ac09f6a5dd82cc928ebe1ea46d0e74c59f0dd6f937918d132a94618
A/B/C,C-0038,1,sigVer,True,validation/stage1-20261004-0100/external.jsonl,246,689820b92d2ff8603a2ee6aa6e618fe990e340bee653f22eb844228a7b730efa,ae61ca8f0f42028a490b9b42bd7fcc0326306ea261e1b5eab09c677d116b30c5,7466b9e92ac09f6a5dd82cc928ebe1ea46d0e74c59f0dd6f937918d132a94618
A/B/C,C-0039,1,sigVer,True,validation/stage1-20261004-0100/external.jsonl,247,689820b92d2ff8603a2ee6aa6e618fe990e340bee653f22eb844228a7b730efa,de6eba82de55b0d28e579ee94c8f2b532f2f26f615b2b248d05c5728ed2284b1,7466b9e92ac09f6a5dd82cc928ebe1ea46d0e74c59f0dd6f937918d132a94618
A/B/C,C-0040,1,sigGen,True,validation/stage1-20261004-0100/external.jsonl,248,689820b92d2ff8603a2ee6aa6e618fe990e340bee653f22eb844228a7b730efa,f9183e1f36794c608cfd993cdc7292bf9c2a772cf71d8f4267b48eda065e2e00,7466b9e92ac09f6a5dd82cc928ebe1ea46d0e74c59f0dd6f937918d132a94618
A/B/C,C-0041,1,sigVer,True,validation/stage1-20261004-0100/external.jsonl,249,689820b92d2ff8603a2ee6aa6e618fe990e340bee653f22eb844228a7b730efa,27be3da30557b3c805c8c85a124aa0b7cd9915103f652f8211fb2988edd91e65,7466b9e92ac09f6a5dd82cc928ebe1ea46d0e74c59f0dd6f937918d132a94618
A/B/C,C-0042,1,sigVer,True,validation/stage1-20261004-0100/external.jsonl,250,689820b92d2ff8603a2ee6aa6e618fe990e340bee653f22eb844228a7b730efa,9dd1ba51a4069e3a090dbacc5fdec6aae22c9ecd1e2741e718ecc04e7e6622cf,7466b9e92ac09f6a5dd82cc928ebe1ea46d0e74c59f0dd6f937918d132a94618
A/B/C,C-0043,1,keyGen,True,validation/stage1-20261004-0100/external.jsonl,251,689820b92d2ff8603a2ee6aa6e618fe990e340bee653f22eb844228a7b730efa,30a8597e98046ab5795bd9e51a8c241961a242f85c006cadd11a57d39188e6a0,7466b9e92ac09f6a5dd82cc928ebe1ea46d0e74c59f0dd6f937918d132a94618
A/B/C,C-0044,1,sigGen,True,validation/stage1-20261004-0100/external.jsonl,252,689820b92d2ff8603a2ee6aa6e618fe990e340bee653f22eb844228a7b730efa,6414419d36b31047b778d67647f6fdd88fbe174f3bc745f5549b5eb72092874f,7466b9e92ac09f6a5dd82cc928ebe1ea46d0e74c59f0dd6f937918d132a94618
A/B/C,C-0045,1,sigVer,True,validation/stage1-20261004-0100/external.jsonl,253,689820b92d2ff8603a2ee6aa6e618fe990e340bee653f22eb844228a7b730efa,67bf08803ddd38abfea77fbd66a1fba97cefaafa06adda6971af169358818cef,7466b9e92ac09f6a5dd82cc928ebe1ea46d0e74c59f0dd6f937918d132a94618
A/B/C,C-0046,1,sigVer,True,validation/stage1-20261004-0100/external.jsonl,254,689820b92d2ff8603a2ee6aa6e618fe990e340bee653f22eb844228a7b730efa,ee1d55ec3aafef365412cd4489a746e735e3a67dd1db0e923b80900a9f89f5c7,7466b9e92ac09f6a5dd82cc928ebe1ea46d0e74c59f0dd6f937918d132a94618
A/B/C,C-0047,1,sigGen,True,validation/stage1-20261004-0100/external.jsonl,255,689820b92d2ff8603a2ee6aa6e618fe990e340bee653f22eb844228a7b730efa,5d2c1c9795772b51bfa47332de8708bb5c3ed6a9d4214853829d4161e7742e25,7466b9e92ac09f6a5dd82cc928ebe1ea46d0e74c59f0dd6f937918d132a94618
A/B/C,C-0048,1,sigVer,True,validation/stage1-20261004-0100/external.jsonl,256,689820b92d2ff8603a2ee6aa6e618fe990e340bee653f22eb844228a7b730efa,e582774a2888feb7a474e91d462e4b3b22556799478945deef46ca4aafe6bc82,7466b9e92ac09f6a5dd82cc928ebe1ea46d0e74c59f0dd6f937918d132a94618
A/B/C,C-0049,1,sigVer,True,validation/stage1-20261004-0100/external.jsonl,257,689820b92d2ff8603a2ee6aa6e618fe990e340bee653f22eb844228a7b730efa,cbeabd91d5c5b0a235a5e2c29c082ba122ab47b4cc7a722d788ddc1bef4e65f8,7466b9e92ac09f6a5dd82cc928ebe1ea46d0e74c59f0dd6f937918d132a94618
A/B/C,C-0050,1,keyGen,True,validation/stage1-20261004-0100/external.jsonl,258,689820b92d2ff8603a2ee6aa6e618fe990e340bee653f22eb844228a7b730efa,deab7309559c1fae470cf70d478700b245ef597f38d00185e3e49ac0aeb1c1af,7466b9e92ac09f6a5dd82cc928ebe1ea46d0e74c59f0dd6f937918d132a94618
A/B/C,C-0051,1,sigGen,True,validation/stage1-20261004-0100/external.jsonl,259,689820b92d2ff8603a2ee6aa6e618fe990e340bee653f22eb844228a7b730efa,f72148480fec0906580f0bf67c27b405e478657c02f75ded4b72dbe2a327804a,7466b9e92ac09f6a5dd82cc928ebe1ea46d0e74c59f0dd6f937918d132a94618
A/B/C,C-0052,1,sigVer,True,validation/stage1-20261004-0100/external.jsonl,260,689820b92d2ff8603a2ee6aa6e618fe990e340bee653f22eb844228a7b730efa,1e3f0db0b5cae86ac55a14d0a966ca2a8177e0978999403d55712d8d25163c85,7466b9e92ac09f6a5dd82cc928ebe1ea46d0e74c59f0dd6f937918d132a94618
A/B/C,C-0053,1,sigVer,True,validation/stage1-20261004-0100/external.jsonl,261,689820b92d2ff8603a2ee6aa6e618fe990e340bee653f22eb844228a7b730efa,e2b889eaccdeec4140350efce8e843b93f64869fa04133d1a60c09e659697702,7466b9e92ac09f6a5dd82cc928ebe1ea46d0e74c59f0dd6f937918d132a94618
A/B/C,C-0054,1,sigGen,True,validation/stage1-20261004-0100/external.jsonl,262,689820b92d2ff8603a2ee6aa6e618fe990e340bee653f22eb844228a7b730efa,d6618c311cd1ca8e430fc96dd3c2feeef7764b3db8055ce6507dc572d9efab29,7466b9e92ac09f6a5dd82cc928ebe1ea46d0e74c59f0dd6f937918d132a94618
A/B/C,C-0055,1,sigVer,True,validation/stage1-20261004-0100/external.jsonl,263,689820b92d2ff8603a2ee6aa6e618fe990e340bee653f22eb844228a7b730efa,f8d10ebb859773fe99b8c2037668f16bedba6408c123c0843e2f0cfcac76c39e,7466b9e92ac09f6a5dd82cc928ebe1ea46d0e74c59f0dd6f937918d132a94618
A/B/C,C-0056,1,sigVer,True,validation/stage1-20261004-0100/external.jsonl,264,689820b92d2ff8603a2ee6aa6e618fe990e340bee653f22eb844228a7b730efa,6eb50e259aad30e26e2f64584624f31a1d9d5e9ac4c43ffe8a4ff957cada1737,7466b9e92ac09f6a5dd82cc928ebe1ea46d0e74c59f0dd6f937918d132a94618
A/B/C,C-0057,1,keyGen,True,validation/stage1-20261004-0100/external.jsonl,265,689820b92d2ff8603a2ee6aa6e618fe990e340bee653f22eb844228a7b730efa,ca582a2d553802068378d3851e82f8af40b5bf960915931bc6dd46128153733d,7466b9e92ac09f6a5dd82cc928ebe1ea46d0e74c59f0dd6f937918d132a94618
A/B/C,C-0058,1,sigGen,True,validation/stage1-20261004-0100/external.jsonl,266,689820b92d2ff8603a2ee6aa6e618fe990e340bee653f22eb844228a7b730efa,83aaceac60ae29344595870a76a4b61bde61abbf78558024078ffe914c428f15,7466b9e92ac09f6a5dd82cc928ebe1ea46d0e74c59f0dd6f937918d132a94618
A/B/C,C-0059,1,sigVer,True,validation/stage1-20261004-0100/external.jsonl,267,689820b92d2ff8603a2ee6aa6e618fe990e340bee653f22eb844228a7b730efa,9269a38ab6ca232805cd6639ffe81bddd8217e0aa057c0ad1bfdf76409b93f5f,7466b9e92ac09f6a5dd82cc928ebe1ea46d0e74c59f0dd6f937918d132a94618
A/B/C,C-0060,1,sigVer,True,validation/stage1-20261004-0100/external.jsonl,268,689820b92d2ff8603a2ee6aa6e618fe990e340bee653f22eb844228a7b730efa,b01c4d449861f6a9729e1f498f268a6e730ee4b3fc64757b2884766beade1520,7466b9e92ac09f6a5dd82cc928ebe1ea46d0e74c59f0dd6f937918d132a94618
A/B/C,C-0061,1,sigGen,True,validation/stage1-20261004-0100/external.jsonl,269,689820b92d2ff8603a2ee6aa6e618fe990e340bee653f22eb844228a7b730efa,c79620baf5632957c2496f3e054e505f95aba2f8c2e9d628ae5337240d00562b,7466b9e92ac09f6a5dd82cc928ebe1ea46d0e74c59f0dd6f937918d132a94618
A/B/C,C-0062,1,sigVer,True,validation/stage1-20261004-0100/external.jsonl,270,689820b92d2ff8603a2ee6aa6e618fe990e340bee653f22eb844228a7b730efa,05bd65dbf445396a92eeea9e5fbd11ccffa3eb61825d5a866284bc8f4e67fd12,7466b9e92ac09f6a5dd82cc928ebe1ea46d0e74c59f0dd6f937918d132a94618
A/B/C,C-0063,1,sigVer,True,validation/stage1-20261004-0100/external.jsonl,271,689820b92d2ff8603a2ee6aa6e618fe990e340bee653f22eb844228a7b730efa,93916ea254289c780843154f954416a03c494219768e0004dc905417cc559498,7466b9e92ac09f6a5dd82cc928ebe1ea46d0e74c59f0dd6f937918d132a94618
A/B/C,C-0064,1,keyGen,True,validation/stage1-20261004-0100/external.jsonl,272,689820b92d2ff8603a2ee6aa6e618fe990e340bee653f22eb844228a7b730efa,ebc837c165f044764bdac7806ea63d5533cec8e95e5954be64f8c768ccc8e05e,7466b9e92ac09f6a5dd82cc928ebe1ea46d0e74c59f0dd6f937918d132a94618
A/B/C,C-0065,1,sigGen,True,validation/stage1-20261004-0100/external.jsonl,273,689820b92d2ff8603a2ee6aa6e618fe990e340bee653f22eb844228a7b730efa,380e90f669edaa76debe805d02ed6c192593933ec7c6693c0a8950531c981abc,7466b9e92ac09f6a5dd82cc928ebe1ea46d0e74c59f0dd6f937918d132a94618
A/B/C,C-0066,1,sigVer,True,validation/stage1-20261004-0100/external.jsonl,274,689820b92d2ff8603a2ee6aa6e618fe990e340bee653f22eb844228a7b730efa,605a1ac0b3d8f766aa1eff5eec352973809bb979c0284fabec559f9dacc21e36,7466b9e92ac09f6a5dd82cc928ebe1ea46d0e74c59f0dd6f937918d132a94618
A/B/C,C-0067,1,sigVer,True,validation/stage1-20261004-0100/external.jsonl,275,689820b92d2ff8603a2ee6aa6e618fe990e340bee653f22eb844228a7b730efa,f5bc3abbb86e9f40462bbe22e0e2b6172d962db3db51219926e27ea8dc1293a0,7466b9e92ac09f6a5dd82cc928ebe1ea46d0e74c59f0dd6f937918d132a94618
A/B/C,C-0068,1,sigGen,True,validation/stage1-20261004-0100/external.jsonl,276,689820b92d2ff8603a2ee6aa6e618fe990e340bee653f22eb844228a7b730efa,be636b83ad8dc88511b836aff3f5b7c36002a7a68d39f349dd6eeab6fbe82162,7466b9e92ac09f6a5dd82cc928ebe1ea46d0e74c59f0dd6f937918d132a94618
A/B/C,C-0069,1,sigVer,True,validation/stage1-20261004-0100/external.jsonl,277,689820b92d2ff8603a2ee6aa6e618fe990e340bee653f22eb844228a7b730efa,6f3c1b3c067b7ec2af7549ea04bd4530d61b9f4c2f025fca85f0981b492fd12a,7466b9e92ac09f6a5dd82cc928ebe1ea46d0e74c59f0dd6f937918d132a94618
A/B/C,C-0070,1,sigVer,True,validation/stage1-20261004-0100/external.jsonl,278,689820b92d2ff8603a2ee6aa6e618fe990e340bee653f22eb844228a7b730efa,53e8707ffae19a15a46b54f57aa45c64ad0ccbe0caf85bd74b607892541cb442,7466b9e92ac09f6a5dd82cc928ebe1ea46d0e74c59f0dd6f937918d132a94618
A/B/C,C-0071,2,keyGen,True,validation/stage1-20261004-0100/external.jsonl,279,689820b92d2ff8603a2ee6aa6e618fe990e340bee653f22eb844228a7b730efa,19c3e20317843d78e1195df3edaf169148a350d152d3b16fac2dc383abe1e756,7466b9e92ac09f6a5dd82cc928ebe1ea46d0e74c59f0dd6f937918d132a94618
A/B/C,C-0072,2,sigGen,True,validation/stage1-20261004-0100/external.jsonl,280,689820b92d2ff8603a2ee6aa6e618fe990e340bee653f22eb844228a7b730efa,3b68f20660cfa60e5252b69431156477f250b1e74c57e4b71b47cc0cb80c3c5a,7466b9e92ac09f6a5dd82cc928ebe1ea46d0e74c59f0dd6f937918d132a94618
A/B/C,C-0073,2,sigVer,True,validation/stage1-20261004-0100/external.jsonl,281,689820b92d2ff8603a2ee6aa6e618fe990e340bee653f22eb844228a7b730efa,a65020744cf0aba53a65bd06ac5fdc9ce1ce4ee5e1b807ccde6c92211d3c98a6,7466b9e92ac09f6a5dd82cc928ebe1ea46d0e74c59f0dd6f937918d132a94618
A/B/C,C-0074,2,sigVer,True,validation/stage1-20261004-0100/external.jsonl,282,689820b92d2ff8603a2ee6aa6e618fe990e340bee653f22eb844228a7b730efa,10c7ef414e114ecbc80627e38e2cefcec81c18aaf901582ae93cd7e03f38fac9,7466b9e92ac09f6a5dd82cc928ebe1ea46d0e74c59f0dd6f937918d132a94618
A/B/C,C-0075,2,sigGen,True,validation/stage1-20261004-0100/external.jsonl,283,689820b92d2ff8603a2ee6aa6e618fe990e340bee653f22eb844228a7b730efa,b37ea643468701276cf88e9b380e8c085edf26b977c71f3bc1061472255339fb,7466b9e92ac09f6a5dd82cc928ebe1ea46d0e74c59f0dd6f937918d132a94618
A/B/C,C-0076,2,sigVer,True,validation/stage1-20261004-0100/external.jsonl,284,689820b92d2ff8603a2ee6aa6e618fe990e340bee653f22eb844228a7b730efa,cd038cf4bb44e958011ab0d6f44a1894f975f874707420bcbb0503bc018621e1,7466b9e92ac09f6a5dd82cc928ebe1ea46d0e74c59f0dd6f937918d132a94618
A/B/C,C-0077,2,sigVer,True,validation/stage1-20261004-0100/external.jsonl,285,689820b92d2ff8603a2ee6aa6e618fe990e340bee653f22eb844228a7b730efa,178c59899126f94b2c252988858e4eb7ecbfbdce8465d090218a9d4ee0dd04f5,7466b9e92ac09f6a5dd82cc928ebe1ea46d0e74c59f0dd6f937918d132a94618
A/B/C,C-0078,2,keyGen,True,validation/stage1-20261004-0100/external.jsonl,286,689820b92d2ff8603a2ee6aa6e618fe990e340bee653f22eb844228a7b730efa,ed2b802c9dff564d4be46c98d72baaf2c4b7dae30aa6f556a8e0166946c028ed,7466b9e92ac09f6a5dd82cc928ebe1ea46d0e74c59f0dd6f937918d132a94618
A/B/C,C-0079,2,sigGen,True,validation/stage1-20261004-0100/external.jsonl,287,689820b92d2ff8603a2ee6aa6e618fe990e340bee653f22eb844228a7b730efa,5d3b81f385cca6dd0e2f4151874a176b4e8108e2240f15d6368ab4ecdabf90e4,7466b9e92ac09f6a5dd82cc928ebe1ea46d0e74c59f0dd6f937918d132a94618
A/B/C,C-0080,2,sigVer,True,validation/stage1-20261004-0100/external.jsonl,288,689820b92d2ff8603a2ee6aa6e618fe990e340bee653f22eb844228a7b730efa,1d15963f7af8ba34a877be22cffd5add7adf221c0161f8185241aeb12f5a08eb,7466b9e92ac09f6a5dd82cc928ebe1ea46d0e74c59f0dd6f937918d132a94618
A/B/C,C-0081,2,sigVer,True,validation/stage1-20261004-0100/external.jsonl,289,689820b92d2ff8603a2ee6aa6e618fe990e340bee653f22eb844228a7b730efa,d13ef59c17dc92ea015aad45c6deb2df359c8f37f6bda9f7d17fd150ab10f58d,7466b9e92ac09f6a5dd82cc928ebe1ea46d0e74c59f0dd6f937918d132a94618
A/B/C,C-0082,2,sigGen,True,validation/stage1-20261004-0100/external.jsonl,290,689820b92d2ff8603a2ee6aa6e618fe990e340bee653f22eb844228a7b730efa,27883515d471a2710550a059fc7753d261c6be01aef8159fe2847a80544bf9a0,7466b9e92ac09f6a5dd82cc928ebe1ea46d0e74c59f0dd6f937918d132a94618
A/B/C,C-0083,2,sigVer,True,validation/stage1-20261004-0100/external.jsonl,291,689820b92d2ff8603a2ee6aa6e618fe990e340bee653f22eb844228a7b730efa,729b902fff7139f939b43df71715519e49446dbcd54fe48dc681404962c4601c,7466b9e92ac09f6a5dd82cc928ebe1ea46d0e74c59f0dd6f937918d132a94618
A/B/C,C-0084,2,sigVer,True,validation/stage1-20261004-0100/external.jsonl,292,689820b92d2ff8603a2ee6aa6e618fe990e340bee653f22eb844228a7b730efa,8092f3711afc8ae5e057d736365acbc833636db7b205e2418d0513c2b596a413,7466b9e92ac09f6a5dd82cc928ebe1ea46d0e74c59f0dd6f937918d132a94618
A/B/C,C-0085,2,keyGen,True,validation/stage1-20261004-0100/external.jsonl,293,689820b92d2ff8603a2ee6aa6e618fe990e340bee653f22eb844228a7b730efa,d8c7f690229c4f0b76514731973c34acca9b601a3c48b8707e2f8d45c8f5928b,7466b9e92ac09f6a5dd82cc928ebe1ea46d0e74c59f0dd6f937918d132a94618
A/B/C,C-0086,2,sigGen,True,validation/stage1-20261004-0100/external.jsonl,294,689820b92d2ff8603a2ee6aa6e618fe990e340bee653f22eb844228a7b730efa,d1e8bf226f5b9c62dce020d018c53fac632e5fd99d86f290a8d6993a137d24e2,7466b9e92ac09f6a5dd82cc928ebe1ea46d0e74c59f0dd6f937918d132a94618
A/B/C,C-0087,2,sigVer,True,validation/stage1-20261004-0100/external.jsonl,295,689820b92d2ff8603a2ee6aa6e618fe990e340bee653f22eb844228a7b730efa,3c66fbde008544cd7b92044cda2bf8f93141f480d7d48584ea0f678b18b7868d,7466b9e92ac09f6a5dd82cc928ebe1ea46d0e74c59f0dd6f937918d132a94618
A/B/C,C-0088,2,sigVer,True,validation/stage1-20261004-0100/external.jsonl,296,689820b92d2ff8603a2ee6aa6e618fe990e340bee653f22eb844228a7b730efa,0b72c6f825c54f1b06a841634a345a31741e660f64c848874445a79d30dd9721,7466b9e92ac09f6a5dd82cc928ebe1ea46d0e74c59f0dd6f937918d132a94618
A/B/C,C-0089,2,sigGen,True,validation/stage1-20261004-0100/external.jsonl,297,689820b92d2ff8603a2ee6aa6e618fe990e340bee653f22eb844228a7b730efa,408c5071bd4159fd6fd8cf447aaa578f6747fced6d083a24e0487d15f24c758a,7466b9e92ac09f6a5dd82cc928ebe1ea46d0e74c59f0dd6f937918d132a94618
A/B/C,C-0090,2,sigVer,True,validation/stage1-20261004-0100/external.jsonl,298,689820b92d2ff8603a2ee6aa6e618fe990e340bee653f22eb844228a7b730efa,999887d7965a486c51f41330e7f0338f484e08aaa8c9311ffc6c669f1905b2d3,7466b9e92ac09f6a5dd82cc928ebe1ea46d0e74c59f0dd6f937918d132a94618
A/B/C,C-0091,2,sigVer,True,validation/stage1-20261004-0100/external.jsonl,299,689820b92d2ff8603a2ee6aa6e618fe990e340bee653f22eb844228a7b730efa,c53b64f19edce9529bc6d35491ce6c12675f115eaade0ee3aa89f771ecce1b0e,7466b9e92ac09f6a5dd82cc928ebe1ea46d0e74c59f0dd6f937918d132a94618
A/B/C,C-0092,2,keyGen,True,validation/stage1-20261004-0100/external.jsonl,300,689820b92d2ff8603a2ee6aa6e618fe990e340bee653f22eb844228a7b730efa,ff2328cfe868820ad1619abc2fca61b07b56fdf31e61b21e7fa8f02774f88af1,7466b9e92ac09f6a5dd82cc928ebe1ea46d0e74c59f0dd6f937918d132a94618
A/B/C,C-0093,2,sigGen,True,validation/stage1-20261004-0100/external.jsonl,301,689820b92d2ff8603a2ee6aa6e618fe990e340bee653f22eb844228a7b730efa,fb4a8c8c6f3d23e4f8f0870f5f29817cc0d8410518476e5eb120898f12a231c3,7466b9e92ac09f6a5dd82cc928ebe1ea46d0e74c59f0dd6f937918d132a94618
A/B/C,C-0094,2,sigVer,True,validation/stage1-20261004-0100/external.jsonl,302,689820b92d2ff8603a2ee6aa6e618fe990e340bee653f22eb844228a7b730efa,873ae9607c0b7a6f427bca302667a98333636c34e3025cabfee67ed3922c03cf,7466b9e92ac09f6a5dd82cc928ebe1ea46d0e74c59f0dd6f937918d132a94618
A/B/C,C-0095,2,sigVer,True,validation/stage1-20261004-0100/external.jsonl,303,689820b92d2ff8603a2ee6aa6e618fe990e340bee653f22eb844228a7b730efa,6d658c77050269c0ea7c8cac2ebcfe5acc42107a401042bb396ed33e9074eafc,7466b9e92ac09f6a5dd82cc928ebe1ea46d0e74c59f0dd6f937918d132a94618
A/B/C,C-0096,2,sigGen,True,validation/stage1-20261004-0100/external.jsonl,304,689820b92d2ff8603a2ee6aa6e618fe990e340bee653f22eb844228a7b730efa,3f824333501e0c22786da86bcdd1aac06b259d6f76fd9d59005449f0e253d11e,7466b9e92ac09f6a5dd82cc928ebe1ea46d0e74c59f0dd6f937918d132a94618
A/B/C,C-0097,2,sigVer,True,validation/stage1-20261004-0100/external.jsonl,305,689820b92d2ff8603a2ee6aa6e618fe990e340bee653f22eb844228a7b730efa,4d50bb2c9701aba9b1e96b70e376dc3aaaa2c94da21cefb684cc176d597e3d1f,7466b9e92ac09f6a5dd82cc928ebe1ea46d0e74c59f0dd6f937918d132a94618
A/B/C,C-0098,2,sigVer,True,validation/stage1-20261004-0100/external.jsonl,306,689820b92d2ff8603a2ee6aa6e618fe990e340bee653f22eb844228a7b730efa,6a572dcb892da33b6e280011c551796dc9e57803abdf8e6963d8f4c90910ffc7,7466b9e92ac09f6a5dd82cc928ebe1ea46d0e74c59f0dd6f937918d132a94618
A/B/C,C-0099,2,keyGen,True,validation/stage1-20261004-0100/external.jsonl,307,689820b92d2ff8603a2ee6aa6e618fe990e340bee653f22eb844228a7b730efa,b61481a470faec9c06b2567163a3987010c971cc52eaccc8180b605c4878fabf,7466b9e92ac09f6a5dd82cc928ebe1ea46d0e74c59f0dd6f937918d132a94618
A/B/C,C-0100,2,sigGen,True,validation/stage1-20261004-0100/external.jsonl,308,689820b92d2ff8603a2ee6aa6e618fe990e340bee653f22eb844228a7b730efa,046328e6f7bec23ca9c7764065928ecbf976385be1f79a50732d63e687c16284,7466b9e92ac09f6a5dd82cc928ebe1ea46d0e74c59f0dd6f937918d132a94618
A/B/C,C-0101,2,sigVer,True,validation/stage1-20261004-0100/external.jsonl,309,689820b92d2ff8603a2ee6aa6e618fe990e340bee653f22eb844228a7b730efa,db7b10ed5d5c5020cbc5ff304960afb3ba73633510cf0dfc0b8992630034a289,7466b9e92ac09f6a5dd82cc928ebe1ea46d0e74c59f0dd6f937918d132a94618
A/B/C,C-0102,2,sigVer,True,validation/stage1-20261004-0100/external.jsonl,310,689820b92d2ff8603a2ee6aa6e618fe990e340bee653f22eb844228a7b730efa,e8355f4372fa9b92a5aff9fe11d680324369483432b76cfdf8f456321544198d,7466b9e92ac09f6a5dd82cc928ebe1ea46d0e74c59f0dd6f937918d132a94618
A/B/C,C-0103,2,sigGen,True,validation/stage1-20261004-0100/external.jsonl,311,689820b92d2ff8603a2ee6aa6e618fe990e340bee653f22eb844228a7b730efa,81b91dfa765f7ffd2c770f358713eb529110997f09c2e846123f7012e2de3fc6,7466b9e92ac09f6a5dd82cc928ebe1ea46d0e74c59f0dd6f937918d132a94618
A/B/C,C-0104,2,sigVer,True,validation/stage1-20261004-0100/external.jsonl,312,689820b92d2ff8603a2ee6aa6e618fe990e340bee653f22eb844228a7b730efa,f6db58b55e71596fc7641a196a91072701b9fb6b62e1fc913d9c55b053616048,7466b9e92ac09f6a5dd82cc928ebe1ea46d0e74c59f0dd6f937918d132a94618
A/B/C,C-0105,2,sigVer,True,validation/stage1-20261004-0100/external.jsonl,313,689820b92d2ff8603a2ee6aa6e618fe990e340bee653f22eb844228a7b730efa,0f28fb723500b07656715f0cf128b0ed25815723010b74d4d0cfa3b6cea0b219,7466b9e92ac09f6a5dd82cc928ebe1ea46d0e74c59f0dd6f937918d132a94618
A/B/C,C-0106,2,keyGen,True,validation/stage1-20261004-0100/external.jsonl,314,689820b92d2ff8603a2ee6aa6e618fe990e340bee653f22eb844228a7b730efa,11dd6bc37ea50396e64f3e2ab7e2b3c8239e5e7d9e2ce6e151ce12c7d93c054f,7466b9e92ac09f6a5dd82cc928ebe1ea46d0e74c59f0dd6f937918d132a94618
A/B/C,C-0107,2,sigGen,True,validation/stage1-20261004-0100/external.jsonl,315,689820b92d2ff8603a2ee6aa6e618fe990e340bee653f22eb844228a7b730efa,6432a7377c8b731af5af0e41803df9b27fdb8d1d3873909e769a4b72e64f4581,7466b9e92ac09f6a5dd82cc928ebe1ea46d0e74c59f0dd6f937918d132a94618
A/B/C,C-0108,2,sigVer,True,validation/stage1-20261004-0100/external.jsonl,316,689820b92d2ff8603a2ee6aa6e618fe990e340bee653f22eb844228a7b730efa,68be298db902aca01706bed97786ab1f6ec1248e4a733b3264e8a0b1ab78250f,7466b9e92ac09f6a5dd82cc928ebe1ea46d0e74c59f0dd6f937918d132a94618
A/B/C,C-0109,2,sigVer,True,validation/stage1-20261004-0100/external.jsonl,317,689820b92d2ff8603a2ee6aa6e618fe990e340bee653f22eb844228a7b730efa,598a39b97c323c011bc3241729f48bd9a28ca52ee4c51e34091a41183a37cbf9,7466b9e92ac09f6a5dd82cc928ebe1ea46d0e74c59f0dd6f937918d132a94618
A/B/C,C-0110,2,sigGen,True,validation/stage1-20261004-0100/external.jsonl,318,689820b92d2ff8603a2ee6aa6e618fe990e340bee653f22eb844228a7b730efa,6a85fd3ae34ec93f0724f3288441462d3ae8b3a0e15f5554b9127cea47134e32,7466b9e92ac09f6a5dd82cc928ebe1ea46d0e74c59f0dd6f937918d132a94618
A/B/C,C-0111,2,sigVer,True,validation/stage1-20261004-0100/external.jsonl,319,689820b92d2ff8603a2ee6aa6e618fe990e340bee653f22eb844228a7b730efa,0c00609f8f97af38ff8f9ab7afe1b5dffa3796bcb24c38d52527e516afabefe3,7466b9e92ac09f6a5dd82cc928ebe1ea46d0e74c59f0dd6f937918d132a94618
A/B/C,C-0112,2,sigVer,True,validation/stage1-20261004-0100/external.jsonl,320,689820b92d2ff8603a2ee6aa6e618fe990e340bee653f22eb844228a7b730efa,bf1b68eac4c8780fb59c7b1ec5922ca15304997f177529bbc0a1d36f0058137b,7466b9e92ac09f6a5dd82cc928ebe1ea46d0e74c59f0dd6f937918d132a94618
A/B/C,C-0113,2,keyGen,True,validation/stage1-20261004-0100/external.jsonl,321,689820b92d2ff8603a2ee6aa6e618fe990e340bee653f22eb844228a7b730efa,c6953b6288f7d10c82080e6d72127bb0d52351ec4c6be12bf14f9c25f8c6cdda,7466b9e92ac09f6a5dd82cc928ebe1ea46d0e74c59f0dd6f937918d132a94618
A/B/C,C-0114,2,sigGen,True,validation/stage1-20261004-0100/external.jsonl,322,689820b92d2ff8603a2ee6aa6e618fe990e340bee653f22eb844228a7b730efa,7503b30edbaa9b8a39cd6ebd50a7fea0de2881e954a35f5295c2ef40c80597ca,7466b9e92ac09f6a5dd82cc928ebe1ea46d0e74c59f0dd6f937918d132a94618
A/B/C,C-0115,2,sigVer,True,validation/stage1-20261004-0100/external.jsonl,323,689820b92d2ff8603a2ee6aa6e618fe990e340bee653f22eb844228a7b730efa,264fa92bbcf23f5d3e7b3dd3481b833316ae515f3d7da09bbd43146eee209a51,7466b9e92ac09f6a5dd82cc928ebe1ea46d0e74c59f0dd6f937918d132a94618
A/B/C,C-0116,2,sigVer,True,validation/stage1-20261004-0100/external.jsonl,324,689820b92d2ff8603a2ee6aa6e618fe990e340bee653f22eb844228a7b730efa,7c15cc4eb0db339bc23c06475f440eaa2ea1bdbacf63ed783e43adadb482da0c,7466b9e92ac09f6a5dd82cc928ebe1ea46d0e74c59f0dd6f937918d132a94618
A/B/C,C-0117,2,sigGen,True,validation/stage1-20261004-0100/external.jsonl,325,689820b92d2ff8603a2ee6aa6e618fe990e340bee653f22eb844228a7b730efa,e73018bcb31206bb1c602d6c4f5e753862ce05cad4fd29775f0681175823b083,7466b9e92ac09f6a5dd82cc928ebe1ea46d0e74c59f0dd6f937918d132a94618
A/B/C,C-0118,2,sigVer,True,validation/stage1-20261004-0100/external.jsonl,326,689820b92d2ff8603a2ee6aa6e618fe990e340bee653f22eb844228a7b730efa,8bd9b97ac51f51cac29deecce6383732e7d43772099297078778e1c67dcbbadf,7466b9e92ac09f6a5dd82cc928ebe1ea46d0e74c59f0dd6f937918d132a94618
A/B/C,C-0119,2,sigVer,True,validation/stage1-20261004-0100/external.jsonl,327,689820b92d2ff8603a2ee6aa6e618fe990e340bee653f22eb844228a7b730efa,607e0b02e9b1bed0ff3b48368bb28756cfb8e935c7000ebb4d6348bb74fdd3dd,7466b9e92ac09f6a5dd82cc928ebe1ea46d0e74c59f0dd6f937918d132a94618
A/B/C,C-0120,2,keyGen,True,validation/stage1-20261004-0100/external.jsonl,328,689820b92d2ff8603a2ee6aa6e618fe990e340bee653f22eb844228a7b730efa,7fa43cbec483ecae9f4bec7b757b33dac5fafa6a56a3e2f961c06310da6042f7,7466b9e92ac09f6a5dd82cc928ebe1ea46d0e74c59f0dd6f937918d132a94618
A/B/C,C-0121,2,sigGen,True,validation/stage1-20261004-0100/external.jsonl,329,689820b92d2ff8603a2ee6aa6e618fe990e340bee653f22eb844228a7b730efa,bc13406d92596477f65bd60cc3741f97f0f4cc4b7127914abc71d950f93c19c5,7466b9e92ac09f6a5dd82cc928ebe1ea46d0e74c59f0dd6f937918d132a94618
A/B/C,C-0122,2,sigVer,True,validation/stage1-20261004-0100/external.jsonl,330,689820b92d2ff8603a2ee6aa6e618fe990e340bee653f22eb844228a7b730efa,a592195c81404fbf88af0ebf9408deb27be71cc442e736581a144bce80754347,7466b9e92ac09f6a5dd82cc928ebe1ea46d0e74c59f0dd6f937918d132a94618
A/B/C,C-0123,2,sigVer,True,validation/stage1-20261004-0100/external.jsonl,331,689820b92d2ff8603a2ee6aa6e618fe990e340bee653f22eb844228a7b730efa,ce11a8df735315d4fd7527e05e04c214fd7e74a0126e06e393f6d0175059c4f0,7466b9e92ac09f6a5dd82cc928ebe1ea46d0e74c59f0dd6f937918d132a94618
A/B/C,C-0124,2,sigGen,True,validation/stage1-20261004-0100/external.jsonl,332,689820b92d2ff8603a2ee6aa6e618fe990e340bee653f22eb844228a7b730efa,a2e674b82cea4fa1d318c772dc820f38e766e010118cc3bc1d0c935306dbd57e,7466b9e92ac09f6a5dd82cc928ebe1ea46d0e74c59f0dd6f937918d132a94618
A/B/C,C-0125,2,sigVer,True,validation/stage1-20261004-0100/external.jsonl,333,689820b92d2ff8603a2ee6aa6e618fe990e340bee653f22eb844228a7b730efa,22d9e5b2c984d74b59c34be03210449783a9de877b58ed06c5c7a9137792286b,7466b9e92ac09f6a5dd82cc928ebe1ea46d0e74c59f0dd6f937918d132a94618
A/B/C,C-0126,2,sigVer,True,validation/stage1-20261004-0100/external.jsonl,334,689820b92d2ff8603a2ee6aa6e618fe990e340bee653f22eb844228a7b730efa,c7e1fd51a4481bef84d8c547fc35cdb0e0fbff5c7b58c29b98a22646796d8ea1,7466b9e92ac09f6a5dd82cc928ebe1ea46d0e74c59f0dd6f937918d132a94618
A/B/C,C-0127,2,keyGen,True,validation/stage1-20261004-0100/external.jsonl,335,689820b92d2ff8603a2ee6aa6e618fe990e340bee653f22eb844228a7b730efa,68f097342f4109f668f63e405a3ab0527e1f174fb67860401b21ad5a4507ac72,7466b9e92ac09f6a5dd82cc928ebe1ea46d0e74c59f0dd6f937918d132a94618
A/B/C,C-0128,2,sigGen,True,validation/stage1-20261004-0100/external.jsonl,336,689820b92d2ff8603a2ee6aa6e618fe990e340bee653f22eb844228a7b730efa,1b447217958f55b8f641af44247dc07d7870fbc6d40a582b543956d6c3a62ba7,7466b9e92ac09f6a5dd82cc928ebe1ea46d0e74c59f0dd6f937918d132a94618
A/B/C,C-0129,2,sigVer,True,validation/stage1-20261004-0100/external.jsonl,337,689820b92d2ff8603a2ee6aa6e618fe990e340bee653f22eb844228a7b730efa,e6bb8de6430051e3989936f5c940b45a217775a45379762fd98cccdcd0820952,7466b9e92ac09f6a5dd82cc928ebe1ea46d0e74c59f0dd6f937918d132a94618
A/B/C,C-0130,2,sigVer,True,validation/stage1-20261004-0100/external.jsonl,338,689820b92d2ff8603a2ee6aa6e618fe990e340bee653f22eb844228a7b730efa,c1034c4fc4b9a8c7dc9c7c35be9dfdfdb17deb6525269524590a9b4c1affedb8,7466b9e92ac09f6a5dd82cc928ebe1ea46d0e74c59f0dd6f937918d132a94618
A/B/C,C-0131,2,sigGen,True,validation/stage1-20261004-0100/external.jsonl,339,689820b92d2ff8603a2ee6aa6e618fe990e340bee653f22eb844228a7b730efa,869d01a29a75f425f060064dcce64c38c0885ad8d45a38874f32706419182136,7466b9e92ac09f6a5dd82cc928ebe1ea46d0e74c59f0dd6f937918d132a94618
A/B/C,C-0132,2,sigVer,True,validation/stage1-20261004-0100/external.jsonl,340,689820b92d2ff8603a2ee6aa6e618fe990e340bee653f22eb844228a7b730efa,049cef3e1fbdf5be481d6af5498c38fcc966d8ce0fe6e1d987ddb9fc246fbb14,7466b9e92ac09f6a5dd82cc928ebe1ea46d0e74c59f0dd6f937918d132a94618
A/B/C,C-0133,2,sigVer,True,validation/stage1-20261004-0100/external.jsonl,341,689820b92d2ff8603a2ee6aa6e618fe990e340bee653f22eb844228a7b730efa,b72b6c3482cc29fae15c711352c14b40e1cf4d294ccb833e5dbd4c29aa359818,7466b9e92ac09f6a5dd82cc928ebe1ea46d0e74c59f0dd6f937918d132a94618
A/B/C,C-0134,2,keyGen,True,validation/stage1-20261004-0100/external.jsonl,342,689820b92d2ff8603a2ee6aa6e618fe990e340bee653f22eb844228a7b730efa,dc4c0a13c3b4b0d21d4b4d41fdb624ae4d7be1d4e0a8f6ca5a03a3ce278dbf8b,7466b9e92ac09f6a5dd82cc928ebe1ea46d0e74c59f0dd6f937918d132a94618
A/B/C,C-0135,2,sigGen,True,validation/stage1-20261004-0100/external.jsonl,343,689820b92d2ff8603a2ee6aa6e618fe990e340bee653f22eb844228a7b730efa,e13ecbe3a2d7edd73e4e6c521e70e24b357dd51cf281f357d81a5a7b66ea1d79,7466b9e92ac09f6a5dd82cc928ebe1ea46d0e74c59f0dd6f937918d132a94618
A/B/C,C-0136,2,sigVer,True,validation/stage1-20261004-0100/external.jsonl,344,689820b92d2ff8603a2ee6aa6e618fe990e340bee653f22eb844228a7b730efa,7328ca15e7d95588ca3d1ad95fb56cbd20b4c434af8f73771351c0821f52d753,7466b9e92ac09f6a5dd82cc928ebe1ea46d0e74c59f0dd6f937918d132a94618
A/B/C,C-0137,2,sigVer,True,validation/stage1-20261004-0100/external.jsonl,345,689820b92d2ff8603a2ee6aa6e618fe990e340bee653f22eb844228a7b730efa,6bc3e32a0611aa53950c044c52f5b5cd220fa2071d08bac743fbccb4ad0ac20b,7466b9e92ac09f6a5dd82cc928ebe1ea46d0e74c59f0dd6f937918d132a94618
A/B/C,C-0138,2,sigGen,True,validation/stage1-20261004-0100/external.jsonl,346,689820b92d2ff8603a2ee6aa6e618fe990e340bee653f22eb844228a7b730efa,56e3c0314a6372f7a78b0ab64cd03dbf85e40f80602d0291b2741583edadf891,7466b9e92ac09f6a5dd82cc928ebe1ea46d0e74c59f0dd6f937918d132a94618
A/B/C,C-0139,2,sigVer,True,validation/stage1-20261004-0100/external.jsonl,347,689820b92d2ff8603a2ee6aa6e618fe990e340bee653f22eb844228a7b730efa,233b887da9c29a169e3d44ac27f4eae23e31a74507651af9d01b6415da445ccb,7466b9e92ac09f6a5dd82cc928ebe1ea46d0e74c59f0dd6f937918d132a94618
A/B/C,C-0140,2,sigVer,True,validation/stage1-20261004-0100/external.jsonl,348,689820b92d2ff8603a2ee6aa6e618fe990e340bee653f22eb844228a7b730efa,d019cd95a0ff5cd12c796a5c2d9d4e87ebc4fc8a9c16c959a53033f676758fd3,7466b9e92ac09f6a5dd82cc928ebe1ea46d0e74c59f0dd6f937918d132a94618
A/B/C,B-0001,103,keyGen,True,validation/stage1-20261004-0100/external.jsonl,349,689820b92d2ff8603a2ee6aa6e618fe990e340bee653f22eb844228a7b730efa,beb977199be8c00df6899c2f9ac8c4e21f99c1e69e56fa72b6398a4a1b2995ca,7466b9e92ac09f6a5dd82cc928ebe1ea46d0e74c59f0dd6f937918d132a94618
A/B/C,B-0002,103,sigGen,True,validation/stage1-20261004-0100/external.jsonl,350,689820b92d2ff8603a2ee6aa6e618fe990e340bee653f22eb844228a7b730efa,601df0858bb7b4305da49421854b6c1de9f188ab76159c4842f3046c348c8291,7466b9e92ac09f6a5dd82cc928ebe1ea46d0e74c59f0dd6f937918d132a94618
A/B/C,B-0003,103,sigVer,True,validation/stage1-20261004-0100/external.jsonl,351,689820b92d2ff8603a2ee6aa6e618fe990e340bee653f22eb844228a7b730efa,5baf5c5ade106fbc72110f999ecbbfe976845c7e894c39269d6af7e5bc00862b,7466b9e92ac09f6a5dd82cc928ebe1ea46d0e74c59f0dd6f937918d132a94618
D-complete,python-3-0-differential,3,complete SM3-128-24 seeded case,True,validation/stage1-20261004-0100/complete-128-24.jsonl,1,8207f1b2a20cd22295c44f3b6725ca45db0b3e99ced07ab4f537ef8425a4ba40,4882ffd92c89191e974a1b8cbf27e3147041004a4945f0f90cdce952dab4f560,7466b9e92ac09f6a5dd82cc928ebe1ea46d0e74c59f0dd6f937918d132a94618
D-complete,python-3-1-differential,3,complete SM3-128-24 seeded case,True,validation/stage1-20261004-0100/complete-128-24.jsonl,2,8207f1b2a20cd22295c44f3b6725ca45db0b3e99ced07ab4f537ef8425a4ba40,d5a9da6f84451b63a911978457fabee52c9db443eddc3aae482076343603ddfd,7466b9e92ac09f6a5dd82cc928ebe1ea46d0e74c59f0dd6f937918d132a94618
D-complete,python-3-2-differential,3,complete SM3-128-24 seeded case,True,validation/stage1-20261004-0100/complete-128-24.jsonl,3,8207f1b2a20cd22295c44f3b6725ca45db0b3e99ced07ab4f537ef8425a4ba40,cc7b24e3384c056dcfa4cbec4e61365d7657dfa8760e628a369906969accd518,7466b9e92ac09f6a5dd82cc928ebe1ea46d0e74c59f0dd6f937918d132a94618
D-toy,toy-complete-0,201,complete toy seeded case,True,validation/stage1-20261004-0100/toy.jsonl,1,8e0c418fbd3a274aadc914b1190c8371006634a0f109f77bf6907dc2e4b391db,7a405e658485b1b78a7fc8b0d22701a118751027f22a77f72bdeb200806126fe,7466b9e92ac09f6a5dd82cc928ebe1ea46d0e74c59f0dd6f937918d132a94618
D-toy,toy-complete-1,201,complete toy seeded case,True,validation/stage1-20261004-0100/toy.jsonl,2,8e0c418fbd3a274aadc914b1190c8371006634a0f109f77bf6907dc2e4b391db,1d89c3ca22e683ae656877d8b83f7171405208244b5d79f26988c6de6647a14b,7466b9e92ac09f6a5dd82cc928ebe1ea46d0e74c59f0dd6f937918d132a94618
D-toy,toy-complete-2,201,complete toy seeded case,True,validation/stage1-20261004-0100/toy.jsonl,3,8e0c418fbd3a274aadc914b1190c8371006634a0f109f77bf6907dc2e4b391db,06a2fbeed8c79af7d3cce2d5e6833ad90cb72c9749adf55fbde7848684d2ebcd,7466b9e92ac09f6a5dd82cc928ebe1ea46d0e74c59f0dd6f937918d132a94618
D-toy,toy-complete-3,201,complete toy seeded case,True,validation/stage1-20261004-0100/toy.jsonl,4,8e0c418fbd3a274aadc914b1190c8371006634a0f109f77bf6907dc2e4b391db,f9be6728bdb4eab594413ab3738a6ceb8a1907d007d56bf9adc8deb68ff39934,7466b9e92ac09f6a5dd82cc928ebe1ea46d0e74c59f0dd6f937918d132a94618
D-toy,toy-complete-4,201,complete toy seeded case,True,validation/stage1-20261004-0100/toy.jsonl,5,8e0c418fbd3a274aadc914b1190c8371006634a0f109f77bf6907dc2e4b391db,1198f06611108a35842a0b0de09f91352027be4bfe9bbeffaea033e85a448351,7466b9e92ac09f6a5dd82cc928ebe1ea46d0e74c59f0dd6f937918d132a94618
D-toy,toy-complete-5,201,complete toy seeded case,True,validation/stage1-20261004-0100/toy.jsonl,6,8e0c418fbd3a274aadc914b1190c8371006634a0f109f77bf6907dc2e4b391db,154fdc5e16471448814ef26af7b0a8b46655ec2b91c923b63343dc64c41fb438,7466b9e92ac09f6a5dd82cc928ebe1ea46d0e74c59f0dd6f937918d132a94618
D-toy,toy-complete-6,201,complete toy seeded case,True,validation/stage1-20261004-0100/toy.jsonl,7,8e0c418fbd3a274aadc914b1190c8371006634a0f109f77bf6907dc2e4b391db,a8123c5cc4e9bb2b51e3d81cfd5544cf684c35209a14a8a2c075f8512086ad6e,7466b9e92ac09f6a5dd82cc928ebe1ea46d0e74c59f0dd6f937918d132a94618
D-toy,toy-complete-7,201,complete toy seeded case,True,validation/stage1-20261004-0100/toy.jsonl,8,8e0c418fbd3a274aadc914b1190c8371006634a0f109f77bf6907dc2e4b391db,ae9e59a67fc93f554dabf99d5760fd553e6123cbc5ea2debd17e5e04f0e50182,7466b9e92ac09f6a5dd82cc928ebe1ea46d0e74c59f0dd6f937918d132a94618
D-toy,toy-complete-8,201,complete toy seeded case,True,validation/stage1-20261004-0100/toy.jsonl,9,8e0c418fbd3a274aadc914b1190c8371006634a0f109f77bf6907dc2e4b391db,6ecf940ac86b331b700467d361a9b91895927fbd7569f82001a82bc0497ae843,7466b9e92ac09f6a5dd82cc928ebe1ea46d0e74c59f0dd6f937918d132a94618
D-toy,toy-complete-9,201,complete toy seeded case,True,validation/stage1-20261004-0100/toy.jsonl,10,8e0c418fbd3a274aadc914b1190c8371006634a0f109f77bf6907dc2e4b391db,a0b91730b6ffb9a6ebda7edaf3511811838d25a50b47e5ca0826cdd8bee9922e,7466b9e92ac09f6a5dd82cc928ebe1ea46d0e74c59f0dd6f937918d132a94618
D-toy,toy-complete-10,201,complete toy seeded case,True,validation/stage1-20261004-0100/toy.jsonl,11,8e0c418fbd3a274aadc914b1190c8371006634a0f109f77bf6907dc2e4b391db,2673429ed622d001408b49c68b14de27dcd9cf01f2ed5c845ab6b64cb0651380,7466b9e92ac09f6a5dd82cc928ebe1ea46d0e74c59f0dd6f937918d132a94618
D-toy,toy-complete-11,201,complete toy seeded case,True,validation/stage1-20261004-0100/toy.jsonl,12,8e0c418fbd3a274aadc914b1190c8371006634a0f109f77bf6907dc2e4b391db,aad52220ad87b946efcf916a9922890f3b91b7c025ffb0c5f07158d6c46458c8,7466b9e92ac09f6a5dd82cc928ebe1ea46d0e74c59f0dd6f937918d132a94618
D-toy,toy-complete-12,201,complete toy seeded case,True,validation/stage1-20261004-0100/toy.jsonl,13,8e0c418fbd3a274aadc914b1190c8371006634a0f109f77bf6907dc2e4b391db,0bd55f523c4dd9fe54a86b4e3e478d1c9d38bd52f45d4fd3533fcf00c3ebf4fd,7466b9e92ac09f6a5dd82cc928ebe1ea46d0e74c59f0dd6f937918d132a94618
D-toy,toy-complete-13,201,complete toy seeded case,True,validation/stage1-20261004-0100/toy.jsonl,14,8e0c418fbd3a274aadc914b1190c8371006634a0f109f77bf6907dc2e4b391db,7110bccabc56d2c99e991a69d55b79a85afccab40adebd16e82452612d99c2a0,7466b9e92ac09f6a5dd82cc928ebe1ea46d0e74c59f0dd6f937918d132a94618
D-toy,toy-complete-14,201,complete toy seeded case,True,validation/stage1-20261004-0100/toy.jsonl,15,8e0c418fbd3a274aadc914b1190c8371006634a0f109f77bf6907dc2e4b391db,b821d96e35e017e09735785f5e32e8373476827a5227f51b991981ffa82c1fe6,7466b9e92ac09f6a5dd82cc928ebe1ea46d0e74c59f0dd6f937918d132a94618
D-toy,toy-complete-15,201,complete toy seeded case,True,validation/stage1-20261004-0100/toy.jsonl,16,8e0c418fbd3a274aadc914b1190c8371006634a0f109f77bf6907dc2e4b391db,edc23ab9d03741be589ba005d50197e484aab26c6ec7675d904042312ce51592,7466b9e92ac09f6a5dd82cc928ebe1ea46d0e74c59f0dd6f937918d132a94618
D-toy,toy-complete-16,201,complete toy seeded case,True,validation/stage1-20261004-0100/toy.jsonl,17,8e0c418fbd3a274aadc914b1190c8371006634a0f109f77bf6907dc2e4b391db,5609eb4e4452a03068b70ffa31569f56782b66ec24417366c039f398cc969337,7466b9e92ac09f6a5dd82cc928ebe1ea46d0e74c59f0dd6f937918d132a94618
D-toy,toy-complete-17,201,complete toy seeded case,True,validation/stage1-20261004-0100/toy.jsonl,18,8e0c418fbd3a274aadc914b1190c8371006634a0f109f77bf6907dc2e4b391db,088ce2f27553b749a2d265d5b1b6cdee9cb3f38a39176e72a1830a5df328687a,7466b9e92ac09f6a5dd82cc928ebe1ea46d0e74c59f0dd6f937918d132a94618
D-toy,toy-complete-18,201,complete toy seeded case,True,validation/stage1-20261004-0100/toy.jsonl,19,8e0c418fbd3a274aadc914b1190c8371006634a0f109f77bf6907dc2e4b391db,7dd31aa551dd7a3c99ad48a9a37e6c814c6d50f8df3cd0e12d2e5af4900dc3a4,7466b9e92ac09f6a5dd82cc928ebe1ea46d0e74c59f0dd6f937918d132a94618
D-toy,toy-complete-19,201,complete toy seeded case,True,validation/stage1-20261004-0100/toy.jsonl,20,8e0c418fbd3a274aadc914b1190c8371006634a0f109f77bf6907dc2e4b391db,53a1f0eaa62f73500b50d3dd28ac3833514c7e9e0955448928cfca50252bda30,7466b9e92ac09f6a5dd82cc928ebe1ea46d0e74c59f0dd6f937918d132a94618
D-toy,toy-complete-20,201,complete toy seeded case,True,validation/stage1-20261004-0100/toy.jsonl,21,8e0c418fbd3a274aadc914b1190c8371006634a0f109f77bf6907dc2e4b391db,84c01574c4ee22a58f777616b79fbcb4adceb29c0d8ba1bf0d94103f1fd0c62b,7466b9e92ac09f6a5dd82cc928ebe1ea46d0e74c59f0dd6f937918d132a94618
D-toy,toy-complete-21,201,complete toy seeded case,True,validation/stage1-20261004-0100/toy.jsonl,22,8e0c418fbd3a274aadc914b1190c8371006634a0f109f77bf6907dc2e4b391db,86e8023ec08e6b4226d4cafeee502da188e9a4471635520c0d72cf5172e7f70a,7466b9e92ac09f6a5dd82cc928ebe1ea46d0e74c59f0dd6f937918d132a94618
D-toy,toy-complete-22,201,complete toy seeded case,True,validation/stage1-20261004-0100/toy.jsonl,23,8e0c418fbd3a274aadc914b1190c8371006634a0f109f77bf6907dc2e4b391db,e267536d86248f0c83633ad004b925d47d69b4718e2d6508830ee344d32ed025,7466b9e92ac09f6a5dd82cc928ebe1ea46d0e74c59f0dd6f937918d132a94618
D-toy,toy-complete-23,201,complete toy seeded case,True,validation/stage1-20261004-0100/toy.jsonl,24,8e0c418fbd3a274aadc914b1190c8371006634a0f109f77bf6907dc2e4b391db,6f6f284c60b8959ef623908722087932c73387ff3646fe24f4f9f7a6d6509811,7466b9e92ac09f6a5dd82cc928ebe1ea46d0e74c59f0dd6f937918d132a94618
D-toy,toy-complete-24,201,complete toy seeded case,True,validation/stage1-20261004-0100/toy.jsonl,25,8e0c418fbd3a274aadc914b1190c8371006634a0f109f77bf6907dc2e4b391db,2c9b50c6767114c16e8a709ff504195efc5379b3b7bc8e1f25a577309246222c,7466b9e92ac09f6a5dd82cc928ebe1ea46d0e74c59f0dd6f937918d132a94618
D-toy,toy-complete-25,201,complete toy seeded case,True,validation/stage1-20261004-0100/toy.jsonl,26,8e0c418fbd3a274aadc914b1190c8371006634a0f109f77bf6907dc2e4b391db,5097b01fe105cf494af1e0dba0179967966f6e2baff4ce11565083f55e000bbb,7466b9e92ac09f6a5dd82cc928ebe1ea46d0e74c59f0dd6f937918d132a94618
D-toy,toy-complete-26,201,complete toy seeded case,True,validation/stage1-20261004-0100/toy.jsonl,27,8e0c418fbd3a274aadc914b1190c8371006634a0f109f77bf6907dc2e4b391db,d1a1c1f81a1ae068c1c20a0336955ae12864dc26af3a0c61765dbb7b8e5cb36a,7466b9e92ac09f6a5dd82cc928ebe1ea46d0e74c59f0dd6f937918d132a94618
D-toy,toy-complete-27,201,complete toy seeded case,True,validation/stage1-20261004-0100/toy.jsonl,28,8e0c418fbd3a274aadc914b1190c8371006634a0f109f77bf6907dc2e4b391db,dcc5e761bc2f6fe5d953ec14c5f7684101799a55bcffa0c964d5ed8892d6bd8f,7466b9e92ac09f6a5dd82cc928ebe1ea46d0e74c59f0dd6f937918d132a94618
D-toy,toy-complete-28,201,complete toy seeded case,True,validation/stage1-20261004-0100/toy.jsonl,29,8e0c418fbd3a274aadc914b1190c8371006634a0f109f77bf6907dc2e4b391db,8951930b6327c2bdd4404ab1d959aad789c17be94de46a31f1e2b159f1227ede,7466b9e92ac09f6a5dd82cc928ebe1ea46d0e74c59f0dd6f937918d132a94618
D-toy,toy-complete-29,201,complete toy seeded case,True,validation/stage1-20261004-0100/toy.jsonl,30,8e0c418fbd3a274aadc914b1190c8371006634a0f109f77bf6907dc2e4b391db,19b6c5528b6555f697d5ee7865777a28b3d2ad64593557e472dedf2aada0f2d8,7466b9e92ac09f6a5dd82cc928ebe1ea46d0e74c59f0dd6f937918d132a94618
D-toy,toy-complete-30,201,complete toy seeded case,True,validation/stage1-20261004-0100/toy.jsonl,31,8e0c418fbd3a274aadc914b1190c8371006634a0f109f77bf6907dc2e4b391db,f68e4c5175e30a9c554e288f0b387302b8e7e96b4ef3e521ca0eb17619c84f43,7466b9e92ac09f6a5dd82cc928ebe1ea46d0e74c59f0dd6f937918d132a94618
D-toy,toy-complete-31,201,complete toy seeded case,True,validation/stage1-20261004-0100/toy.jsonl,32,8e0c418fbd3a274aadc914b1190c8371006634a0f109f77bf6907dc2e4b391db,391f47a9c37518b4b1af0d20a08075eaf29b0da6e6c9646c8bdd5150fd4088db,7466b9e92ac09f6a5dd82cc928ebe1ea46d0e74c59f0dd6f937918d132a94618
D-toy,toy-complete-32,201,complete toy seeded case,True,validation/stage1-20261004-0100/toy.jsonl,33,8e0c418fbd3a274aadc914b1190c8371006634a0f109f77bf6907dc2e4b391db,60c4158cb815ed5ee7b65f6d659bd0fa94679638abaa81f479bb885e94607137,7466b9e92ac09f6a5dd82cc928ebe1ea46d0e74c59f0dd6f937918d132a94618
D-toy,toy-complete-33,201,complete toy seeded case,True,validation/stage1-20261004-0100/toy.jsonl,34,8e0c418fbd3a274aadc914b1190c8371006634a0f109f77bf6907dc2e4b391db,45430f86b33565c0f1e7265053c65c876cf414cd9582d9db55cafe60cc54a628,7466b9e92ac09f6a5dd82cc928ebe1ea46d0e74c59f0dd6f937918d132a94618
D-toy,toy-complete-34,201,complete toy seeded case,True,validation/stage1-20261004-0100/toy.jsonl,35,8e0c418fbd3a274aadc914b1190c8371006634a0f109f77bf6907dc2e4b391db,374ff3d3e52f466399bffd004ba8dfdb7a7cfbe707214a553badb375a529b0ff,7466b9e92ac09f6a5dd82cc928ebe1ea46d0e74c59f0dd6f937918d132a94618
D-toy,toy-complete-35,201,complete toy seeded case,True,validation/stage1-20261004-0100/toy.jsonl,36,8e0c418fbd3a274aadc914b1190c8371006634a0f109f77bf6907dc2e4b391db,991383ac3338ed358e2e25eea72bc1e72422c4ece09274da7fe4d0635519c203,7466b9e92ac09f6a5dd82cc928ebe1ea46d0e74c59f0dd6f937918d132a94618
D-toy,toy-complete-36,201,complete toy seeded case,True,validation/stage1-20261004-0100/toy.jsonl,37,8e0c418fbd3a274aadc914b1190c8371006634a0f109f77bf6907dc2e4b391db,aabe1451163cd6573834929204af618a21e57705fde413c6d69d9c1c907b3b9c,7466b9e92ac09f6a5dd82cc928ebe1ea46d0e74c59f0dd6f937918d132a94618
D-toy,toy-complete-37,201,complete toy seeded case,True,validation/stage1-20261004-0100/toy.jsonl,38,8e0c418fbd3a274aadc914b1190c8371006634a0f109f77bf6907dc2e4b391db,899b407e314e7401f81aa569beedc5f796a9686ce9047d11cd87564fda16e5f4,7466b9e92ac09f6a5dd82cc928ebe1ea46d0e74c59f0dd6f937918d132a94618
D-toy,toy-complete-38,201,complete toy seeded case,True,validation/stage1-20261004-0100/toy.jsonl,39,8e0c418fbd3a274aadc914b1190c8371006634a0f109f77bf6907dc2e4b391db,d561d570d3e52460d44f8450f54309c86c31f4a33870d94a080473faae533936,7466b9e92ac09f6a5dd82cc928ebe1ea46d0e74c59f0dd6f937918d132a94618
D-toy,toy-complete-39,201,complete toy seeded case,True,validation/stage1-20261004-0100/toy.jsonl,40,8e0c418fbd3a274aadc914b1190c8371006634a0f109f77bf6907dc2e4b391db,583a826d8e8e4278d4f7a7d7bb5eb7cf36de8dd6e300144fcdd0a7578f50e4c7,7466b9e92ac09f6a5dd82cc928ebe1ea46d0e74c59f0dd6f937918d132a94618
D-toy,toy-complete-40,201,complete toy seeded case,True,validation/stage1-20261004-0100/toy.jsonl,41,8e0c418fbd3a274aadc914b1190c8371006634a0f109f77bf6907dc2e4b391db,d32ddc6ef9cd40a9daee6624209609fdea733b74a929a3d1c3358a485bf536ed,7466b9e92ac09f6a5dd82cc928ebe1ea46d0e74c59f0dd6f937918d132a94618
D-toy,toy-complete-41,201,complete toy seeded case,True,validation/stage1-20261004-0100/toy.jsonl,42,8e0c418fbd3a274aadc914b1190c8371006634a0f109f77bf6907dc2e4b391db,9c6729c18fd21528ad761f4ba53a40ddfb585cb111c450569a4e7e6dc23377af,7466b9e92ac09f6a5dd82cc928ebe1ea46d0e74c59f0dd6f937918d132a94618
D-toy,toy-complete-42,201,complete toy seeded case,True,validation/stage1-20261004-0100/toy.jsonl,43,8e0c418fbd3a274aadc914b1190c8371006634a0f109f77bf6907dc2e4b391db,4a9a4c3ddad3215f6df841aa27246409d0d886e68f3f3d2ccdddd53815d48943,7466b9e92ac09f6a5dd82cc928ebe1ea46d0e74c59f0dd6f937918d132a94618
D-toy,toy-complete-43,201,complete toy seeded case,True,validation/stage1-20261004-0100/toy.jsonl,44,8e0c418fbd3a274aadc914b1190c8371006634a0f109f77bf6907dc2e4b391db,42918e6481623edec91058302e958af5dc43907d1b42d66609f07d51f1c9842e,7466b9e92ac09f6a5dd82cc928ebe1ea46d0e74c59f0dd6f937918d132a94618
D-toy,toy-complete-44,201,complete toy seeded case,True,validation/stage1-20261004-0100/toy.jsonl,45,8e0c418fbd3a274aadc914b1190c8371006634a0f109f77bf6907dc2e4b391db,8da0908d9086f02a7106a771a4a146c0e843cba560e840d148e73932af357a8c,7466b9e92ac09f6a5dd82cc928ebe1ea46d0e74c59f0dd6f937918d132a94618
D-toy,toy-complete-45,201,complete toy seeded case,True,validation/stage1-20261004-0100/toy.jsonl,46,8e0c418fbd3a274aadc914b1190c8371006634a0f109f77bf6907dc2e4b391db,ec44a98b3e0777630c49ed6528dba770464794a8bce753d4b69712941edeaaa4,7466b9e92ac09f6a5dd82cc928ebe1ea46d0e74c59f0dd6f937918d132a94618
D-toy,toy-complete-46,201,complete toy seeded case,True,validation/stage1-20261004-0100/toy.jsonl,47,8e0c418fbd3a274aadc914b1190c8371006634a0f109f77bf6907dc2e4b391db,48dd12ac9a113fc2f4573af05549f69d570443d9265027d516b7b10c32cab031,7466b9e92ac09f6a5dd82cc928ebe1ea46d0e74c59f0dd6f937918d132a94618
D-toy,toy-complete-47,201,complete toy seeded case,True,validation/stage1-20261004-0100/toy.jsonl,48,8e0c418fbd3a274aadc914b1190c8371006634a0f109f77bf6907dc2e4b391db,3bcb10a29ff0976948073f9041ba25882b0c584686429b2b8f3ac53f61aeb107,7466b9e92ac09f6a5dd82cc928ebe1ea46d0e74c59f0dd6f937918d132a94618
D-toy,toy-complete-48,201,complete toy seeded case,True,validation/stage1-20261004-0100/toy.jsonl,49,8e0c418fbd3a274aadc914b1190c8371006634a0f109f77bf6907dc2e4b391db,9c4a21460f85c36a5543a3b5a528d73f62d2ded647a645c448790c42830f1f2f,7466b9e92ac09f6a5dd82cc928ebe1ea46d0e74c59f0dd6f937918d132a94618
D-toy,toy-complete-49,201,complete toy seeded case,True,validation/stage1-20261004-0100/toy.jsonl,50,8e0c418fbd3a274aadc914b1190c8371006634a0f109f77bf6907dc2e4b391db,c17ded1b853f5d13b111b0d226c4d9785e610328df5c2f7e3e33e5dc34b1d7bf,7466b9e92ac09f6a5dd82cc928ebe1ea46d0e74c59f0dd6f937918d132a94618
D-toy,toy-complete-50,201,complete toy seeded case,True,validation/stage1-20261004-0100/toy.jsonl,51,8e0c418fbd3a274aadc914b1190c8371006634a0f109f77bf6907dc2e4b391db,294c87cb858e82fc9c53f9acf0f85111e6022ff0514507e885a0b7a077615f6f,7466b9e92ac09f6a5dd82cc928ebe1ea46d0e74c59f0dd6f937918d132a94618
D-toy,toy-complete-51,201,complete toy seeded case,True,validation/stage1-20261004-0100/toy.jsonl,52,8e0c418fbd3a274aadc914b1190c8371006634a0f109f77bf6907dc2e4b391db,d2c7e8edffe4f181d0e7cb60981f11573dfa168c2e4f5108dafe27529d6027e2,7466b9e92ac09f6a5dd82cc928ebe1ea46d0e74c59f0dd6f937918d132a94618
D-toy,toy-complete-52,201,complete toy seeded case,True,validation/stage1-20261004-0100/toy.jsonl,53,8e0c418fbd3a274aadc914b1190c8371006634a0f109f77bf6907dc2e4b391db,22a10e0f4de6c188c8c402be7aa9262962f75446b824135574679a8d0b7d42bc,7466b9e92ac09f6a5dd82cc928ebe1ea46d0e74c59f0dd6f937918d132a94618
D-toy,toy-complete-53,201,complete toy seeded case,True,validation/stage1-20261004-0100/toy.jsonl,54,8e0c418fbd3a274aadc914b1190c8371006634a0f109f77bf6907dc2e4b391db,0720b2af461131a1f73fecee014b1df09696264a766c235b9bcd1fc9aef73233,7466b9e92ac09f6a5dd82cc928ebe1ea46d0e74c59f0dd6f937918d132a94618
D-toy,toy-complete-54,201,complete toy seeded case,True,validation/stage1-20261004-0100/toy.jsonl,55,8e0c418fbd3a274aadc914b1190c8371006634a0f109f77bf6907dc2e4b391db,c2e68ab3714ca573a7e6fec06abb46e9ed6f691934d025f9772a94a69a838b0a,7466b9e92ac09f6a5dd82cc928ebe1ea46d0e74c59f0dd6f937918d132a94618
D-toy,toy-complete-55,201,complete toy seeded case,True,validation/stage1-20261004-0100/toy.jsonl,56,8e0c418fbd3a274aadc914b1190c8371006634a0f109f77bf6907dc2e4b391db,6eb33066864dd24d7690f3a29f78fe8db5ad1891e01fda954cd8b5a62ac73067,7466b9e92ac09f6a5dd82cc928ebe1ea46d0e74c59f0dd6f937918d132a94618
D-toy,toy-complete-56,201,complete toy seeded case,True,validation/stage1-20261004-0100/toy.jsonl,57,8e0c418fbd3a274aadc914b1190c8371006634a0f109f77bf6907dc2e4b391db,1af8672bd20682e09c546c2a49c9f0a834d8b77bee19325cf147ef135963ff00,7466b9e92ac09f6a5dd82cc928ebe1ea46d0e74c59f0dd6f937918d132a94618
D-toy,toy-complete-57,201,complete toy seeded case,True,validation/stage1-20261004-0100/toy.jsonl,58,8e0c418fbd3a274aadc914b1190c8371006634a0f109f77bf6907dc2e4b391db,f85a8cdad57a739b5b19947e85b197a70bb1b2669731ef3d9eb9e0858928bcd0,7466b9e92ac09f6a5dd82cc928ebe1ea46d0e74c59f0dd6f937918d132a94618
D-toy,toy-complete-58,201,complete toy seeded case,True,validation/stage1-20261004-0100/toy.jsonl,59,8e0c418fbd3a274aadc914b1190c8371006634a0f109f77bf6907dc2e4b391db,994de0bccc7b63c7bad8347da0a3ec63a2a8b769bc5591823a68dfec81e68030,7466b9e92ac09f6a5dd82cc928ebe1ea46d0e74c59f0dd6f937918d132a94618
D-toy,toy-complete-59,201,complete toy seeded case,True,validation/stage1-20261004-0100/toy.jsonl,60,8e0c418fbd3a274aadc914b1190c8371006634a0f109f77bf6907dc2e4b391db,6b36f01c173cc165c0665b8d97cbf3d9ba4eb0751e0da2e536980dd1f923778a,7466b9e92ac09f6a5dd82cc928ebe1ea46d0e74c59f0dd6f937918d132a94618
D-toy,toy-complete-60,201,complete toy seeded case,True,validation/stage1-20261004-0100/toy.jsonl,61,8e0c418fbd3a274aadc914b1190c8371006634a0f109f77bf6907dc2e4b391db,6b879769ff70efdcb54e0b4572dd1fb104e531c135a6751bb8b694a55e165e58,7466b9e92ac09f6a5dd82cc928ebe1ea46d0e74c59f0dd6f937918d132a94618
D-toy,toy-complete-61,201,complete toy seeded case,True,validation/stage1-20261004-0100/toy.jsonl,62,8e0c418fbd3a274aadc914b1190c8371006634a0f109f77bf6907dc2e4b391db,00669f86dd2d515c0af26f3567c13a44ed9f68dcb09491c0cb0de44b2f30c705,7466b9e92ac09f6a5dd82cc928ebe1ea46d0e74c59f0dd6f937918d132a94618
D-toy,toy-complete-62,201,complete toy seeded case,True,validation/stage1-20261004-0100/toy.jsonl,63,8e0c418fbd3a274aadc914b1190c8371006634a0f109f77bf6907dc2e4b391db,78587809f50d1af6d4c5b9a55e07575c856cd521a3151fa7e171a3947c6e0df1,7466b9e92ac09f6a5dd82cc928ebe1ea46d0e74c59f0dd6f937918d132a94618
D-toy,toy-complete-63,201,complete toy seeded case,True,validation/stage1-20261004-0100/toy.jsonl,64,8e0c418fbd3a274aadc914b1190c8371006634a0f109f77bf6907dc2e4b391db,e23ff2edb78b9ad04e5fbbcbff099fbb9c70d15ec02e850c88ee9df684feb16a,7466b9e92ac09f6a5dd82cc928ebe1ea46d0e74c59f0dd6f937918d132a94618
D-toy,toy-complete-64,201,complete toy seeded case,True,validation/stage1-20261004-0100/toy.jsonl,65,8e0c418fbd3a274aadc914b1190c8371006634a0f109f77bf6907dc2e4b391db,ccbe5c5d8b12fe3aad72cd8ed3a5ba1dc8e77f7f4f953b133b7c014a61da4287,7466b9e92ac09f6a5dd82cc928ebe1ea46d0e74c59f0dd6f937918d132a94618
D-toy,toy-complete-65,201,complete toy seeded case,True,validation/stage1-20261004-0100/toy.jsonl,66,8e0c418fbd3a274aadc914b1190c8371006634a0f109f77bf6907dc2e4b391db,d34db91f99557e357c4510704cd30c96b68945d07ea57f563ee1829606d3f4bc,7466b9e92ac09f6a5dd82cc928ebe1ea46d0e74c59f0dd6f937918d132a94618
D-toy,toy-complete-66,201,complete toy seeded case,True,validation/stage1-20261004-0100/toy.jsonl,67,8e0c418fbd3a274aadc914b1190c8371006634a0f109f77bf6907dc2e4b391db,fe99bc761815362e0ced91bb7a685b29e7508c7f6a583d015891e11a1597abe8,7466b9e92ac09f6a5dd82cc928ebe1ea46d0e74c59f0dd6f937918d132a94618
D-toy,toy-complete-67,201,complete toy seeded case,True,validation/stage1-20261004-0100/toy.jsonl,68,8e0c418fbd3a274aadc914b1190c8371006634a0f109f77bf6907dc2e4b391db,60d3099b524c158973f0e430751ddee9b17e5a0cb8096616df1d3deaee831129,7466b9e92ac09f6a5dd82cc928ebe1ea46d0e74c59f0dd6f937918d132a94618
D-toy,toy-complete-68,201,complete toy seeded case,True,validation/stage1-20261004-0100/toy.jsonl,69,8e0c418fbd3a274aadc914b1190c8371006634a0f109f77bf6907dc2e4b391db,d8cbc0fec7a310bdc85944cf2c26ee982443f68a33d9128109d0b2db6d658155,7466b9e92ac09f6a5dd82cc928ebe1ea46d0e74c59f0dd6f937918d132a94618
D-toy,toy-complete-69,201,complete toy seeded case,True,validation/stage1-20261004-0100/toy.jsonl,70,8e0c418fbd3a274aadc914b1190c8371006634a0f109f77bf6907dc2e4b391db,57033a00bb26fd1df43519dab6b56fc3666af14f25ce8aae50ba6bde05b63a3e,7466b9e92ac09f6a5dd82cc928ebe1ea46d0e74c59f0dd6f937918d132a94618
D-toy,toy-complete-70,201,complete toy seeded case,True,validation/stage1-20261004-0100/toy.jsonl,71,8e0c418fbd3a274aadc914b1190c8371006634a0f109f77bf6907dc2e4b391db,7966183737fc7015a65027313ee8292ef4ab40a71fb0d20d1a8d89ec3938ba08,7466b9e92ac09f6a5dd82cc928ebe1ea46d0e74c59f0dd6f937918d132a94618
D-toy,toy-complete-71,201,complete toy seeded case,True,validation/stage1-20261004-0100/toy.jsonl,72,8e0c418fbd3a274aadc914b1190c8371006634a0f109f77bf6907dc2e4b391db,802f1fc03c4a0521e65fd58c81de2169eee9d9411122e74d4e4145346631c842,7466b9e92ac09f6a5dd82cc928ebe1ea46d0e74c59f0dd6f937918d132a94618
D-toy,toy-complete-72,201,complete toy seeded case,True,validation/stage1-20261004-0100/toy.jsonl,73,8e0c418fbd3a274aadc914b1190c8371006634a0f109f77bf6907dc2e4b391db,1b94b83ed7e793ab9334d766731bdc1b26c4a202edcaba398bed4768af7aca57,7466b9e92ac09f6a5dd82cc928ebe1ea46d0e74c59f0dd6f937918d132a94618
D-toy,toy-complete-73,201,complete toy seeded case,True,validation/stage1-20261004-0100/toy.jsonl,74,8e0c418fbd3a274aadc914b1190c8371006634a0f109f77bf6907dc2e4b391db,5a7b538caffa83fe9c537acf954d8bdf9db7fa53ac8a2163ceff9e8ec7526125,7466b9e92ac09f6a5dd82cc928ebe1ea46d0e74c59f0dd6f937918d132a94618
D-toy,toy-complete-74,201,complete toy seeded case,True,validation/stage1-20261004-0100/toy.jsonl,75,8e0c418fbd3a274aadc914b1190c8371006634a0f109f77bf6907dc2e4b391db,97acf3b2a56252d62abd4e560fca44066d79c54f87501a67589e63cc7a3d0b6d,7466b9e92ac09f6a5dd82cc928ebe1ea46d0e74c59f0dd6f937918d132a94618
D-toy,toy-complete-75,201,complete toy seeded case,True,validation/stage1-20261004-0100/toy.jsonl,76,8e0c418fbd3a274aadc914b1190c8371006634a0f109f77bf6907dc2e4b391db,55bcd3f460555ff6bd8b46405caae0bc169c178a6528d13a3df8dca2664a49ac,7466b9e92ac09f6a5dd82cc928ebe1ea46d0e74c59f0dd6f937918d132a94618
D-toy,toy-complete-76,201,complete toy seeded case,True,validation/stage1-20261004-0100/toy.jsonl,77,8e0c418fbd3a274aadc914b1190c8371006634a0f109f77bf6907dc2e4b391db,6b46ef27a2347623f788e44752d98b2d39f8419f8f17230cac9fb8fa7d044825,7466b9e92ac09f6a5dd82cc928ebe1ea46d0e74c59f0dd6f937918d132a94618
D-toy,toy-complete-77,201,complete toy seeded case,True,validation/stage1-20261004-0100/toy.jsonl,78,8e0c418fbd3a274aadc914b1190c8371006634a0f109f77bf6907dc2e4b391db,362908c4db40809dceb688c2f74415ee9b83bbae0e375b6f1e3afafb4f622a2e,7466b9e92ac09f6a5dd82cc928ebe1ea46d0e74c59f0dd6f937918d132a94618
D-toy,toy-complete-78,201,complete toy seeded case,True,validation/stage1-20261004-0100/toy.jsonl,79,8e0c418fbd3a274aadc914b1190c8371006634a0f109f77bf6907dc2e4b391db,87cbf511fe4ece71cd62d02a216272787c9b93272657e45d51aad94e965deb0c,7466b9e92ac09f6a5dd82cc928ebe1ea46d0e74c59f0dd6f937918d132a94618
D-toy,toy-complete-79,201,complete toy seeded case,True,validation/stage1-20261004-0100/toy.jsonl,80,8e0c418fbd3a274aadc914b1190c8371006634a0f109f77bf6907dc2e4b391db,0605e311a0364a1fb4cb4b60a0e51f271cd30ae8dde2fccab4e09ba8cc2bb0d7,7466b9e92ac09f6a5dd82cc928ebe1ea46d0e74c59f0dd6f937918d132a94618
D-toy,toy-complete-80,201,complete toy seeded case,True,validation/stage1-20261004-0100/toy.jsonl,81,8e0c418fbd3a274aadc914b1190c8371006634a0f109f77bf6907dc2e4b391db,7355af5ba3e85e7a794fc545e03cc51c493f997443233a407b7be7f3ad9432e3,7466b9e92ac09f6a5dd82cc928ebe1ea46d0e74c59f0dd6f937918d132a94618
D-toy,toy-complete-81,201,complete toy seeded case,True,validation/stage1-20261004-0100/toy.jsonl,82,8e0c418fbd3a274aadc914b1190c8371006634a0f109f77bf6907dc2e4b391db,3331cb7730f3331aed3d77ccea09e31cf43fa7fa51977aba9e7fffa0e83bae54,7466b9e92ac09f6a5dd82cc928ebe1ea46d0e74c59f0dd6f937918d132a94618
D-toy,toy-complete-82,201,complete toy seeded case,True,validation/stage1-20261004-0100/toy.jsonl,83,8e0c418fbd3a274aadc914b1190c8371006634a0f109f77bf6907dc2e4b391db,5c340d1f8319b1f6c9dece07766d74b28d3c899e83e329eb896cd4d4bbfdca5c,7466b9e92ac09f6a5dd82cc928ebe1ea46d0e74c59f0dd6f937918d132a94618
D-toy,toy-complete-83,201,complete toy seeded case,True,validation/stage1-20261004-0100/toy.jsonl,84,8e0c418fbd3a274aadc914b1190c8371006634a0f109f77bf6907dc2e4b391db,24845ce6f7dc8dafb123a5117199044c667c9fb5c8fd2c5075c66a92b8834411,7466b9e92ac09f6a5dd82cc928ebe1ea46d0e74c59f0dd6f937918d132a94618
D-toy,toy-complete-84,201,complete toy seeded case,True,validation/stage1-20261004-0100/toy.jsonl,85,8e0c418fbd3a274aadc914b1190c8371006634a0f109f77bf6907dc2e4b391db,a49280d6cbb66bcd35d212e452f02daa875a90fa9e67842c768ef7182270c0c8,7466b9e92ac09f6a5dd82cc928ebe1ea46d0e74c59f0dd6f937918d132a94618
D-toy,toy-complete-85,201,complete toy seeded case,True,validation/stage1-20261004-0100/toy.jsonl,86,8e0c418fbd3a274aadc914b1190c8371006634a0f109f77bf6907dc2e4b391db,6f9e6ce4ef8481b5f153ac2d788dbe74467e6303696d4b9c9b3f24a2029a356e,7466b9e92ac09f6a5dd82cc928ebe1ea46d0e74c59f0dd6f937918d132a94618
D-toy,toy-complete-86,201,complete toy seeded case,True,validation/stage1-20261004-0100/toy.jsonl,87,8e0c418fbd3a274aadc914b1190c8371006634a0f109f77bf6907dc2e4b391db,29df3511f35d91d6aef3091b2dda66fc0311d09a895d2ebb8c7490c57ea1fdb4,7466b9e92ac09f6a5dd82cc928ebe1ea46d0e74c59f0dd6f937918d132a94618
D-toy,toy-complete-87,201,complete toy seeded case,True,validation/stage1-20261004-0100/toy.jsonl,88,8e0c418fbd3a274aadc914b1190c8371006634a0f109f77bf6907dc2e4b391db,068541fb3a69df50f2f3b31bb320646ec5c6a6fcee15ac55478dd7a8351ed7d8,7466b9e92ac09f6a5dd82cc928ebe1ea46d0e74c59f0dd6f937918d132a94618
D-toy,toy-complete-88,201,complete toy seeded case,True,validation/stage1-20261004-0100/toy.jsonl,89,8e0c418fbd3a274aadc914b1190c8371006634a0f109f77bf6907dc2e4b391db,fee39b01fb4334f88945d0c3d9344fd1b931bc32baaba8ffc9734d81d1b3bc63,7466b9e92ac09f6a5dd82cc928ebe1ea46d0e74c59f0dd6f937918d132a94618
D-toy,toy-complete-89,201,complete toy seeded case,True,validation/stage1-20261004-0100/toy.jsonl,90,8e0c418fbd3a274aadc914b1190c8371006634a0f109f77bf6907dc2e4b391db,4b0c3c153453d7533009a3a0d7bb31696bc6dcd6df973fb9d525a4b92b775d45,7466b9e92ac09f6a5dd82cc928ebe1ea46d0e74c59f0dd6f937918d132a94618
D-toy,toy-complete-90,201,complete toy seeded case,True,validation/stage1-20261004-0100/toy.jsonl,91,8e0c418fbd3a274aadc914b1190c8371006634a0f109f77bf6907dc2e4b391db,7b02dffedca3bc210f26f72b69080b50a57972f06048d10a237ff4594f17500e,7466b9e92ac09f6a5dd82cc928ebe1ea46d0e74c59f0dd6f937918d132a94618
D-toy,toy-complete-91,201,complete toy seeded case,True,validation/stage1-20261004-0100/toy.jsonl,92,8e0c418fbd3a274aadc914b1190c8371006634a0f109f77bf6907dc2e4b391db,c5f7b36644aab525a983bd845006d3919632cf256890d13b7d8f9f28cfe7c5d7,7466b9e92ac09f6a5dd82cc928ebe1ea46d0e74c59f0dd6f937918d132a94618
D-toy,toy-complete-92,201,complete toy seeded case,True,validation/stage1-20261004-0100/toy.jsonl,93,8e0c418fbd3a274aadc914b1190c8371006634a0f109f77bf6907dc2e4b391db,747b19009b0e95ffaaf5f6930efe6cca9820c216fcd8e4a774e70fc9f0f7ebfd,7466b9e92ac09f6a5dd82cc928ebe1ea46d0e74c59f0dd6f937918d132a94618
D-toy,toy-complete-93,201,complete toy seeded case,True,validation/stage1-20261004-0100/toy.jsonl,94,8e0c418fbd3a274aadc914b1190c8371006634a0f109f77bf6907dc2e4b391db,4946be9be29845b40830f0bcfe6a1c599507a7fd76e3f9900cbf70df18c63c3b,7466b9e92ac09f6a5dd82cc928ebe1ea46d0e74c59f0dd6f937918d132a94618
D-toy,toy-complete-94,201,complete toy seeded case,True,validation/stage1-20261004-0100/toy.jsonl,95,8e0c418fbd3a274aadc914b1190c8371006634a0f109f77bf6907dc2e4b391db,8a63de0a7a1ed8a2fa48190cfee9d1c0e31c11daaf0aa55be4a6efbc3ccde270,7466b9e92ac09f6a5dd82cc928ebe1ea46d0e74c59f0dd6f937918d132a94618
D-toy,toy-complete-95,201,complete toy seeded case,True,validation/stage1-20261004-0100/toy.jsonl,96,8e0c418fbd3a274aadc914b1190c8371006634a0f109f77bf6907dc2e4b391db,83cf3eb68073038b8108d935ae3fd505409ed8523c92b991ae6ca324d30ef94c,7466b9e92ac09f6a5dd82cc928ebe1ea46d0e74c59f0dd6f937918d132a94618
D-toy,toy-complete-96,201,complete toy seeded case,True,validation/stage1-20261004-0100/toy.jsonl,97,8e0c418fbd3a274aadc914b1190c8371006634a0f109f77bf6907dc2e4b391db,f8b11ddb2dd0d24e4beb3799d7ebd76c4dec948a546f3149859900d7b41b0436,7466b9e92ac09f6a5dd82cc928ebe1ea46d0e74c59f0dd6f937918d132a94618
D-toy,toy-complete-97,201,complete toy seeded case,True,validation/stage1-20261004-0100/toy.jsonl,98,8e0c418fbd3a274aadc914b1190c8371006634a0f109f77bf6907dc2e4b391db,01c451bfd14303f7c55b0ad2b5f8c7b7eaf5ce566cdba0ab10e59d1d8bae05e0,7466b9e92ac09f6a5dd82cc928ebe1ea46d0e74c59f0dd6f937918d132a94618
D-toy,toy-complete-98,201,complete toy seeded case,True,validation/stage1-20261004-0100/toy.jsonl,99,8e0c418fbd3a274aadc914b1190c8371006634a0f109f77bf6907dc2e4b391db,ba18f60b7fb6ce623076b18a29cf20782a0bd05688192752ccbcd85395cdbd6f,7466b9e92ac09f6a5dd82cc928ebe1ea46d0e74c59f0dd6f937918d132a94618
D-toy,toy-complete-99,201,complete toy seeded case,True,validation/stage1-20261004-0100/toy.jsonl,100,8e0c418fbd3a274aadc914b1190c8371006634a0f109f77bf6907dc2e4b391db,418e157a833fcf4316927adbc0fa32965cb40aec727b078a5de847d969921662,7466b9e92ac09f6a5dd82cc928ebe1ea46d0e74c59f0dd6f937918d132a94618
D-toy,toy-complete-100,201,complete toy seeded case,True,validation/stage1-20261004-0100/toy.jsonl,101,8e0c418fbd3a274aadc914b1190c8371006634a0f109f77bf6907dc2e4b391db,c2385ccab2af02d3eaacb19530df21355fe48869d0b10755e5439f2816584593,7466b9e92ac09f6a5dd82cc928ebe1ea46d0e74c59f0dd6f937918d132a94618
D-toy,toy-complete-101,201,complete toy seeded case,True,validation/stage1-20261004-0100/toy.jsonl,102,8e0c418fbd3a274aadc914b1190c8371006634a0f109f77bf6907dc2e4b391db,fcef881a79f481fa97776a35c2c84990f7e3a3d1e4c9221bf6b77429cff8812c,7466b9e92ac09f6a5dd82cc928ebe1ea46d0e74c59f0dd6f937918d132a94618
D-toy,toy-complete-102,201,complete toy seeded case,True,validation/stage1-20261004-0100/toy.jsonl,103,8e0c418fbd3a274aadc914b1190c8371006634a0f109f77bf6907dc2e4b391db,2653713d33971ca8d104edd996d8f3d75b96a8540e8fe67145a7d3aec30f85c9,7466b9e92ac09f6a5dd82cc928ebe1ea46d0e74c59f0dd6f937918d132a94618
D-toy,toy-complete-103,201,complete toy seeded case,True,validation/stage1-20261004-0100/toy.jsonl,104,8e0c418fbd3a274aadc914b1190c8371006634a0f109f77bf6907dc2e4b391db,80c555b7eeefe6d0c4f3edb4fd06559043d2bb10e01abe1b9ab267678f6b00fa,7466b9e92ac09f6a5dd82cc928ebe1ea46d0e74c59f0dd6f937918d132a94618
D-toy,toy-complete-104,201,complete toy seeded case,True,validation/stage1-20261004-0100/toy.jsonl,105,8e0c418fbd3a274aadc914b1190c8371006634a0f109f77bf6907dc2e4b391db,49f3610962fbd08d44731a8f7bee46caaeb7093ca6d922888c0ec93fda7c6d90,7466b9e92ac09f6a5dd82cc928ebe1ea46d0e74c59f0dd6f937918d132a94618
D-toy,toy-complete-105,201,complete toy seeded case,True,validation/stage1-20261004-0100/toy.jsonl,106,8e0c418fbd3a274aadc914b1190c8371006634a0f109f77bf6907dc2e4b391db,4d15a7d4be70d9131a7d5f47287bf6c23e169ec49395aeef0b8043e58eb34759,7466b9e92ac09f6a5dd82cc928ebe1ea46d0e74c59f0dd6f937918d132a94618
D-toy,toy-complete-106,201,complete toy seeded case,True,validation/stage1-20261004-0100/toy.jsonl,107,8e0c418fbd3a274aadc914b1190c8371006634a0f109f77bf6907dc2e4b391db,4cffa94835afac1eaeecf469f2452ed472283fccd11352f7029abc383f5e1637,7466b9e92ac09f6a5dd82cc928ebe1ea46d0e74c59f0dd6f937918d132a94618
D-toy,toy-complete-107,201,complete toy seeded case,True,validation/stage1-20261004-0100/toy.jsonl,108,8e0c418fbd3a274aadc914b1190c8371006634a0f109f77bf6907dc2e4b391db,0d801e01995f42f517b2e8529dc3777f9d7b4c8c74efe2e5fc5ff584dca2ed8f,7466b9e92ac09f6a5dd82cc928ebe1ea46d0e74c59f0dd6f937918d132a94618
D-toy,toy-complete-108,201,complete toy seeded case,True,validation/stage1-20261004-0100/toy.jsonl,109,8e0c418fbd3a274aadc914b1190c8371006634a0f109f77bf6907dc2e4b391db,668fd82ce276dc9428aa1188578d830d4c95e7f01a457c5a52abdf9ce1f40a8e,7466b9e92ac09f6a5dd82cc928ebe1ea46d0e74c59f0dd6f937918d132a94618
D-toy,toy-complete-109,201,complete toy seeded case,True,validation/stage1-20261004-0100/toy.jsonl,110,8e0c418fbd3a274aadc914b1190c8371006634a0f109f77bf6907dc2e4b391db,8a9ac6499fc88c33b928fdbef91519664605f640fa461c2a2b0977742f7289d7,7466b9e92ac09f6a5dd82cc928ebe1ea46d0e74c59f0dd6f937918d132a94618
D-toy,toy-complete-110,201,complete toy seeded case,True,validation/stage1-20261004-0100/toy.jsonl,111,8e0c418fbd3a274aadc914b1190c8371006634a0f109f77bf6907dc2e4b391db,15dc03efba69c67c139944f324606f3112e637469e9aba8fd521a8c125e88ec1,7466b9e92ac09f6a5dd82cc928ebe1ea46d0e74c59f0dd6f937918d132a94618
D-toy,toy-complete-111,201,complete toy seeded case,True,validation/stage1-20261004-0100/toy.jsonl,112,8e0c418fbd3a274aadc914b1190c8371006634a0f109f77bf6907dc2e4b391db,9ee40173a338b80a1b871fc6f8079eda004c32b70cfdc97930051bbe34dd18b1,7466b9e92ac09f6a5dd82cc928ebe1ea46d0e74c59f0dd6f937918d132a94618
D-toy,toy-complete-112,201,complete toy seeded case,True,validation/stage1-20261004-0100/toy.jsonl,113,8e0c418fbd3a274aadc914b1190c8371006634a0f109f77bf6907dc2e4b391db,cf0b6dd0458e13c39f45deaaf7a15ab3aa905ad840671f4fcc1147701d4cf815,7466b9e92ac09f6a5dd82cc928ebe1ea46d0e74c59f0dd6f937918d132a94618
D-toy,toy-complete-113,201,complete toy seeded case,True,validation/stage1-20261004-0100/toy.jsonl,114,8e0c418fbd3a274aadc914b1190c8371006634a0f109f77bf6907dc2e4b391db,68039dc8a186c047b62f6314760c502ba17eb109b23f8f5ff553e9642988bfd7,7466b9e92ac09f6a5dd82cc928ebe1ea46d0e74c59f0dd6f937918d132a94618
D-toy,toy-complete-114,201,complete toy seeded case,True,validation/stage1-20261004-0100/toy.jsonl,115,8e0c418fbd3a274aadc914b1190c8371006634a0f109f77bf6907dc2e4b391db,c95d396dc135215c365dec04868967f71aea87cabca5f83cf683444763d38868,7466b9e92ac09f6a5dd82cc928ebe1ea46d0e74c59f0dd6f937918d132a94618
D-toy,toy-complete-115,201,complete toy seeded case,True,validation/stage1-20261004-0100/toy.jsonl,116,8e0c418fbd3a274aadc914b1190c8371006634a0f109f77bf6907dc2e4b391db,9ac5d5bd7298acf038d322838ec699e511568a6a9692dad2eaff82daec5eaca8,7466b9e92ac09f6a5dd82cc928ebe1ea46d0e74c59f0dd6f937918d132a94618
D-toy,toy-complete-116,201,complete toy seeded case,True,validation/stage1-20261004-0100/toy.jsonl,117,8e0c418fbd3a274aadc914b1190c8371006634a0f109f77bf6907dc2e4b391db,f009560a8ab21993e7f5cd85941e4a198512be724492db4cc5717d715ce895ee,7466b9e92ac09f6a5dd82cc928ebe1ea46d0e74c59f0dd6f937918d132a94618
D-toy,toy-complete-117,201,complete toy seeded case,True,validation/stage1-20261004-0100/toy.jsonl,118,8e0c418fbd3a274aadc914b1190c8371006634a0f109f77bf6907dc2e4b391db,5a3cfc8d37a6fa3007d83b30b0e2420546a2a1e226a6aea4040088a45059c7a9,7466b9e92ac09f6a5dd82cc928ebe1ea46d0e74c59f0dd6f937918d132a94618
D-toy,toy-complete-118,201,complete toy seeded case,True,validation/stage1-20261004-0100/toy.jsonl,119,8e0c418fbd3a274aadc914b1190c8371006634a0f109f77bf6907dc2e4b391db,376eacef78cd4805fa1fed0c034f27a5a5c545c158bbac3a76bfa78e2780e34f,7466b9e92ac09f6a5dd82cc928ebe1ea46d0e74c59f0dd6f937918d132a94618
D-toy,toy-complete-119,201,complete toy seeded case,True,validation/stage1-20261004-0100/toy.jsonl,120,8e0c418fbd3a274aadc914b1190c8371006634a0f109f77bf6907dc2e4b391db,4cf783932d32788edc2d8101099882285ecb6013d520f07cfb5af46f8f670354,7466b9e92ac09f6a5dd82cc928ebe1ea46d0e74c59f0dd6f937918d132a94618
D-toy,toy-complete-120,201,complete toy seeded case,True,validation/stage1-20261004-0100/toy.jsonl,121,8e0c418fbd3a274aadc914b1190c8371006634a0f109f77bf6907dc2e4b391db,0041ca7cabafd4974100930960221a630983a6d619e373890fd7db50bc656ac2,7466b9e92ac09f6a5dd82cc928ebe1ea46d0e74c59f0dd6f937918d132a94618
D-toy,toy-complete-121,201,complete toy seeded case,True,validation/stage1-20261004-0100/toy.jsonl,122,8e0c418fbd3a274aadc914b1190c8371006634a0f109f77bf6907dc2e4b391db,a2df2abb55989d0ee77a32b60e184daf5ff07bdf490689c0e3c6a1403beabcef,7466b9e92ac09f6a5dd82cc928ebe1ea46d0e74c59f0dd6f937918d132a94618
D-toy,toy-complete-122,201,complete toy seeded case,True,validation/stage1-20261004-0100/toy.jsonl,123,8e0c418fbd3a274aadc914b1190c8371006634a0f109f77bf6907dc2e4b391db,dd5f0af1e8d4fa9a432c7d4fe354e29eea9ec7676914a147ebec483003fb7ff8,7466b9e92ac09f6a5dd82cc928ebe1ea46d0e74c59f0dd6f937918d132a94618
D-toy,toy-complete-123,201,complete toy seeded case,True,validation/stage1-20261004-0100/toy.jsonl,124,8e0c418fbd3a274aadc914b1190c8371006634a0f109f77bf6907dc2e4b391db,d90aa345161af5025e0e4fe5228cdf76c2cf174ef0bd984c3f5d8648092aef8f,7466b9e92ac09f6a5dd82cc928ebe1ea46d0e74c59f0dd6f937918d132a94618
D-toy,toy-complete-124,201,complete toy seeded case,True,validation/stage1-20261004-0100/toy.jsonl,125,8e0c418fbd3a274aadc914b1190c8371006634a0f109f77bf6907dc2e4b391db,08818a0c6c1c3c109052957e7c097a07aebd8b9560af5038ff9ce4e501d92e4a,7466b9e92ac09f6a5dd82cc928ebe1ea46d0e74c59f0dd6f937918d132a94618
D-toy,toy-complete-125,201,complete toy seeded case,True,validation/stage1-20261004-0100/toy.jsonl,126,8e0c418fbd3a274aadc914b1190c8371006634a0f109f77bf6907dc2e4b391db,85417ab5f067d4eafc5f75a3b321e076a778f6f4ef60e62529ac3033bb6739ce,7466b9e92ac09f6a5dd82cc928ebe1ea46d0e74c59f0dd6f937918d132a94618
D-toy,toy-complete-126,201,complete toy seeded case,True,validation/stage1-20261004-0100/toy.jsonl,127,8e0c418fbd3a274aadc914b1190c8371006634a0f109f77bf6907dc2e4b391db,22ba403fc6fd8f7b5dd44be24da0b29f2780b852b6c918bc2f55230eaf21b691,7466b9e92ac09f6a5dd82cc928ebe1ea46d0e74c59f0dd6f937918d132a94618
D-toy,toy-complete-127,201,complete toy seeded case,True,validation/stage1-20261004-0100/toy.jsonl,128,8e0c418fbd3a274aadc914b1190c8371006634a0f109f77bf6907dc2e4b391db,b5d8d7178dccf2642548166ee88bd23d060709893c1cac2f6e566ea7bf1166f4,7466b9e92ac09f6a5dd82cc928ebe1ea46d0e74c59f0dd6f937918d132a94618
D-toy,toy-complete-128,201,complete toy seeded case,True,validation/stage1-20261004-0100/toy.jsonl,129,8e0c418fbd3a274aadc914b1190c8371006634a0f109f77bf6907dc2e4b391db,93b752f08520461ce17d9e5b07c6ed2aca6b0497816c5fe297c41a83f619017a,7466b9e92ac09f6a5dd82cc928ebe1ea46d0e74c59f0dd6f937918d132a94618
D-toy,toy-complete-129,201,complete toy seeded case,True,validation/stage1-20261004-0100/toy.jsonl,130,8e0c418fbd3a274aadc914b1190c8371006634a0f109f77bf6907dc2e4b391db,4c62284711af1edd7ef831de6cdf880121be9c9ec5c7d6ae128709b2dcfe6e06,7466b9e92ac09f6a5dd82cc928ebe1ea46d0e74c59f0dd6f937918d132a94618
D-toy,toy-complete-130,201,complete toy seeded case,True,validation/stage1-20261004-0100/toy.jsonl,131,8e0c418fbd3a274aadc914b1190c8371006634a0f109f77bf6907dc2e4b391db,758962921e7719fde552624a4083530e40e08526c23b0c449d292eb7daa46914,7466b9e92ac09f6a5dd82cc928ebe1ea46d0e74c59f0dd6f937918d132a94618
D-toy,toy-complete-131,201,complete toy seeded case,True,validation/stage1-20261004-0100/toy.jsonl,132,8e0c418fbd3a274aadc914b1190c8371006634a0f109f77bf6907dc2e4b391db,304ab8dfa5fedb74b75cf60d0771a434127f69163f62769e94e5fe1bd43cd7b2,7466b9e92ac09f6a5dd82cc928ebe1ea46d0e74c59f0dd6f937918d132a94618
D-toy,toy-complete-132,201,complete toy seeded case,True,validation/stage1-20261004-0100/toy.jsonl,133,8e0c418fbd3a274aadc914b1190c8371006634a0f109f77bf6907dc2e4b391db,afd069f0c21b25c21f233c0fa8b8ac2ec739aa67e6c77de9b916275354322a58,7466b9e92ac09f6a5dd82cc928ebe1ea46d0e74c59f0dd6f937918d132a94618
D-toy,toy-complete-133,201,complete toy seeded case,True,validation/stage1-20261004-0100/toy.jsonl,134,8e0c418fbd3a274aadc914b1190c8371006634a0f109f77bf6907dc2e4b391db,69090ea053037b4932da756116907190bfe900f6d4c6068a1a49397fc55392ec,7466b9e92ac09f6a5dd82cc928ebe1ea46d0e74c59f0dd6f937918d132a94618
D-toy,toy-complete-134,201,complete toy seeded case,True,validation/stage1-20261004-0100/toy.jsonl,135,8e0c418fbd3a274aadc914b1190c8371006634a0f109f77bf6907dc2e4b391db,c4330a120e88c28ad53e98c6fcdac96e4a1ac4f754d3c7d63a2930ac244fcf06,7466b9e92ac09f6a5dd82cc928ebe1ea46d0e74c59f0dd6f937918d132a94618
D-toy,toy-complete-135,201,complete toy seeded case,True,validation/stage1-20261004-0100/toy.jsonl,136,8e0c418fbd3a274aadc914b1190c8371006634a0f109f77bf6907dc2e4b391db,74d97573a5042eec8c055de6d88123d44698ddd13a87b5723dea369fffc43d28,7466b9e92ac09f6a5dd82cc928ebe1ea46d0e74c59f0dd6f937918d132a94618
D-toy,toy-complete-136,201,complete toy seeded case,True,validation/stage1-20261004-0100/toy.jsonl,137,8e0c418fbd3a274aadc914b1190c8371006634a0f109f77bf6907dc2e4b391db,24ca75eea4259023632119b9e4ee9691bb7ebff9f7497d416bf992a724dc939e,7466b9e92ac09f6a5dd82cc928ebe1ea46d0e74c59f0dd6f937918d132a94618
D-toy,toy-complete-137,201,complete toy seeded case,True,validation/stage1-20261004-0100/toy.jsonl,138,8e0c418fbd3a274aadc914b1190c8371006634a0f109f77bf6907dc2e4b391db,a4248bfb1b4d60360ffd1babfb239e65b409b5eb4b18fc9f41a18432781784b8,7466b9e92ac09f6a5dd82cc928ebe1ea46d0e74c59f0dd6f937918d132a94618
D-toy,toy-complete-138,201,complete toy seeded case,True,validation/stage1-20261004-0100/toy.jsonl,139,8e0c418fbd3a274aadc914b1190c8371006634a0f109f77bf6907dc2e4b391db,4fa0c800ecb6f3f15dd456c7ad6085df037e200e2260e2a26c6ce8bebc1c76e6,7466b9e92ac09f6a5dd82cc928ebe1ea46d0e74c59f0dd6f937918d132a94618
D-toy,toy-complete-139,201,complete toy seeded case,True,validation/stage1-20261004-0100/toy.jsonl,140,8e0c418fbd3a274aadc914b1190c8371006634a0f109f77bf6907dc2e4b391db,a28606a5de74e78e0457777c099270985d33cdeefa2c70c90493a279a87cd06a,7466b9e92ac09f6a5dd82cc928ebe1ea46d0e74c59f0dd6f937918d132a94618
D-toy,toy-complete-140,201,complete toy seeded case,True,validation/stage1-20261004-0100/toy.jsonl,141,8e0c418fbd3a274aadc914b1190c8371006634a0f109f77bf6907dc2e4b391db,367b3be4993f3e4b78d5c37d9e4c4a52939b230763299b45afe48240e08367cf,7466b9e92ac09f6a5dd82cc928ebe1ea46d0e74c59f0dd6f937918d132a94618
D-toy,toy-complete-141,201,complete toy seeded case,True,validation/stage1-20261004-0100/toy.jsonl,142,8e0c418fbd3a274aadc914b1190c8371006634a0f109f77bf6907dc2e4b391db,ece7e868baf2f83a14c4e3cebe21132ab9a378345e767294a79d829f1909e7df,7466b9e92ac09f6a5dd82cc928ebe1ea46d0e74c59f0dd6f937918d132a94618
D-toy,toy-complete-142,201,complete toy seeded case,True,validation/stage1-20261004-0100/toy.jsonl,143,8e0c418fbd3a274aadc914b1190c8371006634a0f109f77bf6907dc2e4b391db,96e35131106c96a0d7c55e2e53a1ef7d6503d273048dd3aa2342964dc5a873cf,7466b9e92ac09f6a5dd82cc928ebe1ea46d0e74c59f0dd6f937918d132a94618
D-toy,toy-complete-143,201,complete toy seeded case,True,validation/stage1-20261004-0100/toy.jsonl,144,8e0c418fbd3a274aadc914b1190c8371006634a0f109f77bf6907dc2e4b391db,4bed48b1dbfba9b99afe27b81bc36bcf362b16664c1e2edb25b46182d4aa95ff,7466b9e92ac09f6a5dd82cc928ebe1ea46d0e74c59f0dd6f937918d132a94618
D-toy,toy-complete-144,201,complete toy seeded case,True,validation/stage1-20261004-0100/toy.jsonl,145,8e0c418fbd3a274aadc914b1190c8371006634a0f109f77bf6907dc2e4b391db,d00689b4955c3fd359f5b057cecee9d458ea528360d97c57ab73ca14829ecca1,7466b9e92ac09f6a5dd82cc928ebe1ea46d0e74c59f0dd6f937918d132a94618
D-toy,toy-complete-145,201,complete toy seeded case,True,validation/stage1-20261004-0100/toy.jsonl,146,8e0c418fbd3a274aadc914b1190c8371006634a0f109f77bf6907dc2e4b391db,f5510f79f5610ceff6a5ee352ddaf30ae04d6d8c12033f8a624cf0eafdb9a69d,7466b9e92ac09f6a5dd82cc928ebe1ea46d0e74c59f0dd6f937918d132a94618
D-toy,toy-complete-146,201,complete toy seeded case,True,validation/stage1-20261004-0100/toy.jsonl,147,8e0c418fbd3a274aadc914b1190c8371006634a0f109f77bf6907dc2e4b391db,0adc0e17826d4922b3886c8ea1ac077c0b1a867c9836d94b822225be00397ed1,7466b9e92ac09f6a5dd82cc928ebe1ea46d0e74c59f0dd6f937918d132a94618
D-toy,toy-complete-147,201,complete toy seeded case,True,validation/stage1-20261004-0100/toy.jsonl,148,8e0c418fbd3a274aadc914b1190c8371006634a0f109f77bf6907dc2e4b391db,6fbd8111ca50b9c21732c575eca54b233a60f4f619f97719f961a93f2e248bd6,7466b9e92ac09f6a5dd82cc928ebe1ea46d0e74c59f0dd6f937918d132a94618
D-toy,toy-complete-148,201,complete toy seeded case,True,validation/stage1-20261004-0100/toy.jsonl,149,8e0c418fbd3a274aadc914b1190c8371006634a0f109f77bf6907dc2e4b391db,f83cd56c382f85c86c704c11f1d1cc9e21c6568bc5e0498e15e042b071c280ed,7466b9e92ac09f6a5dd82cc928ebe1ea46d0e74c59f0dd6f937918d132a94618
D-toy,toy-complete-149,201,complete toy seeded case,True,validation/stage1-20261004-0100/toy.jsonl,150,8e0c418fbd3a274aadc914b1190c8371006634a0f109f77bf6907dc2e4b391db,a01fa1d5a1a0ae6b1356f764421e325191d8ff6764790c0a26ea4d9e993c680d,7466b9e92ac09f6a5dd82cc928ebe1ea46d0e74c59f0dd6f937918d132a94618
D-toy,toy-complete-150,201,complete toy seeded case,True,validation/stage1-20261004-0100/toy.jsonl,151,8e0c418fbd3a274aadc914b1190c8371006634a0f109f77bf6907dc2e4b391db,99a30f925577f78ec92b347af4097bd72eea541f2b37aed9ed44beecdcf80435,7466b9e92ac09f6a5dd82cc928ebe1ea46d0e74c59f0dd6f937918d132a94618
D-toy,toy-complete-151,201,complete toy seeded case,True,validation/stage1-20261004-0100/toy.jsonl,152,8e0c418fbd3a274aadc914b1190c8371006634a0f109f77bf6907dc2e4b391db,70c5c944736f2eab415bc523a84e924777ca1b761005be0ebb069697f443171d,7466b9e92ac09f6a5dd82cc928ebe1ea46d0e74c59f0dd6f937918d132a94618
D-toy,toy-complete-152,201,complete toy seeded case,True,validation/stage1-20261004-0100/toy.jsonl,153,8e0c418fbd3a274aadc914b1190c8371006634a0f109f77bf6907dc2e4b391db,9d6a34a152757431ad04098f941d5e3f7d2b91199bff79e0b42dd7f42af2a359,7466b9e92ac09f6a5dd82cc928ebe1ea46d0e74c59f0dd6f937918d132a94618
D-toy,toy-complete-153,201,complete toy seeded case,True,validation/stage1-20261004-0100/toy.jsonl,154,8e0c418fbd3a274aadc914b1190c8371006634a0f109f77bf6907dc2e4b391db,6992f640aa4b49811afc86d0fae01b9639459699732f3edc1763856d091260c7,7466b9e92ac09f6a5dd82cc928ebe1ea46d0e74c59f0dd6f937918d132a94618
D-toy,toy-complete-154,201,complete toy seeded case,True,validation/stage1-20261004-0100/toy.jsonl,155,8e0c418fbd3a274aadc914b1190c8371006634a0f109f77bf6907dc2e4b391db,248ecf3541a602593049b0bb52e53205898b91ca101853e86f3576a0eda58891,7466b9e92ac09f6a5dd82cc928ebe1ea46d0e74c59f0dd6f937918d132a94618
D-toy,toy-complete-155,201,complete toy seeded case,True,validation/stage1-20261004-0100/toy.jsonl,156,8e0c418fbd3a274aadc914b1190c8371006634a0f109f77bf6907dc2e4b391db,0f39d910530b7dbbfa1c6ddbf1aec2f079853c79251bf93a01b3ce0535ca2072,7466b9e92ac09f6a5dd82cc928ebe1ea46d0e74c59f0dd6f937918d132a94618
D-toy,toy-complete-156,201,complete toy seeded case,True,validation/stage1-20261004-0100/toy.jsonl,157,8e0c418fbd3a274aadc914b1190c8371006634a0f109f77bf6907dc2e4b391db,f9473d38a55a41d9c7931a28483699bc8635a5fe58012275a3ca0a790a72fe25,7466b9e92ac09f6a5dd82cc928ebe1ea46d0e74c59f0dd6f937918d132a94618
D-toy,toy-complete-157,201,complete toy seeded case,True,validation/stage1-20261004-0100/toy.jsonl,158,8e0c418fbd3a274aadc914b1190c8371006634a0f109f77bf6907dc2e4b391db,c6cd347436d65c642e8b9567aae1d4af94a8ac1ae6b52f06cd1c3f6f60c0d9e0,7466b9e92ac09f6a5dd82cc928ebe1ea46d0e74c59f0dd6f937918d132a94618
D-toy,toy-complete-158,201,complete toy seeded case,True,validation/stage1-20261004-0100/toy.jsonl,159,8e0c418fbd3a274aadc914b1190c8371006634a0f109f77bf6907dc2e4b391db,38c081b2fc0738cf1376222bc5ecc41b32cce6613ccf1c0a1d30c4acdeabb06c,7466b9e92ac09f6a5dd82cc928ebe1ea46d0e74c59f0dd6f937918d132a94618
D-toy,toy-complete-159,201,complete toy seeded case,True,validation/stage1-20261004-0100/toy.jsonl,160,8e0c418fbd3a274aadc914b1190c8371006634a0f109f77bf6907dc2e4b391db,d04d103839f6e77967606db224b54b8b284abff7e2a1d4020f592f3abb5e2cfb,7466b9e92ac09f6a5dd82cc928ebe1ea46d0e74c59f0dd6f937918d132a94618
D-toy,toy-complete-160,201,complete toy seeded case,True,validation/stage1-20261004-0100/toy.jsonl,161,8e0c418fbd3a274aadc914b1190c8371006634a0f109f77bf6907dc2e4b391db,759b4f720653189763bf1f503624059be3c094d241948d117d93ea5ac59fa97c,7466b9e92ac09f6a5dd82cc928ebe1ea46d0e74c59f0dd6f937918d132a94618
D-toy,toy-complete-161,201,complete toy seeded case,True,validation/stage1-20261004-0100/toy.jsonl,162,8e0c418fbd3a274aadc914b1190c8371006634a0f109f77bf6907dc2e4b391db,6dc24d5b9bb5ec855f77155c7b7df3dd5db9639b39caf741dc718e5f7f3f74ad,7466b9e92ac09f6a5dd82cc928ebe1ea46d0e74c59f0dd6f937918d132a94618
D-toy,toy-complete-162,201,complete toy seeded case,True,validation/stage1-20261004-0100/toy.jsonl,163,8e0c418fbd3a274aadc914b1190c8371006634a0f109f77bf6907dc2e4b391db,f2e926b8736e14e8050f1323b7b04ce77a50bf89bec8f5d95efb66bf1e1f45ed,7466b9e92ac09f6a5dd82cc928ebe1ea46d0e74c59f0dd6f937918d132a94618
D-toy,toy-complete-163,201,complete toy seeded case,True,validation/stage1-20261004-0100/toy.jsonl,164,8e0c418fbd3a274aadc914b1190c8371006634a0f109f77bf6907dc2e4b391db,3d3780dba2bfc39bdee98eea85dd9458b6cf316b88cbd0ae18d21748cff1d28c,7466b9e92ac09f6a5dd82cc928ebe1ea46d0e74c59f0dd6f937918d132a94618
D-toy,toy-complete-164,201,complete toy seeded case,True,validation/stage1-20261004-0100/toy.jsonl,165,8e0c418fbd3a274aadc914b1190c8371006634a0f109f77bf6907dc2e4b391db,f6265c8827cbb1b61f42a1b6c088993f85aa76ea833e397bd29cffabdaf23bfa,7466b9e92ac09f6a5dd82cc928ebe1ea46d0e74c59f0dd6f937918d132a94618
D-toy,toy-complete-165,201,complete toy seeded case,True,validation/stage1-20261004-0100/toy.jsonl,166,8e0c418fbd3a274aadc914b1190c8371006634a0f109f77bf6907dc2e4b391db,24de0c89889e188c2d12601fcff6b896685535b60cf676c95573d1cce34c3eab,7466b9e92ac09f6a5dd82cc928ebe1ea46d0e74c59f0dd6f937918d132a94618
D-toy,toy-complete-166,201,complete toy seeded case,True,validation/stage1-20261004-0100/toy.jsonl,167,8e0c418fbd3a274aadc914b1190c8371006634a0f109f77bf6907dc2e4b391db,af637d54798322942b5cbd6242d33e603b47cffe6b67991a35a25791f38912a6,7466b9e92ac09f6a5dd82cc928ebe1ea46d0e74c59f0dd6f937918d132a94618
D-toy,toy-complete-167,201,complete toy seeded case,True,validation/stage1-20261004-0100/toy.jsonl,168,8e0c418fbd3a274aadc914b1190c8371006634a0f109f77bf6907dc2e4b391db,b72b67d0e8bd77ceca696ff244012680a34b20c6ee489ddfdf883265d504d7b5,7466b9e92ac09f6a5dd82cc928ebe1ea46d0e74c59f0dd6f937918d132a94618
D-toy,toy-complete-168,201,complete toy seeded case,True,validation/stage1-20261004-0100/toy.jsonl,169,8e0c418fbd3a274aadc914b1190c8371006634a0f109f77bf6907dc2e4b391db,ceddd30688be23936416a73e5ac800eaf29c1fc04abbe426a11a6ada53aa2bd3,7466b9e92ac09f6a5dd82cc928ebe1ea46d0e74c59f0dd6f937918d132a94618
D-toy,toy-complete-169,201,complete toy seeded case,True,validation/stage1-20261004-0100/toy.jsonl,170,8e0c418fbd3a274aadc914b1190c8371006634a0f109f77bf6907dc2e4b391db,43dbbf5430bb7f924f663df8d8ddac36919507b0b64be78edbe5897917f346ff,7466b9e92ac09f6a5dd82cc928ebe1ea46d0e74c59f0dd6f937918d132a94618
D-toy,toy-complete-170,201,complete toy seeded case,True,validation/stage1-20261004-0100/toy.jsonl,171,8e0c418fbd3a274aadc914b1190c8371006634a0f109f77bf6907dc2e4b391db,2bd87459af6ca9c58338f0b895c5d061cc0ffc994ac15afc18de645f8852087e,7466b9e92ac09f6a5dd82cc928ebe1ea46d0e74c59f0dd6f937918d132a94618
D-toy,toy-complete-171,201,complete toy seeded case,True,validation/stage1-20261004-0100/toy.jsonl,172,8e0c418fbd3a274aadc914b1190c8371006634a0f109f77bf6907dc2e4b391db,c623404637bcc58faeea6604969b1a59f2a5b5d13a7d4419341f01d6155a2f2e,7466b9e92ac09f6a5dd82cc928ebe1ea46d0e74c59f0dd6f937918d132a94618
D-toy,toy-complete-172,201,complete toy seeded case,True,validation/stage1-20261004-0100/toy.jsonl,173,8e0c418fbd3a274aadc914b1190c8371006634a0f109f77bf6907dc2e4b391db,1b2964b7ab45e75ca27f74c6391deef60598eb32da41d9844b357c9883da0d73,7466b9e92ac09f6a5dd82cc928ebe1ea46d0e74c59f0dd6f937918d132a94618
D-toy,toy-complete-173,201,complete toy seeded case,True,validation/stage1-20261004-0100/toy.jsonl,174,8e0c418fbd3a274aadc914b1190c8371006634a0f109f77bf6907dc2e4b391db,7b420bb460b84d4a0f09299adae8fb498c98058f1b9a6487a58aed67e6535904,7466b9e92ac09f6a5dd82cc928ebe1ea46d0e74c59f0dd6f937918d132a94618
D-toy,toy-complete-174,201,complete toy seeded case,True,validation/stage1-20261004-0100/toy.jsonl,175,8e0c418fbd3a274aadc914b1190c8371006634a0f109f77bf6907dc2e4b391db,8b4745e7eb5604e80b0f3cc0c5acfcb73a2415b5681e5d551e71a3c3be99a233,7466b9e92ac09f6a5dd82cc928ebe1ea46d0e74c59f0dd6f937918d132a94618
D-toy,toy-complete-175,201,complete toy seeded case,True,validation/stage1-20261004-0100/toy.jsonl,176,8e0c418fbd3a274aadc914b1190c8371006634a0f109f77bf6907dc2e4b391db,2255376f4b7a85cfe0ed8f824c0b284dba7762721676e3c42c881b7a9cdbd722,7466b9e92ac09f6a5dd82cc928ebe1ea46d0e74c59f0dd6f937918d132a94618
D-toy,toy-complete-176,201,complete toy seeded case,True,validation/stage1-20261004-0100/toy.jsonl,177,8e0c418fbd3a274aadc914b1190c8371006634a0f109f77bf6907dc2e4b391db,05207ba0ba9968c96d33e5978b1dc33e534342b341e18f7ae0fb245441941dc7,7466b9e92ac09f6a5dd82cc928ebe1ea46d0e74c59f0dd6f937918d132a94618
D-toy,toy-complete-177,201,complete toy seeded case,True,validation/stage1-20261004-0100/toy.jsonl,178,8e0c418fbd3a274aadc914b1190c8371006634a0f109f77bf6907dc2e4b391db,ea5f1deea68e5a7fb1d1788ba4353185fc1fd11bfa43913d09791f42b7d3d83f,7466b9e92ac09f6a5dd82cc928ebe1ea46d0e74c59f0dd6f937918d132a94618
D-toy,toy-complete-178,201,complete toy seeded case,True,validation/stage1-20261004-0100/toy.jsonl,179,8e0c418fbd3a274aadc914b1190c8371006634a0f109f77bf6907dc2e4b391db,f58b9b918606886a5970b612cef55c16d006fbb38bf709062639490c1b65b09f,7466b9e92ac09f6a5dd82cc928ebe1ea46d0e74c59f0dd6f937918d132a94618
D-toy,toy-complete-179,201,complete toy seeded case,True,validation/stage1-20261004-0100/toy.jsonl,180,8e0c418fbd3a274aadc914b1190c8371006634a0f109f77bf6907dc2e4b391db,d667785285386ab98ce24bcc198ce7a4fe52467d5cfa841237decdcc04943b99,7466b9e92ac09f6a5dd82cc928ebe1ea46d0e74c59f0dd6f937918d132a94618
D-toy,toy-complete-180,201,complete toy seeded case,True,validation/stage1-20261004-0100/toy.jsonl,181,8e0c418fbd3a274aadc914b1190c8371006634a0f109f77bf6907dc2e4b391db,53293aa573b1c1b0cdb7b98ccbdfba7751a091b1332e9106ef8b3a9d5c830bb0,7466b9e92ac09f6a5dd82cc928ebe1ea46d0e74c59f0dd6f937918d132a94618
D-toy,toy-complete-181,201,complete toy seeded case,True,validation/stage1-20261004-0100/toy.jsonl,182,8e0c418fbd3a274aadc914b1190c8371006634a0f109f77bf6907dc2e4b391db,a1528ccac0c235679365b9de55405b58a35bdc9865cf5f92eb12115931686a79,7466b9e92ac09f6a5dd82cc928ebe1ea46d0e74c59f0dd6f937918d132a94618
D-toy,toy-complete-182,201,complete toy seeded case,True,validation/stage1-20261004-0100/toy.jsonl,183,8e0c418fbd3a274aadc914b1190c8371006634a0f109f77bf6907dc2e4b391db,a188f4f6a0db011766a64f8a63cf8ff353230c1a9ffad2380ee5609b0f5e211d,7466b9e92ac09f6a5dd82cc928ebe1ea46d0e74c59f0dd6f937918d132a94618
D-toy,toy-complete-183,201,complete toy seeded case,True,validation/stage1-20261004-0100/toy.jsonl,184,8e0c418fbd3a274aadc914b1190c8371006634a0f109f77bf6907dc2e4b391db,7eb3f8bd7ca596a4469d0d2d6455473829acc7e29eb2c5cb837ae8aec05d16e5,7466b9e92ac09f6a5dd82cc928ebe1ea46d0e74c59f0dd6f937918d132a94618
D-toy,toy-complete-184,201,complete toy seeded case,True,validation/stage1-20261004-0100/toy.jsonl,185,8e0c418fbd3a274aadc914b1190c8371006634a0f109f77bf6907dc2e4b391db,630f3beffd6d21dffa24c7f260be073e59e2966326093c86980030bdb9ae974a,7466b9e92ac09f6a5dd82cc928ebe1ea46d0e74c59f0dd6f937918d132a94618
D-toy,toy-complete-185,201,complete toy seeded case,True,validation/stage1-20261004-0100/toy.jsonl,186,8e0c418fbd3a274aadc914b1190c8371006634a0f109f77bf6907dc2e4b391db,6f9cfa6129c694395f36efddcdf71de2aecd8af38aa75907d7c0cd246b7b2377,7466b9e92ac09f6a5dd82cc928ebe1ea46d0e74c59f0dd6f937918d132a94618
D-toy,toy-complete-186,201,complete toy seeded case,True,validation/stage1-20261004-0100/toy.jsonl,187,8e0c418fbd3a274aadc914b1190c8371006634a0f109f77bf6907dc2e4b391db,d1aa8c04b9fdbd9f93c215ff502185ec6ed713783f32e4467b9dfd0bc5473163,7466b9e92ac09f6a5dd82cc928ebe1ea46d0e74c59f0dd6f937918d132a94618
D-toy,toy-complete-187,201,complete toy seeded case,True,validation/stage1-20261004-0100/toy.jsonl,188,8e0c418fbd3a274aadc914b1190c8371006634a0f109f77bf6907dc2e4b391db,93b66214324b7c4111bafcbbb2e17a05f2e8176686a3ff3e4093cd0f0a138b6e,7466b9e92ac09f6a5dd82cc928ebe1ea46d0e74c59f0dd6f937918d132a94618
D-toy,toy-complete-188,201,complete toy seeded case,True,validation/stage1-20261004-0100/toy.jsonl,189,8e0c418fbd3a274aadc914b1190c8371006634a0f109f77bf6907dc2e4b391db,fe91da299fcd81d0373aa0839a5f8ad3d8111cda2ac9cdc874eb263de338dd4d,7466b9e92ac09f6a5dd82cc928ebe1ea46d0e74c59f0dd6f937918d132a94618
D-toy,toy-complete-189,201,complete toy seeded case,True,validation/stage1-20261004-0100/toy.jsonl,190,8e0c418fbd3a274aadc914b1190c8371006634a0f109f77bf6907dc2e4b391db,96e791dbf8530fb7ff03b0a354c39c2fc506b4b69ef82f8e56f133dc90b8869c,7466b9e92ac09f6a5dd82cc928ebe1ea46d0e74c59f0dd6f937918d132a94618
D-toy,toy-complete-190,201,complete toy seeded case,True,validation/stage1-20261004-0100/toy.jsonl,191,8e0c418fbd3a274aadc914b1190c8371006634a0f109f77bf6907dc2e4b391db,212ac717ffc33ef62e83d8ad990ee11e447056c88d0e5222517e3c263edf8d04,7466b9e92ac09f6a5dd82cc928ebe1ea46d0e74c59f0dd6f937918d132a94618
D-toy,toy-complete-191,201,complete toy seeded case,True,validation/stage1-20261004-0100/toy.jsonl,192,8e0c418fbd3a274aadc914b1190c8371006634a0f109f77bf6907dc2e4b391db,7ffb05ea0085b6c4fe9e9d4ea27c7f26a11add24a53151fa03f1c309aac3076d,7466b9e92ac09f6a5dd82cc928ebe1ea46d0e74c59f0dd6f937918d132a94618
D-toy,toy-complete-192,201,complete toy seeded case,True,validation/stage1-20261004-0100/toy.jsonl,193,8e0c418fbd3a274aadc914b1190c8371006634a0f109f77bf6907dc2e4b391db,ee7751cb4df15406fa4934d6de390cbdd4ce10c67e2058aadc4ea134993d0dba,7466b9e92ac09f6a5dd82cc928ebe1ea46d0e74c59f0dd6f937918d132a94618
D-toy,toy-complete-193,201,complete toy seeded case,True,validation/stage1-20261004-0100/toy.jsonl,194,8e0c418fbd3a274aadc914b1190c8371006634a0f109f77bf6907dc2e4b391db,20629b412b2c45a4d9185be08330ec96f0acf15eb5888d13885a2ed2603f8c6b,7466b9e92ac09f6a5dd82cc928ebe1ea46d0e74c59f0dd6f937918d132a94618
D-toy,toy-complete-194,201,complete toy seeded case,True,validation/stage1-20261004-0100/toy.jsonl,195,8e0c418fbd3a274aadc914b1190c8371006634a0f109f77bf6907dc2e4b391db,56fffbc106bacf93808547a8d95d80cdb3691de339c2b89ee195538a2f9512a4,7466b9e92ac09f6a5dd82cc928ebe1ea46d0e74c59f0dd6f937918d132a94618
D-toy,toy-complete-195,201,complete toy seeded case,True,validation/stage1-20261004-0100/toy.jsonl,196,8e0c418fbd3a274aadc914b1190c8371006634a0f109f77bf6907dc2e4b391db,70fcc7b65f4104978bb5e57ec08368c540cb1907871b0833d722dc4e6780058a,7466b9e92ac09f6a5dd82cc928ebe1ea46d0e74c59f0dd6f937918d132a94618
D-toy,toy-complete-196,201,complete toy seeded case,True,validation/stage1-20261004-0100/toy.jsonl,197,8e0c418fbd3a274aadc914b1190c8371006634a0f109f77bf6907dc2e4b391db,a8d490d8025329682f5f3d02b51d1e86e883f3f8003733918e7ff0d3d9adee65,7466b9e92ac09f6a5dd82cc928ebe1ea46d0e74c59f0dd6f937918d132a94618
D-toy,toy-complete-197,201,complete toy seeded case,True,validation/stage1-20261004-0100/toy.jsonl,198,8e0c418fbd3a274aadc914b1190c8371006634a0f109f77bf6907dc2e4b391db,cc8eae304e1ce27b2a53fc543516e93431e1fca92bb8cdb6c7f9ada3a812ac1c,7466b9e92ac09f6a5dd82cc928ebe1ea46d0e74c59f0dd6f937918d132a94618
D-toy,toy-complete-198,201,complete toy seeded case,True,validation/stage1-20261004-0100/toy.jsonl,199,8e0c418fbd3a274aadc914b1190c8371006634a0f109f77bf6907dc2e4b391db,61eaa191d5bc7462918f51b9a14d0f3e59d2133012d598038bbc2c1c09e12a51,7466b9e92ac09f6a5dd82cc928ebe1ea46d0e74c59f0dd6f937918d132a94618
D-toy,toy-complete-199,201,complete toy seeded case,True,validation/stage1-20261004-0100/toy.jsonl,200,8e0c418fbd3a274aadc914b1190c8371006634a0f109f77bf6907dc2e4b391db,63e58c90512b6b201403f50efaa1ca0dcff11109d3cbc95ead2163df7b634618,7466b9e92ac09f6a5dd82cc928ebe1ea46d0e74c59f0dd6f937918d132a94618
D-toy,toy-complete-200,201,complete toy seeded case,True,validation/stage1-20261004-0100/toy.jsonl,201,8e0c418fbd3a274aadc914b1190c8371006634a0f109f77bf6907dc2e4b391db,68ac8005e98cb6ba7e97e9d6920cb44dc0c36d92b6919d6c22f0df46fc9ef5f1,7466b9e92ac09f6a5dd82cc928ebe1ea46d0e74c59f0dd6f937918d132a94618
D-toy,toy-complete-201,201,complete toy seeded case,True,validation/stage1-20261004-0100/toy.jsonl,202,8e0c418fbd3a274aadc914b1190c8371006634a0f109f77bf6907dc2e4b391db,cc750b200f57541617d80ecb2d8a8e5cec882186915cb4de267f14826a6cb34d,7466b9e92ac09f6a5dd82cc928ebe1ea46d0e74c59f0dd6f937918d132a94618
D-toy,toy-complete-202,201,complete toy seeded case,True,validation/stage1-20261004-0100/toy.jsonl,203,8e0c418fbd3a274aadc914b1190c8371006634a0f109f77bf6907dc2e4b391db,acffcfdba7a6524e99bc28a375d17e7e57e57414e31ee5b9c2e7dcd17cd2ae29,7466b9e92ac09f6a5dd82cc928ebe1ea46d0e74c59f0dd6f937918d132a94618
D-toy,toy-complete-203,201,complete toy seeded case,True,validation/stage1-20261004-0100/toy.jsonl,204,8e0c418fbd3a274aadc914b1190c8371006634a0f109f77bf6907dc2e4b391db,b6398a093ef6def34452d1250f152667acba2fc56e676a697dfc4fabc9c9d67c,7466b9e92ac09f6a5dd82cc928ebe1ea46d0e74c59f0dd6f937918d132a94618
D-toy,toy-complete-204,201,complete toy seeded case,True,validation/stage1-20261004-0100/toy.jsonl,205,8e0c418fbd3a274aadc914b1190c8371006634a0f109f77bf6907dc2e4b391db,f1535ab3430e691e8d8a3344703adebbcd22518a9b48832755b4be81e17fad06,7466b9e92ac09f6a5dd82cc928ebe1ea46d0e74c59f0dd6f937918d132a94618
D-toy,toy-complete-205,201,complete toy seeded case,True,validation/stage1-20261004-0100/toy.jsonl,206,8e0c418fbd3a274aadc914b1190c8371006634a0f109f77bf6907dc2e4b391db,52469c0f36bd8718aa5401efd81a2f29250658d4106c95b6cab3f1e773fdb495,7466b9e92ac09f6a5dd82cc928ebe1ea46d0e74c59f0dd6f937918d132a94618
D-toy,toy-complete-206,201,complete toy seeded case,True,validation/stage1-20261004-0100/toy.jsonl,207,8e0c418fbd3a274aadc914b1190c8371006634a0f109f77bf6907dc2e4b391db,f2d3fc7103c42cbb6bf920e4b2d12fcbb70bb79d9225205fcd1246229b3a51d1,7466b9e92ac09f6a5dd82cc928ebe1ea46d0e74c59f0dd6f937918d132a94618
D-toy,toy-complete-207,201,complete toy seeded case,True,validation/stage1-20261004-0100/toy.jsonl,208,8e0c418fbd3a274aadc914b1190c8371006634a0f109f77bf6907dc2e4b391db,5b9180ea4826bcb8ab80db20148dcb59e102d5a52c81da41f9f778a228108167,7466b9e92ac09f6a5dd82cc928ebe1ea46d0e74c59f0dd6f937918d132a94618
D-toy,toy-complete-208,201,complete toy seeded case,True,validation/stage1-20261004-0100/toy.jsonl,209,8e0c418fbd3a274aadc914b1190c8371006634a0f109f77bf6907dc2e4b391db,40524560c30d71a9f683efd9827997ac99090bcdf0dac25431d6ec69282bafee,7466b9e92ac09f6a5dd82cc928ebe1ea46d0e74c59f0dd6f937918d132a94618
D-toy,toy-complete-209,201,complete toy seeded case,True,validation/stage1-20261004-0100/toy.jsonl,210,8e0c418fbd3a274aadc914b1190c8371006634a0f109f77bf6907dc2e4b391db,1b6c374ccd596ea83774f29e17d5aa2d69bf4b7038036764cce57e342fc963f7,7466b9e92ac09f6a5dd82cc928ebe1ea46d0e74c59f0dd6f937918d132a94618
D-toy,toy-complete-210,201,complete toy seeded case,True,validation/stage1-20261004-0100/toy.jsonl,211,8e0c418fbd3a274aadc914b1190c8371006634a0f109f77bf6907dc2e4b391db,03d93cccd22975a0ac86158b52268391d8a9813b48804bc0d4d7cc83e644578c,7466b9e92ac09f6a5dd82cc928ebe1ea46d0e74c59f0dd6f937918d132a94618
D-toy,toy-complete-211,201,complete toy seeded case,True,validation/stage1-20261004-0100/toy.jsonl,212,8e0c418fbd3a274aadc914b1190c8371006634a0f109f77bf6907dc2e4b391db,c919bf9126f1afaf0568723ca645271133229b4d4b23ad2a014aaccce1740000,7466b9e92ac09f6a5dd82cc928ebe1ea46d0e74c59f0dd6f937918d132a94618
D-toy,toy-complete-212,201,complete toy seeded case,True,validation/stage1-20261004-0100/toy.jsonl,213,8e0c418fbd3a274aadc914b1190c8371006634a0f109f77bf6907dc2e4b391db,9325440b742c43ccd5e3d792d2d5e6dcd51a67cb7e12d9fb3ded8a973a1bc26e,7466b9e92ac09f6a5dd82cc928ebe1ea46d0e74c59f0dd6f937918d132a94618
D-toy,toy-complete-213,201,complete toy seeded case,True,validation/stage1-20261004-0100/toy.jsonl,214,8e0c418fbd3a274aadc914b1190c8371006634a0f109f77bf6907dc2e4b391db,58b2719b9062210c42eca7ff56c3d9328949cfb41ab07497830ed686e94f8df9,7466b9e92ac09f6a5dd82cc928ebe1ea46d0e74c59f0dd6f937918d132a94618
D-toy,toy-complete-214,201,complete toy seeded case,True,validation/stage1-20261004-0100/toy.jsonl,215,8e0c418fbd3a274aadc914b1190c8371006634a0f109f77bf6907dc2e4b391db,054026d61bd88522757a4a3bbacc759ac0cd27b166ec2c545aadd80e49ec8ef6,7466b9e92ac09f6a5dd82cc928ebe1ea46d0e74c59f0dd6f937918d132a94618
D-toy,toy-complete-215,201,complete toy seeded case,True,validation/stage1-20261004-0100/toy.jsonl,216,8e0c418fbd3a274aadc914b1190c8371006634a0f109f77bf6907dc2e4b391db,5fc5477be7068c711d0de4b406eed63f51729ace4d7663425a789b24295c4b81,7466b9e92ac09f6a5dd82cc928ebe1ea46d0e74c59f0dd6f937918d132a94618
D-toy,toy-complete-216,201,complete toy seeded case,True,validation/stage1-20261004-0100/toy.jsonl,217,8e0c418fbd3a274aadc914b1190c8371006634a0f109f77bf6907dc2e4b391db,77ed141ad36dcfcda8789c82b13fe8c0eaa88fbc31291313c77a25c9471ec824,7466b9e92ac09f6a5dd82cc928ebe1ea46d0e74c59f0dd6f937918d132a94618
D-toy,toy-complete-217,201,complete toy seeded case,True,validation/stage1-20261004-0100/toy.jsonl,218,8e0c418fbd3a274aadc914b1190c8371006634a0f109f77bf6907dc2e4b391db,9d9eb2bf94a2e0c64130bbec98e6d53687e6999a4a71cc97e9bf1e855f79a92a,7466b9e92ac09f6a5dd82cc928ebe1ea46d0e74c59f0dd6f937918d132a94618
D-toy,toy-complete-218,201,complete toy seeded case,True,validation/stage1-20261004-0100/toy.jsonl,219,8e0c418fbd3a274aadc914b1190c8371006634a0f109f77bf6907dc2e4b391db,64fa422a7c8bf18abf74e8ade84b6dde97a6c5f7b6fd7981c3a30d26c4cc5d2a,7466b9e92ac09f6a5dd82cc928ebe1ea46d0e74c59f0dd6f937918d132a94618
D-toy,toy-complete-219,201,complete toy seeded case,True,validation/stage1-20261004-0100/toy.jsonl,220,8e0c418fbd3a274aadc914b1190c8371006634a0f109f77bf6907dc2e4b391db,e5cd234e0bbf284d69efc15d83f615de420097adbf9ff9d3a8aa401d10c66129,7466b9e92ac09f6a5dd82cc928ebe1ea46d0e74c59f0dd6f937918d132a94618
D-toy,toy-complete-220,201,complete toy seeded case,True,validation/stage1-20261004-0100/toy.jsonl,221,8e0c418fbd3a274aadc914b1190c8371006634a0f109f77bf6907dc2e4b391db,a333f531d6447bb0f7004bd03d2f3c1a073476b314dbc4e6e4422fbee7de6629,7466b9e92ac09f6a5dd82cc928ebe1ea46d0e74c59f0dd6f937918d132a94618
D-toy,toy-complete-221,201,complete toy seeded case,True,validation/stage1-20261004-0100/toy.jsonl,222,8e0c418fbd3a274aadc914b1190c8371006634a0f109f77bf6907dc2e4b391db,066b68b091ed0a82245d3a3a35dabbdc8559061762e977bfaaf8d6704ab5bffc,7466b9e92ac09f6a5dd82cc928ebe1ea46d0e74c59f0dd6f937918d132a94618
D-toy,toy-complete-222,201,complete toy seeded case,True,validation/stage1-20261004-0100/toy.jsonl,223,8e0c418fbd3a274aadc914b1190c8371006634a0f109f77bf6907dc2e4b391db,0d22ce6c53ee72c395673d61581cf4778864ff9779425c9a9b36e00bd7ff7e3a,7466b9e92ac09f6a5dd82cc928ebe1ea46d0e74c59f0dd6f937918d132a94618
D-toy,toy-complete-223,201,complete toy seeded case,True,validation/stage1-20261004-0100/toy.jsonl,224,8e0c418fbd3a274aadc914b1190c8371006634a0f109f77bf6907dc2e4b391db,a107913c79dac5a69618ae0282590102de185374875bd5d1be116ab5aada192a,7466b9e92ac09f6a5dd82cc928ebe1ea46d0e74c59f0dd6f937918d132a94618
D-toy,toy-complete-224,201,complete toy seeded case,True,validation/stage1-20261004-0100/toy.jsonl,225,8e0c418fbd3a274aadc914b1190c8371006634a0f109f77bf6907dc2e4b391db,98828009e9977176e67bb9c573db03d7a38c69e8ac6d8f24c23a420fec2dc868,7466b9e92ac09f6a5dd82cc928ebe1ea46d0e74c59f0dd6f937918d132a94618
D-toy,toy-complete-225,201,complete toy seeded case,True,validation/stage1-20261004-0100/toy.jsonl,226,8e0c418fbd3a274aadc914b1190c8371006634a0f109f77bf6907dc2e4b391db,0fd245534997f002684a2801938b9ed0ecdf46f85e66de5ab1ee0979bfbc228a,7466b9e92ac09f6a5dd82cc928ebe1ea46d0e74c59f0dd6f937918d132a94618
D-toy,toy-complete-226,201,complete toy seeded case,True,validation/stage1-20261004-0100/toy.jsonl,227,8e0c418fbd3a274aadc914b1190c8371006634a0f109f77bf6907dc2e4b391db,af2b3416b123cfccef5391dc5cf757e832eb7413fee7e05511004da3d217df8b,7466b9e92ac09f6a5dd82cc928ebe1ea46d0e74c59f0dd6f937918d132a94618
D-toy,toy-complete-227,201,complete toy seeded case,True,validation/stage1-20261004-0100/toy.jsonl,228,8e0c418fbd3a274aadc914b1190c8371006634a0f109f77bf6907dc2e4b391db,870dcccc36a7c0c84dd3213a4dca1cc6936dd1dbe80884c19ca35b4ff8293479,7466b9e92ac09f6a5dd82cc928ebe1ea46d0e74c59f0dd6f937918d132a94618
D-toy,toy-complete-228,201,complete toy seeded case,True,validation/stage1-20261004-0100/toy.jsonl,229,8e0c418fbd3a274aadc914b1190c8371006634a0f109f77bf6907dc2e4b391db,c0d0b56db4680fd8fe88a8dc0d9f6fa506ec44d9fefacd80bc0bf7caf51fda27,7466b9e92ac09f6a5dd82cc928ebe1ea46d0e74c59f0dd6f937918d132a94618
D-toy,toy-complete-229,201,complete toy seeded case,True,validation/stage1-20261004-0100/toy.jsonl,230,8e0c418fbd3a274aadc914b1190c8371006634a0f109f77bf6907dc2e4b391db,6962f9ec35fd1987f8b90eb00377393f35905affcf601f211b6700721b7ad9c1,7466b9e92ac09f6a5dd82cc928ebe1ea46d0e74c59f0dd6f937918d132a94618
D-toy,toy-complete-230,201,complete toy seeded case,True,validation/stage1-20261004-0100/toy.jsonl,231,8e0c418fbd3a274aadc914b1190c8371006634a0f109f77bf6907dc2e4b391db,56fdd571bf0ec9ecbf419ad6d8c7c5d8892187d0fbc110929ccaae75406d9c3c,7466b9e92ac09f6a5dd82cc928ebe1ea46d0e74c59f0dd6f937918d132a94618
D-toy,toy-complete-231,201,complete toy seeded case,True,validation/stage1-20261004-0100/toy.jsonl,232,8e0c418fbd3a274aadc914b1190c8371006634a0f109f77bf6907dc2e4b391db,24b3b91c7ba9fced51b89940adf1906561147a3f4bd01d54a2ef10b788aebc19,7466b9e92ac09f6a5dd82cc928ebe1ea46d0e74c59f0dd6f937918d132a94618
D-toy,toy-complete-232,201,complete toy seeded case,True,validation/stage1-20261004-0100/toy.jsonl,233,8e0c418fbd3a274aadc914b1190c8371006634a0f109f77bf6907dc2e4b391db,271927371bad8568d8af18d22c028158e311d55f98759e2e5b13d1be40f84ea7,7466b9e92ac09f6a5dd82cc928ebe1ea46d0e74c59f0dd6f937918d132a94618
D-toy,toy-complete-233,201,complete toy seeded case,True,validation/stage1-20261004-0100/toy.jsonl,234,8e0c418fbd3a274aadc914b1190c8371006634a0f109f77bf6907dc2e4b391db,a0edf48a2a309ed598b6a07362860475cf82abae0a770c5a7bc9e0f7be716437,7466b9e92ac09f6a5dd82cc928ebe1ea46d0e74c59f0dd6f937918d132a94618
D-toy,toy-complete-234,201,complete toy seeded case,True,validation/stage1-20261004-0100/toy.jsonl,235,8e0c418fbd3a274aadc914b1190c8371006634a0f109f77bf6907dc2e4b391db,b99146bd64c1e37a0fdcb711d13c421c8b42b70a911650b7e5be73c571ade7ef,7466b9e92ac09f6a5dd82cc928ebe1ea46d0e74c59f0dd6f937918d132a94618
D-toy,toy-complete-235,201,complete toy seeded case,True,validation/stage1-20261004-0100/toy.jsonl,236,8e0c418fbd3a274aadc914b1190c8371006634a0f109f77bf6907dc2e4b391db,7cf25584efc43055b1e6e58c91906df50d7b06f551daabb97ffb6517f4c75625,7466b9e92ac09f6a5dd82cc928ebe1ea46d0e74c59f0dd6f937918d132a94618
D-toy,toy-complete-236,201,complete toy seeded case,True,validation/stage1-20261004-0100/toy.jsonl,237,8e0c418fbd3a274aadc914b1190c8371006634a0f109f77bf6907dc2e4b391db,246056e4918834d32afe1aa71a24bbd672608c49e6c2c45299003fb88586f41a,7466b9e92ac09f6a5dd82cc928ebe1ea46d0e74c59f0dd6f937918d132a94618
D-toy,toy-complete-237,201,complete toy seeded case,True,validation/stage1-20261004-0100/toy.jsonl,238,8e0c418fbd3a274aadc914b1190c8371006634a0f109f77bf6907dc2e4b391db,0ff370a49220ccd93799da81b201a470ed72daf97dee832c5b1ec3155622e546,7466b9e92ac09f6a5dd82cc928ebe1ea46d0e74c59f0dd6f937918d132a94618
D-toy,toy-complete-238,201,complete toy seeded case,True,validation/stage1-20261004-0100/toy.jsonl,239,8e0c418fbd3a274aadc914b1190c8371006634a0f109f77bf6907dc2e4b391db,b97611db6a5dee69cdeadff3cd9098b5df8a4525c3c562c6e09330cc75428c39,7466b9e92ac09f6a5dd82cc928ebe1ea46d0e74c59f0dd6f937918d132a94618
D-toy,toy-complete-239,201,complete toy seeded case,True,validation/stage1-20261004-0100/toy.jsonl,240,8e0c418fbd3a274aadc914b1190c8371006634a0f109f77bf6907dc2e4b391db,57d1bfa0f0fc1594ed8861d5cca89e3d3bed5049a32a190ab5234f20a634f9a0,7466b9e92ac09f6a5dd82cc928ebe1ea46d0e74c59f0dd6f937918d132a94618
D-toy,toy-complete-240,201,complete toy seeded case,True,validation/stage1-20261004-0100/toy.jsonl,241,8e0c418fbd3a274aadc914b1190c8371006634a0f109f77bf6907dc2e4b391db,5534c8a1e653074a8210128acbefd60fb681bcf0e600211cbada5cb4c36bb20e,7466b9e92ac09f6a5dd82cc928ebe1ea46d0e74c59f0dd6f937918d132a94618
D-toy,toy-complete-241,201,complete toy seeded case,True,validation/stage1-20261004-0100/toy.jsonl,242,8e0c418fbd3a274aadc914b1190c8371006634a0f109f77bf6907dc2e4b391db,1bd94e8972f502122d3c791843cfcb5e516a68b2d186a4365fbdf9359d40a5ff,7466b9e92ac09f6a5dd82cc928ebe1ea46d0e74c59f0dd6f937918d132a94618
D-toy,toy-complete-242,201,complete toy seeded case,True,validation/stage1-20261004-0100/toy.jsonl,243,8e0c418fbd3a274aadc914b1190c8371006634a0f109f77bf6907dc2e4b391db,778f5110f0405c599a6a87a77151f25f636985560d2c600503d8d8fa24eceb97,7466b9e92ac09f6a5dd82cc928ebe1ea46d0e74c59f0dd6f937918d132a94618
D-toy,toy-complete-243,201,complete toy seeded case,True,validation/stage1-20261004-0100/toy.jsonl,244,8e0c418fbd3a274aadc914b1190c8371006634a0f109f77bf6907dc2e4b391db,7bdcf8ccc0d9cd1c9e4ba487d7f02fdd374867a7b0ccfb498f7d08275b510d31,7466b9e92ac09f6a5dd82cc928ebe1ea46d0e74c59f0dd6f937918d132a94618
D-toy,toy-complete-244,201,complete toy seeded case,True,validation/stage1-20261004-0100/toy.jsonl,245,8e0c418fbd3a274aadc914b1190c8371006634a0f109f77bf6907dc2e4b391db,6cd4bb4c77fb6cc091e86e3b573399dee41fcdcfb717991cd077b762ce566aaa,7466b9e92ac09f6a5dd82cc928ebe1ea46d0e74c59f0dd6f937918d132a94618
D-toy,toy-complete-245,201,complete toy seeded case,True,validation/stage1-20261004-0100/toy.jsonl,246,8e0c418fbd3a274aadc914b1190c8371006634a0f109f77bf6907dc2e4b391db,a19b42a9af576afe4004a655365896a6b53d1a57cbb7d578ab3b927fe539d9de,7466b9e92ac09f6a5dd82cc928ebe1ea46d0e74c59f0dd6f937918d132a94618
D-toy,toy-complete-246,201,complete toy seeded case,True,validation/stage1-20261004-0100/toy.jsonl,247,8e0c418fbd3a274aadc914b1190c8371006634a0f109f77bf6907dc2e4b391db,c2aa96de17860bea1685271784daa5e308393ca525a0b26d7ddd6f6265ee4237,7466b9e92ac09f6a5dd82cc928ebe1ea46d0e74c59f0dd6f937918d132a94618
D-toy,toy-complete-247,201,complete toy seeded case,True,validation/stage1-20261004-0100/toy.jsonl,248,8e0c418fbd3a274aadc914b1190c8371006634a0f109f77bf6907dc2e4b391db,7f12c7f0d24f5b4c6fbe99b0f6a3afea255c059cf860283599b0447709f266dd,7466b9e92ac09f6a5dd82cc928ebe1ea46d0e74c59f0dd6f937918d132a94618
D-toy,toy-complete-248,201,complete toy seeded case,True,validation/stage1-20261004-0100/toy.jsonl,249,8e0c418fbd3a274aadc914b1190c8371006634a0f109f77bf6907dc2e4b391db,ddafdaceed3de55f3270948b962d5f54b31888d98ca1152eb871e3a426b75da5,7466b9e92ac09f6a5dd82cc928ebe1ea46d0e74c59f0dd6f937918d132a94618
D-toy,toy-complete-249,201,complete toy seeded case,True,validation/stage1-20261004-0100/toy.jsonl,250,8e0c418fbd3a274aadc914b1190c8371006634a0f109f77bf6907dc2e4b391db,04e656ab82ea9eb5d030a6052b6d180e4e8cff68100d413ffae5ffb7188569f4,7466b9e92ac09f6a5dd82cc928ebe1ea46d0e74c59f0dd6f937918d132a94618
D-toy,toy-complete-250,201,complete toy seeded case,True,validation/stage1-20261004-0100/toy.jsonl,251,8e0c418fbd3a274aadc914b1190c8371006634a0f109f77bf6907dc2e4b391db,e9c269b64d331f1345e671ed25aca5d613ecf7fd0a7435c7f048cf4a357158fb,7466b9e92ac09f6a5dd82cc928ebe1ea46d0e74c59f0dd6f937918d132a94618
D-toy,toy-complete-251,201,complete toy seeded case,True,validation/stage1-20261004-0100/toy.jsonl,252,8e0c418fbd3a274aadc914b1190c8371006634a0f109f77bf6907dc2e4b391db,6e16ffcfc8ce3a1a7f67368001ac6ca72f83a5686fd3d321f3381d5d5064eea4,7466b9e92ac09f6a5dd82cc928ebe1ea46d0e74c59f0dd6f937918d132a94618
D-toy,toy-complete-252,201,complete toy seeded case,True,validation/stage1-20261004-0100/toy.jsonl,253,8e0c418fbd3a274aadc914b1190c8371006634a0f109f77bf6907dc2e4b391db,236a12c9eefa027f343f03062a14d11abaf09a32fbcf7c5ec39616568654c812,7466b9e92ac09f6a5dd82cc928ebe1ea46d0e74c59f0dd6f937918d132a94618
D-toy,toy-complete-253,201,complete toy seeded case,True,validation/stage1-20261004-0100/toy.jsonl,254,8e0c418fbd3a274aadc914b1190c8371006634a0f109f77bf6907dc2e4b391db,79e11935b79e842736f9ef077869b460a649219d2dc4b70c6bd3407f85ff95f1,7466b9e92ac09f6a5dd82cc928ebe1ea46d0e74c59f0dd6f937918d132a94618
D-toy,toy-complete-254,201,complete toy seeded case,True,validation/stage1-20261004-0100/toy.jsonl,255,8e0c418fbd3a274aadc914b1190c8371006634a0f109f77bf6907dc2e4b391db,92edd1205077592085b5c54596836519b3c594e87044b1a95b62249bfe9c27fb,7466b9e92ac09f6a5dd82cc928ebe1ea46d0e74c59f0dd6f937918d132a94618
D-toy,toy-complete-255,201,complete toy seeded case,True,validation/stage1-20261004-0100/toy.jsonl,256,8e0c418fbd3a274aadc914b1190c8371006634a0f109f77bf6907dc2e4b391db,23a5650de611786d32b4d533d2392de3413fbbe76470dd26698166e45f7972fb,7466b9e92ac09f6a5dd82cc928ebe1ea46d0e74c59f0dd6f937918d132a94618
D-toy,toy-complete-256,201,complete toy seeded case,True,validation/stage1-20261004-0100/toy.jsonl,257,8e0c418fbd3a274aadc914b1190c8371006634a0f109f77bf6907dc2e4b391db,365c04471bb3fc2116daca9e77dc653502fad33b1100a16f00d3c9f5f22145cb,7466b9e92ac09f6a5dd82cc928ebe1ea46d0e74c59f0dd6f937918d132a94618
D-toy,toy-complete-257,201,complete toy seeded case,True,validation/stage1-20261004-0100/toy.jsonl,258,8e0c418fbd3a274aadc914b1190c8371006634a0f109f77bf6907dc2e4b391db,314218ebff764970b3472d45576cd1dae0a58af7b2055c0c5566d62fe9585de1,7466b9e92ac09f6a5dd82cc928ebe1ea46d0e74c59f0dd6f937918d132a94618
D-toy,toy-complete-258,201,complete toy seeded case,True,validation/stage1-20261004-0100/toy.jsonl,259,8e0c418fbd3a274aadc914b1190c8371006634a0f109f77bf6907dc2e4b391db,5c01998d8c3d7aeaf581b9a2db6addc7b29a81f8686e4661a971e21da21863e1,7466b9e92ac09f6a5dd82cc928ebe1ea46d0e74c59f0dd6f937918d132a94618
D-toy,toy-complete-259,201,complete toy seeded case,True,validation/stage1-20261004-0100/toy.jsonl,260,8e0c418fbd3a274aadc914b1190c8371006634a0f109f77bf6907dc2e4b391db,85f4a7bd80f69caae8373a25c6f09436d1116af3202a8b6e0853385f31ae0683,7466b9e92ac09f6a5dd82cc928ebe1ea46d0e74c59f0dd6f937918d132a94618
D-toy,toy-complete-260,201,complete toy seeded case,True,validation/stage1-20261004-0100/toy.jsonl,261,8e0c418fbd3a274aadc914b1190c8371006634a0f109f77bf6907dc2e4b391db,1f1ef95aea2673ed87efb51b7d2e53d05f9449ca794414eea68271ea7d2ad371,7466b9e92ac09f6a5dd82cc928ebe1ea46d0e74c59f0dd6f937918d132a94618
D-toy,toy-complete-261,201,complete toy seeded case,True,validation/stage1-20261004-0100/toy.jsonl,262,8e0c418fbd3a274aadc914b1190c8371006634a0f109f77bf6907dc2e4b391db,1434024044b0565995174618407a68f2cde533de7e85f0944c7f546369db64b5,7466b9e92ac09f6a5dd82cc928ebe1ea46d0e74c59f0dd6f937918d132a94618
D-toy,toy-complete-262,201,complete toy seeded case,True,validation/stage1-20261004-0100/toy.jsonl,263,8e0c418fbd3a274aadc914b1190c8371006634a0f109f77bf6907dc2e4b391db,fcd361c24ffd8fec05fb86a404a46445bd4fd81fb0b1661e1a0452a58fc42cb0,7466b9e92ac09f6a5dd82cc928ebe1ea46d0e74c59f0dd6f937918d132a94618
D-toy,toy-complete-263,201,complete toy seeded case,True,validation/stage1-20261004-0100/toy.jsonl,264,8e0c418fbd3a274aadc914b1190c8371006634a0f109f77bf6907dc2e4b391db,7a02d52460f8f071689422a01e7cedf9951e757a4ea45012d55c2536ee38e22c,7466b9e92ac09f6a5dd82cc928ebe1ea46d0e74c59f0dd6f937918d132a94618
D-toy,toy-complete-264,201,complete toy seeded case,True,validation/stage1-20261004-0100/toy.jsonl,265,8e0c418fbd3a274aadc914b1190c8371006634a0f109f77bf6907dc2e4b391db,942a7a1a7fb6db7e2367ed5ff0ad249158cb327042bf8be8ce92f8486cf2ea67,7466b9e92ac09f6a5dd82cc928ebe1ea46d0e74c59f0dd6f937918d132a94618
D-toy,toy-complete-265,201,complete toy seeded case,True,validation/stage1-20261004-0100/toy.jsonl,266,8e0c418fbd3a274aadc914b1190c8371006634a0f109f77bf6907dc2e4b391db,d439fd4b4e946f619308e8c820d901768c601bfb054379261594ca8b189f72c1,7466b9e92ac09f6a5dd82cc928ebe1ea46d0e74c59f0dd6f937918d132a94618
D-toy,toy-complete-266,201,complete toy seeded case,True,validation/stage1-20261004-0100/toy.jsonl,267,8e0c418fbd3a274aadc914b1190c8371006634a0f109f77bf6907dc2e4b391db,9211c13a7610c4979097f19dbdf39d8d5c779ab5c4dc6f76233567acf193087d,7466b9e92ac09f6a5dd82cc928ebe1ea46d0e74c59f0dd6f937918d132a94618
D-toy,toy-complete-267,201,complete toy seeded case,True,validation/stage1-20261004-0100/toy.jsonl,268,8e0c418fbd3a274aadc914b1190c8371006634a0f109f77bf6907dc2e4b391db,7cf70e305bfec6a578cb5de794262908690fbaa35b5deef06c49f08e69ff6670,7466b9e92ac09f6a5dd82cc928ebe1ea46d0e74c59f0dd6f937918d132a94618
D-toy,toy-complete-268,201,complete toy seeded case,True,validation/stage1-20261004-0100/toy.jsonl,269,8e0c418fbd3a274aadc914b1190c8371006634a0f109f77bf6907dc2e4b391db,fb2a6cd89230a25fb0b08fda9a69351e8ce5b41143c22ad0d08c90e80e46dbd2,7466b9e92ac09f6a5dd82cc928ebe1ea46d0e74c59f0dd6f937918d132a94618
D-toy,toy-complete-269,201,complete toy seeded case,True,validation/stage1-20261004-0100/toy.jsonl,270,8e0c418fbd3a274aadc914b1190c8371006634a0f109f77bf6907dc2e4b391db,66dc94593889025949a0a8a36142a71b7dad29ab1eed2af0fc5f3747f896ab01,7466b9e92ac09f6a5dd82cc928ebe1ea46d0e74c59f0dd6f937918d132a94618
D-toy,toy-complete-270,201,complete toy seeded case,True,validation/stage1-20261004-0100/toy.jsonl,271,8e0c418fbd3a274aadc914b1190c8371006634a0f109f77bf6907dc2e4b391db,0f3ed33d3e6b6117b75a621a1f33d5b3775d825c995469841d62206e8643d1d3,7466b9e92ac09f6a5dd82cc928ebe1ea46d0e74c59f0dd6f937918d132a94618
D-toy,toy-complete-271,201,complete toy seeded case,True,validation/stage1-20261004-0100/toy.jsonl,272,8e0c418fbd3a274aadc914b1190c8371006634a0f109f77bf6907dc2e4b391db,fe36eb46e70fe4548c7e2650c2e9914d8d11b7634f995ecc15bc6d2790a098a3,7466b9e92ac09f6a5dd82cc928ebe1ea46d0e74c59f0dd6f937918d132a94618
D-toy,toy-complete-272,201,complete toy seeded case,True,validation/stage1-20261004-0100/toy.jsonl,273,8e0c418fbd3a274aadc914b1190c8371006634a0f109f77bf6907dc2e4b391db,4930c3a41aa751575c7e31290d567963c79821435cbe58714e7ab5baa37f5136,7466b9e92ac09f6a5dd82cc928ebe1ea46d0e74c59f0dd6f937918d132a94618
D-toy,toy-complete-273,201,complete toy seeded case,True,validation/stage1-20261004-0100/toy.jsonl,274,8e0c418fbd3a274aadc914b1190c8371006634a0f109f77bf6907dc2e4b391db,0856cf84d828964f8c20058618c7eed6f793aaa80d7eb667bebee83c65be2302,7466b9e92ac09f6a5dd82cc928ebe1ea46d0e74c59f0dd6f937918d132a94618
D-toy,toy-complete-274,201,complete toy seeded case,True,validation/stage1-20261004-0100/toy.jsonl,275,8e0c418fbd3a274aadc914b1190c8371006634a0f109f77bf6907dc2e4b391db,a72943d0f5e58d95dfb8ca6361d55939d54c73ef04470f00860a6a915d1a9cfc,7466b9e92ac09f6a5dd82cc928ebe1ea46d0e74c59f0dd6f937918d132a94618
D-toy,toy-complete-275,201,complete toy seeded case,True,validation/stage1-20261004-0100/toy.jsonl,276,8e0c418fbd3a274aadc914b1190c8371006634a0f109f77bf6907dc2e4b391db,dabe3a8883ca0d273519d99ab403cf9e0091a90a8b082e1a6bf0dc3a6ab0ea9a,7466b9e92ac09f6a5dd82cc928ebe1ea46d0e74c59f0dd6f937918d132a94618
D-toy,toy-complete-276,201,complete toy seeded case,True,validation/stage1-20261004-0100/toy.jsonl,277,8e0c418fbd3a274aadc914b1190c8371006634a0f109f77bf6907dc2e4b391db,18eb8d33a8d1f3109d7edec3293eb9332bdf36f49e3c709e39c9a989fd7c3d20,7466b9e92ac09f6a5dd82cc928ebe1ea46d0e74c59f0dd6f937918d132a94618
D-toy,toy-complete-277,201,complete toy seeded case,True,validation/stage1-20261004-0100/toy.jsonl,278,8e0c418fbd3a274aadc914b1190c8371006634a0f109f77bf6907dc2e4b391db,d0ad67466759728fd89cb04b8a39ca6b639544cdbb66b37dc70f6206ae27b7da,7466b9e92ac09f6a5dd82cc928ebe1ea46d0e74c59f0dd6f937918d132a94618
D-toy,toy-complete-278,201,complete toy seeded case,True,validation/stage1-20261004-0100/toy.jsonl,279,8e0c418fbd3a274aadc914b1190c8371006634a0f109f77bf6907dc2e4b391db,eee631b126742d26db93eb1375d7fceb68fd74c7ac51406852e509baf12ac3aa,7466b9e92ac09f6a5dd82cc928ebe1ea46d0e74c59f0dd6f937918d132a94618
D-toy,toy-complete-279,201,complete toy seeded case,True,validation/stage1-20261004-0100/toy.jsonl,280,8e0c418fbd3a274aadc914b1190c8371006634a0f109f77bf6907dc2e4b391db,8b08e57f98885b64db01ede210b66e854145bcced8ebbfabb4dfc5ffc6aa4ae4,7466b9e92ac09f6a5dd82cc928ebe1ea46d0e74c59f0dd6f937918d132a94618
D-toy,toy-complete-280,201,complete toy seeded case,True,validation/stage1-20261004-0100/toy.jsonl,281,8e0c418fbd3a274aadc914b1190c8371006634a0f109f77bf6907dc2e4b391db,5bd423b0c8624121ead368079c4528b54a225c61c007ebaf05b0da3084204fa1,7466b9e92ac09f6a5dd82cc928ebe1ea46d0e74c59f0dd6f937918d132a94618
D-toy,toy-complete-281,201,complete toy seeded case,True,validation/stage1-20261004-0100/toy.jsonl,282,8e0c418fbd3a274aadc914b1190c8371006634a0f109f77bf6907dc2e4b391db,8173c5e2b6e3b7b8621f35a7bc49827b200cff999efdc54cdbe3686b7010ec4f,7466b9e92ac09f6a5dd82cc928ebe1ea46d0e74c59f0dd6f937918d132a94618
D-toy,toy-complete-282,201,complete toy seeded case,True,validation/stage1-20261004-0100/toy.jsonl,283,8e0c418fbd3a274aadc914b1190c8371006634a0f109f77bf6907dc2e4b391db,530b496fddd8e3ba934e5766f5e5a9421fa056cd049596d5b5bc0bd973b144d2,7466b9e92ac09f6a5dd82cc928ebe1ea46d0e74c59f0dd6f937918d132a94618
D-toy,toy-complete-283,201,complete toy seeded case,True,validation/stage1-20261004-0100/toy.jsonl,284,8e0c418fbd3a274aadc914b1190c8371006634a0f109f77bf6907dc2e4b391db,2533ab75febb69e8e5b3dab5fc80d58f65819190156cf15063f94916679a46ab,7466b9e92ac09f6a5dd82cc928ebe1ea46d0e74c59f0dd6f937918d132a94618
D-toy,toy-complete-284,201,complete toy seeded case,True,validation/stage1-20261004-0100/toy.jsonl,285,8e0c418fbd3a274aadc914b1190c8371006634a0f109f77bf6907dc2e4b391db,4e534850a80c074ee058637f857e20b9f4ba7f829348c5d63822cb0b649c6428,7466b9e92ac09f6a5dd82cc928ebe1ea46d0e74c59f0dd6f937918d132a94618
D-toy,toy-complete-285,201,complete toy seeded case,True,validation/stage1-20261004-0100/toy.jsonl,286,8e0c418fbd3a274aadc914b1190c8371006634a0f109f77bf6907dc2e4b391db,503a3ac131ea209c56015f4849abab1ca0e71dbbfbf1f5de15759b993ad8dec9,7466b9e92ac09f6a5dd82cc928ebe1ea46d0e74c59f0dd6f937918d132a94618
D-toy,toy-complete-286,201,complete toy seeded case,True,validation/stage1-20261004-0100/toy.jsonl,287,8e0c418fbd3a274aadc914b1190c8371006634a0f109f77bf6907dc2e4b391db,2766dfd7c560d44fee25c87888165c092f32eb9e5b7ad4f07dccec0ee11fb1ec,7466b9e92ac09f6a5dd82cc928ebe1ea46d0e74c59f0dd6f937918d132a94618
D-toy,toy-complete-287,201,complete toy seeded case,True,validation/stage1-20261004-0100/toy.jsonl,288,8e0c418fbd3a274aadc914b1190c8371006634a0f109f77bf6907dc2e4b391db,28c45f45ca316410e46b925ab96d1d31fdba598dd5219ce7f78d47a37a5c7fba,7466b9e92ac09f6a5dd82cc928ebe1ea46d0e74c59f0dd6f937918d132a94618
D-toy,toy-complete-288,201,complete toy seeded case,True,validation/stage1-20261004-0100/toy.jsonl,289,8e0c418fbd3a274aadc914b1190c8371006634a0f109f77bf6907dc2e4b391db,69fa8c6d2e1d41df8690899ae46e9fcf9baaeb9b719a22ebfa1847c99ac8a16b,7466b9e92ac09f6a5dd82cc928ebe1ea46d0e74c59f0dd6f937918d132a94618
D-toy,toy-complete-289,201,complete toy seeded case,True,validation/stage1-20261004-0100/toy.jsonl,290,8e0c418fbd3a274aadc914b1190c8371006634a0f109f77bf6907dc2e4b391db,77fce9b8ee28be14a3841fae9f7669bfc2ff32c384e5e73c39faf8b431ca48db,7466b9e92ac09f6a5dd82cc928ebe1ea46d0e74c59f0dd6f937918d132a94618
D-toy,toy-complete-290,201,complete toy seeded case,True,validation/stage1-20261004-0100/toy.jsonl,291,8e0c418fbd3a274aadc914b1190c8371006634a0f109f77bf6907dc2e4b391db,5119ed2cf36aa65854af64d9bd2378dfa03606a6a0268f991886ae3a148f2987,7466b9e92ac09f6a5dd82cc928ebe1ea46d0e74c59f0dd6f937918d132a94618
D-toy,toy-complete-291,201,complete toy seeded case,True,validation/stage1-20261004-0100/toy.jsonl,292,8e0c418fbd3a274aadc914b1190c8371006634a0f109f77bf6907dc2e4b391db,a6b7100cdb879c58107db81dae0f17d504b688cfef7f81a2520c2371df88fa40,7466b9e92ac09f6a5dd82cc928ebe1ea46d0e74c59f0dd6f937918d132a94618
D-toy,toy-complete-292,201,complete toy seeded case,True,validation/stage1-20261004-0100/toy.jsonl,293,8e0c418fbd3a274aadc914b1190c8371006634a0f109f77bf6907dc2e4b391db,faf521ec81c9d87821b703364969c40908e9564edab7fe89ff56a40d7c10cc2b,7466b9e92ac09f6a5dd82cc928ebe1ea46d0e74c59f0dd6f937918d132a94618
D-toy,toy-complete-293,201,complete toy seeded case,True,validation/stage1-20261004-0100/toy.jsonl,294,8e0c418fbd3a274aadc914b1190c8371006634a0f109f77bf6907dc2e4b391db,1e6f3d19a1e4614d3d32aca380f9f8ebf72767e03c441b1b0f28d256d5f25bc6,7466b9e92ac09f6a5dd82cc928ebe1ea46d0e74c59f0dd6f937918d132a94618
D-toy,toy-complete-294,201,complete toy seeded case,True,validation/stage1-20261004-0100/toy.jsonl,295,8e0c418fbd3a274aadc914b1190c8371006634a0f109f77bf6907dc2e4b391db,2b2ff587aa0932cc7c579a05fa4f25d120788f2d3646236f7fcba08d8025f2ec,7466b9e92ac09f6a5dd82cc928ebe1ea46d0e74c59f0dd6f937918d132a94618
D-toy,toy-complete-295,201,complete toy seeded case,True,validation/stage1-20261004-0100/toy.jsonl,296,8e0c418fbd3a274aadc914b1190c8371006634a0f109f77bf6907dc2e4b391db,a3cf7b31b2a0a4ba3b8ea5087f457c6d92c7679536ec4e92e4f984b3cd7fe02c,7466b9e92ac09f6a5dd82cc928ebe1ea46d0e74c59f0dd6f937918d132a94618
D-toy,toy-complete-296,201,complete toy seeded case,True,validation/stage1-20261004-0100/toy.jsonl,297,8e0c418fbd3a274aadc914b1190c8371006634a0f109f77bf6907dc2e4b391db,61131b8ebb683b8c5cdb299ab5aee4eec317a8a4c59524cf69feaa7a09b1b3c6,7466b9e92ac09f6a5dd82cc928ebe1ea46d0e74c59f0dd6f937918d132a94618
D-toy,toy-complete-297,201,complete toy seeded case,True,validation/stage1-20261004-0100/toy.jsonl,298,8e0c418fbd3a274aadc914b1190c8371006634a0f109f77bf6907dc2e4b391db,f06c3fb5a21881880035aa5375cf8f77e23cca0150ad2a5e9135c460c7d4f7df,7466b9e92ac09f6a5dd82cc928ebe1ea46d0e74c59f0dd6f937918d132a94618
D-toy,toy-complete-298,201,complete toy seeded case,True,validation/stage1-20261004-0100/toy.jsonl,299,8e0c418fbd3a274aadc914b1190c8371006634a0f109f77bf6907dc2e4b391db,64f74f02e39423500e718823c6d1a7afe09cdd8636b209a491f571bee26f297c,7466b9e92ac09f6a5dd82cc928ebe1ea46d0e74c59f0dd6f937918d132a94618
D-toy,toy-complete-299,201,complete toy seeded case,True,validation/stage1-20261004-0100/toy.jsonl,300,8e0c418fbd3a274aadc914b1190c8371006634a0f109f77bf6907dc2e4b391db,ddb94f3c9daab9b8a6d404ce6d82d6672f37ec2c8365bb5c7e586fe894edb5c8,7466b9e92ac09f6a5dd82cc928ebe1ea46d0e74c59f0dd6f937918d132a94618
D-toy,toy-complete-300,201,complete toy seeded case,True,validation/stage1-20261004-0100/toy.jsonl,301,8e0c418fbd3a274aadc914b1190c8371006634a0f109f77bf6907dc2e4b391db,79f0eec4d391fecdc922fbef9675066dd719c0d9f7967a2892ea9b96117e2fa3,7466b9e92ac09f6a5dd82cc928ebe1ea46d0e74c59f0dd6f937918d132a94618
D-toy,toy-complete-301,201,complete toy seeded case,True,validation/stage1-20261004-0100/toy.jsonl,302,8e0c418fbd3a274aadc914b1190c8371006634a0f109f77bf6907dc2e4b391db,16db3bd7eb68881df21364f7fc32a20d9281f4828b412ae0ca3fbe85a196858e,7466b9e92ac09f6a5dd82cc928ebe1ea46d0e74c59f0dd6f937918d132a94618
D-toy,toy-complete-302,201,complete toy seeded case,True,validation/stage1-20261004-0100/toy.jsonl,303,8e0c418fbd3a274aadc914b1190c8371006634a0f109f77bf6907dc2e4b391db,e791872787e52e86736d653abe107f51d3df4eaae907359b49987ac1458b522d,7466b9e92ac09f6a5dd82cc928ebe1ea46d0e74c59f0dd6f937918d132a94618
D-toy,toy-complete-303,201,complete toy seeded case,True,validation/stage1-20261004-0100/toy.jsonl,304,8e0c418fbd3a274aadc914b1190c8371006634a0f109f77bf6907dc2e4b391db,44502b0f6e530d85d6d2f40dc36fd7de2341384ba8fcdc2813a2b0b189c2d28b,7466b9e92ac09f6a5dd82cc928ebe1ea46d0e74c59f0dd6f937918d132a94618
D-toy,toy-complete-304,201,complete toy seeded case,True,validation/stage1-20261004-0100/toy.jsonl,305,8e0c418fbd3a274aadc914b1190c8371006634a0f109f77bf6907dc2e4b391db,10ff71f0bd0a61c357cee2f71e0578fe797cb866c615a310fa311a8072646d06,7466b9e92ac09f6a5dd82cc928ebe1ea46d0e74c59f0dd6f937918d132a94618
D-toy,toy-complete-305,201,complete toy seeded case,True,validation/stage1-20261004-0100/toy.jsonl,306,8e0c418fbd3a274aadc914b1190c8371006634a0f109f77bf6907dc2e4b391db,8be54e199cc36237a718e687405a3eebad658bb18d4ed17f8a92edb0e6c202b3,7466b9e92ac09f6a5dd82cc928ebe1ea46d0e74c59f0dd6f937918d132a94618
D-toy,toy-complete-306,201,complete toy seeded case,True,validation/stage1-20261004-0100/toy.jsonl,307,8e0c418fbd3a274aadc914b1190c8371006634a0f109f77bf6907dc2e4b391db,2a3b5a390381c2431e58a999bc3baa3828fb965d6d236f4ccd8712bd0886ff28,7466b9e92ac09f6a5dd82cc928ebe1ea46d0e74c59f0dd6f937918d132a94618
D-toy,toy-complete-307,201,complete toy seeded case,True,validation/stage1-20261004-0100/toy.jsonl,308,8e0c418fbd3a274aadc914b1190c8371006634a0f109f77bf6907dc2e4b391db,230586476e87ccad9c9425768f00cf876a59451848660a588a46ed9de059960c,7466b9e92ac09f6a5dd82cc928ebe1ea46d0e74c59f0dd6f937918d132a94618
D-toy,toy-complete-308,201,complete toy seeded case,True,validation/stage1-20261004-0100/toy.jsonl,309,8e0c418fbd3a274aadc914b1190c8371006634a0f109f77bf6907dc2e4b391db,51dbca0beb1edd211c42648de28b7aec2558041b11331d99928765b20669d86f,7466b9e92ac09f6a5dd82cc928ebe1ea46d0e74c59f0dd6f937918d132a94618
D-toy,toy-complete-309,201,complete toy seeded case,True,validation/stage1-20261004-0100/toy.jsonl,310,8e0c418fbd3a274aadc914b1190c8371006634a0f109f77bf6907dc2e4b391db,9312ad2d4e7e6b6f876857a8f3ba80fb7b93484952454718f97b1bfcc44c91a5,7466b9e92ac09f6a5dd82cc928ebe1ea46d0e74c59f0dd6f937918d132a94618
D-toy,toy-complete-310,201,complete toy seeded case,True,validation/stage1-20261004-0100/toy.jsonl,311,8e0c418fbd3a274aadc914b1190c8371006634a0f109f77bf6907dc2e4b391db,13e0cf46a8ecc5f65f9048cc6e941287dc278c0bcb6949e3d7a920395585e7cb,7466b9e92ac09f6a5dd82cc928ebe1ea46d0e74c59f0dd6f937918d132a94618
D-toy,toy-complete-311,201,complete toy seeded case,True,validation/stage1-20261004-0100/toy.jsonl,312,8e0c418fbd3a274aadc914b1190c8371006634a0f109f77bf6907dc2e4b391db,3c45f7e0cbea375cb61fc9db28a434a89650e072f0c1689adc37026308bb840a,7466b9e92ac09f6a5dd82cc928ebe1ea46d0e74c59f0dd6f937918d132a94618
D-toy,toy-complete-312,201,complete toy seeded case,True,validation/stage1-20261004-0100/toy.jsonl,313,8e0c418fbd3a274aadc914b1190c8371006634a0f109f77bf6907dc2e4b391db,70a92d1ed165d0a29c25db1aee9e09f4cf432661ac79c9892a7c1e5986bb54d6,7466b9e92ac09f6a5dd82cc928ebe1ea46d0e74c59f0dd6f937918d132a94618
D-toy,toy-complete-313,201,complete toy seeded case,True,validation/stage1-20261004-0100/toy.jsonl,314,8e0c418fbd3a274aadc914b1190c8371006634a0f109f77bf6907dc2e4b391db,30fd83718fc1c0722e74abf8149008656e96d5220cf8a86fb47c9dcb11be5875,7466b9e92ac09f6a5dd82cc928ebe1ea46d0e74c59f0dd6f937918d132a94618
D-toy,toy-complete-314,201,complete toy seeded case,True,validation/stage1-20261004-0100/toy.jsonl,315,8e0c418fbd3a274aadc914b1190c8371006634a0f109f77bf6907dc2e4b391db,1c8b763fa1597b1edc26f10ac4ec49254e7c20549beaf3054df148570ee75bd3,7466b9e92ac09f6a5dd82cc928ebe1ea46d0e74c59f0dd6f937918d132a94618
D-toy,toy-complete-315,201,complete toy seeded case,True,validation/stage1-20261004-0100/toy.jsonl,316,8e0c418fbd3a274aadc914b1190c8371006634a0f109f77bf6907dc2e4b391db,60f20798fbd75fb662cddd9079cc1cca0a2aa3375f3525fd1c8958d0f97c8318,7466b9e92ac09f6a5dd82cc928ebe1ea46d0e74c59f0dd6f937918d132a94618
D-toy,toy-complete-316,201,complete toy seeded case,True,validation/stage1-20261004-0100/toy.jsonl,317,8e0c418fbd3a274aadc914b1190c8371006634a0f109f77bf6907dc2e4b391db,543ed2fb535afbc1f769e0a097ea58b6c5227941014334bea523a67cc9dcf344,7466b9e92ac09f6a5dd82cc928ebe1ea46d0e74c59f0dd6f937918d132a94618
D-toy,toy-complete-317,201,complete toy seeded case,True,validation/stage1-20261004-0100/toy.jsonl,318,8e0c418fbd3a274aadc914b1190c8371006634a0f109f77bf6907dc2e4b391db,af59950a47c4787635d4a7148612e5e701f199cfda76257e11f3ca79d5dc9594,7466b9e92ac09f6a5dd82cc928ebe1ea46d0e74c59f0dd6f937918d132a94618
D-toy,toy-complete-318,201,complete toy seeded case,True,validation/stage1-20261004-0100/toy.jsonl,319,8e0c418fbd3a274aadc914b1190c8371006634a0f109f77bf6907dc2e4b391db,ef8c31f86a5c40dbeabdfcb515b5321512c64429691ab16b3ba77454e0cf1fba,7466b9e92ac09f6a5dd82cc928ebe1ea46d0e74c59f0dd6f937918d132a94618
D-toy,toy-complete-319,201,complete toy seeded case,True,validation/stage1-20261004-0100/toy.jsonl,320,8e0c418fbd3a274aadc914b1190c8371006634a0f109f77bf6907dc2e4b391db,113f2f2083a17527b0cf4ac8ea2b76f5043e93f0949a27f170a7d17424b26312,7466b9e92ac09f6a5dd82cc928ebe1ea46d0e74c59f0dd6f937918d132a94618
D-toy,toy-complete-320,201,complete toy seeded case,True,validation/stage1-20261004-0100/toy.jsonl,321,8e0c418fbd3a274aadc914b1190c8371006634a0f109f77bf6907dc2e4b391db,694f8f90d22e7102cfc64b2b4f4587d055a4a9d7287e8184802904351d5d3d48,7466b9e92ac09f6a5dd82cc928ebe1ea46d0e74c59f0dd6f937918d132a94618
D-toy,toy-complete-321,201,complete toy seeded case,True,validation/stage1-20261004-0100/toy.jsonl,322,8e0c418fbd3a274aadc914b1190c8371006634a0f109f77bf6907dc2e4b391db,59aedcb3c2ae840bf3ca0818d7ab3c7d06c0e2d70b91743da4c586bf24a0229b,7466b9e92ac09f6a5dd82cc928ebe1ea46d0e74c59f0dd6f937918d132a94618
D-toy,toy-complete-322,201,complete toy seeded case,True,validation/stage1-20261004-0100/toy.jsonl,323,8e0c418fbd3a274aadc914b1190c8371006634a0f109f77bf6907dc2e4b391db,f35c5055fd1f0cbf95c156eaf1274e6a4ec9ec0a9646d2ca8844fb5f2e3593d3,7466b9e92ac09f6a5dd82cc928ebe1ea46d0e74c59f0dd6f937918d132a94618
D-toy,toy-complete-323,201,complete toy seeded case,True,validation/stage1-20261004-0100/toy.jsonl,324,8e0c418fbd3a274aadc914b1190c8371006634a0f109f77bf6907dc2e4b391db,ebc813781f42ec6ce1eabd98986781d6d5cb3b8ff47596c5894897e0a83aaa43,7466b9e92ac09f6a5dd82cc928ebe1ea46d0e74c59f0dd6f937918d132a94618
D-toy,toy-complete-324,201,complete toy seeded case,True,validation/stage1-20261004-0100/toy.jsonl,325,8e0c418fbd3a274aadc914b1190c8371006634a0f109f77bf6907dc2e4b391db,791178f530929bb8f44f4704ba287ac6a4260c1e23b235fa3b2bf785a116817a,7466b9e92ac09f6a5dd82cc928ebe1ea46d0e74c59f0dd6f937918d132a94618
D-toy,toy-complete-325,201,complete toy seeded case,True,validation/stage1-20261004-0100/toy.jsonl,326,8e0c418fbd3a274aadc914b1190c8371006634a0f109f77bf6907dc2e4b391db,159be4d945402120442b0acf9e576a75952196b41605dc48924833cf99a28f07,7466b9e92ac09f6a5dd82cc928ebe1ea46d0e74c59f0dd6f937918d132a94618
D-toy,toy-complete-326,201,complete toy seeded case,True,validation/stage1-20261004-0100/toy.jsonl,327,8e0c418fbd3a274aadc914b1190c8371006634a0f109f77bf6907dc2e4b391db,8026cc40d23de592271b271359484e0c7004f0a3b2a5d84284721b634d33995a,7466b9e92ac09f6a5dd82cc928ebe1ea46d0e74c59f0dd6f937918d132a94618
D-toy,toy-complete-327,201,complete toy seeded case,True,validation/stage1-20261004-0100/toy.jsonl,328,8e0c418fbd3a274aadc914b1190c8371006634a0f109f77bf6907dc2e4b391db,fa1ca1c51f1c9a89bc93012f26205070550c4b40712891ea138d659955ff2660,7466b9e92ac09f6a5dd82cc928ebe1ea46d0e74c59f0dd6f937918d132a94618
D-toy,toy-complete-328,201,complete toy seeded case,True,validation/stage1-20261004-0100/toy.jsonl,329,8e0c418fbd3a274aadc914b1190c8371006634a0f109f77bf6907dc2e4b391db,201119f03de9e774eddca8e1b380accfe635d4e8092cc593b762dec60d0f533d,7466b9e92ac09f6a5dd82cc928ebe1ea46d0e74c59f0dd6f937918d132a94618
D-toy,toy-complete-329,201,complete toy seeded case,True,validation/stage1-20261004-0100/toy.jsonl,330,8e0c418fbd3a274aadc914b1190c8371006634a0f109f77bf6907dc2e4b391db,9919566131f29a3837fc4286b6425f976e60b60978f7e9afd8a90c440740d618,7466b9e92ac09f6a5dd82cc928ebe1ea46d0e74c59f0dd6f937918d132a94618
D-toy,toy-complete-330,201,complete toy seeded case,True,validation/stage1-20261004-0100/toy.jsonl,331,8e0c418fbd3a274aadc914b1190c8371006634a0f109f77bf6907dc2e4b391db,f402624245e6d2654ff7ede61fe6c7a079eecf2b838dfd74ee4c1214047a0c91,7466b9e92ac09f6a5dd82cc928ebe1ea46d0e74c59f0dd6f937918d132a94618
D-toy,toy-complete-331,201,complete toy seeded case,True,validation/stage1-20261004-0100/toy.jsonl,332,8e0c418fbd3a274aadc914b1190c8371006634a0f109f77bf6907dc2e4b391db,147e15431579bd211a4d1c82a96448cf7c8c53210cc9ed0f628a5e4e521eb529,7466b9e92ac09f6a5dd82cc928ebe1ea46d0e74c59f0dd6f937918d132a94618
D-toy,toy-complete-332,201,complete toy seeded case,True,validation/stage1-20261004-0100/toy.jsonl,333,8e0c418fbd3a274aadc914b1190c8371006634a0f109f77bf6907dc2e4b391db,40173477116e6f8b57ef651d27024a63fd9201a5ba4dbec13d9cc2ae51b44455,7466b9e92ac09f6a5dd82cc928ebe1ea46d0e74c59f0dd6f937918d132a94618
D-toy,toy-complete-333,201,complete toy seeded case,True,validation/stage1-20261004-0100/toy.jsonl,334,8e0c418fbd3a274aadc914b1190c8371006634a0f109f77bf6907dc2e4b391db,4dfa5480d161234c44096b154c5e96e7fc7bf5a23cb5fd71ca8001c97ec7b63d,7466b9e92ac09f6a5dd82cc928ebe1ea46d0e74c59f0dd6f937918d132a94618
D-toy,toy-complete-334,201,complete toy seeded case,True,validation/stage1-20261004-0100/toy.jsonl,335,8e0c418fbd3a274aadc914b1190c8371006634a0f109f77bf6907dc2e4b391db,a16d66aaa0d3fa121dfcc43d40a8c4f0c41210449dffcfc851d5ee513daf4a27,7466b9e92ac09f6a5dd82cc928ebe1ea46d0e74c59f0dd6f937918d132a94618
D-toy,toy-complete-335,201,complete toy seeded case,True,validation/stage1-20261004-0100/toy.jsonl,336,8e0c418fbd3a274aadc914b1190c8371006634a0f109f77bf6907dc2e4b391db,0f7daa33c7ca648b6711c3f241447fec226f66e852edfc843d4b53898cb3fda2,7466b9e92ac09f6a5dd82cc928ebe1ea46d0e74c59f0dd6f937918d132a94618
D-toy,toy-complete-336,201,complete toy seeded case,True,validation/stage1-20261004-0100/toy.jsonl,337,8e0c418fbd3a274aadc914b1190c8371006634a0f109f77bf6907dc2e4b391db,76a787369ac14c8620fb4f262dbace8d0ba3882ec98150beaab9dfe4803ea4f5,7466b9e92ac09f6a5dd82cc928ebe1ea46d0e74c59f0dd6f937918d132a94618
D-toy,toy-complete-337,201,complete toy seeded case,True,validation/stage1-20261004-0100/toy.jsonl,338,8e0c418fbd3a274aadc914b1190c8371006634a0f109f77bf6907dc2e4b391db,38f7adf37bae2cdca6d5496bee7933b906d8f636be9c0a9b4acaa38ccd1cbf81,7466b9e92ac09f6a5dd82cc928ebe1ea46d0e74c59f0dd6f937918d132a94618
D-toy,toy-complete-338,201,complete toy seeded case,True,validation/stage1-20261004-0100/toy.jsonl,339,8e0c418fbd3a274aadc914b1190c8371006634a0f109f77bf6907dc2e4b391db,5e1d45648063b90df905aa01b84526ab95abec1a023f27b9b6b4ac13da1309cf,7466b9e92ac09f6a5dd82cc928ebe1ea46d0e74c59f0dd6f937918d132a94618
D-toy,toy-complete-339,201,complete toy seeded case,True,validation/stage1-20261004-0100/toy.jsonl,340,8e0c418fbd3a274aadc914b1190c8371006634a0f109f77bf6907dc2e4b391db,24be9b581c917e71bea696765114a6e0f13c6904d7e1efe59ead44ebe7c18080,7466b9e92ac09f6a5dd82cc928ebe1ea46d0e74c59f0dd6f937918d132a94618
D-toy,toy-complete-340,201,complete toy seeded case,True,validation/stage1-20261004-0100/toy.jsonl,341,8e0c418fbd3a274aadc914b1190c8371006634a0f109f77bf6907dc2e4b391db,45cbd62343428bbff2b8348a4da173b20bd1497f3d00417a498b7c110f022b36,7466b9e92ac09f6a5dd82cc928ebe1ea46d0e74c59f0dd6f937918d132a94618
D-toy,toy-complete-341,201,complete toy seeded case,True,validation/stage1-20261004-0100/toy.jsonl,342,8e0c418fbd3a274aadc914b1190c8371006634a0f109f77bf6907dc2e4b391db,ae71cc6f94e451d24c0b646237d839f7a8e12ff1e5aa64d4933fd2c5dd385817,7466b9e92ac09f6a5dd82cc928ebe1ea46d0e74c59f0dd6f937918d132a94618
D-toy,toy-complete-342,201,complete toy seeded case,True,validation/stage1-20261004-0100/toy.jsonl,343,8e0c418fbd3a274aadc914b1190c8371006634a0f109f77bf6907dc2e4b391db,7b1c061ecb09bf27101856ba41ab16e8a9971956b1ff26b5dd96ae672e607ca2,7466b9e92ac09f6a5dd82cc928ebe1ea46d0e74c59f0dd6f937918d132a94618
D-toy,toy-complete-343,201,complete toy seeded case,True,validation/stage1-20261004-0100/toy.jsonl,344,8e0c418fbd3a274aadc914b1190c8371006634a0f109f77bf6907dc2e4b391db,70fb163bb812172d8db7eadcd349af3a6363743d95cddac9d933db684c99c350,7466b9e92ac09f6a5dd82cc928ebe1ea46d0e74c59f0dd6f937918d132a94618
D-toy,toy-complete-344,201,complete toy seeded case,True,validation/stage1-20261004-0100/toy.jsonl,345,8e0c418fbd3a274aadc914b1190c8371006634a0f109f77bf6907dc2e4b391db,d585e032dd005e5c2d6af82854af5f00c607ea6ff58681bef0e06c254320466f,7466b9e92ac09f6a5dd82cc928ebe1ea46d0e74c59f0dd6f937918d132a94618
D-toy,toy-complete-345,201,complete toy seeded case,True,validation/stage1-20261004-0100/toy.jsonl,346,8e0c418fbd3a274aadc914b1190c8371006634a0f109f77bf6907dc2e4b391db,bb1a6a669a951e848e13ace81fa7b794de97314ee2f51aa7143a537db5745c8f,7466b9e92ac09f6a5dd82cc928ebe1ea46d0e74c59f0dd6f937918d132a94618
D-toy,toy-complete-346,201,complete toy seeded case,True,validation/stage1-20261004-0100/toy.jsonl,347,8e0c418fbd3a274aadc914b1190c8371006634a0f109f77bf6907dc2e4b391db,50032c81846f3305acfcf99bba51470bb48796045b37032bb78a9c9ff87ff47b,7466b9e92ac09f6a5dd82cc928ebe1ea46d0e74c59f0dd6f937918d132a94618
D-toy,toy-complete-347,201,complete toy seeded case,True,validation/stage1-20261004-0100/toy.jsonl,348,8e0c418fbd3a274aadc914b1190c8371006634a0f109f77bf6907dc2e4b391db,070c5f4b4ff5d0e9ef11e63e348e9595395a2dac419884734205a1ac37fd04d8,7466b9e92ac09f6a5dd82cc928ebe1ea46d0e74c59f0dd6f937918d132a94618
D-toy,toy-complete-348,201,complete toy seeded case,True,validation/stage1-20261004-0100/toy.jsonl,349,8e0c418fbd3a274aadc914b1190c8371006634a0f109f77bf6907dc2e4b391db,5f53cb31d2b84fe262839053107879364bdcd1b455eede7a8da5c9626f771ede,7466b9e92ac09f6a5dd82cc928ebe1ea46d0e74c59f0dd6f937918d132a94618
D-toy,toy-complete-349,201,complete toy seeded case,True,validation/stage1-20261004-0100/toy.jsonl,350,8e0c418fbd3a274aadc914b1190c8371006634a0f109f77bf6907dc2e4b391db,f1dfdd68bbfe383076c7a6ee752d40180b163f5cbee7314517d0a4844b429177,7466b9e92ac09f6a5dd82cc928ebe1ea46d0e74c59f0dd6f937918d132a94618
D-toy,toy-complete-350,201,complete toy seeded case,True,validation/stage1-20261004-0100/toy.jsonl,351,8e0c418fbd3a274aadc914b1190c8371006634a0f109f77bf6907dc2e4b391db,84db0a355d382228672bd637f45ea6ecb6d73314e98ddefe78e1a905bc4ac951,7466b9e92ac09f6a5dd82cc928ebe1ea46d0e74c59f0dd6f937918d132a94618
D-toy,toy-complete-351,201,complete toy seeded case,True,validation/stage1-20261004-0100/toy.jsonl,352,8e0c418fbd3a274aadc914b1190c8371006634a0f109f77bf6907dc2e4b391db,d0a8ad0a30ef32f3b1b2aabb1cd32485ca33b0d37e6affebdcce736da734db87,7466b9e92ac09f6a5dd82cc928ebe1ea46d0e74c59f0dd6f937918d132a94618
D-toy,toy-complete-352,201,complete toy seeded case,True,validation/stage1-20261004-0100/toy.jsonl,353,8e0c418fbd3a274aadc914b1190c8371006634a0f109f77bf6907dc2e4b391db,160677a92ec486e1308d6f6bc697a7f213aae0ee99767c7a296c612de8d391a9,7466b9e92ac09f6a5dd82cc928ebe1ea46d0e74c59f0dd6f937918d132a94618
D-toy,toy-complete-353,201,complete toy seeded case,True,validation/stage1-20261004-0100/toy.jsonl,354,8e0c418fbd3a274aadc914b1190c8371006634a0f109f77bf6907dc2e4b391db,e28952e113992c691fba5f9ccc7ba67ec8f787e98066c25971808a0dcd8ccb80,7466b9e92ac09f6a5dd82cc928ebe1ea46d0e74c59f0dd6f937918d132a94618
D-toy,toy-complete-354,201,complete toy seeded case,True,validation/stage1-20261004-0100/toy.jsonl,355,8e0c418fbd3a274aadc914b1190c8371006634a0f109f77bf6907dc2e4b391db,757e0716f32d6b68ade30f6b0e17dab814da2adc7f966501e64aca42d747ece4,7466b9e92ac09f6a5dd82cc928ebe1ea46d0e74c59f0dd6f937918d132a94618
D-toy,toy-complete-355,201,complete toy seeded case,True,validation/stage1-20261004-0100/toy.jsonl,356,8e0c418fbd3a274aadc914b1190c8371006634a0f109f77bf6907dc2e4b391db,cca8563fabb3effb7edbc9ca4ec47ef0b8facd50c74fbab680e846a6136fe374,7466b9e92ac09f6a5dd82cc928ebe1ea46d0e74c59f0dd6f937918d132a94618
D-toy,toy-complete-356,201,complete toy seeded case,True,validation/stage1-20261004-0100/toy.jsonl,357,8e0c418fbd3a274aadc914b1190c8371006634a0f109f77bf6907dc2e4b391db,8d96cce9fd2d31b3561eebd5645c73ef21826efca1508bbbce202f8b7b41f5ad,7466b9e92ac09f6a5dd82cc928ebe1ea46d0e74c59f0dd6f937918d132a94618
D-toy,toy-complete-357,201,complete toy seeded case,True,validation/stage1-20261004-0100/toy.jsonl,358,8e0c418fbd3a274aadc914b1190c8371006634a0f109f77bf6907dc2e4b391db,84542f4da0728b772d69b6de834ce0bacec2c7c21201f9778ca611e45b310f1d,7466b9e92ac09f6a5dd82cc928ebe1ea46d0e74c59f0dd6f937918d132a94618
D-toy,toy-complete-358,201,complete toy seeded case,True,validation/stage1-20261004-0100/toy.jsonl,359,8e0c418fbd3a274aadc914b1190c8371006634a0f109f77bf6907dc2e4b391db,a527137bdf65498e3571cf0d6214a0cb73a853c4d3d874ee7914dac2bbc36c19,7466b9e92ac09f6a5dd82cc928ebe1ea46d0e74c59f0dd6f937918d132a94618
D-toy,toy-complete-359,201,complete toy seeded case,True,validation/stage1-20261004-0100/toy.jsonl,360,8e0c418fbd3a274aadc914b1190c8371006634a0f109f77bf6907dc2e4b391db,4eff277a7b36e26b28fe33d4594b124572c0467b426e250411db58d370d7df92,7466b9e92ac09f6a5dd82cc928ebe1ea46d0e74c59f0dd6f937918d132a94618
D-toy,toy-complete-360,201,complete toy seeded case,True,validation/stage1-20261004-0100/toy.jsonl,361,8e0c418fbd3a274aadc914b1190c8371006634a0f109f77bf6907dc2e4b391db,b77e56cde91f62458c16bc2809be81b1d2090077a79bdb7b34c0e7ff55c49a5a,7466b9e92ac09f6a5dd82cc928ebe1ea46d0e74c59f0dd6f937918d132a94618
D-toy,toy-complete-361,201,complete toy seeded case,True,validation/stage1-20261004-0100/toy.jsonl,362,8e0c418fbd3a274aadc914b1190c8371006634a0f109f77bf6907dc2e4b391db,58bd82b3e408911f0cdc3e4e8055ef7db67895f7e294196225e6f8c46f4bcb10,7466b9e92ac09f6a5dd82cc928ebe1ea46d0e74c59f0dd6f937918d132a94618
D-toy,toy-complete-362,201,complete toy seeded case,True,validation/stage1-20261004-0100/toy.jsonl,363,8e0c418fbd3a274aadc914b1190c8371006634a0f109f77bf6907dc2e4b391db,d7d69b831399a592b6185a767221035f57cf430ef03a85feeb15c92dc7b34909,7466b9e92ac09f6a5dd82cc928ebe1ea46d0e74c59f0dd6f937918d132a94618
D-toy,toy-complete-363,201,complete toy seeded case,True,validation/stage1-20261004-0100/toy.jsonl,364,8e0c418fbd3a274aadc914b1190c8371006634a0f109f77bf6907dc2e4b391db,2eed9992c7e761bb8cb35f3140296bb825473a04cb2f969eb97a4fc4635ecc29,7466b9e92ac09f6a5dd82cc928ebe1ea46d0e74c59f0dd6f937918d132a94618
D-toy,toy-complete-364,201,complete toy seeded case,True,validation/stage1-20261004-0100/toy.jsonl,365,8e0c418fbd3a274aadc914b1190c8371006634a0f109f77bf6907dc2e4b391db,5cf431e1bcf8adcbbae9331298934a5de7332d1abb69ee24267488664ad81c64,7466b9e92ac09f6a5dd82cc928ebe1ea46d0e74c59f0dd6f937918d132a94618
D-toy,toy-complete-365,201,complete toy seeded case,True,validation/stage1-20261004-0100/toy.jsonl,366,8e0c418fbd3a274aadc914b1190c8371006634a0f109f77bf6907dc2e4b391db,4deff3257be0fc0915b3b1ee119de6065d5958efa6b52c754dabfe7fcc600377,7466b9e92ac09f6a5dd82cc928ebe1ea46d0e74c59f0dd6f937918d132a94618
D-toy,toy-complete-366,201,complete toy seeded case,True,validation/stage1-20261004-0100/toy.jsonl,367,8e0c418fbd3a274aadc914b1190c8371006634a0f109f77bf6907dc2e4b391db,93e40e5906a13c6ab5f8fe24607739d0f877d50d6b54bf1fd90dad63f5135c1e,7466b9e92ac09f6a5dd82cc928ebe1ea46d0e74c59f0dd6f937918d132a94618
D-toy,toy-complete-367,201,complete toy seeded case,True,validation/stage1-20261004-0100/toy.jsonl,368,8e0c418fbd3a274aadc914b1190c8371006634a0f109f77bf6907dc2e4b391db,912a38298ce7e9baf8d7f67c4ea6d893cf43ba5adcc22ee1f029ae7c8e909e0b,7466b9e92ac09f6a5dd82cc928ebe1ea46d0e74c59f0dd6f937918d132a94618
D-toy,toy-complete-368,201,complete toy seeded case,True,validation/stage1-20261004-0100/toy.jsonl,369,8e0c418fbd3a274aadc914b1190c8371006634a0f109f77bf6907dc2e4b391db,b5efd309d97c24368e62e09116fbfcbc93497ee0b68418c1dbd5ae254c03292a,7466b9e92ac09f6a5dd82cc928ebe1ea46d0e74c59f0dd6f937918d132a94618
D-toy,toy-complete-369,201,complete toy seeded case,True,validation/stage1-20261004-0100/toy.jsonl,370,8e0c418fbd3a274aadc914b1190c8371006634a0f109f77bf6907dc2e4b391db,f55cff1ba6a0d27f2aa387506961aca78050e1167453489494ef0a07dbc03028,7466b9e92ac09f6a5dd82cc928ebe1ea46d0e74c59f0dd6f937918d132a94618
D-toy,toy-complete-370,201,complete toy seeded case,True,validation/stage1-20261004-0100/toy.jsonl,371,8e0c418fbd3a274aadc914b1190c8371006634a0f109f77bf6907dc2e4b391db,2116b1617d01630da969e799f01f7b4c42683d3d7ed196a7f8ec50abdf738a9b,7466b9e92ac09f6a5dd82cc928ebe1ea46d0e74c59f0dd6f937918d132a94618
D-toy,toy-complete-371,201,complete toy seeded case,True,validation/stage1-20261004-0100/toy.jsonl,372,8e0c418fbd3a274aadc914b1190c8371006634a0f109f77bf6907dc2e4b391db,32d4a677ab6efb841b5ff932f61de4d35f50ae6b4a8acab0a1ec6aed4425fcd1,7466b9e92ac09f6a5dd82cc928ebe1ea46d0e74c59f0dd6f937918d132a94618
D-toy,toy-complete-372,201,complete toy seeded case,True,validation/stage1-20261004-0100/toy.jsonl,373,8e0c418fbd3a274aadc914b1190c8371006634a0f109f77bf6907dc2e4b391db,bfa81216b3caae82ddb33701855d24cb00427fefd1e6cd219f24169ea7c5b366,7466b9e92ac09f6a5dd82cc928ebe1ea46d0e74c59f0dd6f937918d132a94618
D-toy,toy-complete-373,201,complete toy seeded case,True,validation/stage1-20261004-0100/toy.jsonl,374,8e0c418fbd3a274aadc914b1190c8371006634a0f109f77bf6907dc2e4b391db,03ec1562abe0388eec081fc41a0999a9614f34eaa8a4369e4ef89f397313c78e,7466b9e92ac09f6a5dd82cc928ebe1ea46d0e74c59f0dd6f937918d132a94618
D-toy,toy-complete-374,201,complete toy seeded case,True,validation/stage1-20261004-0100/toy.jsonl,375,8e0c418fbd3a274aadc914b1190c8371006634a0f109f77bf6907dc2e4b391db,c999d1fdc1d12745225a8dead6d13d073448baf4f7548abfc6e009d385b45249,7466b9e92ac09f6a5dd82cc928ebe1ea46d0e74c59f0dd6f937918d132a94618
D-toy,toy-complete-375,201,complete toy seeded case,True,validation/stage1-20261004-0100/toy.jsonl,376,8e0c418fbd3a274aadc914b1190c8371006634a0f109f77bf6907dc2e4b391db,41743a92986d709d72f12635c2c3684500f3fffe3a38bc7e13cbb822efaadf46,7466b9e92ac09f6a5dd82cc928ebe1ea46d0e74c59f0dd6f937918d132a94618
D-toy,toy-complete-376,201,complete toy seeded case,True,validation/stage1-20261004-0100/toy.jsonl,377,8e0c418fbd3a274aadc914b1190c8371006634a0f109f77bf6907dc2e4b391db,089442705ef8eaf91ba75b87bf21b660c3f9351688823f99ff9e074d53b59e8d,7466b9e92ac09f6a5dd82cc928ebe1ea46d0e74c59f0dd6f937918d132a94618
D-toy,toy-complete-377,201,complete toy seeded case,True,validation/stage1-20261004-0100/toy.jsonl,378,8e0c418fbd3a274aadc914b1190c8371006634a0f109f77bf6907dc2e4b391db,ed445be32f8074bb4940350ee45bfd70f49dc5d3ecbdbb3b7e9357b917eae7ac,7466b9e92ac09f6a5dd82cc928ebe1ea46d0e74c59f0dd6f937918d132a94618
D-toy,toy-complete-378,201,complete toy seeded case,True,validation/stage1-20261004-0100/toy.jsonl,379,8e0c418fbd3a274aadc914b1190c8371006634a0f109f77bf6907dc2e4b391db,85423a211ba7be7b548be69261dde1bed2de2b80ad4b953d3d51f2ed0cb39bd5,7466b9e92ac09f6a5dd82cc928ebe1ea46d0e74c59f0dd6f937918d132a94618
D-toy,toy-complete-379,201,complete toy seeded case,True,validation/stage1-20261004-0100/toy.jsonl,380,8e0c418fbd3a274aadc914b1190c8371006634a0f109f77bf6907dc2e4b391db,39ebfc5c760163262480962edfd0f2784bc0e9fb5cc9685dae35006bebda7d94,7466b9e92ac09f6a5dd82cc928ebe1ea46d0e74c59f0dd6f937918d132a94618
D-toy,toy-complete-380,201,complete toy seeded case,True,validation/stage1-20261004-0100/toy.jsonl,381,8e0c418fbd3a274aadc914b1190c8371006634a0f109f77bf6907dc2e4b391db,444c623c1a9d9440d6af29cc3c3f6fb4edb4789f9211d6f60e99117ef67bd886,7466b9e92ac09f6a5dd82cc928ebe1ea46d0e74c59f0dd6f937918d132a94618
D-toy,toy-complete-381,201,complete toy seeded case,True,validation/stage1-20261004-0100/toy.jsonl,382,8e0c418fbd3a274aadc914b1190c8371006634a0f109f77bf6907dc2e4b391db,d4c573c7133b79b82f91ca0015883bfb0cf4885ff9d58ca2abd3036a510c0e4a,7466b9e92ac09f6a5dd82cc928ebe1ea46d0e74c59f0dd6f937918d132a94618
D-toy,toy-complete-382,201,complete toy seeded case,True,validation/stage1-20261004-0100/toy.jsonl,383,8e0c418fbd3a274aadc914b1190c8371006634a0f109f77bf6907dc2e4b391db,1e0e4d7f61590a77324d59a31513a677074636f187ef9f83e67bf267d3c7dd4f,7466b9e92ac09f6a5dd82cc928ebe1ea46d0e74c59f0dd6f937918d132a94618
D-toy,toy-complete-383,201,complete toy seeded case,True,validation/stage1-20261004-0100/toy.jsonl,384,8e0c418fbd3a274aadc914b1190c8371006634a0f109f77bf6907dc2e4b391db,7e62a4600c983cc1a1735ec92c000ea2cfe3e0c433cf1fdafc9af783efb5a481,7466b9e92ac09f6a5dd82cc928ebe1ea46d0e74c59f0dd6f937918d132a94618
D-toy,toy-complete-384,201,complete toy seeded case,True,validation/stage1-20261004-0100/toy.jsonl,385,8e0c418fbd3a274aadc914b1190c8371006634a0f109f77bf6907dc2e4b391db,024ea8703227463d18e7ce611aa4dbd02a9c9c60d60e16cf8087f9e95800a9ea,7466b9e92ac09f6a5dd82cc928ebe1ea46d0e74c59f0dd6f937918d132a94618
D-toy,toy-complete-385,201,complete toy seeded case,True,validation/stage1-20261004-0100/toy.jsonl,386,8e0c418fbd3a274aadc914b1190c8371006634a0f109f77bf6907dc2e4b391db,48b94ac07e709c537b2d07809ade57610a5aca1d72fc4b154920f7924f5cf20c,7466b9e92ac09f6a5dd82cc928ebe1ea46d0e74c59f0dd6f937918d132a94618
D-toy,toy-complete-386,201,complete toy seeded case,True,validation/stage1-20261004-0100/toy.jsonl,387,8e0c418fbd3a274aadc914b1190c8371006634a0f109f77bf6907dc2e4b391db,e1a3a87e690f9bd3ce670ee1261da811ce7b393d3c850dc5e515adbd16a99326,7466b9e92ac09f6a5dd82cc928ebe1ea46d0e74c59f0dd6f937918d132a94618
D-toy,toy-complete-387,201,complete toy seeded case,True,validation/stage1-20261004-0100/toy.jsonl,388,8e0c418fbd3a274aadc914b1190c8371006634a0f109f77bf6907dc2e4b391db,7d25ecf3b66bab13de2c3fd33de92497d91e2c85cd44249fc092539ff412c711,7466b9e92ac09f6a5dd82cc928ebe1ea46d0e74c59f0dd6f937918d132a94618
D-toy,toy-complete-388,201,complete toy seeded case,True,validation/stage1-20261004-0100/toy.jsonl,389,8e0c418fbd3a274aadc914b1190c8371006634a0f109f77bf6907dc2e4b391db,5543b8bd442264c6453006d5b1a1f8f0466d09a515553889d41bc19675df15e7,7466b9e92ac09f6a5dd82cc928ebe1ea46d0e74c59f0dd6f937918d132a94618
D-toy,toy-complete-389,201,complete toy seeded case,True,validation/stage1-20261004-0100/toy.jsonl,390,8e0c418fbd3a274aadc914b1190c8371006634a0f109f77bf6907dc2e4b391db,3a6d1e9b96d9261a420cd7de864332693d38d4d82543b1fed9653ad4b8cbd62a,7466b9e92ac09f6a5dd82cc928ebe1ea46d0e74c59f0dd6f937918d132a94618
D-toy,toy-complete-390,201,complete toy seeded case,True,validation/stage1-20261004-0100/toy.jsonl,391,8e0c418fbd3a274aadc914b1190c8371006634a0f109f77bf6907dc2e4b391db,f42eba8b6ff9c9f12fc2c6b5b6a113839c02080d9356b02493a95e7ab3f466fb,7466b9e92ac09f6a5dd82cc928ebe1ea46d0e74c59f0dd6f937918d132a94618
D-toy,toy-complete-391,201,complete toy seeded case,True,validation/stage1-20261004-0100/toy.jsonl,392,8e0c418fbd3a274aadc914b1190c8371006634a0f109f77bf6907dc2e4b391db,1e3e4f011348b89d1f3051fce054c1472c6fa1314796e2027aedabfb2407ec81,7466b9e92ac09f6a5dd82cc928ebe1ea46d0e74c59f0dd6f937918d132a94618
D-toy,toy-complete-392,201,complete toy seeded case,True,validation/stage1-20261004-0100/toy.jsonl,393,8e0c418fbd3a274aadc914b1190c8371006634a0f109f77bf6907dc2e4b391db,c4b9aa7aade6626db7f1b954d36bcfa13e9bd848e58636526a462c1526a172f4,7466b9e92ac09f6a5dd82cc928ebe1ea46d0e74c59f0dd6f937918d132a94618
D-toy,toy-complete-393,201,complete toy seeded case,True,validation/stage1-20261004-0100/toy.jsonl,394,8e0c418fbd3a274aadc914b1190c8371006634a0f109f77bf6907dc2e4b391db,7c37fdcdb7f01ced673a634e1c5320324fa49a8e8cd00946dd84be9c7970ad58,7466b9e92ac09f6a5dd82cc928ebe1ea46d0e74c59f0dd6f937918d132a94618
D-toy,toy-complete-394,201,complete toy seeded case,True,validation/stage1-20261004-0100/toy.jsonl,395,8e0c418fbd3a274aadc914b1190c8371006634a0f109f77bf6907dc2e4b391db,89e281979ab28ea1bae905313d6b69d4906a444248a389d581aee93bd0387901,7466b9e92ac09f6a5dd82cc928ebe1ea46d0e74c59f0dd6f937918d132a94618
D-toy,toy-complete-395,201,complete toy seeded case,True,validation/stage1-20261004-0100/toy.jsonl,396,8e0c418fbd3a274aadc914b1190c8371006634a0f109f77bf6907dc2e4b391db,3498b82299d76720c6ce81aeccff07cc66bc6999ef34765d9c3d0cdc83468b1c,7466b9e92ac09f6a5dd82cc928ebe1ea46d0e74c59f0dd6f937918d132a94618
D-toy,toy-complete-396,201,complete toy seeded case,True,validation/stage1-20261004-0100/toy.jsonl,397,8e0c418fbd3a274aadc914b1190c8371006634a0f109f77bf6907dc2e4b391db,f7f93b21b85336e270bc6e65e95c62df853c60de31bbecd20fc190eac8640599,7466b9e92ac09f6a5dd82cc928ebe1ea46d0e74c59f0dd6f937918d132a94618
D-toy,toy-complete-397,201,complete toy seeded case,True,validation/stage1-20261004-0100/toy.jsonl,398,8e0c418fbd3a274aadc914b1190c8371006634a0f109f77bf6907dc2e4b391db,31a8626c7d6d9191584e24a06794a51abfeac750538bf82f11f0342711a6ba9c,7466b9e92ac09f6a5dd82cc928ebe1ea46d0e74c59f0dd6f937918d132a94618
D-toy,toy-complete-398,201,complete toy seeded case,True,validation/stage1-20261004-0100/toy.jsonl,399,8e0c418fbd3a274aadc914b1190c8371006634a0f109f77bf6907dc2e4b391db,06f83242e1861f8ec3d93821eda2034e80f0ccee126391fd8c1874f0731fb70c,7466b9e92ac09f6a5dd82cc928ebe1ea46d0e74c59f0dd6f937918d132a94618
D-toy,toy-complete-399,201,complete toy seeded case,True,validation/stage1-20261004-0100/toy.jsonl,400,8e0c418fbd3a274aadc914b1190c8371006634a0f109f77bf6907dc2e4b391db,30cd3f29cb827888733b7351e3c824a7cb880d21dd4dca98c47db2fd46881f48,7466b9e92ac09f6a5dd82cc928ebe1ea46d0e74c59f0dd6f937918d132a94618
D-toy,toy-complete-400,201,complete toy seeded case,True,validation/stage1-20261004-0100/toy.jsonl,401,8e0c418fbd3a274aadc914b1190c8371006634a0f109f77bf6907dc2e4b391db,8f1797cc28fa8c72f8ef835253befee49bd111d76122064536c32567cb9864fb,7466b9e92ac09f6a5dd82cc928ebe1ea46d0e74c59f0dd6f937918d132a94618
D-toy,toy-complete-401,201,complete toy seeded case,True,validation/stage1-20261004-0100/toy.jsonl,402,8e0c418fbd3a274aadc914b1190c8371006634a0f109f77bf6907dc2e4b391db,21b28c7a1447b47492c02a177fbeca2f61a93c86331587fc58e3a9e6747e9d03,7466b9e92ac09f6a5dd82cc928ebe1ea46d0e74c59f0dd6f937918d132a94618
D-toy,toy-complete-402,201,complete toy seeded case,True,validation/stage1-20261004-0100/toy.jsonl,403,8e0c418fbd3a274aadc914b1190c8371006634a0f109f77bf6907dc2e4b391db,285f1fecd4efa133e23edab59d02a109595f78fa81dd2ea58bad3e992f30b372,7466b9e92ac09f6a5dd82cc928ebe1ea46d0e74c59f0dd6f937918d132a94618
D-toy,toy-complete-403,201,complete toy seeded case,True,validation/stage1-20261004-0100/toy.jsonl,404,8e0c418fbd3a274aadc914b1190c8371006634a0f109f77bf6907dc2e4b391db,b151717054aafd6582329ec09733180b8d3fd921aae3bcfb405dd9ec1eb72f9a,7466b9e92ac09f6a5dd82cc928ebe1ea46d0e74c59f0dd6f937918d132a94618
D-toy,toy-complete-404,201,complete toy seeded case,True,validation/stage1-20261004-0100/toy.jsonl,405,8e0c418fbd3a274aadc914b1190c8371006634a0f109f77bf6907dc2e4b391db,5cc095219b1784c6c858be5d3703e3963b43edd4f692b6a532409ffb4305a94c,7466b9e92ac09f6a5dd82cc928ebe1ea46d0e74c59f0dd6f937918d132a94618
D-toy,toy-complete-405,201,complete toy seeded case,True,validation/stage1-20261004-0100/toy.jsonl,406,8e0c418fbd3a274aadc914b1190c8371006634a0f109f77bf6907dc2e4b391db,c9487fe14d569f9fe717a048c4ab7c35bbac453dbca0f8aa085cd510d6900af7,7466b9e92ac09f6a5dd82cc928ebe1ea46d0e74c59f0dd6f937918d132a94618
D-toy,toy-complete-406,201,complete toy seeded case,True,validation/stage1-20261004-0100/toy.jsonl,407,8e0c418fbd3a274aadc914b1190c8371006634a0f109f77bf6907dc2e4b391db,3089edcb7cdfe4ca653ce7c042513087d446ae549ad1e120b5c67ad82808b3d5,7466b9e92ac09f6a5dd82cc928ebe1ea46d0e74c59f0dd6f937918d132a94618
D-toy,toy-complete-407,201,complete toy seeded case,True,validation/stage1-20261004-0100/toy.jsonl,408,8e0c418fbd3a274aadc914b1190c8371006634a0f109f77bf6907dc2e4b391db,34c03679f156a3610c5cd0a938c243d4f5b97c3a72e0610b9e21653eb95d2b7d,7466b9e92ac09f6a5dd82cc928ebe1ea46d0e74c59f0dd6f937918d132a94618
D-toy,toy-complete-408,201,complete toy seeded case,True,validation/stage1-20261004-0100/toy.jsonl,409,8e0c418fbd3a274aadc914b1190c8371006634a0f109f77bf6907dc2e4b391db,f6e7e5251ddb1f4ecfd12831e848f1bc554f97e859d24063a6a8023872ca0682,7466b9e92ac09f6a5dd82cc928ebe1ea46d0e74c59f0dd6f937918d132a94618
D-toy,toy-complete-409,201,complete toy seeded case,True,validation/stage1-20261004-0100/toy.jsonl,410,8e0c418fbd3a274aadc914b1190c8371006634a0f109f77bf6907dc2e4b391db,1d40ecb363b463062f783afac5bbf3291ca75f0a54e0fc5c487a87026a10be27,7466b9e92ac09f6a5dd82cc928ebe1ea46d0e74c59f0dd6f937918d132a94618
D-toy,toy-complete-410,201,complete toy seeded case,True,validation/stage1-20261004-0100/toy.jsonl,411,8e0c418fbd3a274aadc914b1190c8371006634a0f109f77bf6907dc2e4b391db,ffe0f131a0fecb17064544eec0948c5d30eb7b487ebf534c0c724ed15b10e8f5,7466b9e92ac09f6a5dd82cc928ebe1ea46d0e74c59f0dd6f937918d132a94618
D-toy,toy-complete-411,201,complete toy seeded case,True,validation/stage1-20261004-0100/toy.jsonl,412,8e0c418fbd3a274aadc914b1190c8371006634a0f109f77bf6907dc2e4b391db,3dd61fec6fd0a1b6ce4346e140f502918451b97e9f31c57ec427ed3f14fe5e33,7466b9e92ac09f6a5dd82cc928ebe1ea46d0e74c59f0dd6f937918d132a94618
D-toy,toy-complete-412,201,complete toy seeded case,True,validation/stage1-20261004-0100/toy.jsonl,413,8e0c418fbd3a274aadc914b1190c8371006634a0f109f77bf6907dc2e4b391db,f2c9d0601cfd727eb2951ff034a2b7b7b29a81e44f8edbc122447de80a3a827b,7466b9e92ac09f6a5dd82cc928ebe1ea46d0e74c59f0dd6f937918d132a94618
D-toy,toy-complete-413,201,complete toy seeded case,True,validation/stage1-20261004-0100/toy.jsonl,414,8e0c418fbd3a274aadc914b1190c8371006634a0f109f77bf6907dc2e4b391db,6a294a9b2b13a2e8e0a13cb6f1a28127fb92cdaddb0adfba69fb4ddf450ef08c,7466b9e92ac09f6a5dd82cc928ebe1ea46d0e74c59f0dd6f937918d132a94618
D-toy,toy-complete-414,201,complete toy seeded case,True,validation/stage1-20261004-0100/toy.jsonl,415,8e0c418fbd3a274aadc914b1190c8371006634a0f109f77bf6907dc2e4b391db,9369ae36a88202eb144341d81f8b5bbd2cc947dd3240859739694d8545cab661,7466b9e92ac09f6a5dd82cc928ebe1ea46d0e74c59f0dd6f937918d132a94618
D-toy,toy-complete-415,201,complete toy seeded case,True,validation/stage1-20261004-0100/toy.jsonl,416,8e0c418fbd3a274aadc914b1190c8371006634a0f109f77bf6907dc2e4b391db,fcf42dc8fac453e6c988b8458a8c0a6bb921550fcf965b1985265294d0772b8e,7466b9e92ac09f6a5dd82cc928ebe1ea46d0e74c59f0dd6f937918d132a94618
D-toy,toy-complete-416,201,complete toy seeded case,True,validation/stage1-20261004-0100/toy.jsonl,417,8e0c418fbd3a274aadc914b1190c8371006634a0f109f77bf6907dc2e4b391db,136ad983783ffd37bb12e38ecedd5787014f7bd794cdb141ed10789655ab2ffb,7466b9e92ac09f6a5dd82cc928ebe1ea46d0e74c59f0dd6f937918d132a94618
D-toy,toy-complete-417,201,complete toy seeded case,True,validation/stage1-20261004-0100/toy.jsonl,418,8e0c418fbd3a274aadc914b1190c8371006634a0f109f77bf6907dc2e4b391db,266766af3b01057a5ef3476f4cb019ff1be9b9e3e585228a511c5e079d33f185,7466b9e92ac09f6a5dd82cc928ebe1ea46d0e74c59f0dd6f937918d132a94618
D-toy,toy-complete-418,201,complete toy seeded case,True,validation/stage1-20261004-0100/toy.jsonl,419,8e0c418fbd3a274aadc914b1190c8371006634a0f109f77bf6907dc2e4b391db,4d4027694640aa1a5d15108bca510774c0b2158cf36b4940f65e54f454c9800c,7466b9e92ac09f6a5dd82cc928ebe1ea46d0e74c59f0dd6f937918d132a94618
D-toy,toy-complete-419,201,complete toy seeded case,True,validation/stage1-20261004-0100/toy.jsonl,420,8e0c418fbd3a274aadc914b1190c8371006634a0f109f77bf6907dc2e4b391db,98de7c15f9ead93c1fe380f6aa44440f05227697e009c19d5fc3a9235509c9f6,7466b9e92ac09f6a5dd82cc928ebe1ea46d0e74c59f0dd6f937918d132a94618
D-toy,toy-complete-420,201,complete toy seeded case,True,validation/stage1-20261004-0100/toy.jsonl,421,8e0c418fbd3a274aadc914b1190c8371006634a0f109f77bf6907dc2e4b391db,6aeab5297a4a7351336d1306d71e70b17325eecff3834603234f9b92c3dbc1a5,7466b9e92ac09f6a5dd82cc928ebe1ea46d0e74c59f0dd6f937918d132a94618
D-toy,toy-complete-421,201,complete toy seeded case,True,validation/stage1-20261004-0100/toy.jsonl,422,8e0c418fbd3a274aadc914b1190c8371006634a0f109f77bf6907dc2e4b391db,6aa90f7d0aa139d37c78df801f8011174a17f4a9dc551e7212cd151de9e51cfb,7466b9e92ac09f6a5dd82cc928ebe1ea46d0e74c59f0dd6f937918d132a94618
D-toy,toy-complete-422,201,complete toy seeded case,True,validation/stage1-20261004-0100/toy.jsonl,423,8e0c418fbd3a274aadc914b1190c8371006634a0f109f77bf6907dc2e4b391db,3ecf6870a6c5b2f4ca3c725aa313bbef10de59bb5c1e6f8bef29d939be374ba3,7466b9e92ac09f6a5dd82cc928ebe1ea46d0e74c59f0dd6f937918d132a94618
D-toy,toy-complete-423,201,complete toy seeded case,True,validation/stage1-20261004-0100/toy.jsonl,424,8e0c418fbd3a274aadc914b1190c8371006634a0f109f77bf6907dc2e4b391db,077a6d803c5ab6ceb14117353e383834af0cab67ca99be5ec5c23b61d36e79dc,7466b9e92ac09f6a5dd82cc928ebe1ea46d0e74c59f0dd6f937918d132a94618
D-toy,toy-complete-424,201,complete toy seeded case,True,validation/stage1-20261004-0100/toy.jsonl,425,8e0c418fbd3a274aadc914b1190c8371006634a0f109f77bf6907dc2e4b391db,f17f0cd22271a3ecc0bc4bfd703816b08f05a5aa7c305552b695e2f6ecb03493,7466b9e92ac09f6a5dd82cc928ebe1ea46d0e74c59f0dd6f937918d132a94618
D-toy,toy-complete-425,201,complete toy seeded case,True,validation/stage1-20261004-0100/toy.jsonl,426,8e0c418fbd3a274aadc914b1190c8371006634a0f109f77bf6907dc2e4b391db,8723ba47d864c596a846a1ef3489c6feb90bca62efb884901de5127f0d20252f,7466b9e92ac09f6a5dd82cc928ebe1ea46d0e74c59f0dd6f937918d132a94618
D-toy,toy-complete-426,201,complete toy seeded case,True,validation/stage1-20261004-0100/toy.jsonl,427,8e0c418fbd3a274aadc914b1190c8371006634a0f109f77bf6907dc2e4b391db,a68ab2e2c4d4aeb2c1db130109bdabcb6a8c97b56186b591ca40e35fc7f3a338,7466b9e92ac09f6a5dd82cc928ebe1ea46d0e74c59f0dd6f937918d132a94618
D-toy,toy-complete-427,201,complete toy seeded case,True,validation/stage1-20261004-0100/toy.jsonl,428,8e0c418fbd3a274aadc914b1190c8371006634a0f109f77bf6907dc2e4b391db,81d865b81e0fc7b8c0e44356f6dd4486ea892e707a0f49e8207aa8fbce2d35a9,7466b9e92ac09f6a5dd82cc928ebe1ea46d0e74c59f0dd6f937918d132a94618
D-toy,toy-complete-428,201,complete toy seeded case,True,validation/stage1-20261004-0100/toy.jsonl,429,8e0c418fbd3a274aadc914b1190c8371006634a0f109f77bf6907dc2e4b391db,ecf2467d022850c2a8b0ab1391b68020ac6c98bd0a17e95e996c6628d51ef9ad,7466b9e92ac09f6a5dd82cc928ebe1ea46d0e74c59f0dd6f937918d132a94618
D-toy,toy-complete-429,201,complete toy seeded case,True,validation/stage1-20261004-0100/toy.jsonl,430,8e0c418fbd3a274aadc914b1190c8371006634a0f109f77bf6907dc2e4b391db,ff25e294eb7278d3f171621f6f9f8b47cf786b1d2ad6c8717cc9bcc6ccce8d4a,7466b9e92ac09f6a5dd82cc928ebe1ea46d0e74c59f0dd6f937918d132a94618
D-toy,toy-complete-430,201,complete toy seeded case,True,validation/stage1-20261004-0100/toy.jsonl,431,8e0c418fbd3a274aadc914b1190c8371006634a0f109f77bf6907dc2e4b391db,8c03aa78db04918a6f442963fa8454163f070021778fc63079416ad6f3976b4c,7466b9e92ac09f6a5dd82cc928ebe1ea46d0e74c59f0dd6f937918d132a94618
D-toy,toy-complete-431,201,complete toy seeded case,True,validation/stage1-20261004-0100/toy.jsonl,432,8e0c418fbd3a274aadc914b1190c8371006634a0f109f77bf6907dc2e4b391db,c9acd18bcb28f148520f09d4c1b868c392d338883e4c660f72cec51109795813,7466b9e92ac09f6a5dd82cc928ebe1ea46d0e74c59f0dd6f937918d132a94618
D-toy,toy-complete-432,201,complete toy seeded case,True,validation/stage1-20261004-0100/toy.jsonl,433,8e0c418fbd3a274aadc914b1190c8371006634a0f109f77bf6907dc2e4b391db,ba159c586f706eac6e66c544a12d02ec08cbc9865c042c0de13655d5e0cb2b60,7466b9e92ac09f6a5dd82cc928ebe1ea46d0e74c59f0dd6f937918d132a94618
D-toy,toy-complete-433,201,complete toy seeded case,True,validation/stage1-20261004-0100/toy.jsonl,434,8e0c418fbd3a274aadc914b1190c8371006634a0f109f77bf6907dc2e4b391db,0994319dbeec6d9efbc49c1bcc83cb36776689856a909a1933e06519894eab64,7466b9e92ac09f6a5dd82cc928ebe1ea46d0e74c59f0dd6f937918d132a94618
D-toy,toy-complete-434,201,complete toy seeded case,True,validation/stage1-20261004-0100/toy.jsonl,435,8e0c418fbd3a274aadc914b1190c8371006634a0f109f77bf6907dc2e4b391db,64a9d8789ecadafc317319b075375126c9478fda2e2d71789d3724e590960f71,7466b9e92ac09f6a5dd82cc928ebe1ea46d0e74c59f0dd6f937918d132a94618
D-toy,toy-complete-435,201,complete toy seeded case,True,validation/stage1-20261004-0100/toy.jsonl,436,8e0c418fbd3a274aadc914b1190c8371006634a0f109f77bf6907dc2e4b391db,3bd57bf1a9242376546d9a627cd8bbb6c93d77f0f7853f7d3683c86508238265,7466b9e92ac09f6a5dd82cc928ebe1ea46d0e74c59f0dd6f937918d132a94618
D-toy,toy-complete-436,201,complete toy seeded case,True,validation/stage1-20261004-0100/toy.jsonl,437,8e0c418fbd3a274aadc914b1190c8371006634a0f109f77bf6907dc2e4b391db,013a9c15a5a56c00098fd3d55557707ad8442b63cc9c14691c53de953a3ec140,7466b9e92ac09f6a5dd82cc928ebe1ea46d0e74c59f0dd6f937918d132a94618
D-toy,toy-complete-437,201,complete toy seeded case,True,validation/stage1-20261004-0100/toy.jsonl,438,8e0c418fbd3a274aadc914b1190c8371006634a0f109f77bf6907dc2e4b391db,ceeb5a870cd0ec15dce674db371fab1e1db9ea44ab13bfaa0cc55bd6dc404fc9,7466b9e92ac09f6a5dd82cc928ebe1ea46d0e74c59f0dd6f937918d132a94618
D-toy,toy-complete-438,201,complete toy seeded case,True,validation/stage1-20261004-0100/toy.jsonl,439,8e0c418fbd3a274aadc914b1190c8371006634a0f109f77bf6907dc2e4b391db,bd042092e386975669cdd654fd94cf4a94768d2b9dff0096e04503554474b7b7,7466b9e92ac09f6a5dd82cc928ebe1ea46d0e74c59f0dd6f937918d132a94618
D-toy,toy-complete-439,201,complete toy seeded case,True,validation/stage1-20261004-0100/toy.jsonl,440,8e0c418fbd3a274aadc914b1190c8371006634a0f109f77bf6907dc2e4b391db,a797de940b69b0bb5f031d7e0c2ba58847db4bcdc71e8aa5575d2947c76f0de8,7466b9e92ac09f6a5dd82cc928ebe1ea46d0e74c59f0dd6f937918d132a94618
D-toy,toy-complete-440,201,complete toy seeded case,True,validation/stage1-20261004-0100/toy.jsonl,441,8e0c418fbd3a274aadc914b1190c8371006634a0f109f77bf6907dc2e4b391db,3d50fb0010ce1a10bacbf3aff7ddc991e5ced2812966cfbd2a7aa6f396049774,7466b9e92ac09f6a5dd82cc928ebe1ea46d0e74c59f0dd6f937918d132a94618
D-toy,toy-complete-441,201,complete toy seeded case,True,validation/stage1-20261004-0100/toy.jsonl,442,8e0c418fbd3a274aadc914b1190c8371006634a0f109f77bf6907dc2e4b391db,7c5e56d3a8d1a6e16629cf7dcb506734c4564d6e89568f95b6583682776e2bad,7466b9e92ac09f6a5dd82cc928ebe1ea46d0e74c59f0dd6f937918d132a94618
D-toy,toy-complete-442,201,complete toy seeded case,True,validation/stage1-20261004-0100/toy.jsonl,443,8e0c418fbd3a274aadc914b1190c8371006634a0f109f77bf6907dc2e4b391db,8b5dee2a40b2cb0176e679f9d6e39961fcf8fc65714554fe52bb7b6136fd1a2b,7466b9e92ac09f6a5dd82cc928ebe1ea46d0e74c59f0dd6f937918d132a94618
D-toy,toy-complete-443,201,complete toy seeded case,True,validation/stage1-20261004-0100/toy.jsonl,444,8e0c418fbd3a274aadc914b1190c8371006634a0f109f77bf6907dc2e4b391db,006b8cc6480a32a923db003e7868407ac8aaa32819a6eb5f85a0491e1a425aec,7466b9e92ac09f6a5dd82cc928ebe1ea46d0e74c59f0dd6f937918d132a94618
D-toy,toy-complete-444,201,complete toy seeded case,True,validation/stage1-20261004-0100/toy.jsonl,445,8e0c418fbd3a274aadc914b1190c8371006634a0f109f77bf6907dc2e4b391db,fcd6f46c5a00399b8f659aa68f0260c8572abfc5d795dff0e2f8d439f56f79f8,7466b9e92ac09f6a5dd82cc928ebe1ea46d0e74c59f0dd6f937918d132a94618
D-toy,toy-complete-445,201,complete toy seeded case,True,validation/stage1-20261004-0100/toy.jsonl,446,8e0c418fbd3a274aadc914b1190c8371006634a0f109f77bf6907dc2e4b391db,969f23d82117e9318eb70046fa8238965c1e4fd60b81b777bedb3957db256e20,7466b9e92ac09f6a5dd82cc928ebe1ea46d0e74c59f0dd6f937918d132a94618
D-toy,toy-complete-446,201,complete toy seeded case,True,validation/stage1-20261004-0100/toy.jsonl,447,8e0c418fbd3a274aadc914b1190c8371006634a0f109f77bf6907dc2e4b391db,7916fdf76ec4d8a158b4e135db8e790d51745eb341ff1c5fcbeea12d8f120a5a,7466b9e92ac09f6a5dd82cc928ebe1ea46d0e74c59f0dd6f937918d132a94618
D-toy,toy-complete-447,201,complete toy seeded case,True,validation/stage1-20261004-0100/toy.jsonl,448,8e0c418fbd3a274aadc914b1190c8371006634a0f109f77bf6907dc2e4b391db,a707579ff6d6bdcc818f0b86b39ab3e675d97c6262384dd33550fd8e449ed0f4,7466b9e92ac09f6a5dd82cc928ebe1ea46d0e74c59f0dd6f937918d132a94618
D-toy,toy-complete-448,201,complete toy seeded case,True,validation/stage1-20261004-0100/toy.jsonl,449,8e0c418fbd3a274aadc914b1190c8371006634a0f109f77bf6907dc2e4b391db,5a8c543a94958d1925eaf7c74aeb6aed6b389c0fa8f5022dd4713080391bfd11,7466b9e92ac09f6a5dd82cc928ebe1ea46d0e74c59f0dd6f937918d132a94618
D-toy,toy-complete-449,201,complete toy seeded case,True,validation/stage1-20261004-0100/toy.jsonl,450,8e0c418fbd3a274aadc914b1190c8371006634a0f109f77bf6907dc2e4b391db,60dd4a7dab40df99b35367b9b3b850624a64e51ace8a2b4684d248153e8826dc,7466b9e92ac09f6a5dd82cc928ebe1ea46d0e74c59f0dd6f937918d132a94618
D-toy,toy-complete-450,201,complete toy seeded case,True,validation/stage1-20261004-0100/toy.jsonl,451,8e0c418fbd3a274aadc914b1190c8371006634a0f109f77bf6907dc2e4b391db,ce058742deb63f1e10e18bdbf29924e3bd35dece0f6409f5a2d8adcc8406a745,7466b9e92ac09f6a5dd82cc928ebe1ea46d0e74c59f0dd6f937918d132a94618
D-toy,toy-complete-451,201,complete toy seeded case,True,validation/stage1-20261004-0100/toy.jsonl,452,8e0c418fbd3a274aadc914b1190c8371006634a0f109f77bf6907dc2e4b391db,b5568191931ee881a64daef487704d398b5177e2e6cba97abc3564a58e0ce780,7466b9e92ac09f6a5dd82cc928ebe1ea46d0e74c59f0dd6f937918d132a94618
D-toy,toy-complete-452,201,complete toy seeded case,True,validation/stage1-20261004-0100/toy.jsonl,453,8e0c418fbd3a274aadc914b1190c8371006634a0f109f77bf6907dc2e4b391db,dc207561670c5926017023f8dc3431b31c22f03f3f7cc0cf168f8b92ceae4965,7466b9e92ac09f6a5dd82cc928ebe1ea46d0e74c59f0dd6f937918d132a94618
D-toy,toy-complete-453,201,complete toy seeded case,True,validation/stage1-20261004-0100/toy.jsonl,454,8e0c418fbd3a274aadc914b1190c8371006634a0f109f77bf6907dc2e4b391db,3ae0815866c42bb8ec60e2dd7efe3d937c629ed1ce052219e8a8125b94bc3b86,7466b9e92ac09f6a5dd82cc928ebe1ea46d0e74c59f0dd6f937918d132a94618
D-toy,toy-complete-454,201,complete toy seeded case,True,validation/stage1-20261004-0100/toy.jsonl,455,8e0c418fbd3a274aadc914b1190c8371006634a0f109f77bf6907dc2e4b391db,d0f97379680b4f055c8ee638c22498841c7e07a7741905c746b2e935b4492697,7466b9e92ac09f6a5dd82cc928ebe1ea46d0e74c59f0dd6f937918d132a94618
D-toy,toy-complete-455,201,complete toy seeded case,True,validation/stage1-20261004-0100/toy.jsonl,456,8e0c418fbd3a274aadc914b1190c8371006634a0f109f77bf6907dc2e4b391db,fb63c7680742d358acac2d044a9f4502ac489fa5e32d890f9bb7049a9e76c45b,7466b9e92ac09f6a5dd82cc928ebe1ea46d0e74c59f0dd6f937918d132a94618
D-toy,toy-complete-456,201,complete toy seeded case,True,validation/stage1-20261004-0100/toy.jsonl,457,8e0c418fbd3a274aadc914b1190c8371006634a0f109f77bf6907dc2e4b391db,90ac6a66b50bd9ebdcf565a447576d1f279ec1ca5ac5a67537d84dffbc904216,7466b9e92ac09f6a5dd82cc928ebe1ea46d0e74c59f0dd6f937918d132a94618
D-toy,toy-complete-457,201,complete toy seeded case,True,validation/stage1-20261004-0100/toy.jsonl,458,8e0c418fbd3a274aadc914b1190c8371006634a0f109f77bf6907dc2e4b391db,d35651af61513418a135de7eb08173c08cde05ab039ace04a1d51e15aad76e52,7466b9e92ac09f6a5dd82cc928ebe1ea46d0e74c59f0dd6f937918d132a94618
D-toy,toy-complete-458,201,complete toy seeded case,True,validation/stage1-20261004-0100/toy.jsonl,459,8e0c418fbd3a274aadc914b1190c8371006634a0f109f77bf6907dc2e4b391db,aecd0857f5cbd8617d2dbedce72d0d4aceddb9b4d46d6d21c75e7dd2ffaae86b,7466b9e92ac09f6a5dd82cc928ebe1ea46d0e74c59f0dd6f937918d132a94618
D-toy,toy-complete-459,201,complete toy seeded case,True,validation/stage1-20261004-0100/toy.jsonl,460,8e0c418fbd3a274aadc914b1190c8371006634a0f109f77bf6907dc2e4b391db,5927fcb7cf6626264d1e726320e0ac732c20370a7ad3ae2ee142fbb5ca5efcdb,7466b9e92ac09f6a5dd82cc928ebe1ea46d0e74c59f0dd6f937918d132a94618
D-toy,toy-complete-460,201,complete toy seeded case,True,validation/stage1-20261004-0100/toy.jsonl,461,8e0c418fbd3a274aadc914b1190c8371006634a0f109f77bf6907dc2e4b391db,0bf7d84997bbb1c67e42360a4e96dc06d7b1339f01c4dd298a1c619611725c49,7466b9e92ac09f6a5dd82cc928ebe1ea46d0e74c59f0dd6f937918d132a94618
D-toy,toy-complete-461,201,complete toy seeded case,True,validation/stage1-20261004-0100/toy.jsonl,462,8e0c418fbd3a274aadc914b1190c8371006634a0f109f77bf6907dc2e4b391db,de97531a9a45b52425d208fd6761e6aee5dd53264b4f9d2b425663563bc08869,7466b9e92ac09f6a5dd82cc928ebe1ea46d0e74c59f0dd6f937918d132a94618
D-toy,toy-complete-462,201,complete toy seeded case,True,validation/stage1-20261004-0100/toy.jsonl,463,8e0c418fbd3a274aadc914b1190c8371006634a0f109f77bf6907dc2e4b391db,e9c0fee22affbed0ce0d382e6892d7a7237d84981441454029b93cd3f530475e,7466b9e92ac09f6a5dd82cc928ebe1ea46d0e74c59f0dd6f937918d132a94618
D-toy,toy-complete-463,201,complete toy seeded case,True,validation/stage1-20261004-0100/toy.jsonl,464,8e0c418fbd3a274aadc914b1190c8371006634a0f109f77bf6907dc2e4b391db,5cd40cae0e70cf8941d85f535c3c60ff4d429aba56f205677b1c3d6bc0e81e51,7466b9e92ac09f6a5dd82cc928ebe1ea46d0e74c59f0dd6f937918d132a94618
D-toy,toy-complete-464,201,complete toy seeded case,True,validation/stage1-20261004-0100/toy.jsonl,465,8e0c418fbd3a274aadc914b1190c8371006634a0f109f77bf6907dc2e4b391db,614bddf307d170c7855c9a7e4f92ef85fa9602c3192d48a450bf98932f1c6e62,7466b9e92ac09f6a5dd82cc928ebe1ea46d0e74c59f0dd6f937918d132a94618
D-toy,toy-complete-465,201,complete toy seeded case,True,validation/stage1-20261004-0100/toy.jsonl,466,8e0c418fbd3a274aadc914b1190c8371006634a0f109f77bf6907dc2e4b391db,6e58fdb5cb3107b6037774ac187515a03eff07aa5a8e6d2a35482817c9d3b6f8,7466b9e92ac09f6a5dd82cc928ebe1ea46d0e74c59f0dd6f937918d132a94618
D-toy,toy-complete-466,201,complete toy seeded case,True,validation/stage1-20261004-0100/toy.jsonl,467,8e0c418fbd3a274aadc914b1190c8371006634a0f109f77bf6907dc2e4b391db,64b021b87de455ee13cd419b8365a650c0886651cf65ebab350888717b25ede4,7466b9e92ac09f6a5dd82cc928ebe1ea46d0e74c59f0dd6f937918d132a94618
D-toy,toy-complete-467,201,complete toy seeded case,True,validation/stage1-20261004-0100/toy.jsonl,468,8e0c418fbd3a274aadc914b1190c8371006634a0f109f77bf6907dc2e4b391db,975cf3fda25f651f93589810ed06f0192f63318d5fbcac76275ac0e177b81405,7466b9e92ac09f6a5dd82cc928ebe1ea46d0e74c59f0dd6f937918d132a94618
D-toy,toy-complete-468,201,complete toy seeded case,True,validation/stage1-20261004-0100/toy.jsonl,469,8e0c418fbd3a274aadc914b1190c8371006634a0f109f77bf6907dc2e4b391db,d7773411b499450cd77189dd42b15788ad3d3fc32ea93a61108f9bdc128a25b5,7466b9e92ac09f6a5dd82cc928ebe1ea46d0e74c59f0dd6f937918d132a94618
D-toy,toy-complete-469,201,complete toy seeded case,True,validation/stage1-20261004-0100/toy.jsonl,470,8e0c418fbd3a274aadc914b1190c8371006634a0f109f77bf6907dc2e4b391db,4610a9b5301102a40aa8bd6508f566a8b30edbeeb5d9ef59bf224d8b38c5a572,7466b9e92ac09f6a5dd82cc928ebe1ea46d0e74c59f0dd6f937918d132a94618
D-toy,toy-complete-470,201,complete toy seeded case,True,validation/stage1-20261004-0100/toy.jsonl,471,8e0c418fbd3a274aadc914b1190c8371006634a0f109f77bf6907dc2e4b391db,1911fa552ede58fe7136c62c7951bb2092c778909aa39002b691258aded37791,7466b9e92ac09f6a5dd82cc928ebe1ea46d0e74c59f0dd6f937918d132a94618
D-toy,toy-complete-471,201,complete toy seeded case,True,validation/stage1-20261004-0100/toy.jsonl,472,8e0c418fbd3a274aadc914b1190c8371006634a0f109f77bf6907dc2e4b391db,f0829fccf1d4c2176431022e85ea7446f98409638501e942d2d67050166cfa92,7466b9e92ac09f6a5dd82cc928ebe1ea46d0e74c59f0dd6f937918d132a94618
D-toy,toy-complete-472,201,complete toy seeded case,True,validation/stage1-20261004-0100/toy.jsonl,473,8e0c418fbd3a274aadc914b1190c8371006634a0f109f77bf6907dc2e4b391db,f6c2f0ac93581f938998fdce60139b2b285c2e39d5a16fecb2689a66cf8fb927,7466b9e92ac09f6a5dd82cc928ebe1ea46d0e74c59f0dd6f937918d132a94618
D-toy,toy-complete-473,201,complete toy seeded case,True,validation/stage1-20261004-0100/toy.jsonl,474,8e0c418fbd3a274aadc914b1190c8371006634a0f109f77bf6907dc2e4b391db,21b6d459826d8c7efcbc9373e3d7108ef0366beb7ef4fcd7a3fa816424e26d29,7466b9e92ac09f6a5dd82cc928ebe1ea46d0e74c59f0dd6f937918d132a94618
D-toy,toy-complete-474,201,complete toy seeded case,True,validation/stage1-20261004-0100/toy.jsonl,475,8e0c418fbd3a274aadc914b1190c8371006634a0f109f77bf6907dc2e4b391db,216fcc7f137f194da75073d8db022c563c4e7ffece54da12b1e56ade2535cc3a,7466b9e92ac09f6a5dd82cc928ebe1ea46d0e74c59f0dd6f937918d132a94618
D-toy,toy-complete-475,201,complete toy seeded case,True,validation/stage1-20261004-0100/toy.jsonl,476,8e0c418fbd3a274aadc914b1190c8371006634a0f109f77bf6907dc2e4b391db,ed5740311e54fc3c56badefde06bd983912cedda16566aa3885b61c1a7063613,7466b9e92ac09f6a5dd82cc928ebe1ea46d0e74c59f0dd6f937918d132a94618
D-toy,toy-complete-476,201,complete toy seeded case,True,validation/stage1-20261004-0100/toy.jsonl,477,8e0c418fbd3a274aadc914b1190c8371006634a0f109f77bf6907dc2e4b391db,6ae51bbb1aa5fdc51ba490119be735900a7d35b9d1e6d82943c710b801cdb932,7466b9e92ac09f6a5dd82cc928ebe1ea46d0e74c59f0dd6f937918d132a94618
D-toy,toy-complete-477,201,complete toy seeded case,True,validation/stage1-20261004-0100/toy.jsonl,478,8e0c418fbd3a274aadc914b1190c8371006634a0f109f77bf6907dc2e4b391db,9f617d4dc0900386ffbfb5a7698901959398b61cdc881c71edcdbef2f4ddffda,7466b9e92ac09f6a5dd82cc928ebe1ea46d0e74c59f0dd6f937918d132a94618
D-toy,toy-complete-478,201,complete toy seeded case,True,validation/stage1-20261004-0100/toy.jsonl,479,8e0c418fbd3a274aadc914b1190c8371006634a0f109f77bf6907dc2e4b391db,90338985e4ce5d63a1b5068188818ffbdac172848fbaba22b636195af11e846f,7466b9e92ac09f6a5dd82cc928ebe1ea46d0e74c59f0dd6f937918d132a94618
D-toy,toy-complete-479,201,complete toy seeded case,True,validation/stage1-20261004-0100/toy.jsonl,480,8e0c418fbd3a274aadc914b1190c8371006634a0f109f77bf6907dc2e4b391db,0507172b4d6a3626a20f7e68909e9cc5c7d313997f8472732fad7fc4b45cfdbc,7466b9e92ac09f6a5dd82cc928ebe1ea46d0e74c59f0dd6f937918d132a94618
D-toy,toy-complete-480,201,complete toy seeded case,True,validation/stage1-20261004-0100/toy.jsonl,481,8e0c418fbd3a274aadc914b1190c8371006634a0f109f77bf6907dc2e4b391db,4000c38827d98427137cd9d9b375cc23a178d15770053627943198761bc6c832,7466b9e92ac09f6a5dd82cc928ebe1ea46d0e74c59f0dd6f937918d132a94618
D-toy,toy-complete-481,201,complete toy seeded case,True,validation/stage1-20261004-0100/toy.jsonl,482,8e0c418fbd3a274aadc914b1190c8371006634a0f109f77bf6907dc2e4b391db,2d2ce0474e901349269d3b9985bf33ea25b77f882a695f30f2e8cd8c37d130c2,7466b9e92ac09f6a5dd82cc928ebe1ea46d0e74c59f0dd6f937918d132a94618
D-toy,toy-complete-482,201,complete toy seeded case,True,validation/stage1-20261004-0100/toy.jsonl,483,8e0c418fbd3a274aadc914b1190c8371006634a0f109f77bf6907dc2e4b391db,3a2fdf341eb4079f544f28c90663e77577208e20c01b8b2bae767e7f34a56236,7466b9e92ac09f6a5dd82cc928ebe1ea46d0e74c59f0dd6f937918d132a94618
D-toy,toy-complete-483,201,complete toy seeded case,True,validation/stage1-20261004-0100/toy.jsonl,484,8e0c418fbd3a274aadc914b1190c8371006634a0f109f77bf6907dc2e4b391db,dcd19e95d19d2b71bd93190ab9a1bc842ca3c296552e59d9c12de135509ce5c0,7466b9e92ac09f6a5dd82cc928ebe1ea46d0e74c59f0dd6f937918d132a94618
D-toy,toy-complete-484,201,complete toy seeded case,True,validation/stage1-20261004-0100/toy.jsonl,485,8e0c418fbd3a274aadc914b1190c8371006634a0f109f77bf6907dc2e4b391db,dcf99b6a9c38ef5c2fb40c28e6369dd18ced24bb111b20297c39d01bdcbfed0d,7466b9e92ac09f6a5dd82cc928ebe1ea46d0e74c59f0dd6f937918d132a94618
D-toy,toy-complete-485,201,complete toy seeded case,True,validation/stage1-20261004-0100/toy.jsonl,486,8e0c418fbd3a274aadc914b1190c8371006634a0f109f77bf6907dc2e4b391db,accd316b57365df6d499dbce126a8b6e8934065398c29599e9b592138e337521,7466b9e92ac09f6a5dd82cc928ebe1ea46d0e74c59f0dd6f937918d132a94618
D-toy,toy-complete-486,201,complete toy seeded case,True,validation/stage1-20261004-0100/toy.jsonl,487,8e0c418fbd3a274aadc914b1190c8371006634a0f109f77bf6907dc2e4b391db,69cc31fcac8a83717ce1e357ae39c50429f42c2d7dd9f51db9844a76a8b44b92,7466b9e92ac09f6a5dd82cc928ebe1ea46d0e74c59f0dd6f937918d132a94618
D-toy,toy-complete-487,201,complete toy seeded case,True,validation/stage1-20261004-0100/toy.jsonl,488,8e0c418fbd3a274aadc914b1190c8371006634a0f109f77bf6907dc2e4b391db,69cca38a73610b1cf8890750bff8af51a5b8e3ceb59844437a5213d295bda261,7466b9e92ac09f6a5dd82cc928ebe1ea46d0e74c59f0dd6f937918d132a94618
D-toy,toy-complete-488,201,complete toy seeded case,True,validation/stage1-20261004-0100/toy.jsonl,489,8e0c418fbd3a274aadc914b1190c8371006634a0f109f77bf6907dc2e4b391db,ef0e5843e8d819b4e511603ee48dedcfb94d6c21487664f26eb02809b39b83c2,7466b9e92ac09f6a5dd82cc928ebe1ea46d0e74c59f0dd6f937918d132a94618
D-toy,toy-complete-489,201,complete toy seeded case,True,validation/stage1-20261004-0100/toy.jsonl,490,8e0c418fbd3a274aadc914b1190c8371006634a0f109f77bf6907dc2e4b391db,8487dafdd245f8705c411432722a6000ac94ffec230ee81d6b07fe8f1a4e6a5e,7466b9e92ac09f6a5dd82cc928ebe1ea46d0e74c59f0dd6f937918d132a94618
D-toy,toy-complete-490,201,complete toy seeded case,True,validation/stage1-20261004-0100/toy.jsonl,491,8e0c418fbd3a274aadc914b1190c8371006634a0f109f77bf6907dc2e4b391db,33fc7489b77e6eeb923573e84c67dccaeaffe04cb10a3007635635f002fe3af3,7466b9e92ac09f6a5dd82cc928ebe1ea46d0e74c59f0dd6f937918d132a94618
D-toy,toy-complete-491,201,complete toy seeded case,True,validation/stage1-20261004-0100/toy.jsonl,492,8e0c418fbd3a274aadc914b1190c8371006634a0f109f77bf6907dc2e4b391db,12aacdb0264f8ecdf840fe52130e3b20632e92def0f508c7d1b44600eab781d2,7466b9e92ac09f6a5dd82cc928ebe1ea46d0e74c59f0dd6f937918d132a94618
D-toy,toy-complete-492,201,complete toy seeded case,True,validation/stage1-20261004-0100/toy.jsonl,493,8e0c418fbd3a274aadc914b1190c8371006634a0f109f77bf6907dc2e4b391db,1dc3fb70c6b26979cf04795181d054d1ecab45a17a0630a7aee9214a089063cd,7466b9e92ac09f6a5dd82cc928ebe1ea46d0e74c59f0dd6f937918d132a94618
D-toy,toy-complete-493,201,complete toy seeded case,True,validation/stage1-20261004-0100/toy.jsonl,494,8e0c418fbd3a274aadc914b1190c8371006634a0f109f77bf6907dc2e4b391db,48d92ec923f31831ffd54e5b2ed5e74db2a48316cd06438e2429d3620c362536,7466b9e92ac09f6a5dd82cc928ebe1ea46d0e74c59f0dd6f937918d132a94618
D-toy,toy-complete-494,201,complete toy seeded case,True,validation/stage1-20261004-0100/toy.jsonl,495,8e0c418fbd3a274aadc914b1190c8371006634a0f109f77bf6907dc2e4b391db,e183680f27e9863732f111e04a41d4ab0619c0239a07723172ab4ae462c7cd17,7466b9e92ac09f6a5dd82cc928ebe1ea46d0e74c59f0dd6f937918d132a94618
D-toy,toy-complete-495,201,complete toy seeded case,True,validation/stage1-20261004-0100/toy.jsonl,496,8e0c418fbd3a274aadc914b1190c8371006634a0f109f77bf6907dc2e4b391db,4a8bede5545b159384fc818240463b8e36281175fc42d2e25a5991512c0f0ff7,7466b9e92ac09f6a5dd82cc928ebe1ea46d0e74c59f0dd6f937918d132a94618
D-toy,toy-complete-496,201,complete toy seeded case,True,validation/stage1-20261004-0100/toy.jsonl,497,8e0c418fbd3a274aadc914b1190c8371006634a0f109f77bf6907dc2e4b391db,bdc394494c22dfe8878a96ba555c4a71ee894471b5cad6e60bfce5a7add1f64c,7466b9e92ac09f6a5dd82cc928ebe1ea46d0e74c59f0dd6f937918d132a94618
D-toy,toy-complete-497,201,complete toy seeded case,True,validation/stage1-20261004-0100/toy.jsonl,498,8e0c418fbd3a274aadc914b1190c8371006634a0f109f77bf6907dc2e4b391db,46ad101a81160a21260c2eb15dfc226abd3b85ab754354667bdc348823e610b7,7466b9e92ac09f6a5dd82cc928ebe1ea46d0e74c59f0dd6f937918d132a94618
D-toy,toy-complete-498,201,complete toy seeded case,True,validation/stage1-20261004-0100/toy.jsonl,499,8e0c418fbd3a274aadc914b1190c8371006634a0f109f77bf6907dc2e4b391db,84904f171fca692406d7210f7cdcbf6f60a5987ce0bb763ea0a3e753da4b3f03,7466b9e92ac09f6a5dd82cc928ebe1ea46d0e74c59f0dd6f937918d132a94618
D-toy,toy-complete-499,201,complete toy seeded case,True,validation/stage1-20261004-0100/toy.jsonl,500,8e0c418fbd3a274aadc914b1190c8371006634a0f109f77bf6907dc2e4b391db,c791f7b84bb8a8e0ae88f194c15dc1608076cb63eaa9e60e7561871ac7558f07,7466b9e92ac09f6a5dd82cc928ebe1ea46d0e74c59f0dd6f937918d132a94618
D-toy,toy-complete-500,201,complete toy seeded case,True,validation/stage1-20261004-0100/toy.jsonl,501,8e0c418fbd3a274aadc914b1190c8371006634a0f109f77bf6907dc2e4b391db,23929a92dd7a6731e540f8aba96fae03be5383ef32d33a342b97302e9c257d8e,7466b9e92ac09f6a5dd82cc928ebe1ea46d0e74c59f0dd6f937918d132a94618
D-toy,toy-complete-501,201,complete toy seeded case,True,validation/stage1-20261004-0100/toy.jsonl,502,8e0c418fbd3a274aadc914b1190c8371006634a0f109f77bf6907dc2e4b391db,287d7246c16b43ac7a7c93a78c4c310678737cc024f4cc4b4f559a8b3ba6382a,7466b9e92ac09f6a5dd82cc928ebe1ea46d0e74c59f0dd6f937918d132a94618
D-toy,toy-complete-502,201,complete toy seeded case,True,validation/stage1-20261004-0100/toy.jsonl,503,8e0c418fbd3a274aadc914b1190c8371006634a0f109f77bf6907dc2e4b391db,aa0bcbcd95d075d11e9399d57ee7580c851df5a5dd5087dabd392aa65e555f16,7466b9e92ac09f6a5dd82cc928ebe1ea46d0e74c59f0dd6f937918d132a94618
D-toy,toy-complete-503,201,complete toy seeded case,True,validation/stage1-20261004-0100/toy.jsonl,504,8e0c418fbd3a274aadc914b1190c8371006634a0f109f77bf6907dc2e4b391db,872ebca30c5beb66aee8414e234dfc27cb591d3a38e77b39cfbaa218f51bec27,7466b9e92ac09f6a5dd82cc928ebe1ea46d0e74c59f0dd6f937918d132a94618
D-toy,toy-complete-504,201,complete toy seeded case,True,validation/stage1-20261004-0100/toy.jsonl,505,8e0c418fbd3a274aadc914b1190c8371006634a0f109f77bf6907dc2e4b391db,ac850f4a5e2f3a17baa5905969a42538e95d2324d3bb6507d5342deb752a5f7e,7466b9e92ac09f6a5dd82cc928ebe1ea46d0e74c59f0dd6f937918d132a94618
D-toy,toy-complete-505,201,complete toy seeded case,True,validation/stage1-20261004-0100/toy.jsonl,506,8e0c418fbd3a274aadc914b1190c8371006634a0f109f77bf6907dc2e4b391db,60d6dbddb6d55f68944ae59ed1d30fcb4ececea60d8c5f5ed237b2c23445ae62,7466b9e92ac09f6a5dd82cc928ebe1ea46d0e74c59f0dd6f937918d132a94618
D-toy,toy-complete-506,201,complete toy seeded case,True,validation/stage1-20261004-0100/toy.jsonl,507,8e0c418fbd3a274aadc914b1190c8371006634a0f109f77bf6907dc2e4b391db,1643f6116f1b38c48a614f3f28d0028125e7c81fc25da23dd4878ffa3bf1fcc4,7466b9e92ac09f6a5dd82cc928ebe1ea46d0e74c59f0dd6f937918d132a94618
D-toy,toy-complete-507,201,complete toy seeded case,True,validation/stage1-20261004-0100/toy.jsonl,508,8e0c418fbd3a274aadc914b1190c8371006634a0f109f77bf6907dc2e4b391db,9743bde0912f614193494e285ce77291c3462f5ff10c011ae0683c124038a9f0,7466b9e92ac09f6a5dd82cc928ebe1ea46d0e74c59f0dd6f937918d132a94618
D-toy,toy-complete-508,201,complete toy seeded case,True,validation/stage1-20261004-0100/toy.jsonl,509,8e0c418fbd3a274aadc914b1190c8371006634a0f109f77bf6907dc2e4b391db,5db8d2532c5c28e8cc6a1f0257501a0e94bd324cf074e9775fdbf77ece361fe3,7466b9e92ac09f6a5dd82cc928ebe1ea46d0e74c59f0dd6f937918d132a94618
D-toy,toy-complete-509,201,complete toy seeded case,True,validation/stage1-20261004-0100/toy.jsonl,510,8e0c418fbd3a274aadc914b1190c8371006634a0f109f77bf6907dc2e4b391db,2d204e9fa0fb309ece8657de356891ac1494fb97af6c7f86b0686554e2f1c7b0,7466b9e92ac09f6a5dd82cc928ebe1ea46d0e74c59f0dd6f937918d132a94618
D-toy,toy-complete-510,201,complete toy seeded case,True,validation/stage1-20261004-0100/toy.jsonl,511,8e0c418fbd3a274aadc914b1190c8371006634a0f109f77bf6907dc2e4b391db,b9288e009190a6dfb24bc596b760c0c526754567edc866c65ea2f3b693469436,7466b9e92ac09f6a5dd82cc928ebe1ea46d0e74c59f0dd6f937918d132a94618
D-toy,toy-complete-511,201,complete toy seeded case,True,validation/stage1-20261004-0100/toy.jsonl,512,8e0c418fbd3a274aadc914b1190c8371006634a0f109f77bf6907dc2e4b391db,06c91af247ae93ff5381412cfbcad8024d28a2cc9b22f5de6842877de558f3bc,7466b9e92ac09f6a5dd82cc928ebe1ea46d0e74c59f0dd6f937918d132a94618
D-toy,toy-complete-512,201,complete toy seeded case,True,validation/stage1-20261004-0100/toy.jsonl,513,8e0c418fbd3a274aadc914b1190c8371006634a0f109f77bf6907dc2e4b391db,85a52b7219d48eee67f9fe3e03cb8eca9d5d555ec5249ba53f61d692aa7b876c,7466b9e92ac09f6a5dd82cc928ebe1ea46d0e74c59f0dd6f937918d132a94618
D-toy,toy-complete-513,201,complete toy seeded case,True,validation/stage1-20261004-0100/toy.jsonl,514,8e0c418fbd3a274aadc914b1190c8371006634a0f109f77bf6907dc2e4b391db,7ac2051b47b49439847235607fac641ea37efba7ad0a0edac16b8797769e8987,7466b9e92ac09f6a5dd82cc928ebe1ea46d0e74c59f0dd6f937918d132a94618
D-toy,toy-complete-514,201,complete toy seeded case,True,validation/stage1-20261004-0100/toy.jsonl,515,8e0c418fbd3a274aadc914b1190c8371006634a0f109f77bf6907dc2e4b391db,5cbdf4e482fa556a6b0bb3649117e3d75c87eb1b3802f495e5c969d593565c3d,7466b9e92ac09f6a5dd82cc928ebe1ea46d0e74c59f0dd6f937918d132a94618
D-toy,toy-complete-515,201,complete toy seeded case,True,validation/stage1-20261004-0100/toy.jsonl,516,8e0c418fbd3a274aadc914b1190c8371006634a0f109f77bf6907dc2e4b391db,172766de75a8bbb31eb4a1a3ae785a4082487b0bdcebda8226029769a4443e5c,7466b9e92ac09f6a5dd82cc928ebe1ea46d0e74c59f0dd6f937918d132a94618
D-toy,toy-complete-516,201,complete toy seeded case,True,validation/stage1-20261004-0100/toy.jsonl,517,8e0c418fbd3a274aadc914b1190c8371006634a0f109f77bf6907dc2e4b391db,60e42825d8875dbf8600d19c8a4b0f067cca42856edd27f4cb8a633e237984a9,7466b9e92ac09f6a5dd82cc928ebe1ea46d0e74c59f0dd6f937918d132a94618
D-toy,toy-complete-517,201,complete toy seeded case,True,validation/stage1-20261004-0100/toy.jsonl,518,8e0c418fbd3a274aadc914b1190c8371006634a0f109f77bf6907dc2e4b391db,ceca9d4f18b803e9b94696d838ca1254b5c3705e6f535509c7ea65934ae49171,7466b9e92ac09f6a5dd82cc928ebe1ea46d0e74c59f0dd6f937918d132a94618
D-toy,toy-complete-518,201,complete toy seeded case,True,validation/stage1-20261004-0100/toy.jsonl,519,8e0c418fbd3a274aadc914b1190c8371006634a0f109f77bf6907dc2e4b391db,aebac776ba1447896c31a76c95f459f723cd4c23686b6dc33ee7969c8bd94dec,7466b9e92ac09f6a5dd82cc928ebe1ea46d0e74c59f0dd6f937918d132a94618
D-toy,toy-complete-519,201,complete toy seeded case,True,validation/stage1-20261004-0100/toy.jsonl,520,8e0c418fbd3a274aadc914b1190c8371006634a0f109f77bf6907dc2e4b391db,3ef9359c0f505fdf97cec17d1178bc004db466b4f3bc5339ebf8937701970359,7466b9e92ac09f6a5dd82cc928ebe1ea46d0e74c59f0dd6f937918d132a94618
D-toy,toy-complete-520,201,complete toy seeded case,True,validation/stage1-20261004-0100/toy.jsonl,521,8e0c418fbd3a274aadc914b1190c8371006634a0f109f77bf6907dc2e4b391db,d06716e0bd34b61c434a4263b6925c468cf5dcee42cc00d7fe7b269ef652a595,7466b9e92ac09f6a5dd82cc928ebe1ea46d0e74c59f0dd6f937918d132a94618
D-toy,toy-complete-521,201,complete toy seeded case,True,validation/stage1-20261004-0100/toy.jsonl,522,8e0c418fbd3a274aadc914b1190c8371006634a0f109f77bf6907dc2e4b391db,46916c0e2be1cf12c24babbc8e57e95926343dd112751f36498db7378a3307a4,7466b9e92ac09f6a5dd82cc928ebe1ea46d0e74c59f0dd6f937918d132a94618
D-toy,toy-complete-522,201,complete toy seeded case,True,validation/stage1-20261004-0100/toy.jsonl,523,8e0c418fbd3a274aadc914b1190c8371006634a0f109f77bf6907dc2e4b391db,76227ef6a568c0769c9e90fa45a6161c9c4d413b3061c4072e6a62c6cf279435,7466b9e92ac09f6a5dd82cc928ebe1ea46d0e74c59f0dd6f937918d132a94618
D-toy,toy-complete-523,201,complete toy seeded case,True,validation/stage1-20261004-0100/toy.jsonl,524,8e0c418fbd3a274aadc914b1190c8371006634a0f109f77bf6907dc2e4b391db,0a511ca22090a2f17c82b907ccd4c860f147853f4e08842cd5ab1e22f6c2d1fa,7466b9e92ac09f6a5dd82cc928ebe1ea46d0e74c59f0dd6f937918d132a94618
D-toy,toy-complete-524,201,complete toy seeded case,True,validation/stage1-20261004-0100/toy.jsonl,525,8e0c418fbd3a274aadc914b1190c8371006634a0f109f77bf6907dc2e4b391db,7df2dda11ec6931fb581a1c1ac8afac21b1620ce0cf69fad90f51c510dfcc946,7466b9e92ac09f6a5dd82cc928ebe1ea46d0e74c59f0dd6f937918d132a94618
D-toy,toy-complete-525,201,complete toy seeded case,True,validation/stage1-20261004-0100/toy.jsonl,526,8e0c418fbd3a274aadc914b1190c8371006634a0f109f77bf6907dc2e4b391db,bde21c752c9a33ab0d031da99b76507e617730f0f1dd6280a01b5714471dcd4c,7466b9e92ac09f6a5dd82cc928ebe1ea46d0e74c59f0dd6f937918d132a94618
D-toy,toy-complete-526,201,complete toy seeded case,True,validation/stage1-20261004-0100/toy.jsonl,527,8e0c418fbd3a274aadc914b1190c8371006634a0f109f77bf6907dc2e4b391db,8d300f3a48fa51f3ecc1581a872cfe2a2af8d0891a844e1d06df960795199e31,7466b9e92ac09f6a5dd82cc928ebe1ea46d0e74c59f0dd6f937918d132a94618
D-toy,toy-complete-527,201,complete toy seeded case,True,validation/stage1-20261004-0100/toy.jsonl,528,8e0c418fbd3a274aadc914b1190c8371006634a0f109f77bf6907dc2e4b391db,50e4deb428c03f7ac064afc6b73432b9cccdf625142efb922ff429e31c7d59f1,7466b9e92ac09f6a5dd82cc928ebe1ea46d0e74c59f0dd6f937918d132a94618
D-toy,toy-complete-528,201,complete toy seeded case,True,validation/stage1-20261004-0100/toy.jsonl,529,8e0c418fbd3a274aadc914b1190c8371006634a0f109f77bf6907dc2e4b391db,e5ac5dff77c2b5017ca6d6e77c4e1c98311a5f3605201b05c54458c931267234,7466b9e92ac09f6a5dd82cc928ebe1ea46d0e74c59f0dd6f937918d132a94618
D-toy,toy-complete-529,201,complete toy seeded case,True,validation/stage1-20261004-0100/toy.jsonl,530,8e0c418fbd3a274aadc914b1190c8371006634a0f109f77bf6907dc2e4b391db,276ee5d14409918d3ad139884319b989fbf833bb2310e0451f9eaff022a996a8,7466b9e92ac09f6a5dd82cc928ebe1ea46d0e74c59f0dd6f937918d132a94618
D-toy,toy-complete-530,201,complete toy seeded case,True,validation/stage1-20261004-0100/toy.jsonl,531,8e0c418fbd3a274aadc914b1190c8371006634a0f109f77bf6907dc2e4b391db,49d2e24572a0e7cd8540024d9bec73a1795c0cc1c90d3ecc7875effdaba708fe,7466b9e92ac09f6a5dd82cc928ebe1ea46d0e74c59f0dd6f937918d132a94618
D-toy,toy-complete-531,201,complete toy seeded case,True,validation/stage1-20261004-0100/toy.jsonl,532,8e0c418fbd3a274aadc914b1190c8371006634a0f109f77bf6907dc2e4b391db,cc25d6d294b2b7f45b84cab988f21898cb1391d70c1fa0cd0a65678591d5129d,7466b9e92ac09f6a5dd82cc928ebe1ea46d0e74c59f0dd6f937918d132a94618
D-toy,toy-complete-532,201,complete toy seeded case,True,validation/stage1-20261004-0100/toy.jsonl,533,8e0c418fbd3a274aadc914b1190c8371006634a0f109f77bf6907dc2e4b391db,35a04b35c556cf53ffa996f1d9ed486f9317c408be56b49203579323a4bfd931,7466b9e92ac09f6a5dd82cc928ebe1ea46d0e74c59f0dd6f937918d132a94618
D-toy,toy-complete-533,201,complete toy seeded case,True,validation/stage1-20261004-0100/toy.jsonl,534,8e0c418fbd3a274aadc914b1190c8371006634a0f109f77bf6907dc2e4b391db,87a7ed49741789a1e4d81f5dcf7cfe9ca18b83d94dcb7cea8a489c5e5774cbd6,7466b9e92ac09f6a5dd82cc928ebe1ea46d0e74c59f0dd6f937918d132a94618
D-toy,toy-complete-534,201,complete toy seeded case,True,validation/stage1-20261004-0100/toy.jsonl,535,8e0c418fbd3a274aadc914b1190c8371006634a0f109f77bf6907dc2e4b391db,e45fdc61cd31799a4505414de997605384d97f7ffbe85fe3a1e63486684136ae,7466b9e92ac09f6a5dd82cc928ebe1ea46d0e74c59f0dd6f937918d132a94618
D-toy,toy-complete-535,201,complete toy seeded case,True,validation/stage1-20261004-0100/toy.jsonl,536,8e0c418fbd3a274aadc914b1190c8371006634a0f109f77bf6907dc2e4b391db,c689c7e2a7f6743f75edcfd22873ef7bdfa995c726c7dc775b715623b437718d,7466b9e92ac09f6a5dd82cc928ebe1ea46d0e74c59f0dd6f937918d132a94618
D-toy,toy-complete-536,201,complete toy seeded case,True,validation/stage1-20261004-0100/toy.jsonl,537,8e0c418fbd3a274aadc914b1190c8371006634a0f109f77bf6907dc2e4b391db,886ab842f0064dbc9908edab69f8332433ae6f451ca92426e418d432a553afd3,7466b9e92ac09f6a5dd82cc928ebe1ea46d0e74c59f0dd6f937918d132a94618
D-toy,toy-complete-537,201,complete toy seeded case,True,validation/stage1-20261004-0100/toy.jsonl,538,8e0c418fbd3a274aadc914b1190c8371006634a0f109f77bf6907dc2e4b391db,73aa0b4c21f2b74eec70b16c696c18bb2e98584c3728a764ab9e2e7f3e332673,7466b9e92ac09f6a5dd82cc928ebe1ea46d0e74c59f0dd6f937918d132a94618
D-toy,toy-complete-538,201,complete toy seeded case,True,validation/stage1-20261004-0100/toy.jsonl,539,8e0c418fbd3a274aadc914b1190c8371006634a0f109f77bf6907dc2e4b391db,fe1a524056078cd6d6607222195c79f31e96332d10714d9d44f52c96f34ddcab,7466b9e92ac09f6a5dd82cc928ebe1ea46d0e74c59f0dd6f937918d132a94618
D-toy,toy-complete-539,201,complete toy seeded case,True,validation/stage1-20261004-0100/toy.jsonl,540,8e0c418fbd3a274aadc914b1190c8371006634a0f109f77bf6907dc2e4b391db,ab3fa9c52256881d00b08903a4b5a2f7c2eb02ed38e9f888452462a05048f0f7,7466b9e92ac09f6a5dd82cc928ebe1ea46d0e74c59f0dd6f937918d132a94618
D-toy,toy-complete-540,201,complete toy seeded case,True,validation/stage1-20261004-0100/toy.jsonl,541,8e0c418fbd3a274aadc914b1190c8371006634a0f109f77bf6907dc2e4b391db,4c597521c0d74012247bb26b28701a844648c71f25b837f9f1570595bc38cbb8,7466b9e92ac09f6a5dd82cc928ebe1ea46d0e74c59f0dd6f937918d132a94618
D-toy,toy-complete-541,201,complete toy seeded case,True,validation/stage1-20261004-0100/toy.jsonl,542,8e0c418fbd3a274aadc914b1190c8371006634a0f109f77bf6907dc2e4b391db,3c2da1debb0dfdf73347ed819ac2a74809131e3d263fd2f4ddbe217f0eadc456,7466b9e92ac09f6a5dd82cc928ebe1ea46d0e74c59f0dd6f937918d132a94618
D-toy,toy-complete-542,201,complete toy seeded case,True,validation/stage1-20261004-0100/toy.jsonl,543,8e0c418fbd3a274aadc914b1190c8371006634a0f109f77bf6907dc2e4b391db,7af0d130f831158a56a22322e5808d5acdee3c58085e51854422059c138d6799,7466b9e92ac09f6a5dd82cc928ebe1ea46d0e74c59f0dd6f937918d132a94618
D-toy,toy-complete-543,201,complete toy seeded case,True,validation/stage1-20261004-0100/toy.jsonl,544,8e0c418fbd3a274aadc914b1190c8371006634a0f109f77bf6907dc2e4b391db,3ee741a6c4106977c29ff1b8bc552791dad979411bf2f10510b76d6a260b8721,7466b9e92ac09f6a5dd82cc928ebe1ea46d0e74c59f0dd6f937918d132a94618
D-toy,toy-complete-544,201,complete toy seeded case,True,validation/stage1-20261004-0100/toy.jsonl,545,8e0c418fbd3a274aadc914b1190c8371006634a0f109f77bf6907dc2e4b391db,8f160aae8c0c76166f0491eb67e83ff97a30a9511e8e651932a9fdc6454acff4,7466b9e92ac09f6a5dd82cc928ebe1ea46d0e74c59f0dd6f937918d132a94618
D-toy,toy-complete-545,201,complete toy seeded case,True,validation/stage1-20261004-0100/toy.jsonl,546,8e0c418fbd3a274aadc914b1190c8371006634a0f109f77bf6907dc2e4b391db,10ded06347ff1f3ee1f823a4a9b2aba7866bbcda2db647ce9d3834f5e9a6120e,7466b9e92ac09f6a5dd82cc928ebe1ea46d0e74c59f0dd6f937918d132a94618
D-toy,toy-complete-546,201,complete toy seeded case,True,validation/stage1-20261004-0100/toy.jsonl,547,8e0c418fbd3a274aadc914b1190c8371006634a0f109f77bf6907dc2e4b391db,d35b84b6419e604cbd332cee050666038430751c203ebc60a05f8f06ec586147,7466b9e92ac09f6a5dd82cc928ebe1ea46d0e74c59f0dd6f937918d132a94618
D-toy,toy-complete-547,201,complete toy seeded case,True,validation/stage1-20261004-0100/toy.jsonl,548,8e0c418fbd3a274aadc914b1190c8371006634a0f109f77bf6907dc2e4b391db,8021a5b4857c3e49af549deabcc729fbf27fd81f06192cddf6cf2303c19331c1,7466b9e92ac09f6a5dd82cc928ebe1ea46d0e74c59f0dd6f937918d132a94618
D-toy,toy-complete-548,201,complete toy seeded case,True,validation/stage1-20261004-0100/toy.jsonl,549,8e0c418fbd3a274aadc914b1190c8371006634a0f109f77bf6907dc2e4b391db,7f74270a1888cf5e5fdef74a69d693c0a46ba031483a093fc053eb0fb4a09977,7466b9e92ac09f6a5dd82cc928ebe1ea46d0e74c59f0dd6f937918d132a94618
D-toy,toy-complete-549,201,complete toy seeded case,True,validation/stage1-20261004-0100/toy.jsonl,550,8e0c418fbd3a274aadc914b1190c8371006634a0f109f77bf6907dc2e4b391db,de275b362ae614db91fa073183b1124125e7fdacd5445afed612045528d8146b,7466b9e92ac09f6a5dd82cc928ebe1ea46d0e74c59f0dd6f937918d132a94618
D-toy,toy-complete-550,201,complete toy seeded case,True,validation/stage1-20261004-0100/toy.jsonl,551,8e0c418fbd3a274aadc914b1190c8371006634a0f109f77bf6907dc2e4b391db,718f9c59525998db22e0779146b101ef87ee313c1cd21f962899f02499b81eb0,7466b9e92ac09f6a5dd82cc928ebe1ea46d0e74c59f0dd6f937918d132a94618
D-toy,toy-complete-551,201,complete toy seeded case,True,validation/stage1-20261004-0100/toy.jsonl,552,8e0c418fbd3a274aadc914b1190c8371006634a0f109f77bf6907dc2e4b391db,c2b915768deedb255ef689f3eaf72a3bd09be247eb788754b60688e2c71e9b6d,7466b9e92ac09f6a5dd82cc928ebe1ea46d0e74c59f0dd6f937918d132a94618
D-toy,toy-complete-552,201,complete toy seeded case,True,validation/stage1-20261004-0100/toy.jsonl,553,8e0c418fbd3a274aadc914b1190c8371006634a0f109f77bf6907dc2e4b391db,52edc4d254a9b4137298a48ccb979579f117875f7da74f3a9f4a06c5a83e4294,7466b9e92ac09f6a5dd82cc928ebe1ea46d0e74c59f0dd6f937918d132a94618
D-toy,toy-complete-553,201,complete toy seeded case,True,validation/stage1-20261004-0100/toy.jsonl,554,8e0c418fbd3a274aadc914b1190c8371006634a0f109f77bf6907dc2e4b391db,d1e029b942994141b21d4ac485c1251b505308a1004942966c10f6e6e8abb8f6,7466b9e92ac09f6a5dd82cc928ebe1ea46d0e74c59f0dd6f937918d132a94618
D-toy,toy-complete-554,201,complete toy seeded case,True,validation/stage1-20261004-0100/toy.jsonl,555,8e0c418fbd3a274aadc914b1190c8371006634a0f109f77bf6907dc2e4b391db,e065e3050012881d43c43f4304e101b6e0ec19d120b94429dacdffae8a01f3b8,7466b9e92ac09f6a5dd82cc928ebe1ea46d0e74c59f0dd6f937918d132a94618
D-toy,toy-complete-555,201,complete toy seeded case,True,validation/stage1-20261004-0100/toy.jsonl,556,8e0c418fbd3a274aadc914b1190c8371006634a0f109f77bf6907dc2e4b391db,5f5a259bde1f97ea766c7c4f4caf509df40c6e48b06dbe51bbd5ccf0fbab20d9,7466b9e92ac09f6a5dd82cc928ebe1ea46d0e74c59f0dd6f937918d132a94618
D-toy,toy-complete-556,201,complete toy seeded case,True,validation/stage1-20261004-0100/toy.jsonl,557,8e0c418fbd3a274aadc914b1190c8371006634a0f109f77bf6907dc2e4b391db,516305f6826377b369bcaf48d21db1207a3b481baa06e6358530d085cf77fe23,7466b9e92ac09f6a5dd82cc928ebe1ea46d0e74c59f0dd6f937918d132a94618
D-toy,toy-complete-557,201,complete toy seeded case,True,validation/stage1-20261004-0100/toy.jsonl,558,8e0c418fbd3a274aadc914b1190c8371006634a0f109f77bf6907dc2e4b391db,1083914eef55ab96c28484b994c3d4abf3ff1c23a285f374fa7db7f3cbf057fa,7466b9e92ac09f6a5dd82cc928ebe1ea46d0e74c59f0dd6f937918d132a94618
D-toy,toy-complete-558,201,complete toy seeded case,True,validation/stage1-20261004-0100/toy.jsonl,559,8e0c418fbd3a274aadc914b1190c8371006634a0f109f77bf6907dc2e4b391db,7ab7329652062c23389e3668e4b7a64eba71d0e8c70d327f65d0379140e493b3,7466b9e92ac09f6a5dd82cc928ebe1ea46d0e74c59f0dd6f937918d132a94618
D-toy,toy-complete-559,201,complete toy seeded case,True,validation/stage1-20261004-0100/toy.jsonl,560,8e0c418fbd3a274aadc914b1190c8371006634a0f109f77bf6907dc2e4b391db,1da0f4dc4e6b9e245db93c8bd811202eea89803813ef76219bb2947217203b67,7466b9e92ac09f6a5dd82cc928ebe1ea46d0e74c59f0dd6f937918d132a94618
D-toy,toy-complete-560,201,complete toy seeded case,True,validation/stage1-20261004-0100/toy.jsonl,561,8e0c418fbd3a274aadc914b1190c8371006634a0f109f77bf6907dc2e4b391db,62572ebc03bbfbecd8e2b797e583e58feaa0888de210d4cf29dcd8723f70e454,7466b9e92ac09f6a5dd82cc928ebe1ea46d0e74c59f0dd6f937918d132a94618
D-toy,toy-complete-561,201,complete toy seeded case,True,validation/stage1-20261004-0100/toy.jsonl,562,8e0c418fbd3a274aadc914b1190c8371006634a0f109f77bf6907dc2e4b391db,a5111ede580203ad19da1b78455616b67ce226dca0a71193c85191f025e0ebb7,7466b9e92ac09f6a5dd82cc928ebe1ea46d0e74c59f0dd6f937918d132a94618
D-toy,toy-complete-562,201,complete toy seeded case,True,validation/stage1-20261004-0100/toy.jsonl,563,8e0c418fbd3a274aadc914b1190c8371006634a0f109f77bf6907dc2e4b391db,a2a68114709281a7d7eb891dc113a77f2a607a3436b7bef9c6312a00ef5a98a1,7466b9e92ac09f6a5dd82cc928ebe1ea46d0e74c59f0dd6f937918d132a94618
D-toy,toy-complete-563,201,complete toy seeded case,True,validation/stage1-20261004-0100/toy.jsonl,564,8e0c418fbd3a274aadc914b1190c8371006634a0f109f77bf6907dc2e4b391db,721401341f53e9606ee495e9710f457ef3669ecfe10d43001d9633176b021a8b,7466b9e92ac09f6a5dd82cc928ebe1ea46d0e74c59f0dd6f937918d132a94618
D-toy,toy-complete-564,201,complete toy seeded case,True,validation/stage1-20261004-0100/toy.jsonl,565,8e0c418fbd3a274aadc914b1190c8371006634a0f109f77bf6907dc2e4b391db,3a4872d111bf7659c0c56a4170845144a56714a9e0b659f3e66436eb471fc3dc,7466b9e92ac09f6a5dd82cc928ebe1ea46d0e74c59f0dd6f937918d132a94618
D-toy,toy-complete-565,201,complete toy seeded case,True,validation/stage1-20261004-0100/toy.jsonl,566,8e0c418fbd3a274aadc914b1190c8371006634a0f109f77bf6907dc2e4b391db,e9b15abc9c60beb81fd9ed64dba7fc814993b2fa8e05cb15349ed42e2ea473d6,7466b9e92ac09f6a5dd82cc928ebe1ea46d0e74c59f0dd6f937918d132a94618
D-toy,toy-complete-566,201,complete toy seeded case,True,validation/stage1-20261004-0100/toy.jsonl,567,8e0c418fbd3a274aadc914b1190c8371006634a0f109f77bf6907dc2e4b391db,a2feef3d02ee64d99f4bb829966285034319e3d429e24b3634bfbf76a3fbc2a1,7466b9e92ac09f6a5dd82cc928ebe1ea46d0e74c59f0dd6f937918d132a94618
D-toy,toy-complete-567,201,complete toy seeded case,True,validation/stage1-20261004-0100/toy.jsonl,568,8e0c418fbd3a274aadc914b1190c8371006634a0f109f77bf6907dc2e4b391db,fe5f2cada87ac99003413736a13482a6479e04eff363b07c5ba0744a54de71a6,7466b9e92ac09f6a5dd82cc928ebe1ea46d0e74c59f0dd6f937918d132a94618
D-toy,toy-complete-568,201,complete toy seeded case,True,validation/stage1-20261004-0100/toy.jsonl,569,8e0c418fbd3a274aadc914b1190c8371006634a0f109f77bf6907dc2e4b391db,ab1e2a0bba494072500a8e3607c36866ad0181dfe23b2f98a0bf5c4f634f1740,7466b9e92ac09f6a5dd82cc928ebe1ea46d0e74c59f0dd6f937918d132a94618
D-toy,toy-complete-569,201,complete toy seeded case,True,validation/stage1-20261004-0100/toy.jsonl,570,8e0c418fbd3a274aadc914b1190c8371006634a0f109f77bf6907dc2e4b391db,7a94d67b1258bda6239f34d3d5864412cfc3e4e5ee1cead46d8c60f5ea644591,7466b9e92ac09f6a5dd82cc928ebe1ea46d0e74c59f0dd6f937918d132a94618
D-toy,toy-complete-570,201,complete toy seeded case,True,validation/stage1-20261004-0100/toy.jsonl,571,8e0c418fbd3a274aadc914b1190c8371006634a0f109f77bf6907dc2e4b391db,1e98a3da1b6081d626e283340850bc818e9d68becaebfe64c331cf9d1bb552e2,7466b9e92ac09f6a5dd82cc928ebe1ea46d0e74c59f0dd6f937918d132a94618
D-toy,toy-complete-571,201,complete toy seeded case,True,validation/stage1-20261004-0100/toy.jsonl,572,8e0c418fbd3a274aadc914b1190c8371006634a0f109f77bf6907dc2e4b391db,0463da593ba027337d838b63d61f0c7f76e05dfa6efa11ef3e10745104c961e5,7466b9e92ac09f6a5dd82cc928ebe1ea46d0e74c59f0dd6f937918d132a94618
D-toy,toy-complete-572,201,complete toy seeded case,True,validation/stage1-20261004-0100/toy.jsonl,573,8e0c418fbd3a274aadc914b1190c8371006634a0f109f77bf6907dc2e4b391db,e50e6d6a2a263a0c314e36bf39f4b7e9cf6c410eccf03adbbce99f4577bd43d6,7466b9e92ac09f6a5dd82cc928ebe1ea46d0e74c59f0dd6f937918d132a94618
D-toy,toy-complete-573,201,complete toy seeded case,True,validation/stage1-20261004-0100/toy.jsonl,574,8e0c418fbd3a274aadc914b1190c8371006634a0f109f77bf6907dc2e4b391db,dff5fb8144020879df4e6c5a2b0887fc9b928243bddeb5220d55ff202ec2a59e,7466b9e92ac09f6a5dd82cc928ebe1ea46d0e74c59f0dd6f937918d132a94618
D-toy,toy-complete-574,201,complete toy seeded case,True,validation/stage1-20261004-0100/toy.jsonl,575,8e0c418fbd3a274aadc914b1190c8371006634a0f109f77bf6907dc2e4b391db,0b5913b35e1dcf11c7953c8023288fb888f2d7b9bc6d2462f4f5451fd8ef6abf,7466b9e92ac09f6a5dd82cc928ebe1ea46d0e74c59f0dd6f937918d132a94618
D-toy,toy-complete-575,201,complete toy seeded case,True,validation/stage1-20261004-0100/toy.jsonl,576,8e0c418fbd3a274aadc914b1190c8371006634a0f109f77bf6907dc2e4b391db,f9642a07b1357124f18279aee0297608e04d296362fb2f06e3073e5efbd5630a,7466b9e92ac09f6a5dd82cc928ebe1ea46d0e74c59f0dd6f937918d132a94618
D-toy,toy-complete-576,201,complete toy seeded case,True,validation/stage1-20261004-0100/toy.jsonl,577,8e0c418fbd3a274aadc914b1190c8371006634a0f109f77bf6907dc2e4b391db,d043c9bdb1e2d8c74b4f9b11ce98b34fa3eb38e7db4a1152679d8f7e9c3c68b8,7466b9e92ac09f6a5dd82cc928ebe1ea46d0e74c59f0dd6f937918d132a94618
D-toy,toy-complete-577,201,complete toy seeded case,True,validation/stage1-20261004-0100/toy.jsonl,578,8e0c418fbd3a274aadc914b1190c8371006634a0f109f77bf6907dc2e4b391db,b747893c12253deabd26c6c2ea70f66e9cbdbcb71a25b0ee15bd8e6e1154ce4b,7466b9e92ac09f6a5dd82cc928ebe1ea46d0e74c59f0dd6f937918d132a94618
D-toy,toy-complete-578,201,complete toy seeded case,True,validation/stage1-20261004-0100/toy.jsonl,579,8e0c418fbd3a274aadc914b1190c8371006634a0f109f77bf6907dc2e4b391db,a626603c4cfe3437c288abe8a44f2f4c7db66e5214196ff4e33780e56931b3c0,7466b9e92ac09f6a5dd82cc928ebe1ea46d0e74c59f0dd6f937918d132a94618
D-toy,toy-complete-579,201,complete toy seeded case,True,validation/stage1-20261004-0100/toy.jsonl,580,8e0c418fbd3a274aadc914b1190c8371006634a0f109f77bf6907dc2e4b391db,05f2bb57313ae1cf7caacae1014874187a0511d4810acbd84140a4ccf67b05a9,7466b9e92ac09f6a5dd82cc928ebe1ea46d0e74c59f0dd6f937918d132a94618
D-toy,toy-complete-580,201,complete toy seeded case,True,validation/stage1-20261004-0100/toy.jsonl,581,8e0c418fbd3a274aadc914b1190c8371006634a0f109f77bf6907dc2e4b391db,6af10a5927bd7ef38b5b9008f5721151779f60954cba822eb26d76e5d6f1c126,7466b9e92ac09f6a5dd82cc928ebe1ea46d0e74c59f0dd6f937918d132a94618
D-toy,toy-complete-581,201,complete toy seeded case,True,validation/stage1-20261004-0100/toy.jsonl,582,8e0c418fbd3a274aadc914b1190c8371006634a0f109f77bf6907dc2e4b391db,f25f04522f517ab1a809a15ad3e33b8bc2c440a8b36e0afaabb963f2a1c132c9,7466b9e92ac09f6a5dd82cc928ebe1ea46d0e74c59f0dd6f937918d132a94618
D-toy,toy-complete-582,201,complete toy seeded case,True,validation/stage1-20261004-0100/toy.jsonl,583,8e0c418fbd3a274aadc914b1190c8371006634a0f109f77bf6907dc2e4b391db,11b6d2e48c2fcb1a2b2e125b18b74a6df278b5cd93d4743a3e3f68e54ede62c5,7466b9e92ac09f6a5dd82cc928ebe1ea46d0e74c59f0dd6f937918d132a94618
D-toy,toy-complete-583,201,complete toy seeded case,True,validation/stage1-20261004-0100/toy.jsonl,584,8e0c418fbd3a274aadc914b1190c8371006634a0f109f77bf6907dc2e4b391db,35d493ff24839a08a7a139a6d35bb4195df649456f1b3f9625015e7ac2f264b5,7466b9e92ac09f6a5dd82cc928ebe1ea46d0e74c59f0dd6f937918d132a94618
D-toy,toy-complete-584,201,complete toy seeded case,True,validation/stage1-20261004-0100/toy.jsonl,585,8e0c418fbd3a274aadc914b1190c8371006634a0f109f77bf6907dc2e4b391db,16a7091e2eb3da9801c1157e131a63c145a7f6e2c3c977b7adb0b8cad8342276,7466b9e92ac09f6a5dd82cc928ebe1ea46d0e74c59f0dd6f937918d132a94618
D-toy,toy-complete-585,201,complete toy seeded case,True,validation/stage1-20261004-0100/toy.jsonl,586,8e0c418fbd3a274aadc914b1190c8371006634a0f109f77bf6907dc2e4b391db,bd2b2020694306ed41de1cad0e5890dbed256de753c3c6801d52cefe1dcc5b6d,7466b9e92ac09f6a5dd82cc928ebe1ea46d0e74c59f0dd6f937918d132a94618
D-toy,toy-complete-586,201,complete toy seeded case,True,validation/stage1-20261004-0100/toy.jsonl,587,8e0c418fbd3a274aadc914b1190c8371006634a0f109f77bf6907dc2e4b391db,10b2e80f535a751757fcf0fada3ce34a0163b5b64e5c5c32eb1a5272bd24a38b,7466b9e92ac09f6a5dd82cc928ebe1ea46d0e74c59f0dd6f937918d132a94618
D-toy,toy-complete-587,201,complete toy seeded case,True,validation/stage1-20261004-0100/toy.jsonl,588,8e0c418fbd3a274aadc914b1190c8371006634a0f109f77bf6907dc2e4b391db,e731d5daf637155cca139bff6a7663910dbb035c59d8960cfc33518d5b2d5c69,7466b9e92ac09f6a5dd82cc928ebe1ea46d0e74c59f0dd6f937918d132a94618
D-toy,toy-complete-588,201,complete toy seeded case,True,validation/stage1-20261004-0100/toy.jsonl,589,8e0c418fbd3a274aadc914b1190c8371006634a0f109f77bf6907dc2e4b391db,efdeca93a398257546114b2eb2b6382f179fddcb3b09a3c0b8277af942f4a7c8,7466b9e92ac09f6a5dd82cc928ebe1ea46d0e74c59f0dd6f937918d132a94618
D-toy,toy-complete-589,201,complete toy seeded case,True,validation/stage1-20261004-0100/toy.jsonl,590,8e0c418fbd3a274aadc914b1190c8371006634a0f109f77bf6907dc2e4b391db,16510f837898a7544daa144fb884c204bfa86bf30ce721bc23cbbf55060f24e9,7466b9e92ac09f6a5dd82cc928ebe1ea46d0e74c59f0dd6f937918d132a94618
D-toy,toy-complete-590,201,complete toy seeded case,True,validation/stage1-20261004-0100/toy.jsonl,591,8e0c418fbd3a274aadc914b1190c8371006634a0f109f77bf6907dc2e4b391db,47a0767f7da269704e83a9a74dd5cda689f0793984d45d08e6eb071300312b62,7466b9e92ac09f6a5dd82cc928ebe1ea46d0e74c59f0dd6f937918d132a94618
D-toy,toy-complete-591,201,complete toy seeded case,True,validation/stage1-20261004-0100/toy.jsonl,592,8e0c418fbd3a274aadc914b1190c8371006634a0f109f77bf6907dc2e4b391db,026ade11ff2c38119eacfabf7180e643ab60dda8375daffad0d82a7090d63312,7466b9e92ac09f6a5dd82cc928ebe1ea46d0e74c59f0dd6f937918d132a94618
D-toy,toy-complete-592,201,complete toy seeded case,True,validation/stage1-20261004-0100/toy.jsonl,593,8e0c418fbd3a274aadc914b1190c8371006634a0f109f77bf6907dc2e4b391db,8648e1ef28c1494e50436870127f592f6a344461e8df829a831a7856af95988e,7466b9e92ac09f6a5dd82cc928ebe1ea46d0e74c59f0dd6f937918d132a94618
D-toy,toy-complete-593,201,complete toy seeded case,True,validation/stage1-20261004-0100/toy.jsonl,594,8e0c418fbd3a274aadc914b1190c8371006634a0f109f77bf6907dc2e4b391db,9f78277c0d26d042c3f5bf1a1a29b43716789321b2389b8279adfb411cd48303,7466b9e92ac09f6a5dd82cc928ebe1ea46d0e74c59f0dd6f937918d132a94618
D-toy,toy-complete-594,201,complete toy seeded case,True,validation/stage1-20261004-0100/toy.jsonl,595,8e0c418fbd3a274aadc914b1190c8371006634a0f109f77bf6907dc2e4b391db,36bd3972a932bf2c674a5436f5c318baa65d706152292e7401fc5712d9a6ec41,7466b9e92ac09f6a5dd82cc928ebe1ea46d0e74c59f0dd6f937918d132a94618
D-toy,toy-complete-595,201,complete toy seeded case,True,validation/stage1-20261004-0100/toy.jsonl,596,8e0c418fbd3a274aadc914b1190c8371006634a0f109f77bf6907dc2e4b391db,829c946bff576514bcd6a6e9c6cdbfbae7fbf7e97146b880427d36e4d8884f8d,7466b9e92ac09f6a5dd82cc928ebe1ea46d0e74c59f0dd6f937918d132a94618
D-toy,toy-complete-596,201,complete toy seeded case,True,validation/stage1-20261004-0100/toy.jsonl,597,8e0c418fbd3a274aadc914b1190c8371006634a0f109f77bf6907dc2e4b391db,b20f533124747c96ef33cd95893a527f04cd9fe758a2a0c2a53cfd99d752fad8,7466b9e92ac09f6a5dd82cc928ebe1ea46d0e74c59f0dd6f937918d132a94618
D-toy,toy-complete-597,201,complete toy seeded case,True,validation/stage1-20261004-0100/toy.jsonl,598,8e0c418fbd3a274aadc914b1190c8371006634a0f109f77bf6907dc2e4b391db,5166a4efbaad6ea54e5f04417bb478341b46c16aafa7e2b0074d69a2f8859a0f,7466b9e92ac09f6a5dd82cc928ebe1ea46d0e74c59f0dd6f937918d132a94618
D-toy,toy-complete-598,201,complete toy seeded case,True,validation/stage1-20261004-0100/toy.jsonl,599,8e0c418fbd3a274aadc914b1190c8371006634a0f109f77bf6907dc2e4b391db,93a9a6f29afbc6367d5cfb8508648207b0c026e473eff1634cd94a2344c14742,7466b9e92ac09f6a5dd82cc928ebe1ea46d0e74c59f0dd6f937918d132a94618
D-toy,toy-complete-599,201,complete toy seeded case,True,validation/stage1-20261004-0100/toy.jsonl,600,8e0c418fbd3a274aadc914b1190c8371006634a0f109f77bf6907dc2e4b391db,006a8a0e45d47b263bf4c64bff045900c3829e82c5bf64358a62c0756741bfef,7466b9e92ac09f6a5dd82cc928ebe1ea46d0e74c59f0dd6f937918d132a94618
D-toy,toy-complete-600,201,complete toy seeded case,True,validation/stage1-20261004-0100/toy.jsonl,601,8e0c418fbd3a274aadc914b1190c8371006634a0f109f77bf6907dc2e4b391db,acf0eccfd3d494383cec1311fadcaa2beb7dd1e55858e097eadae88f42d7a28d,7466b9e92ac09f6a5dd82cc928ebe1ea46d0e74c59f0dd6f937918d132a94618
D-toy,toy-complete-601,201,complete toy seeded case,True,validation/stage1-20261004-0100/toy.jsonl,602,8e0c418fbd3a274aadc914b1190c8371006634a0f109f77bf6907dc2e4b391db,6373d1410e6a828ae335049b572cbc8434e2981d9e72999ec2ab8814314182af,7466b9e92ac09f6a5dd82cc928ebe1ea46d0e74c59f0dd6f937918d132a94618
D-toy,toy-complete-602,201,complete toy seeded case,True,validation/stage1-20261004-0100/toy.jsonl,603,8e0c418fbd3a274aadc914b1190c8371006634a0f109f77bf6907dc2e4b391db,c2e856836c81cc783a839215da49be15e7e285e36d27a2390e4846624774428d,7466b9e92ac09f6a5dd82cc928ebe1ea46d0e74c59f0dd6f937918d132a94618
D-toy,toy-complete-603,201,complete toy seeded case,True,validation/stage1-20261004-0100/toy.jsonl,604,8e0c418fbd3a274aadc914b1190c8371006634a0f109f77bf6907dc2e4b391db,79255e1c6a1e1cc98e34170998c2ba7bf0a4775e0c76f092726ab897a6e57577,7466b9e92ac09f6a5dd82cc928ebe1ea46d0e74c59f0dd6f937918d132a94618
D-toy,toy-complete-604,201,complete toy seeded case,True,validation/stage1-20261004-0100/toy.jsonl,605,8e0c418fbd3a274aadc914b1190c8371006634a0f109f77bf6907dc2e4b391db,01d240f66ac73c38fa180a48678d771bb7068027d6c9ad955bdd328ca5daa16d,7466b9e92ac09f6a5dd82cc928ebe1ea46d0e74c59f0dd6f937918d132a94618
D-toy,toy-complete-605,201,complete toy seeded case,True,validation/stage1-20261004-0100/toy.jsonl,606,8e0c418fbd3a274aadc914b1190c8371006634a0f109f77bf6907dc2e4b391db,da67b2f375d186f614e2cddebe6796e87c0d295f259fed1d4d36ae02edbafcda,7466b9e92ac09f6a5dd82cc928ebe1ea46d0e74c59f0dd6f937918d132a94618
D-toy,toy-complete-606,201,complete toy seeded case,True,validation/stage1-20261004-0100/toy.jsonl,607,8e0c418fbd3a274aadc914b1190c8371006634a0f109f77bf6907dc2e4b391db,4932f25f4982fe5210d502b9d141637b5ee5c1c57f642db46590ea8d98345701,7466b9e92ac09f6a5dd82cc928ebe1ea46d0e74c59f0dd6f937918d132a94618
D-toy,toy-complete-607,201,complete toy seeded case,True,validation/stage1-20261004-0100/toy.jsonl,608,8e0c418fbd3a274aadc914b1190c8371006634a0f109f77bf6907dc2e4b391db,fdacf4fe38f9d6ac90c533ef37fec936fb30919b154156a349215f2d23d3e3c9,7466b9e92ac09f6a5dd82cc928ebe1ea46d0e74c59f0dd6f937918d132a94618
D-toy,toy-complete-608,201,complete toy seeded case,True,validation/stage1-20261004-0100/toy.jsonl,609,8e0c418fbd3a274aadc914b1190c8371006634a0f109f77bf6907dc2e4b391db,3f6932d6eaff8d676144d05918cbc68113076cc5fdb6a4259f176829ae866132,7466b9e92ac09f6a5dd82cc928ebe1ea46d0e74c59f0dd6f937918d132a94618
D-toy,toy-complete-609,201,complete toy seeded case,True,validation/stage1-20261004-0100/toy.jsonl,610,8e0c418fbd3a274aadc914b1190c8371006634a0f109f77bf6907dc2e4b391db,ea652321031a3db0bfc0f39d6fd8206d4a97b699bacabea4f6e8f9be9532762e,7466b9e92ac09f6a5dd82cc928ebe1ea46d0e74c59f0dd6f937918d132a94618
D-toy,toy-complete-610,201,complete toy seeded case,True,validation/stage1-20261004-0100/toy.jsonl,611,8e0c418fbd3a274aadc914b1190c8371006634a0f109f77bf6907dc2e4b391db,1b9d9c653a83899ea62a46cdcef6ccb1343182b4ade48beffa59c2ebe86d6e07,7466b9e92ac09f6a5dd82cc928ebe1ea46d0e74c59f0dd6f937918d132a94618
D-toy,toy-complete-611,201,complete toy seeded case,True,validation/stage1-20261004-0100/toy.jsonl,612,8e0c418fbd3a274aadc914b1190c8371006634a0f109f77bf6907dc2e4b391db,0f3695200880057516abdcfa365c43c0c5e441a4006df69b82f29821fd045f6d,7466b9e92ac09f6a5dd82cc928ebe1ea46d0e74c59f0dd6f937918d132a94618
D-toy,toy-complete-612,201,complete toy seeded case,True,validation/stage1-20261004-0100/toy.jsonl,613,8e0c418fbd3a274aadc914b1190c8371006634a0f109f77bf6907dc2e4b391db,6b08dc2b8ab76294593876c2fc23cf254f1ff64bc14e33514b3bb85c82ce418f,7466b9e92ac09f6a5dd82cc928ebe1ea46d0e74c59f0dd6f937918d132a94618
D-toy,toy-complete-613,201,complete toy seeded case,True,validation/stage1-20261004-0100/toy.jsonl,614,8e0c418fbd3a274aadc914b1190c8371006634a0f109f77bf6907dc2e4b391db,7cfb89e3433e17005ca7fbb449977bfc7cc6c758a8a93551163fc7b972e47017,7466b9e92ac09f6a5dd82cc928ebe1ea46d0e74c59f0dd6f937918d132a94618
D-toy,toy-complete-614,201,complete toy seeded case,True,validation/stage1-20261004-0100/toy.jsonl,615,8e0c418fbd3a274aadc914b1190c8371006634a0f109f77bf6907dc2e4b391db,dfe39937df5ea9fa70ec0bb8cc675c4e4885fdb5a569c4207a2e24252e911c5c,7466b9e92ac09f6a5dd82cc928ebe1ea46d0e74c59f0dd6f937918d132a94618
D-toy,toy-complete-615,201,complete toy seeded case,True,validation/stage1-20261004-0100/toy.jsonl,616,8e0c418fbd3a274aadc914b1190c8371006634a0f109f77bf6907dc2e4b391db,ccb76b3e78b63d9ecedaa667a1f4a296ab4c0fe8266c57e061cb95de70e34547,7466b9e92ac09f6a5dd82cc928ebe1ea46d0e74c59f0dd6f937918d132a94618
D-toy,toy-complete-616,201,complete toy seeded case,True,validation/stage1-20261004-0100/toy.jsonl,617,8e0c418fbd3a274aadc914b1190c8371006634a0f109f77bf6907dc2e4b391db,ce1e8ebebf7f58d2fa19c6d95ef31ae7de4b18375ab211ea47e4d82bec15393c,7466b9e92ac09f6a5dd82cc928ebe1ea46d0e74c59f0dd6f937918d132a94618
D-toy,toy-complete-617,201,complete toy seeded case,True,validation/stage1-20261004-0100/toy.jsonl,618,8e0c418fbd3a274aadc914b1190c8371006634a0f109f77bf6907dc2e4b391db,3f7fbef6d9ce79972554722a62be5673db18e9a6327fb3853420d087b0c873cc,7466b9e92ac09f6a5dd82cc928ebe1ea46d0e74c59f0dd6f937918d132a94618
D-toy,toy-complete-618,201,complete toy seeded case,True,validation/stage1-20261004-0100/toy.jsonl,619,8e0c418fbd3a274aadc914b1190c8371006634a0f109f77bf6907dc2e4b391db,3c2dc7727b1f07b36257f0e5590eef710253b46a16e4ddf208dcabc22572f150,7466b9e92ac09f6a5dd82cc928ebe1ea46d0e74c59f0dd6f937918d132a94618
D-toy,toy-complete-619,201,complete toy seeded case,True,validation/stage1-20261004-0100/toy.jsonl,620,8e0c418fbd3a274aadc914b1190c8371006634a0f109f77bf6907dc2e4b391db,c458f889cc1a707e097b1856de1557b4b742454260cedb1d287d6eed221655e9,7466b9e92ac09f6a5dd82cc928ebe1ea46d0e74c59f0dd6f937918d132a94618
D-toy,toy-complete-620,201,complete toy seeded case,True,validation/stage1-20261004-0100/toy.jsonl,621,8e0c418fbd3a274aadc914b1190c8371006634a0f109f77bf6907dc2e4b391db,891b71328e29f2777d913c53606f38070b6d2bfa5f212d22ce885bd987408def,7466b9e92ac09f6a5dd82cc928ebe1ea46d0e74c59f0dd6f937918d132a94618
D-toy,toy-complete-621,201,complete toy seeded case,True,validation/stage1-20261004-0100/toy.jsonl,622,8e0c418fbd3a274aadc914b1190c8371006634a0f109f77bf6907dc2e4b391db,c72bade62e53d5257763f67e773bfd1f9a597be95d813f30fb0703165729674f,7466b9e92ac09f6a5dd82cc928ebe1ea46d0e74c59f0dd6f937918d132a94618
D-toy,toy-complete-622,201,complete toy seeded case,True,validation/stage1-20261004-0100/toy.jsonl,623,8e0c418fbd3a274aadc914b1190c8371006634a0f109f77bf6907dc2e4b391db,a21479e961d3c041234377e417abeb4b20a73883c9af875cbe11b4682fbc48a1,7466b9e92ac09f6a5dd82cc928ebe1ea46d0e74c59f0dd6f937918d132a94618
D-toy,toy-complete-623,201,complete toy seeded case,True,validation/stage1-20261004-0100/toy.jsonl,624,8e0c418fbd3a274aadc914b1190c8371006634a0f109f77bf6907dc2e4b391db,2be43b58a5f05295179eaa6ab77d981e06daf60a473c89eb00353dabdfb17604,7466b9e92ac09f6a5dd82cc928ebe1ea46d0e74c59f0dd6f937918d132a94618
D-toy,toy-complete-624,201,complete toy seeded case,True,validation/stage1-20261004-0100/toy.jsonl,625,8e0c418fbd3a274aadc914b1190c8371006634a0f109f77bf6907dc2e4b391db,684dc2d71e294ca012cafcd9be347e65604724806901fa17b75fbd63614bff4e,7466b9e92ac09f6a5dd82cc928ebe1ea46d0e74c59f0dd6f937918d132a94618
D-toy,toy-complete-625,201,complete toy seeded case,True,validation/stage1-20261004-0100/toy.jsonl,626,8e0c418fbd3a274aadc914b1190c8371006634a0f109f77bf6907dc2e4b391db,ba2130ff7b3f7b5ba94f08b5e3c1ae6de373af5561eaafd92fe1a1f7310e39af,7466b9e92ac09f6a5dd82cc928ebe1ea46d0e74c59f0dd6f937918d132a94618
D-toy,toy-complete-626,201,complete toy seeded case,True,validation/stage1-20261004-0100/toy.jsonl,627,8e0c418fbd3a274aadc914b1190c8371006634a0f109f77bf6907dc2e4b391db,5421f24e99c27f3641d916e785ac9d344e6df70feb33deb73b3104573a94e87a,7466b9e92ac09f6a5dd82cc928ebe1ea46d0e74c59f0dd6f937918d132a94618
D-toy,toy-complete-627,201,complete toy seeded case,True,validation/stage1-20261004-0100/toy.jsonl,628,8e0c418fbd3a274aadc914b1190c8371006634a0f109f77bf6907dc2e4b391db,b828a972a2ddd234800b011e22c354da4f47420428a84f955a4142ed7446c04d,7466b9e92ac09f6a5dd82cc928ebe1ea46d0e74c59f0dd6f937918d132a94618
D-toy,toy-complete-628,201,complete toy seeded case,True,validation/stage1-20261004-0100/toy.jsonl,629,8e0c418fbd3a274aadc914b1190c8371006634a0f109f77bf6907dc2e4b391db,08d2c1dca6a796121cceb1f9e8cdfa7977f2c6f8b2a1432a34651a7336775f12,7466b9e92ac09f6a5dd82cc928ebe1ea46d0e74c59f0dd6f937918d132a94618
D-toy,toy-complete-629,201,complete toy seeded case,True,validation/stage1-20261004-0100/toy.jsonl,630,8e0c418fbd3a274aadc914b1190c8371006634a0f109f77bf6907dc2e4b391db,3e1905bcf6cc9dd48bcae7db43cc3c747dca89be1787cb4bac874a5254dbb54f,7466b9e92ac09f6a5dd82cc928ebe1ea46d0e74c59f0dd6f937918d132a94618
D-toy,toy-complete-630,201,complete toy seeded case,True,validation/stage1-20261004-0100/toy.jsonl,631,8e0c418fbd3a274aadc914b1190c8371006634a0f109f77bf6907dc2e4b391db,dcce34288f7f98f6d2acc7217fb6b53b4f9ef2f14bc7b256111495ba62890cc8,7466b9e92ac09f6a5dd82cc928ebe1ea46d0e74c59f0dd6f937918d132a94618
D-toy,toy-complete-631,201,complete toy seeded case,True,validation/stage1-20261004-0100/toy.jsonl,632,8e0c418fbd3a274aadc914b1190c8371006634a0f109f77bf6907dc2e4b391db,767b04c73053fac23689394ad1525fdcd6ebe702f114fa4585bf0e13015caf91,7466b9e92ac09f6a5dd82cc928ebe1ea46d0e74c59f0dd6f937918d132a94618
D-toy,toy-complete-632,201,complete toy seeded case,True,validation/stage1-20261004-0100/toy.jsonl,633,8e0c418fbd3a274aadc914b1190c8371006634a0f109f77bf6907dc2e4b391db,1349e789c9fd6fde17b39e9271813a6a6e0562055bad34305cf3801b480fb9cd,7466b9e92ac09f6a5dd82cc928ebe1ea46d0e74c59f0dd6f937918d132a94618
D-toy,toy-complete-633,201,complete toy seeded case,True,validation/stage1-20261004-0100/toy.jsonl,634,8e0c418fbd3a274aadc914b1190c8371006634a0f109f77bf6907dc2e4b391db,b56efc3b47e261946a5742d59bbc4baae6d03b984efa57e6edce90e6719eb398,7466b9e92ac09f6a5dd82cc928ebe1ea46d0e74c59f0dd6f937918d132a94618
D-toy,toy-complete-634,201,complete toy seeded case,True,validation/stage1-20261004-0100/toy.jsonl,635,8e0c418fbd3a274aadc914b1190c8371006634a0f109f77bf6907dc2e4b391db,68f5e13527173ae656775c3bbd2e69548d7548783a3820b31e69f300039281bd,7466b9e92ac09f6a5dd82cc928ebe1ea46d0e74c59f0dd6f937918d132a94618
D-toy,toy-complete-635,201,complete toy seeded case,True,validation/stage1-20261004-0100/toy.jsonl,636,8e0c418fbd3a274aadc914b1190c8371006634a0f109f77bf6907dc2e4b391db,a33077debae85915596c0e4890b21693c57e161d48f163408d02a60e99a6162a,7466b9e92ac09f6a5dd82cc928ebe1ea46d0e74c59f0dd6f937918d132a94618
D-toy,toy-complete-636,201,complete toy seeded case,True,validation/stage1-20261004-0100/toy.jsonl,637,8e0c418fbd3a274aadc914b1190c8371006634a0f109f77bf6907dc2e4b391db,d93c19214f3452d38c27e05ce82f8ecd10253786cb11028b4ac9d8b492fb4c79,7466b9e92ac09f6a5dd82cc928ebe1ea46d0e74c59f0dd6f937918d132a94618
D-toy,toy-complete-637,201,complete toy seeded case,True,validation/stage1-20261004-0100/toy.jsonl,638,8e0c418fbd3a274aadc914b1190c8371006634a0f109f77bf6907dc2e4b391db,e539d5fa03fec1dcc737db78da8fc3524edbd6432f312252d783b7bd3f923e9d,7466b9e92ac09f6a5dd82cc928ebe1ea46d0e74c59f0dd6f937918d132a94618
D-toy,toy-complete-638,201,complete toy seeded case,True,validation/stage1-20261004-0100/toy.jsonl,639,8e0c418fbd3a274aadc914b1190c8371006634a0f109f77bf6907dc2e4b391db,a75f764740b9603d3421df58b18fa451e339eefd10e6f8a1a503086cc5caf43c,7466b9e92ac09f6a5dd82cc928ebe1ea46d0e74c59f0dd6f937918d132a94618
D-toy,toy-complete-639,201,complete toy seeded case,True,validation/stage1-20261004-0100/toy.jsonl,640,8e0c418fbd3a274aadc914b1190c8371006634a0f109f77bf6907dc2e4b391db,dd7f4f7d28efe272d84eddc996944811743e28fc17731e02b5460a487a3c98c8,7466b9e92ac09f6a5dd82cc928ebe1ea46d0e74c59f0dd6f937918d132a94618
D-toy,toy-complete-640,201,complete toy seeded case,True,validation/stage1-20261004-0100/toy.jsonl,641,8e0c418fbd3a274aadc914b1190c8371006634a0f109f77bf6907dc2e4b391db,f6c6be18345a975ce1f9766950f83a6925bb3c2d4daf22597e6e968dbf00f876,7466b9e92ac09f6a5dd82cc928ebe1ea46d0e74c59f0dd6f937918d132a94618
D-toy,toy-complete-641,201,complete toy seeded case,True,validation/stage1-20261004-0100/toy.jsonl,642,8e0c418fbd3a274aadc914b1190c8371006634a0f109f77bf6907dc2e4b391db,1ee137d2265825014e27189ce1f7bc4dcbe94e0104e896bfb1666693115dbccb,7466b9e92ac09f6a5dd82cc928ebe1ea46d0e74c59f0dd6f937918d132a94618
D-toy,toy-complete-642,201,complete toy seeded case,True,validation/stage1-20261004-0100/toy.jsonl,643,8e0c418fbd3a274aadc914b1190c8371006634a0f109f77bf6907dc2e4b391db,f10b902661133a887183cec3f79695d61646026dd344a10c0f7a304c14b1c2b8,7466b9e92ac09f6a5dd82cc928ebe1ea46d0e74c59f0dd6f937918d132a94618
D-toy,toy-complete-643,201,complete toy seeded case,True,validation/stage1-20261004-0100/toy.jsonl,644,8e0c418fbd3a274aadc914b1190c8371006634a0f109f77bf6907dc2e4b391db,3062a1adf71019955e7bda8f6ecc2319385cb38dd891cb34fe759486e262419b,7466b9e92ac09f6a5dd82cc928ebe1ea46d0e74c59f0dd6f937918d132a94618
D-toy,toy-complete-644,201,complete toy seeded case,True,validation/stage1-20261004-0100/toy.jsonl,645,8e0c418fbd3a274aadc914b1190c8371006634a0f109f77bf6907dc2e4b391db,7935dab476e94a97e1f9b2220ee957558438a106a1c2426b3abbec333dab4fe5,7466b9e92ac09f6a5dd82cc928ebe1ea46d0e74c59f0dd6f937918d132a94618
D-toy,toy-complete-645,201,complete toy seeded case,True,validation/stage1-20261004-0100/toy.jsonl,646,8e0c418fbd3a274aadc914b1190c8371006634a0f109f77bf6907dc2e4b391db,1af8fe19c61ed28c74ff70a2a86b76a8d0499aaddcfaa7f62ce896cc19fa5e09,7466b9e92ac09f6a5dd82cc928ebe1ea46d0e74c59f0dd6f937918d132a94618
D-toy,toy-complete-646,201,complete toy seeded case,True,validation/stage1-20261004-0100/toy.jsonl,647,8e0c418fbd3a274aadc914b1190c8371006634a0f109f77bf6907dc2e4b391db,a4190968775c0995b64f5a1c243eb010387e4fd118a50418a180811cd9967a7d,7466b9e92ac09f6a5dd82cc928ebe1ea46d0e74c59f0dd6f937918d132a94618
D-toy,toy-complete-647,201,complete toy seeded case,True,validation/stage1-20261004-0100/toy.jsonl,648,8e0c418fbd3a274aadc914b1190c8371006634a0f109f77bf6907dc2e4b391db,740fd0c18cf5f250b62fad47e8cafdb9929d651486ce75dad9d86e203bb969a1,7466b9e92ac09f6a5dd82cc928ebe1ea46d0e74c59f0dd6f937918d132a94618
D-toy,toy-complete-648,201,complete toy seeded case,True,validation/stage1-20261004-0100/toy.jsonl,649,8e0c418fbd3a274aadc914b1190c8371006634a0f109f77bf6907dc2e4b391db,0980be15f72f38d2268445efa52f4dfdceda3184354c19c8d5e915d41dcd4a2b,7466b9e92ac09f6a5dd82cc928ebe1ea46d0e74c59f0dd6f937918d132a94618
D-toy,toy-complete-649,201,complete toy seeded case,True,validation/stage1-20261004-0100/toy.jsonl,650,8e0c418fbd3a274aadc914b1190c8371006634a0f109f77bf6907dc2e4b391db,886996d279800f4ac7e8b5cefcd2113455a108fae61efc2696df990a968b2466,7466b9e92ac09f6a5dd82cc928ebe1ea46d0e74c59f0dd6f937918d132a94618
D-toy,toy-complete-650,201,complete toy seeded case,True,validation/stage1-20261004-0100/toy.jsonl,651,8e0c418fbd3a274aadc914b1190c8371006634a0f109f77bf6907dc2e4b391db,1724eb5b8c90259adf89045f8ef366b2bb2ae6ce72ee2d9d08947d5a9294a495,7466b9e92ac09f6a5dd82cc928ebe1ea46d0e74c59f0dd6f937918d132a94618
D-toy,toy-complete-651,201,complete toy seeded case,True,validation/stage1-20261004-0100/toy.jsonl,652,8e0c418fbd3a274aadc914b1190c8371006634a0f109f77bf6907dc2e4b391db,9ee24126e7167ab899e0269842d25d18b4ab53ac966a54d2456a9ab7ac825904,7466b9e92ac09f6a5dd82cc928ebe1ea46d0e74c59f0dd6f937918d132a94618
D-toy,toy-complete-652,201,complete toy seeded case,True,validation/stage1-20261004-0100/toy.jsonl,653,8e0c418fbd3a274aadc914b1190c8371006634a0f109f77bf6907dc2e4b391db,1aec1dd9064e081da3afdbc99414a100b32fa158e5a0bd0954ead1860bb55cb3,7466b9e92ac09f6a5dd82cc928ebe1ea46d0e74c59f0dd6f937918d132a94618
D-toy,toy-complete-653,201,complete toy seeded case,True,validation/stage1-20261004-0100/toy.jsonl,654,8e0c418fbd3a274aadc914b1190c8371006634a0f109f77bf6907dc2e4b391db,dcd9a2f9ef6820ce2d6c4eb05deb23fdd01561abaeea6461098c81733e4c9198,7466b9e92ac09f6a5dd82cc928ebe1ea46d0e74c59f0dd6f937918d132a94618
D-toy,toy-complete-654,201,complete toy seeded case,True,validation/stage1-20261004-0100/toy.jsonl,655,8e0c418fbd3a274aadc914b1190c8371006634a0f109f77bf6907dc2e4b391db,66420947644ef54a10885a6826519956739b6bbf3bf69a2dcff838277381205d,7466b9e92ac09f6a5dd82cc928ebe1ea46d0e74c59f0dd6f937918d132a94618
D-toy,toy-complete-655,201,complete toy seeded case,True,validation/stage1-20261004-0100/toy.jsonl,656,8e0c418fbd3a274aadc914b1190c8371006634a0f109f77bf6907dc2e4b391db,bde1b669a12299b231833b23060fe70f4f48442bc5bc9f0afda347d659658e6b,7466b9e92ac09f6a5dd82cc928ebe1ea46d0e74c59f0dd6f937918d132a94618
D-toy,toy-complete-656,201,complete toy seeded case,True,validation/stage1-20261004-0100/toy.jsonl,657,8e0c418fbd3a274aadc914b1190c8371006634a0f109f77bf6907dc2e4b391db,1ca33bdcdff4051cfdef2acc41ef32c87012788a1d7a9f4dd1cddd55a5893505,7466b9e92ac09f6a5dd82cc928ebe1ea46d0e74c59f0dd6f937918d132a94618
D-toy,toy-complete-657,201,complete toy seeded case,True,validation/stage1-20261004-0100/toy.jsonl,658,8e0c418fbd3a274aadc914b1190c8371006634a0f109f77bf6907dc2e4b391db,d0b2f766ab18a58ded65cc71bc5c37ec650ac41385fcf3b3c2f669b592a1d14d,7466b9e92ac09f6a5dd82cc928ebe1ea46d0e74c59f0dd6f937918d132a94618
D-toy,toy-complete-658,201,complete toy seeded case,True,validation/stage1-20261004-0100/toy.jsonl,659,8e0c418fbd3a274aadc914b1190c8371006634a0f109f77bf6907dc2e4b391db,c9ffb185e2b09458f7c1e6f245a99e66c807e459c0b843b2626d2c4ee080cd4a,7466b9e92ac09f6a5dd82cc928ebe1ea46d0e74c59f0dd6f937918d132a94618
D-toy,toy-complete-659,201,complete toy seeded case,True,validation/stage1-20261004-0100/toy.jsonl,660,8e0c418fbd3a274aadc914b1190c8371006634a0f109f77bf6907dc2e4b391db,e12eed57e134208cfed96026b142d74b6493670ff96cfd4d8fd0d12402e39058,7466b9e92ac09f6a5dd82cc928ebe1ea46d0e74c59f0dd6f937918d132a94618
D-toy,toy-complete-660,201,complete toy seeded case,True,validation/stage1-20261004-0100/toy.jsonl,661,8e0c418fbd3a274aadc914b1190c8371006634a0f109f77bf6907dc2e4b391db,894ccc9ad2e72fa16f4127dbcb6ebbb97cac395af58bd37704872fb1faa917fc,7466b9e92ac09f6a5dd82cc928ebe1ea46d0e74c59f0dd6f937918d132a94618
D-toy,toy-complete-661,201,complete toy seeded case,True,validation/stage1-20261004-0100/toy.jsonl,662,8e0c418fbd3a274aadc914b1190c8371006634a0f109f77bf6907dc2e4b391db,ff8811e6b5e5468a899daec6ac713d582202ab4821c877d65972c1cd63080c49,7466b9e92ac09f6a5dd82cc928ebe1ea46d0e74c59f0dd6f937918d132a94618
D-toy,toy-complete-662,201,complete toy seeded case,True,validation/stage1-20261004-0100/toy.jsonl,663,8e0c418fbd3a274aadc914b1190c8371006634a0f109f77bf6907dc2e4b391db,bfb4309f0799a46cfcdad3c72ae419b000d0004ff07b4af6040b03456c7cc062,7466b9e92ac09f6a5dd82cc928ebe1ea46d0e74c59f0dd6f937918d132a94618
D-toy,toy-complete-663,201,complete toy seeded case,True,validation/stage1-20261004-0100/toy.jsonl,664,8e0c418fbd3a274aadc914b1190c8371006634a0f109f77bf6907dc2e4b391db,7e73149dc7f10b1eb7aeb60d23559a8445fe16b6ffd29287ee8fd9a78f818676,7466b9e92ac09f6a5dd82cc928ebe1ea46d0e74c59f0dd6f937918d132a94618
D-toy,toy-complete-664,201,complete toy seeded case,True,validation/stage1-20261004-0100/toy.jsonl,665,8e0c418fbd3a274aadc914b1190c8371006634a0f109f77bf6907dc2e4b391db,cc0e6706976ec8e95fd430721929da2808c88d7a5e9bc303586bd445721caae0,7466b9e92ac09f6a5dd82cc928ebe1ea46d0e74c59f0dd6f937918d132a94618
D-toy,toy-complete-665,201,complete toy seeded case,True,validation/stage1-20261004-0100/toy.jsonl,666,8e0c418fbd3a274aadc914b1190c8371006634a0f109f77bf6907dc2e4b391db,a58c696f957dac4be7f8c481777f95f95ce918cd0ec54022260c136a7ff21e01,7466b9e92ac09f6a5dd82cc928ebe1ea46d0e74c59f0dd6f937918d132a94618
D-toy,toy-complete-666,201,complete toy seeded case,True,validation/stage1-20261004-0100/toy.jsonl,667,8e0c418fbd3a274aadc914b1190c8371006634a0f109f77bf6907dc2e4b391db,afa3f49fe312d58401c87d8c8f3ee6555f1c57c7987174f1e10e520216c93766,7466b9e92ac09f6a5dd82cc928ebe1ea46d0e74c59f0dd6f937918d132a94618
D-toy,toy-complete-667,201,complete toy seeded case,True,validation/stage1-20261004-0100/toy.jsonl,668,8e0c418fbd3a274aadc914b1190c8371006634a0f109f77bf6907dc2e4b391db,90fdac1e926a67bebfb0d1db6d3185c19488844608fe3b0e7f53f2df5960de51,7466b9e92ac09f6a5dd82cc928ebe1ea46d0e74c59f0dd6f937918d132a94618
D-toy,toy-complete-668,201,complete toy seeded case,True,validation/stage1-20261004-0100/toy.jsonl,669,8e0c418fbd3a274aadc914b1190c8371006634a0f109f77bf6907dc2e4b391db,63cfda65174263bace65bb70d1001a4d505b8f31ca1bb7f0f4c1543d47138e1c,7466b9e92ac09f6a5dd82cc928ebe1ea46d0e74c59f0dd6f937918d132a94618
D-toy,toy-complete-669,201,complete toy seeded case,True,validation/stage1-20261004-0100/toy.jsonl,670,8e0c418fbd3a274aadc914b1190c8371006634a0f109f77bf6907dc2e4b391db,ccac93f2675b453d628d2e391f025eb17ac099d724bee84261ebc4142e51ca95,7466b9e92ac09f6a5dd82cc928ebe1ea46d0e74c59f0dd6f937918d132a94618
D-toy,toy-complete-670,201,complete toy seeded case,True,validation/stage1-20261004-0100/toy.jsonl,671,8e0c418fbd3a274aadc914b1190c8371006634a0f109f77bf6907dc2e4b391db,31d31d0dc2f4f684cefa0834db21134375bb57707c5d617523df5e53e31db669,7466b9e92ac09f6a5dd82cc928ebe1ea46d0e74c59f0dd6f937918d132a94618
D-toy,toy-complete-671,201,complete toy seeded case,True,validation/stage1-20261004-0100/toy.jsonl,672,8e0c418fbd3a274aadc914b1190c8371006634a0f109f77bf6907dc2e4b391db,d68e2cb16d0052c0f43c452b031f1ebf26789887b5a887cce99e0d6a1609b244,7466b9e92ac09f6a5dd82cc928ebe1ea46d0e74c59f0dd6f937918d132a94618
D-toy,toy-complete-672,201,complete toy seeded case,True,validation/stage1-20261004-0100/toy.jsonl,673,8e0c418fbd3a274aadc914b1190c8371006634a0f109f77bf6907dc2e4b391db,520c073a5a4dc6fb4aed555e7b2861187f889bf6e564acf3650cbecf855699a4,7466b9e92ac09f6a5dd82cc928ebe1ea46d0e74c59f0dd6f937918d132a94618
D-toy,toy-complete-673,201,complete toy seeded case,True,validation/stage1-20261004-0100/toy.jsonl,674,8e0c418fbd3a274aadc914b1190c8371006634a0f109f77bf6907dc2e4b391db,8bc74ee49ccbc69de8fed92e54512ce13ddf13aa41f8416562e10e748dc91182,7466b9e92ac09f6a5dd82cc928ebe1ea46d0e74c59f0dd6f937918d132a94618
D-toy,toy-complete-674,201,complete toy seeded case,True,validation/stage1-20261004-0100/toy.jsonl,675,8e0c418fbd3a274aadc914b1190c8371006634a0f109f77bf6907dc2e4b391db,5febdca9c3170fe138850cc2e9e15f3dc7574ffc64c5167cc9cfe15c32b6c518,7466b9e92ac09f6a5dd82cc928ebe1ea46d0e74c59f0dd6f937918d132a94618
D-toy,toy-complete-675,201,complete toy seeded case,True,validation/stage1-20261004-0100/toy.jsonl,676,8e0c418fbd3a274aadc914b1190c8371006634a0f109f77bf6907dc2e4b391db,51768f33a3faf649d1f1541a5d7d9450f7f8c55d0b4cc7caf6392d6749e2aa11,7466b9e92ac09f6a5dd82cc928ebe1ea46d0e74c59f0dd6f937918d132a94618
D-toy,toy-complete-676,201,complete toy seeded case,True,validation/stage1-20261004-0100/toy.jsonl,677,8e0c418fbd3a274aadc914b1190c8371006634a0f109f77bf6907dc2e4b391db,7d68986adedaa838016e5dc598067b6b315bd60afc1b70ce20c3f1034dac7006,7466b9e92ac09f6a5dd82cc928ebe1ea46d0e74c59f0dd6f937918d132a94618
D-toy,toy-complete-677,201,complete toy seeded case,True,validation/stage1-20261004-0100/toy.jsonl,678,8e0c418fbd3a274aadc914b1190c8371006634a0f109f77bf6907dc2e4b391db,abc623d80cf06b4bdf201df0e2c1f2cd70f571c34bec0f8363427a6b8da7f6b0,7466b9e92ac09f6a5dd82cc928ebe1ea46d0e74c59f0dd6f937918d132a94618
D-toy,toy-complete-678,201,complete toy seeded case,True,validation/stage1-20261004-0100/toy.jsonl,679,8e0c418fbd3a274aadc914b1190c8371006634a0f109f77bf6907dc2e4b391db,4556a122211561ac34509249298fe4b5d8f0e2396b977143bb99c8fc8b3c33b1,7466b9e92ac09f6a5dd82cc928ebe1ea46d0e74c59f0dd6f937918d132a94618
D-toy,toy-complete-679,201,complete toy seeded case,True,validation/stage1-20261004-0100/toy.jsonl,680,8e0c418fbd3a274aadc914b1190c8371006634a0f109f77bf6907dc2e4b391db,be38de5110744c7f97a0d8e5a4817397df3cb8b3572beeab38e12d7701fef4bd,7466b9e92ac09f6a5dd82cc928ebe1ea46d0e74c59f0dd6f937918d132a94618
D-toy,toy-complete-680,201,complete toy seeded case,True,validation/stage1-20261004-0100/toy.jsonl,681,8e0c418fbd3a274aadc914b1190c8371006634a0f109f77bf6907dc2e4b391db,aab17e4cdc53476696daa5adea27667ad955f430ba9944c88fc6a2ad28bf7b02,7466b9e92ac09f6a5dd82cc928ebe1ea46d0e74c59f0dd6f937918d132a94618
D-toy,toy-complete-681,201,complete toy seeded case,True,validation/stage1-20261004-0100/toy.jsonl,682,8e0c418fbd3a274aadc914b1190c8371006634a0f109f77bf6907dc2e4b391db,53d3fb1b6edac39732aca45ca83e335c40bceaac4f1f66c22f5c6ea9441df424,7466b9e92ac09f6a5dd82cc928ebe1ea46d0e74c59f0dd6f937918d132a94618
D-toy,toy-complete-682,201,complete toy seeded case,True,validation/stage1-20261004-0100/toy.jsonl,683,8e0c418fbd3a274aadc914b1190c8371006634a0f109f77bf6907dc2e4b391db,939500c39b05f559425cf32603f27c3936ee5038162985f2ec35a6735b738864,7466b9e92ac09f6a5dd82cc928ebe1ea46d0e74c59f0dd6f937918d132a94618
D-toy,toy-complete-683,201,complete toy seeded case,True,validation/stage1-20261004-0100/toy.jsonl,684,8e0c418fbd3a274aadc914b1190c8371006634a0f109f77bf6907dc2e4b391db,c0bec3c70411117e3cba03e3ea51d532a2f06dcd1140c23a3293c9d32cb3c163,7466b9e92ac09f6a5dd82cc928ebe1ea46d0e74c59f0dd6f937918d132a94618
D-toy,toy-complete-684,201,complete toy seeded case,True,validation/stage1-20261004-0100/toy.jsonl,685,8e0c418fbd3a274aadc914b1190c8371006634a0f109f77bf6907dc2e4b391db,164991b28591510881b665d309818304079ea3bc9e5747302e7becd29c63782a,7466b9e92ac09f6a5dd82cc928ebe1ea46d0e74c59f0dd6f937918d132a94618
D-toy,toy-complete-685,201,complete toy seeded case,True,validation/stage1-20261004-0100/toy.jsonl,686,8e0c418fbd3a274aadc914b1190c8371006634a0f109f77bf6907dc2e4b391db,95292b47603c30ddb034ba189984fdae15abefc3347c7cad4a738ff3c9c676ed,7466b9e92ac09f6a5dd82cc928ebe1ea46d0e74c59f0dd6f937918d132a94618
D-toy,toy-complete-686,201,complete toy seeded case,True,validation/stage1-20261004-0100/toy.jsonl,687,8e0c418fbd3a274aadc914b1190c8371006634a0f109f77bf6907dc2e4b391db,5bb3e5cdbb79a90970d3807af131f328da4a40ea6a9bc498edba8729ebe0ac33,7466b9e92ac09f6a5dd82cc928ebe1ea46d0e74c59f0dd6f937918d132a94618
D-toy,toy-complete-687,201,complete toy seeded case,True,validation/stage1-20261004-0100/toy.jsonl,688,8e0c418fbd3a274aadc914b1190c8371006634a0f109f77bf6907dc2e4b391db,c5e96fc03573e57219163ca4cf3c1dbb0344ff9650ea642c1f492a8c20541d61,7466b9e92ac09f6a5dd82cc928ebe1ea46d0e74c59f0dd6f937918d132a94618
D-toy,toy-complete-688,201,complete toy seeded case,True,validation/stage1-20261004-0100/toy.jsonl,689,8e0c418fbd3a274aadc914b1190c8371006634a0f109f77bf6907dc2e4b391db,6f4430b164ba90fa42889e1d0ff562f93d217b291fd511502bed609c6a6cb538,7466b9e92ac09f6a5dd82cc928ebe1ea46d0e74c59f0dd6f937918d132a94618
D-toy,toy-complete-689,201,complete toy seeded case,True,validation/stage1-20261004-0100/toy.jsonl,690,8e0c418fbd3a274aadc914b1190c8371006634a0f109f77bf6907dc2e4b391db,455c94c6d3fe621fa101103146967db60ec8959cc391dd51d5e9b7ce076b8696,7466b9e92ac09f6a5dd82cc928ebe1ea46d0e74c59f0dd6f937918d132a94618
D-toy,toy-complete-690,201,complete toy seeded case,True,validation/stage1-20261004-0100/toy.jsonl,691,8e0c418fbd3a274aadc914b1190c8371006634a0f109f77bf6907dc2e4b391db,b2b1e3bc55740c4d48e39216f79b01efed81e3b0e5b981841587e9e0abb30e40,7466b9e92ac09f6a5dd82cc928ebe1ea46d0e74c59f0dd6f937918d132a94618
D-toy,toy-complete-691,201,complete toy seeded case,True,validation/stage1-20261004-0100/toy.jsonl,692,8e0c418fbd3a274aadc914b1190c8371006634a0f109f77bf6907dc2e4b391db,b309d3571d121e3f9709a607d0588d974f388c73c336f333deffd46cc7ff01c6,7466b9e92ac09f6a5dd82cc928ebe1ea46d0e74c59f0dd6f937918d132a94618
D-toy,toy-complete-692,201,complete toy seeded case,True,validation/stage1-20261004-0100/toy.jsonl,693,8e0c418fbd3a274aadc914b1190c8371006634a0f109f77bf6907dc2e4b391db,25d54d717b2cca4702364f3162956bfaefc8597cdc149641458be1331ee689a8,7466b9e92ac09f6a5dd82cc928ebe1ea46d0e74c59f0dd6f937918d132a94618
D-toy,toy-complete-693,201,complete toy seeded case,True,validation/stage1-20261004-0100/toy.jsonl,694,8e0c418fbd3a274aadc914b1190c8371006634a0f109f77bf6907dc2e4b391db,27440460ff933b03ba4f7bef5027beab2fce294bc998b189bed354cc2326ced6,7466b9e92ac09f6a5dd82cc928ebe1ea46d0e74c59f0dd6f937918d132a94618
D-toy,toy-complete-694,201,complete toy seeded case,True,validation/stage1-20261004-0100/toy.jsonl,695,8e0c418fbd3a274aadc914b1190c8371006634a0f109f77bf6907dc2e4b391db,7331b5e08346f9211bfe4db7fea16fa8bf8728df2840e0a2888babb62efcc4c2,7466b9e92ac09f6a5dd82cc928ebe1ea46d0e74c59f0dd6f937918d132a94618
D-toy,toy-complete-695,201,complete toy seeded case,True,validation/stage1-20261004-0100/toy.jsonl,696,8e0c418fbd3a274aadc914b1190c8371006634a0f109f77bf6907dc2e4b391db,bb3788586a25cedc7b6c98355a606c72ed9d02d3127a99ab513171ee1bd92894,7466b9e92ac09f6a5dd82cc928ebe1ea46d0e74c59f0dd6f937918d132a94618
D-toy,toy-complete-696,201,complete toy seeded case,True,validation/stage1-20261004-0100/toy.jsonl,697,8e0c418fbd3a274aadc914b1190c8371006634a0f109f77bf6907dc2e4b391db,b50b56420cae5475806bcfd482aff498fca0a092ff1dd6f3d942167a9d28a9d2,7466b9e92ac09f6a5dd82cc928ebe1ea46d0e74c59f0dd6f937918d132a94618
D-toy,toy-complete-697,201,complete toy seeded case,True,validation/stage1-20261004-0100/toy.jsonl,698,8e0c418fbd3a274aadc914b1190c8371006634a0f109f77bf6907dc2e4b391db,92fc36ea1c5baa55a1b8946100328c1bda8259f7e3e523cf8d1159f79c0487df,7466b9e92ac09f6a5dd82cc928ebe1ea46d0e74c59f0dd6f937918d132a94618
D-toy,toy-complete-698,201,complete toy seeded case,True,validation/stage1-20261004-0100/toy.jsonl,699,8e0c418fbd3a274aadc914b1190c8371006634a0f109f77bf6907dc2e4b391db,74e7792c21ca2f07b568481a55c709fc55770bceea7278dcb9dadce0b1b0b1cb,7466b9e92ac09f6a5dd82cc928ebe1ea46d0e74c59f0dd6f937918d132a94618
D-toy,toy-complete-699,201,complete toy seeded case,True,validation/stage1-20261004-0100/toy.jsonl,700,8e0c418fbd3a274aadc914b1190c8371006634a0f109f77bf6907dc2e4b391db,5013e019abeb831737d21afdcd1fe410fe2c4133890db4e88b72210a5a0705dc,7466b9e92ac09f6a5dd82cc928ebe1ea46d0e74c59f0dd6f937918d132a94618
D-toy,toy-complete-700,201,complete toy seeded case,True,validation/stage1-20261004-0100/toy.jsonl,701,8e0c418fbd3a274aadc914b1190c8371006634a0f109f77bf6907dc2e4b391db,3f1b686fe8f63bec6ff60a41f832759a5cf75a822f2d5a5bc371349141272ea4,7466b9e92ac09f6a5dd82cc928ebe1ea46d0e74c59f0dd6f937918d132a94618
D-toy,toy-complete-701,201,complete toy seeded case,True,validation/stage1-20261004-0100/toy.jsonl,702,8e0c418fbd3a274aadc914b1190c8371006634a0f109f77bf6907dc2e4b391db,91faee2430e8c6705456d8bbc0beceec97dded2e4dcc63753c241313e8c9dc7d,7466b9e92ac09f6a5dd82cc928ebe1ea46d0e74c59f0dd6f937918d132a94618
D-toy,toy-complete-702,201,complete toy seeded case,True,validation/stage1-20261004-0100/toy.jsonl,703,8e0c418fbd3a274aadc914b1190c8371006634a0f109f77bf6907dc2e4b391db,6c96cae7e64da952c0e08443c083fbb9d1ea657ca22b2a7362378b78a566b946,7466b9e92ac09f6a5dd82cc928ebe1ea46d0e74c59f0dd6f937918d132a94618
D-toy,toy-complete-703,201,complete toy seeded case,True,validation/stage1-20261004-0100/toy.jsonl,704,8e0c418fbd3a274aadc914b1190c8371006634a0f109f77bf6907dc2e4b391db,8385bd215e7b7e79699dcd0ff1a896c229d9cd6d96b92633f3727389dea1263f,7466b9e92ac09f6a5dd82cc928ebe1ea46d0e74c59f0dd6f937918d132a94618
D-toy,toy-complete-704,201,complete toy seeded case,True,validation/stage1-20261004-0100/toy.jsonl,705,8e0c418fbd3a274aadc914b1190c8371006634a0f109f77bf6907dc2e4b391db,c19f5c14ff018e851155fa7f55fb128b616f057ee721e530d4b206a431cc3630,7466b9e92ac09f6a5dd82cc928ebe1ea46d0e74c59f0dd6f937918d132a94618
D-toy,toy-complete-705,201,complete toy seeded case,True,validation/stage1-20261004-0100/toy.jsonl,706,8e0c418fbd3a274aadc914b1190c8371006634a0f109f77bf6907dc2e4b391db,15c780c53aed1643d483d6915427c5246d2ef29cc246534c6b776f9c62ca693c,7466b9e92ac09f6a5dd82cc928ebe1ea46d0e74c59f0dd6f937918d132a94618
D-toy,toy-complete-706,201,complete toy seeded case,True,validation/stage1-20261004-0100/toy.jsonl,707,8e0c418fbd3a274aadc914b1190c8371006634a0f109f77bf6907dc2e4b391db,d37bc6df76218e75a86a6f2e9c25e8e85a7e28fdbbc096d2701f8acee9d17b5c,7466b9e92ac09f6a5dd82cc928ebe1ea46d0e74c59f0dd6f937918d132a94618
D-toy,toy-complete-707,201,complete toy seeded case,True,validation/stage1-20261004-0100/toy.jsonl,708,8e0c418fbd3a274aadc914b1190c8371006634a0f109f77bf6907dc2e4b391db,e8b2c5733455f56a69098150df01ceb2971ab24f99b4f89750dc23f784c85bf1,7466b9e92ac09f6a5dd82cc928ebe1ea46d0e74c59f0dd6f937918d132a94618
D-toy,toy-complete-708,201,complete toy seeded case,True,validation/stage1-20261004-0100/toy.jsonl,709,8e0c418fbd3a274aadc914b1190c8371006634a0f109f77bf6907dc2e4b391db,33ee4e742770a826fb192395a6747294964ed04032cba427ba5c7a2361fcd29f,7466b9e92ac09f6a5dd82cc928ebe1ea46d0e74c59f0dd6f937918d132a94618
D-toy,toy-complete-709,201,complete toy seeded case,True,validation/stage1-20261004-0100/toy.jsonl,710,8e0c418fbd3a274aadc914b1190c8371006634a0f109f77bf6907dc2e4b391db,1a8a05b3dd26011a857ea0bb0a6cacfccaa594d4428c4ce4fc801f0990495ab7,7466b9e92ac09f6a5dd82cc928ebe1ea46d0e74c59f0dd6f937918d132a94618
D-toy,toy-complete-710,201,complete toy seeded case,True,validation/stage1-20261004-0100/toy.jsonl,711,8e0c418fbd3a274aadc914b1190c8371006634a0f109f77bf6907dc2e4b391db,ce88805b5873293ffcbf8606d1e8d4be6f12960e2468f46f929bc00384367521,7466b9e92ac09f6a5dd82cc928ebe1ea46d0e74c59f0dd6f937918d132a94618
D-toy,toy-complete-711,201,complete toy seeded case,True,validation/stage1-20261004-0100/toy.jsonl,712,8e0c418fbd3a274aadc914b1190c8371006634a0f109f77bf6907dc2e4b391db,f6b34bb8bd99cde32bcb04c0564b059abcbbd52e251b18595142c7550394f5ff,7466b9e92ac09f6a5dd82cc928ebe1ea46d0e74c59f0dd6f937918d132a94618
D-toy,toy-complete-712,201,complete toy seeded case,True,validation/stage1-20261004-0100/toy.jsonl,713,8e0c418fbd3a274aadc914b1190c8371006634a0f109f77bf6907dc2e4b391db,d72e6740a86c7982f37f72f2de317146f389282f7041449e0668f12b8f1e22fb,7466b9e92ac09f6a5dd82cc928ebe1ea46d0e74c59f0dd6f937918d132a94618
D-toy,toy-complete-713,201,complete toy seeded case,True,validation/stage1-20261004-0100/toy.jsonl,714,8e0c418fbd3a274aadc914b1190c8371006634a0f109f77bf6907dc2e4b391db,c49e5e9e6ac7c267361efb52ec391560578696bbd0906e6cec8877dd7bc730a6,7466b9e92ac09f6a5dd82cc928ebe1ea46d0e74c59f0dd6f937918d132a94618
D-toy,toy-complete-714,201,complete toy seeded case,True,validation/stage1-20261004-0100/toy.jsonl,715,8e0c418fbd3a274aadc914b1190c8371006634a0f109f77bf6907dc2e4b391db,2c9191bbdb42aabab17d9295cac089220a9724dcb95d75d23516ceff3a457032,7466b9e92ac09f6a5dd82cc928ebe1ea46d0e74c59f0dd6f937918d132a94618
D-toy,toy-complete-715,201,complete toy seeded case,True,validation/stage1-20261004-0100/toy.jsonl,716,8e0c418fbd3a274aadc914b1190c8371006634a0f109f77bf6907dc2e4b391db,bf2c5934bbbd21d3a6d62a0a40192f4b18b25bd3004def4de640039364ba1fac,7466b9e92ac09f6a5dd82cc928ebe1ea46d0e74c59f0dd6f937918d132a94618
D-toy,toy-complete-716,201,complete toy seeded case,True,validation/stage1-20261004-0100/toy.jsonl,717,8e0c418fbd3a274aadc914b1190c8371006634a0f109f77bf6907dc2e4b391db,e142d875da4a4a7e0012f3edd0e685e622c88a7eea918f3dd8719a86a177b8c3,7466b9e92ac09f6a5dd82cc928ebe1ea46d0e74c59f0dd6f937918d132a94618
D-toy,toy-complete-717,201,complete toy seeded case,True,validation/stage1-20261004-0100/toy.jsonl,718,8e0c418fbd3a274aadc914b1190c8371006634a0f109f77bf6907dc2e4b391db,dc82817bbb682b5ebbb9f715475fd09cdd9ea045eaf7775cc6d7ed5d24e282a1,7466b9e92ac09f6a5dd82cc928ebe1ea46d0e74c59f0dd6f937918d132a94618
D-toy,toy-complete-718,201,complete toy seeded case,True,validation/stage1-20261004-0100/toy.jsonl,719,8e0c418fbd3a274aadc914b1190c8371006634a0f109f77bf6907dc2e4b391db,8661ef88ede63c8d81bbdc3219cc9818d063b1e3e328b2e484846eedf6fc2e5e,7466b9e92ac09f6a5dd82cc928ebe1ea46d0e74c59f0dd6f937918d132a94618
D-toy,toy-complete-719,201,complete toy seeded case,True,validation/stage1-20261004-0100/toy.jsonl,720,8e0c418fbd3a274aadc914b1190c8371006634a0f109f77bf6907dc2e4b391db,486455185f4edbc4eab4233a32d0585a34080c9b18f386b0fd38048251e1bf8e,7466b9e92ac09f6a5dd82cc928ebe1ea46d0e74c59f0dd6f937918d132a94618
D-toy,toy-complete-720,201,complete toy seeded case,True,validation/stage1-20261004-0100/toy.jsonl,721,8e0c418fbd3a274aadc914b1190c8371006634a0f109f77bf6907dc2e4b391db,702b362a9e6d79c12cb2b5809df61390f7182c02fe58602208731af1a351694e,7466b9e92ac09f6a5dd82cc928ebe1ea46d0e74c59f0dd6f937918d132a94618
D-toy,toy-complete-721,201,complete toy seeded case,True,validation/stage1-20261004-0100/toy.jsonl,722,8e0c418fbd3a274aadc914b1190c8371006634a0f109f77bf6907dc2e4b391db,a49ee2d56f274d33bbf2e9260c4701152c655170c6bcf568f7cbff8f44bfb890,7466b9e92ac09f6a5dd82cc928ebe1ea46d0e74c59f0dd6f937918d132a94618
D-toy,toy-complete-722,201,complete toy seeded case,True,validation/stage1-20261004-0100/toy.jsonl,723,8e0c418fbd3a274aadc914b1190c8371006634a0f109f77bf6907dc2e4b391db,4abbb7f2dc8e9b11810acd5493c2e58b7621aa6cdcb8b7f830e10aff9dce4657,7466b9e92ac09f6a5dd82cc928ebe1ea46d0e74c59f0dd6f937918d132a94618
D-toy,toy-complete-723,201,complete toy seeded case,True,validation/stage1-20261004-0100/toy.jsonl,724,8e0c418fbd3a274aadc914b1190c8371006634a0f109f77bf6907dc2e4b391db,bf932fd0da020e6c1f789009968ef07274966a4175f3e32bf39f5ce234971e97,7466b9e92ac09f6a5dd82cc928ebe1ea46d0e74c59f0dd6f937918d132a94618
D-toy,toy-complete-724,201,complete toy seeded case,True,validation/stage1-20261004-0100/toy.jsonl,725,8e0c418fbd3a274aadc914b1190c8371006634a0f109f77bf6907dc2e4b391db,eddd23a06821cde53833719b4cfcffca21a1e9c4cccb7ce54844fa952bc198b4,7466b9e92ac09f6a5dd82cc928ebe1ea46d0e74c59f0dd6f937918d132a94618
D-toy,toy-complete-725,201,complete toy seeded case,True,validation/stage1-20261004-0100/toy.jsonl,726,8e0c418fbd3a274aadc914b1190c8371006634a0f109f77bf6907dc2e4b391db,7879fb5d31dc1661d0bdd3ee31226db0e3807b441498b1242c04a215c7150fe8,7466b9e92ac09f6a5dd82cc928ebe1ea46d0e74c59f0dd6f937918d132a94618
D-toy,toy-complete-726,201,complete toy seeded case,True,validation/stage1-20261004-0100/toy.jsonl,727,8e0c418fbd3a274aadc914b1190c8371006634a0f109f77bf6907dc2e4b391db,681859574d63ef30a4410169ddffe7041b16a90e00e467a700300021f3af9a78,7466b9e92ac09f6a5dd82cc928ebe1ea46d0e74c59f0dd6f937918d132a94618
D-toy,toy-complete-727,201,complete toy seeded case,True,validation/stage1-20261004-0100/toy.jsonl,728,8e0c418fbd3a274aadc914b1190c8371006634a0f109f77bf6907dc2e4b391db,35b0cfd8036b6097fd52e28393f99f2f9ea18248d5e6d95e8527cf9a1fdc3436,7466b9e92ac09f6a5dd82cc928ebe1ea46d0e74c59f0dd6f937918d132a94618
D-toy,toy-complete-728,201,complete toy seeded case,True,validation/stage1-20261004-0100/toy.jsonl,729,8e0c418fbd3a274aadc914b1190c8371006634a0f109f77bf6907dc2e4b391db,ce5d09d5af422df4cb255e691f0cd59f0af4ff6e42b0b75658adaec9c20fcca3,7466b9e92ac09f6a5dd82cc928ebe1ea46d0e74c59f0dd6f937918d132a94618
D-toy,toy-complete-729,201,complete toy seeded case,True,validation/stage1-20261004-0100/toy.jsonl,730,8e0c418fbd3a274aadc914b1190c8371006634a0f109f77bf6907dc2e4b391db,c159a35fe740743b05f4959a7fcff21df406bb51d46e03ee47d3c4695861c2ea,7466b9e92ac09f6a5dd82cc928ebe1ea46d0e74c59f0dd6f937918d132a94618
D-toy,toy-complete-730,201,complete toy seeded case,True,validation/stage1-20261004-0100/toy.jsonl,731,8e0c418fbd3a274aadc914b1190c8371006634a0f109f77bf6907dc2e4b391db,0303d0bdfa7f5ecca7a419921f8cf005e1cf0deefbc6089f9b867e469cae628b,7466b9e92ac09f6a5dd82cc928ebe1ea46d0e74c59f0dd6f937918d132a94618
D-toy,toy-complete-731,201,complete toy seeded case,True,validation/stage1-20261004-0100/toy.jsonl,732,8e0c418fbd3a274aadc914b1190c8371006634a0f109f77bf6907dc2e4b391db,7578c2335a58a16b99b1d1b0dffa735888c5f319eab113aa41b7c04e9bf9a34c,7466b9e92ac09f6a5dd82cc928ebe1ea46d0e74c59f0dd6f937918d132a94618
D-toy,toy-complete-732,201,complete toy seeded case,True,validation/stage1-20261004-0100/toy.jsonl,733,8e0c418fbd3a274aadc914b1190c8371006634a0f109f77bf6907dc2e4b391db,6c2f093410878570a9134e9963892598168e598c077339aefc157914a9ea1a72,7466b9e92ac09f6a5dd82cc928ebe1ea46d0e74c59f0dd6f937918d132a94618
D-toy,toy-complete-733,201,complete toy seeded case,True,validation/stage1-20261004-0100/toy.jsonl,734,8e0c418fbd3a274aadc914b1190c8371006634a0f109f77bf6907dc2e4b391db,e443cad95ca794de495a1cd5a6e5a717e45881d50a787559bba78f15752602f6,7466b9e92ac09f6a5dd82cc928ebe1ea46d0e74c59f0dd6f937918d132a94618
D-toy,toy-complete-734,201,complete toy seeded case,True,validation/stage1-20261004-0100/toy.jsonl,735,8e0c418fbd3a274aadc914b1190c8371006634a0f109f77bf6907dc2e4b391db,43d6347014a6f7cf3c11b8df9044b5f0a7fd607fc81d8d45ffdeea48c8a2e3a0,7466b9e92ac09f6a5dd82cc928ebe1ea46d0e74c59f0dd6f937918d132a94618
D-toy,toy-complete-735,201,complete toy seeded case,True,validation/stage1-20261004-0100/toy.jsonl,736,8e0c418fbd3a274aadc914b1190c8371006634a0f109f77bf6907dc2e4b391db,e2c790a0d4d477a1ff628f0961e72f0512a4c6a607d2ae0d4d8cae82f8afc656,7466b9e92ac09f6a5dd82cc928ebe1ea46d0e74c59f0dd6f937918d132a94618
D-toy,toy-complete-736,201,complete toy seeded case,True,validation/stage1-20261004-0100/toy.jsonl,737,8e0c418fbd3a274aadc914b1190c8371006634a0f109f77bf6907dc2e4b391db,c58a65318e67d8cb344a0a706567b350f6d482128c5f90b0f081065b987d4fef,7466b9e92ac09f6a5dd82cc928ebe1ea46d0e74c59f0dd6f937918d132a94618
D-toy,toy-complete-737,201,complete toy seeded case,True,validation/stage1-20261004-0100/toy.jsonl,738,8e0c418fbd3a274aadc914b1190c8371006634a0f109f77bf6907dc2e4b391db,a5c9b029356fa3c25f50cc4001a378a46bbabf2a9f3945bd15b94ba2b8d7e148,7466b9e92ac09f6a5dd82cc928ebe1ea46d0e74c59f0dd6f937918d132a94618
D-toy,toy-complete-738,201,complete toy seeded case,True,validation/stage1-20261004-0100/toy.jsonl,739,8e0c418fbd3a274aadc914b1190c8371006634a0f109f77bf6907dc2e4b391db,d8def081eaf8498265d0ab8458db5118202b74f674b6bba06d1c619ffd14719f,7466b9e92ac09f6a5dd82cc928ebe1ea46d0e74c59f0dd6f937918d132a94618
D-toy,toy-complete-739,201,complete toy seeded case,True,validation/stage1-20261004-0100/toy.jsonl,740,8e0c418fbd3a274aadc914b1190c8371006634a0f109f77bf6907dc2e4b391db,615faecbc028891d88e57d9f8bc0a323b2325f4fc258ce298f3de99318bab2f0,7466b9e92ac09f6a5dd82cc928ebe1ea46d0e74c59f0dd6f937918d132a94618
D-toy,toy-complete-740,201,complete toy seeded case,True,validation/stage1-20261004-0100/toy.jsonl,741,8e0c418fbd3a274aadc914b1190c8371006634a0f109f77bf6907dc2e4b391db,f1e01d66b4b69e4c7f3636cc775c6976d0e16a7ce91f9907b3bec2f7d8f401e3,7466b9e92ac09f6a5dd82cc928ebe1ea46d0e74c59f0dd6f937918d132a94618
D-toy,toy-complete-741,201,complete toy seeded case,True,validation/stage1-20261004-0100/toy.jsonl,742,8e0c418fbd3a274aadc914b1190c8371006634a0f109f77bf6907dc2e4b391db,d2f6c29a59b8e1cb2887ef3b5c4fdb704971d57f615935a317a83ea178006a24,7466b9e92ac09f6a5dd82cc928ebe1ea46d0e74c59f0dd6f937918d132a94618
D-toy,toy-complete-742,201,complete toy seeded case,True,validation/stage1-20261004-0100/toy.jsonl,743,8e0c418fbd3a274aadc914b1190c8371006634a0f109f77bf6907dc2e4b391db,e15e965056a9ffb31de012c7284fb7aff5d4733cc7e0a3d157e4b7fd6cc2871d,7466b9e92ac09f6a5dd82cc928ebe1ea46d0e74c59f0dd6f937918d132a94618
D-toy,toy-complete-743,201,complete toy seeded case,True,validation/stage1-20261004-0100/toy.jsonl,744,8e0c418fbd3a274aadc914b1190c8371006634a0f109f77bf6907dc2e4b391db,b58320a3e8ed80f70b5432f3beab9b7354468e78a2bd94b8c9706dc1d4a504f1,7466b9e92ac09f6a5dd82cc928ebe1ea46d0e74c59f0dd6f937918d132a94618
D-toy,toy-complete-744,201,complete toy seeded case,True,validation/stage1-20261004-0100/toy.jsonl,745,8e0c418fbd3a274aadc914b1190c8371006634a0f109f77bf6907dc2e4b391db,893c378f00283cf56848e858f01c0271a1cf459ee7f3202ae59d6f8027c643c0,7466b9e92ac09f6a5dd82cc928ebe1ea46d0e74c59f0dd6f937918d132a94618
D-toy,toy-complete-745,201,complete toy seeded case,True,validation/stage1-20261004-0100/toy.jsonl,746,8e0c418fbd3a274aadc914b1190c8371006634a0f109f77bf6907dc2e4b391db,edfe70aaaa1573583ce4e7f559a162a6f24b3538a5d8bd7b38afecbee8b18db1,7466b9e92ac09f6a5dd82cc928ebe1ea46d0e74c59f0dd6f937918d132a94618
D-toy,toy-complete-746,201,complete toy seeded case,True,validation/stage1-20261004-0100/toy.jsonl,747,8e0c418fbd3a274aadc914b1190c8371006634a0f109f77bf6907dc2e4b391db,a642570fd22460c93be2af02a52f73339660f917ff2a38625190775de7dd0a6c,7466b9e92ac09f6a5dd82cc928ebe1ea46d0e74c59f0dd6f937918d132a94618
D-toy,toy-complete-747,201,complete toy seeded case,True,validation/stage1-20261004-0100/toy.jsonl,748,8e0c418fbd3a274aadc914b1190c8371006634a0f109f77bf6907dc2e4b391db,41d7b24350817b072dfc0227cc002243e81b91dbcce126e2a75ddcc2dabe88c0,7466b9e92ac09f6a5dd82cc928ebe1ea46d0e74c59f0dd6f937918d132a94618
D-toy,toy-complete-748,201,complete toy seeded case,True,validation/stage1-20261004-0100/toy.jsonl,749,8e0c418fbd3a274aadc914b1190c8371006634a0f109f77bf6907dc2e4b391db,13292fda621d9e80c2a98396fa037e9d9bd71b9fcc009838dcdf3bfdaec42cf6,7466b9e92ac09f6a5dd82cc928ebe1ea46d0e74c59f0dd6f937918d132a94618
D-toy,toy-complete-749,201,complete toy seeded case,True,validation/stage1-20261004-0100/toy.jsonl,750,8e0c418fbd3a274aadc914b1190c8371006634a0f109f77bf6907dc2e4b391db,82fd2ba3f0b9defde06476764fe7f2e290470107ded0245da591d9d1e9eb78ea,7466b9e92ac09f6a5dd82cc928ebe1ea46d0e74c59f0dd6f937918d132a94618
D-toy,toy-complete-750,201,complete toy seeded case,True,validation/stage1-20261004-0100/toy.jsonl,751,8e0c418fbd3a274aadc914b1190c8371006634a0f109f77bf6907dc2e4b391db,38ad86536ca57f0f4092f1a5264c441629b93e690f6594b04ab3e30ba19b84a5,7466b9e92ac09f6a5dd82cc928ebe1ea46d0e74c59f0dd6f937918d132a94618
D-toy,toy-complete-751,201,complete toy seeded case,True,validation/stage1-20261004-0100/toy.jsonl,752,8e0c418fbd3a274aadc914b1190c8371006634a0f109f77bf6907dc2e4b391db,d7eaf53e9a0d48971f9313e816246b4aa1778ce7f72a57cb44691b644138a4b4,7466b9e92ac09f6a5dd82cc928ebe1ea46d0e74c59f0dd6f937918d132a94618
D-toy,toy-complete-752,201,complete toy seeded case,True,validation/stage1-20261004-0100/toy.jsonl,753,8e0c418fbd3a274aadc914b1190c8371006634a0f109f77bf6907dc2e4b391db,cf97d12d3652a0e2177ee385d9d2b43f6fd192b6bf025ab03b659c5b8b451b83,7466b9e92ac09f6a5dd82cc928ebe1ea46d0e74c59f0dd6f937918d132a94618
D-toy,toy-complete-753,201,complete toy seeded case,True,validation/stage1-20261004-0100/toy.jsonl,754,8e0c418fbd3a274aadc914b1190c8371006634a0f109f77bf6907dc2e4b391db,2f2c79e9f1c04d6b44230ebef3b0aaa9713bbea85217ef9381071ff027b299f1,7466b9e92ac09f6a5dd82cc928ebe1ea46d0e74c59f0dd6f937918d132a94618
D-toy,toy-complete-754,201,complete toy seeded case,True,validation/stage1-20261004-0100/toy.jsonl,755,8e0c418fbd3a274aadc914b1190c8371006634a0f109f77bf6907dc2e4b391db,cd2da4e324af4ca144458bffb3ae6acf20a6b2fede8091fc64753ee84e4ce602,7466b9e92ac09f6a5dd82cc928ebe1ea46d0e74c59f0dd6f937918d132a94618
D-toy,toy-complete-755,201,complete toy seeded case,True,validation/stage1-20261004-0100/toy.jsonl,756,8e0c418fbd3a274aadc914b1190c8371006634a0f109f77bf6907dc2e4b391db,0a935ea3bf1ec241b3a1c1f5d9af8979c0fdde90c9d58bef029f31ba9ed647d7,7466b9e92ac09f6a5dd82cc928ebe1ea46d0e74c59f0dd6f937918d132a94618
D-toy,toy-complete-756,201,complete toy seeded case,True,validation/stage1-20261004-0100/toy.jsonl,757,8e0c418fbd3a274aadc914b1190c8371006634a0f109f77bf6907dc2e4b391db,ec04d94223d902631b3e755ab488f04ef9646f2894969c71f2047ca6203d4ed5,7466b9e92ac09f6a5dd82cc928ebe1ea46d0e74c59f0dd6f937918d132a94618
D-toy,toy-complete-757,201,complete toy seeded case,True,validation/stage1-20261004-0100/toy.jsonl,758,8e0c418fbd3a274aadc914b1190c8371006634a0f109f77bf6907dc2e4b391db,9bb9b2a35b27c462bd9ea1bd2898131341f032ca403a21b2f97a5c67276d17b1,7466b9e92ac09f6a5dd82cc928ebe1ea46d0e74c59f0dd6f937918d132a94618
D-toy,toy-complete-758,201,complete toy seeded case,True,validation/stage1-20261004-0100/toy.jsonl,759,8e0c418fbd3a274aadc914b1190c8371006634a0f109f77bf6907dc2e4b391db,a22b60e4bd5418957af260ef2af3e39140e9689d1dc6b05937c6bc24ecdb3134,7466b9e92ac09f6a5dd82cc928ebe1ea46d0e74c59f0dd6f937918d132a94618
D-toy,toy-complete-759,201,complete toy seeded case,True,validation/stage1-20261004-0100/toy.jsonl,760,8e0c418fbd3a274aadc914b1190c8371006634a0f109f77bf6907dc2e4b391db,5781efad10e5420b3eae747a3dcd09a5fb63ff99781a575177bb1355f9ef935c,7466b9e92ac09f6a5dd82cc928ebe1ea46d0e74c59f0dd6f937918d132a94618
D-toy,toy-complete-760,201,complete toy seeded case,True,validation/stage1-20261004-0100/toy.jsonl,761,8e0c418fbd3a274aadc914b1190c8371006634a0f109f77bf6907dc2e4b391db,417a9f51ee412d2caa001800806ec718039affa3cc605eba4b35c6c1f217aa09,7466b9e92ac09f6a5dd82cc928ebe1ea46d0e74c59f0dd6f937918d132a94618
D-toy,toy-complete-761,201,complete toy seeded case,True,validation/stage1-20261004-0100/toy.jsonl,762,8e0c418fbd3a274aadc914b1190c8371006634a0f109f77bf6907dc2e4b391db,c5868fad75569af1dd932785210856939a5000eb52555f0d54b7b3883c450f24,7466b9e92ac09f6a5dd82cc928ebe1ea46d0e74c59f0dd6f937918d132a94618
D-toy,toy-complete-762,201,complete toy seeded case,True,validation/stage1-20261004-0100/toy.jsonl,763,8e0c418fbd3a274aadc914b1190c8371006634a0f109f77bf6907dc2e4b391db,e793f52d08e22e8b0748bf3f017e7b0d5cff204ef75445808cebc62a28fd5b66,7466b9e92ac09f6a5dd82cc928ebe1ea46d0e74c59f0dd6f937918d132a94618
D-toy,toy-complete-763,201,complete toy seeded case,True,validation/stage1-20261004-0100/toy.jsonl,764,8e0c418fbd3a274aadc914b1190c8371006634a0f109f77bf6907dc2e4b391db,aad997f2ef3b9915195c7c9a7de572d9d1596d1c4306212f8470a77b4b1b686b,7466b9e92ac09f6a5dd82cc928ebe1ea46d0e74c59f0dd6f937918d132a94618
D-toy,toy-complete-764,201,complete toy seeded case,True,validation/stage1-20261004-0100/toy.jsonl,765,8e0c418fbd3a274aadc914b1190c8371006634a0f109f77bf6907dc2e4b391db,23ec48a89d59d7de41a8fad9d71288b9d90dfac4ecbe56364cc9f30c62dde880,7466b9e92ac09f6a5dd82cc928ebe1ea46d0e74c59f0dd6f937918d132a94618
D-toy,toy-complete-765,201,complete toy seeded case,True,validation/stage1-20261004-0100/toy.jsonl,766,8e0c418fbd3a274aadc914b1190c8371006634a0f109f77bf6907dc2e4b391db,5ab7eb6fcf0829cd5b94a3af882a2f20b2c9c00c30d18d4e0ed5978af721a07a,7466b9e92ac09f6a5dd82cc928ebe1ea46d0e74c59f0dd6f937918d132a94618
D-toy,toy-complete-766,201,complete toy seeded case,True,validation/stage1-20261004-0100/toy.jsonl,767,8e0c418fbd3a274aadc914b1190c8371006634a0f109f77bf6907dc2e4b391db,20f832ccf13e770938426dc465b37ef25d4888d4812fcf87760f39b38d5dc1a8,7466b9e92ac09f6a5dd82cc928ebe1ea46d0e74c59f0dd6f937918d132a94618
D-toy,toy-complete-767,201,complete toy seeded case,True,validation/stage1-20261004-0100/toy.jsonl,768,8e0c418fbd3a274aadc914b1190c8371006634a0f109f77bf6907dc2e4b391db,268456c4db6c5b0a3a3692227c51e9e09bcebe056e225e7afaf23362271da79b,7466b9e92ac09f6a5dd82cc928ebe1ea46d0e74c59f0dd6f937918d132a94618
D-toy,toy-complete-768,201,complete toy seeded case,True,validation/stage1-20261004-0100/toy.jsonl,769,8e0c418fbd3a274aadc914b1190c8371006634a0f109f77bf6907dc2e4b391db,dbe95d4ab3455152e292aacddad413a7376b3ff80673eb8f1cb2535bf3e2d5f1,7466b9e92ac09f6a5dd82cc928ebe1ea46d0e74c59f0dd6f937918d132a94618
D-toy,toy-complete-769,201,complete toy seeded case,True,validation/stage1-20261004-0100/toy.jsonl,770,8e0c418fbd3a274aadc914b1190c8371006634a0f109f77bf6907dc2e4b391db,1f884a9af2de2859a5519d85b501fd602f6208c0f4658dcd78b461241db17ec5,7466b9e92ac09f6a5dd82cc928ebe1ea46d0e74c59f0dd6f937918d132a94618
D-toy,toy-complete-770,201,complete toy seeded case,True,validation/stage1-20261004-0100/toy.jsonl,771,8e0c418fbd3a274aadc914b1190c8371006634a0f109f77bf6907dc2e4b391db,8c9b01a3713226fd3aa0b39f96aa34abf2f61b6f86ef903982ee3f8ad3bde610,7466b9e92ac09f6a5dd82cc928ebe1ea46d0e74c59f0dd6f937918d132a94618
D-toy,toy-complete-771,201,complete toy seeded case,True,validation/stage1-20261004-0100/toy.jsonl,772,8e0c418fbd3a274aadc914b1190c8371006634a0f109f77bf6907dc2e4b391db,16fe53717f147926f9a121d227a9f9a01e7ca1b384aaca0f979bec5b5ad5938a,7466b9e92ac09f6a5dd82cc928ebe1ea46d0e74c59f0dd6f937918d132a94618
D-toy,toy-complete-772,201,complete toy seeded case,True,validation/stage1-20261004-0100/toy.jsonl,773,8e0c418fbd3a274aadc914b1190c8371006634a0f109f77bf6907dc2e4b391db,624b8ef21ac2cc2fe0b5b7d6ec614fe95b7d52bc0fee420c4b32320119c5be34,7466b9e92ac09f6a5dd82cc928ebe1ea46d0e74c59f0dd6f937918d132a94618
D-toy,toy-complete-773,201,complete toy seeded case,True,validation/stage1-20261004-0100/toy.jsonl,774,8e0c418fbd3a274aadc914b1190c8371006634a0f109f77bf6907dc2e4b391db,414dbbe8fe5fff19949558a3fd3ccb0a09ab6ebfabd5a552eef85bbb4fd17e02,7466b9e92ac09f6a5dd82cc928ebe1ea46d0e74c59f0dd6f937918d132a94618
D-toy,toy-complete-774,201,complete toy seeded case,True,validation/stage1-20261004-0100/toy.jsonl,775,8e0c418fbd3a274aadc914b1190c8371006634a0f109f77bf6907dc2e4b391db,03175aa061f6a7ff366f9fe6fa69fb5354509dc204d5a7d8c2e25ebf5015da9b,7466b9e92ac09f6a5dd82cc928ebe1ea46d0e74c59f0dd6f937918d132a94618
D-toy,toy-complete-775,201,complete toy seeded case,True,validation/stage1-20261004-0100/toy.jsonl,776,8e0c418fbd3a274aadc914b1190c8371006634a0f109f77bf6907dc2e4b391db,6eeb10a3fa371876c99b67b5e3d826f9b4b1c1bc881c382e85c6417cc16df1b8,7466b9e92ac09f6a5dd82cc928ebe1ea46d0e74c59f0dd6f937918d132a94618
D-toy,toy-complete-776,201,complete toy seeded case,True,validation/stage1-20261004-0100/toy.jsonl,777,8e0c418fbd3a274aadc914b1190c8371006634a0f109f77bf6907dc2e4b391db,9b9a98467a3e5b4125558e4f04ed233c6bbdbf235fbabf1e36940e122aef8975,7466b9e92ac09f6a5dd82cc928ebe1ea46d0e74c59f0dd6f937918d132a94618
D-toy,toy-complete-777,201,complete toy seeded case,True,validation/stage1-20261004-0100/toy.jsonl,778,8e0c418fbd3a274aadc914b1190c8371006634a0f109f77bf6907dc2e4b391db,f7e82d136b79daa148dcb5a3014560df9eea14097ce042e7b5e05f43ad3437ec,7466b9e92ac09f6a5dd82cc928ebe1ea46d0e74c59f0dd6f937918d132a94618
D-toy,toy-complete-778,201,complete toy seeded case,True,validation/stage1-20261004-0100/toy.jsonl,779,8e0c418fbd3a274aadc914b1190c8371006634a0f109f77bf6907dc2e4b391db,b753fd864032f6823157f7e67de22d2f3d9c982b5a94f42a1b0e86225037a88a,7466b9e92ac09f6a5dd82cc928ebe1ea46d0e74c59f0dd6f937918d132a94618
D-toy,toy-complete-779,201,complete toy seeded case,True,validation/stage1-20261004-0100/toy.jsonl,780,8e0c418fbd3a274aadc914b1190c8371006634a0f109f77bf6907dc2e4b391db,f4d4880d2979fa630719d02e286d16204254567928a90144839ed1a49a617fee,7466b9e92ac09f6a5dd82cc928ebe1ea46d0e74c59f0dd6f937918d132a94618
D-toy,toy-complete-780,201,complete toy seeded case,True,validation/stage1-20261004-0100/toy.jsonl,781,8e0c418fbd3a274aadc914b1190c8371006634a0f109f77bf6907dc2e4b391db,969b086607f716bfa5caed056c7a9a339c1e73da79d4ac00a3a8743425328aca,7466b9e92ac09f6a5dd82cc928ebe1ea46d0e74c59f0dd6f937918d132a94618
D-toy,toy-complete-781,201,complete toy seeded case,True,validation/stage1-20261004-0100/toy.jsonl,782,8e0c418fbd3a274aadc914b1190c8371006634a0f109f77bf6907dc2e4b391db,964713eba02db837288db40b996daded710bd0c4a27b7707dad56ea9b56743bb,7466b9e92ac09f6a5dd82cc928ebe1ea46d0e74c59f0dd6f937918d132a94618
D-toy,toy-complete-782,201,complete toy seeded case,True,validation/stage1-20261004-0100/toy.jsonl,783,8e0c418fbd3a274aadc914b1190c8371006634a0f109f77bf6907dc2e4b391db,91f5856209d19181106eaab7096ec35b057c8790ba57c00b27a404a74b9a9cd3,7466b9e92ac09f6a5dd82cc928ebe1ea46d0e74c59f0dd6f937918d132a94618
D-toy,toy-complete-783,201,complete toy seeded case,True,validation/stage1-20261004-0100/toy.jsonl,784,8e0c418fbd3a274aadc914b1190c8371006634a0f109f77bf6907dc2e4b391db,8e6f6246a12e3cf46736cc6854a639761e5fd067bf6ed7a26fb657a8d0985662,7466b9e92ac09f6a5dd82cc928ebe1ea46d0e74c59f0dd6f937918d132a94618
D-toy,toy-complete-784,201,complete toy seeded case,True,validation/stage1-20261004-0100/toy.jsonl,785,8e0c418fbd3a274aadc914b1190c8371006634a0f109f77bf6907dc2e4b391db,aec0c33dfbda75a48957c6715ccb1630310aac011ec613d33ba0a0e9d22745fb,7466b9e92ac09f6a5dd82cc928ebe1ea46d0e74c59f0dd6f937918d132a94618
D-toy,toy-complete-785,201,complete toy seeded case,True,validation/stage1-20261004-0100/toy.jsonl,786,8e0c418fbd3a274aadc914b1190c8371006634a0f109f77bf6907dc2e4b391db,88a23c7e7c034686d684072f7ba9ee390c1ad606e560f56ed2c426bc8ad201d8,7466b9e92ac09f6a5dd82cc928ebe1ea46d0e74c59f0dd6f937918d132a94618
D-toy,toy-complete-786,201,complete toy seeded case,True,validation/stage1-20261004-0100/toy.jsonl,787,8e0c418fbd3a274aadc914b1190c8371006634a0f109f77bf6907dc2e4b391db,bc81b3c1911e46b2b8641b983196711191d09df149ef9b1fa6841855c2982f1d,7466b9e92ac09f6a5dd82cc928ebe1ea46d0e74c59f0dd6f937918d132a94618
D-toy,toy-complete-787,201,complete toy seeded case,True,validation/stage1-20261004-0100/toy.jsonl,788,8e0c418fbd3a274aadc914b1190c8371006634a0f109f77bf6907dc2e4b391db,2b9a10c190140ef3b154ca73a65964d3c20ef082618806b86fcb1c3920f3f664,7466b9e92ac09f6a5dd82cc928ebe1ea46d0e74c59f0dd6f937918d132a94618
D-toy,toy-complete-788,201,complete toy seeded case,True,validation/stage1-20261004-0100/toy.jsonl,789,8e0c418fbd3a274aadc914b1190c8371006634a0f109f77bf6907dc2e4b391db,c86e1cadf82121cbf0e431c00442810cf04aaa96a9f07ab897aeb830ffc505f2,7466b9e92ac09f6a5dd82cc928ebe1ea46d0e74c59f0dd6f937918d132a94618
D-toy,toy-complete-789,201,complete toy seeded case,True,validation/stage1-20261004-0100/toy.jsonl,790,8e0c418fbd3a274aadc914b1190c8371006634a0f109f77bf6907dc2e4b391db,38c9bfe91b147c85183d84cbb4d93c0bd26270f40a3a76e053dc42bc25030a07,7466b9e92ac09f6a5dd82cc928ebe1ea46d0e74c59f0dd6f937918d132a94618
D-toy,toy-complete-790,201,complete toy seeded case,True,validation/stage1-20261004-0100/toy.jsonl,791,8e0c418fbd3a274aadc914b1190c8371006634a0f109f77bf6907dc2e4b391db,3a2870bf54d63dc2051c424f2eb7956713c2e9dda19788a05edc0f3a2f0ba9f9,7466b9e92ac09f6a5dd82cc928ebe1ea46d0e74c59f0dd6f937918d132a94618
D-toy,toy-complete-791,201,complete toy seeded case,True,validation/stage1-20261004-0100/toy.jsonl,792,8e0c418fbd3a274aadc914b1190c8371006634a0f109f77bf6907dc2e4b391db,9dc11fbbb3b53318a57d8cd09aba880c5049f5a7a3a1ffe1c70a0dab6ddb4a85,7466b9e92ac09f6a5dd82cc928ebe1ea46d0e74c59f0dd6f937918d132a94618
D-toy,toy-complete-792,201,complete toy seeded case,True,validation/stage1-20261004-0100/toy.jsonl,793,8e0c418fbd3a274aadc914b1190c8371006634a0f109f77bf6907dc2e4b391db,de4fe77eaee05eb73496898cf752904b6959ba003917675a45a318d315c2c71b,7466b9e92ac09f6a5dd82cc928ebe1ea46d0e74c59f0dd6f937918d132a94618
D-toy,toy-complete-793,201,complete toy seeded case,True,validation/stage1-20261004-0100/toy.jsonl,794,8e0c418fbd3a274aadc914b1190c8371006634a0f109f77bf6907dc2e4b391db,8abc0388c137789099ca0403c4f2592adece96ec6b85c548c41614736ca1e612,7466b9e92ac09f6a5dd82cc928ebe1ea46d0e74c59f0dd6f937918d132a94618
D-toy,toy-complete-794,201,complete toy seeded case,True,validation/stage1-20261004-0100/toy.jsonl,795,8e0c418fbd3a274aadc914b1190c8371006634a0f109f77bf6907dc2e4b391db,b76253e06c9dccdfab6117f37d170a49c1b5f1b638b53c40b6c74a205cb444cb,7466b9e92ac09f6a5dd82cc928ebe1ea46d0e74c59f0dd6f937918d132a94618
D-toy,toy-complete-795,201,complete toy seeded case,True,validation/stage1-20261004-0100/toy.jsonl,796,8e0c418fbd3a274aadc914b1190c8371006634a0f109f77bf6907dc2e4b391db,032f791ab4000ea7a018d81eb5a584d8355936d73fd11409cbbea5d280647c0f,7466b9e92ac09f6a5dd82cc928ebe1ea46d0e74c59f0dd6f937918d132a94618
D-toy,toy-complete-796,201,complete toy seeded case,True,validation/stage1-20261004-0100/toy.jsonl,797,8e0c418fbd3a274aadc914b1190c8371006634a0f109f77bf6907dc2e4b391db,a7ec1fae96a5c447ae4a495e68bd3bec4a261e127c541761bf2822d3c2c87e78,7466b9e92ac09f6a5dd82cc928ebe1ea46d0e74c59f0dd6f937918d132a94618
D-toy,toy-complete-797,201,complete toy seeded case,True,validation/stage1-20261004-0100/toy.jsonl,798,8e0c418fbd3a274aadc914b1190c8371006634a0f109f77bf6907dc2e4b391db,38a9fc4d14936c0eea6ab91f66fce43cd51df55ca73995a47fd8467c34f1a33c,7466b9e92ac09f6a5dd82cc928ebe1ea46d0e74c59f0dd6f937918d132a94618
D-toy,toy-complete-798,201,complete toy seeded case,True,validation/stage1-20261004-0100/toy.jsonl,799,8e0c418fbd3a274aadc914b1190c8371006634a0f109f77bf6907dc2e4b391db,69418cad8de058488b21693c661245cd35bd63f1a581f232476785f0ebc54fe9,7466b9e92ac09f6a5dd82cc928ebe1ea46d0e74c59f0dd6f937918d132a94618
D-toy,toy-complete-799,201,complete toy seeded case,True,validation/stage1-20261004-0100/toy.jsonl,800,8e0c418fbd3a274aadc914b1190c8371006634a0f109f77bf6907dc2e4b391db,863351671a313fb62431be8525b2f78c28bc80e8dda93150d4701d60b916378a,7466b9e92ac09f6a5dd82cc928ebe1ea46d0e74c59f0dd6f937918d132a94618
D-toy,toy-complete-800,201,complete toy seeded case,True,validation/stage1-20261004-0100/toy.jsonl,801,8e0c418fbd3a274aadc914b1190c8371006634a0f109f77bf6907dc2e4b391db,e43d55fe8c6b81a0c721cd2fac5f0a648427e1df23f408bfd57b78a15b09fd16,7466b9e92ac09f6a5dd82cc928ebe1ea46d0e74c59f0dd6f937918d132a94618
D-toy,toy-complete-801,201,complete toy seeded case,True,validation/stage1-20261004-0100/toy.jsonl,802,8e0c418fbd3a274aadc914b1190c8371006634a0f109f77bf6907dc2e4b391db,b872baadad0ed401c33326ec9c45dbb9fa395fffc180af3122d252fed115e4d3,7466b9e92ac09f6a5dd82cc928ebe1ea46d0e74c59f0dd6f937918d132a94618
D-toy,toy-complete-802,201,complete toy seeded case,True,validation/stage1-20261004-0100/toy.jsonl,803,8e0c418fbd3a274aadc914b1190c8371006634a0f109f77bf6907dc2e4b391db,4904b57e2a509da95a5fdc779b7b904bb8bb52d9c8469a3813da5730152db3f3,7466b9e92ac09f6a5dd82cc928ebe1ea46d0e74c59f0dd6f937918d132a94618
D-toy,toy-complete-803,201,complete toy seeded case,True,validation/stage1-20261004-0100/toy.jsonl,804,8e0c418fbd3a274aadc914b1190c8371006634a0f109f77bf6907dc2e4b391db,bebe555a0a7fd9e5c9401154f43e60309999c3332f534978e2f441aa070ab867,7466b9e92ac09f6a5dd82cc928ebe1ea46d0e74c59f0dd6f937918d132a94618
D-toy,toy-complete-804,201,complete toy seeded case,True,validation/stage1-20261004-0100/toy.jsonl,805,8e0c418fbd3a274aadc914b1190c8371006634a0f109f77bf6907dc2e4b391db,39c570532ccfb1e66e49bcffdbaaa3ea86ccb600b2bfdf66b87a497ac5181a50,7466b9e92ac09f6a5dd82cc928ebe1ea46d0e74c59f0dd6f937918d132a94618
D-toy,toy-complete-805,201,complete toy seeded case,True,validation/stage1-20261004-0100/toy.jsonl,806,8e0c418fbd3a274aadc914b1190c8371006634a0f109f77bf6907dc2e4b391db,0648bd1bb288798f01dfdff669eef5c178c6ad65d8204528e8218f57627dd16a,7466b9e92ac09f6a5dd82cc928ebe1ea46d0e74c59f0dd6f937918d132a94618
D-toy,toy-complete-806,201,complete toy seeded case,True,validation/stage1-20261004-0100/toy.jsonl,807,8e0c418fbd3a274aadc914b1190c8371006634a0f109f77bf6907dc2e4b391db,a48e6850d60edc02f9a14aa370e7daf561a5918cc834cf5db6ec8ab6516acd5c,7466b9e92ac09f6a5dd82cc928ebe1ea46d0e74c59f0dd6f937918d132a94618
D-toy,toy-complete-807,201,complete toy seeded case,True,validation/stage1-20261004-0100/toy.jsonl,808,8e0c418fbd3a274aadc914b1190c8371006634a0f109f77bf6907dc2e4b391db,cb657c16c2764e0272bfdfdb905ea6eb0cef1683fa70029b1be4af690e908d7a,7466b9e92ac09f6a5dd82cc928ebe1ea46d0e74c59f0dd6f937918d132a94618
D-toy,toy-complete-808,201,complete toy seeded case,True,validation/stage1-20261004-0100/toy.jsonl,809,8e0c418fbd3a274aadc914b1190c8371006634a0f109f77bf6907dc2e4b391db,0b3d6deaf0918c0312fb376b23afc0e3e00f86a9070d7c2a58746b84cbc274e0,7466b9e92ac09f6a5dd82cc928ebe1ea46d0e74c59f0dd6f937918d132a94618
D-toy,toy-complete-809,201,complete toy seeded case,True,validation/stage1-20261004-0100/toy.jsonl,810,8e0c418fbd3a274aadc914b1190c8371006634a0f109f77bf6907dc2e4b391db,566ca473bb68427879ac043950391095b79ac85cb006fdf6247be36d9b0e96dd,7466b9e92ac09f6a5dd82cc928ebe1ea46d0e74c59f0dd6f937918d132a94618
D-toy,toy-complete-810,201,complete toy seeded case,True,validation/stage1-20261004-0100/toy.jsonl,811,8e0c418fbd3a274aadc914b1190c8371006634a0f109f77bf6907dc2e4b391db,eef6a102f4bbf4b502661874630d941acd51607dee86383f0d2a822c4761c664,7466b9e92ac09f6a5dd82cc928ebe1ea46d0e74c59f0dd6f937918d132a94618
D-toy,toy-complete-811,201,complete toy seeded case,True,validation/stage1-20261004-0100/toy.jsonl,812,8e0c418fbd3a274aadc914b1190c8371006634a0f109f77bf6907dc2e4b391db,10317e97c322529c9c49dbb104c47ad638558bac88f60ebe0ec63a3fd6537e04,7466b9e92ac09f6a5dd82cc928ebe1ea46d0e74c59f0dd6f937918d132a94618
D-toy,toy-complete-812,201,complete toy seeded case,True,validation/stage1-20261004-0100/toy.jsonl,813,8e0c418fbd3a274aadc914b1190c8371006634a0f109f77bf6907dc2e4b391db,8863b49828d1806bd5e99b34ba7287f1ded84caa4dd9fb988119c0c8bcd5934f,7466b9e92ac09f6a5dd82cc928ebe1ea46d0e74c59f0dd6f937918d132a94618
D-toy,toy-complete-813,201,complete toy seeded case,True,validation/stage1-20261004-0100/toy.jsonl,814,8e0c418fbd3a274aadc914b1190c8371006634a0f109f77bf6907dc2e4b391db,33c77c9451a08a350d062d94d71fc7a644e626b19ef6dbf060d6e125b7f25d06,7466b9e92ac09f6a5dd82cc928ebe1ea46d0e74c59f0dd6f937918d132a94618
D-toy,toy-complete-814,201,complete toy seeded case,True,validation/stage1-20261004-0100/toy.jsonl,815,8e0c418fbd3a274aadc914b1190c8371006634a0f109f77bf6907dc2e4b391db,ca3bae7628fdb5f6cba34a311771a4a7e562d18f8cc7a629e7c71484a962c00b,7466b9e92ac09f6a5dd82cc928ebe1ea46d0e74c59f0dd6f937918d132a94618
D-toy,toy-complete-815,201,complete toy seeded case,True,validation/stage1-20261004-0100/toy.jsonl,816,8e0c418fbd3a274aadc914b1190c8371006634a0f109f77bf6907dc2e4b391db,9869266c3cb91cb8af37b2edef9c27073affa18e2fa3e22482373ae64460ef51,7466b9e92ac09f6a5dd82cc928ebe1ea46d0e74c59f0dd6f937918d132a94618
D-toy,toy-complete-816,201,complete toy seeded case,True,validation/stage1-20261004-0100/toy.jsonl,817,8e0c418fbd3a274aadc914b1190c8371006634a0f109f77bf6907dc2e4b391db,6ec4b3e76c094afb5e52c9f92413655e77bbcb2d50254bd559fb65697b019c95,7466b9e92ac09f6a5dd82cc928ebe1ea46d0e74c59f0dd6f937918d132a94618
D-toy,toy-complete-817,201,complete toy seeded case,True,validation/stage1-20261004-0100/toy.jsonl,818,8e0c418fbd3a274aadc914b1190c8371006634a0f109f77bf6907dc2e4b391db,388483419c5a9c56a57276ca43f12c092d2664b786b900c729121c3a274c49df,7466b9e92ac09f6a5dd82cc928ebe1ea46d0e74c59f0dd6f937918d132a94618
D-toy,toy-complete-818,201,complete toy seeded case,True,validation/stage1-20261004-0100/toy.jsonl,819,8e0c418fbd3a274aadc914b1190c8371006634a0f109f77bf6907dc2e4b391db,eb902d6fc7ba48bf8e4a718689393d951499c42ad8da32817e8f1ae438615a87,7466b9e92ac09f6a5dd82cc928ebe1ea46d0e74c59f0dd6f937918d132a94618
D-toy,toy-complete-819,201,complete toy seeded case,True,validation/stage1-20261004-0100/toy.jsonl,820,8e0c418fbd3a274aadc914b1190c8371006634a0f109f77bf6907dc2e4b391db,59ded27fd0a67e225934db0479d674b8a4220a908a8917540a97cc41dbe69f63,7466b9e92ac09f6a5dd82cc928ebe1ea46d0e74c59f0dd6f937918d132a94618
D-toy,toy-complete-820,201,complete toy seeded case,True,validation/stage1-20261004-0100/toy.jsonl,821,8e0c418fbd3a274aadc914b1190c8371006634a0f109f77bf6907dc2e4b391db,abacc03c163df41cc15370094485cabaa461d8168b25cf2c2fb1f32f316b7f44,7466b9e92ac09f6a5dd82cc928ebe1ea46d0e74c59f0dd6f937918d132a94618
D-toy,toy-complete-821,201,complete toy seeded case,True,validation/stage1-20261004-0100/toy.jsonl,822,8e0c418fbd3a274aadc914b1190c8371006634a0f109f77bf6907dc2e4b391db,a2b9c76d2cdfcabe62fbe2b95e1abd78078e11bbdd59b1dc54a29d9ca69c6ac7,7466b9e92ac09f6a5dd82cc928ebe1ea46d0e74c59f0dd6f937918d132a94618
D-toy,toy-complete-822,201,complete toy seeded case,True,validation/stage1-20261004-0100/toy.jsonl,823,8e0c418fbd3a274aadc914b1190c8371006634a0f109f77bf6907dc2e4b391db,eb1acc3fc8fc2ef1883f0684680bb620defc8218ab0b9013532ef97e73262105,7466b9e92ac09f6a5dd82cc928ebe1ea46d0e74c59f0dd6f937918d132a94618
D-toy,toy-complete-823,201,complete toy seeded case,True,validation/stage1-20261004-0100/toy.jsonl,824,8e0c418fbd3a274aadc914b1190c8371006634a0f109f77bf6907dc2e4b391db,58596845cf9246e5fae8dbe5ae4d6d0798f0d016d9262cce92f885511cd84fa4,7466b9e92ac09f6a5dd82cc928ebe1ea46d0e74c59f0dd6f937918d132a94618
D-toy,toy-complete-824,201,complete toy seeded case,True,validation/stage1-20261004-0100/toy.jsonl,825,8e0c418fbd3a274aadc914b1190c8371006634a0f109f77bf6907dc2e4b391db,50a1e9e6daab5cf7ab61cd5029a59d9606bafc8e509fc10897daa4692f111ab1,7466b9e92ac09f6a5dd82cc928ebe1ea46d0e74c59f0dd6f937918d132a94618
D-toy,toy-complete-825,201,complete toy seeded case,True,validation/stage1-20261004-0100/toy.jsonl,826,8e0c418fbd3a274aadc914b1190c8371006634a0f109f77bf6907dc2e4b391db,1e26c2bb8f0bf7b3db9787edf1b1ad9856588f8ec80f5b52c91841a91e14df09,7466b9e92ac09f6a5dd82cc928ebe1ea46d0e74c59f0dd6f937918d132a94618
D-toy,toy-complete-826,201,complete toy seeded case,True,validation/stage1-20261004-0100/toy.jsonl,827,8e0c418fbd3a274aadc914b1190c8371006634a0f109f77bf6907dc2e4b391db,e0cc91db0b251a4e3e5928434eb4a5279501cf82570051bf3f59af8768b09d91,7466b9e92ac09f6a5dd82cc928ebe1ea46d0e74c59f0dd6f937918d132a94618
D-toy,toy-complete-827,201,complete toy seeded case,True,validation/stage1-20261004-0100/toy.jsonl,828,8e0c418fbd3a274aadc914b1190c8371006634a0f109f77bf6907dc2e4b391db,10051e254293eca955c5b15f1ea4f42d803ffa6dde26a93784b631b83c174305,7466b9e92ac09f6a5dd82cc928ebe1ea46d0e74c59f0dd6f937918d132a94618
D-toy,toy-complete-828,201,complete toy seeded case,True,validation/stage1-20261004-0100/toy.jsonl,829,8e0c418fbd3a274aadc914b1190c8371006634a0f109f77bf6907dc2e4b391db,145b7a1cbb6b0ebdda6544ccc2d53e71e4862796150952c4c11d912590364afc,7466b9e92ac09f6a5dd82cc928ebe1ea46d0e74c59f0dd6f937918d132a94618
D-toy,toy-complete-829,201,complete toy seeded case,True,validation/stage1-20261004-0100/toy.jsonl,830,8e0c418fbd3a274aadc914b1190c8371006634a0f109f77bf6907dc2e4b391db,6229f53601c920daf796ba4d49f6f095c5b78f7e83e988fd93096a0859cd6487,7466b9e92ac09f6a5dd82cc928ebe1ea46d0e74c59f0dd6f937918d132a94618
D-toy,toy-complete-830,201,complete toy seeded case,True,validation/stage1-20261004-0100/toy.jsonl,831,8e0c418fbd3a274aadc914b1190c8371006634a0f109f77bf6907dc2e4b391db,1c42af581388c71821ab108865877047fa28527c50f1f59b0171138b42d2a227,7466b9e92ac09f6a5dd82cc928ebe1ea46d0e74c59f0dd6f937918d132a94618
D-toy,toy-complete-831,201,complete toy seeded case,True,validation/stage1-20261004-0100/toy.jsonl,832,8e0c418fbd3a274aadc914b1190c8371006634a0f109f77bf6907dc2e4b391db,fbcd9c071b953e6931b4e3e9475c445127ab86a805f05f01bfd35cce4e71f5aa,7466b9e92ac09f6a5dd82cc928ebe1ea46d0e74c59f0dd6f937918d132a94618
D-toy,toy-complete-832,201,complete toy seeded case,True,validation/stage1-20261004-0100/toy.jsonl,833,8e0c418fbd3a274aadc914b1190c8371006634a0f109f77bf6907dc2e4b391db,c87a0a9c249f1626fca58d227d07a05b8041d290786da1288b539f04778d808e,7466b9e92ac09f6a5dd82cc928ebe1ea46d0e74c59f0dd6f937918d132a94618
D-toy,toy-complete-833,201,complete toy seeded case,True,validation/stage1-20261004-0100/toy.jsonl,834,8e0c418fbd3a274aadc914b1190c8371006634a0f109f77bf6907dc2e4b391db,929f36cf567cfd5acba1a27f02d41d291aba9b9e97ae3756d293591e06f9c4d8,7466b9e92ac09f6a5dd82cc928ebe1ea46d0e74c59f0dd6f937918d132a94618
D-toy,toy-complete-834,201,complete toy seeded case,True,validation/stage1-20261004-0100/toy.jsonl,835,8e0c418fbd3a274aadc914b1190c8371006634a0f109f77bf6907dc2e4b391db,d4909d19f456cba7592b0ecd3f14abc3c492dcc2433c7c503f1be9e41b7ed892,7466b9e92ac09f6a5dd82cc928ebe1ea46d0e74c59f0dd6f937918d132a94618
D-toy,toy-complete-835,201,complete toy seeded case,True,validation/stage1-20261004-0100/toy.jsonl,836,8e0c418fbd3a274aadc914b1190c8371006634a0f109f77bf6907dc2e4b391db,4f6e0cb83f54fcfe17fd300ae821ae279ccb6af78df902d7e5074c5b848e02a4,7466b9e92ac09f6a5dd82cc928ebe1ea46d0e74c59f0dd6f937918d132a94618
D-toy,toy-complete-836,201,complete toy seeded case,True,validation/stage1-20261004-0100/toy.jsonl,837,8e0c418fbd3a274aadc914b1190c8371006634a0f109f77bf6907dc2e4b391db,d542dbe1bac1fc79dfb91c1101346e563e87d0dceb6297829cc8bfd83179794f,7466b9e92ac09f6a5dd82cc928ebe1ea46d0e74c59f0dd6f937918d132a94618
D-toy,toy-complete-837,201,complete toy seeded case,True,validation/stage1-20261004-0100/toy.jsonl,838,8e0c418fbd3a274aadc914b1190c8371006634a0f109f77bf6907dc2e4b391db,ba806267fd7e643b5e18f84e7992ab1b34ac40cbeda1123e29fc0bd76c62a16c,7466b9e92ac09f6a5dd82cc928ebe1ea46d0e74c59f0dd6f937918d132a94618
D-toy,toy-complete-838,201,complete toy seeded case,True,validation/stage1-20261004-0100/toy.jsonl,839,8e0c418fbd3a274aadc914b1190c8371006634a0f109f77bf6907dc2e4b391db,1fc8d8947ecdd9fe21b55e9ef3b8ee841b7f3543440ba1217af7e0cd2d7af990,7466b9e92ac09f6a5dd82cc928ebe1ea46d0e74c59f0dd6f937918d132a94618
D-toy,toy-complete-839,201,complete toy seeded case,True,validation/stage1-20261004-0100/toy.jsonl,840,8e0c418fbd3a274aadc914b1190c8371006634a0f109f77bf6907dc2e4b391db,c7c4467ab9be345a875052fde4360967b957c0f635ef9e2d734ac620fb47d72c,7466b9e92ac09f6a5dd82cc928ebe1ea46d0e74c59f0dd6f937918d132a94618
D-toy,toy-complete-840,201,complete toy seeded case,True,validation/stage1-20261004-0100/toy.jsonl,841,8e0c418fbd3a274aadc914b1190c8371006634a0f109f77bf6907dc2e4b391db,ac83d9be4921683d3241b91c223d852df12f1dec59fd4e90273c91c720eb39bc,7466b9e92ac09f6a5dd82cc928ebe1ea46d0e74c59f0dd6f937918d132a94618
D-toy,toy-complete-841,201,complete toy seeded case,True,validation/stage1-20261004-0100/toy.jsonl,842,8e0c418fbd3a274aadc914b1190c8371006634a0f109f77bf6907dc2e4b391db,ad34773997b5769444ed4f609a069e9f9d2457ed31837744c9458f5815573dba,7466b9e92ac09f6a5dd82cc928ebe1ea46d0e74c59f0dd6f937918d132a94618
D-toy,toy-complete-842,201,complete toy seeded case,True,validation/stage1-20261004-0100/toy.jsonl,843,8e0c418fbd3a274aadc914b1190c8371006634a0f109f77bf6907dc2e4b391db,e70a679649bcce13b121d5db8e9efa6732164fe24c886a374a55286c3e4d7451,7466b9e92ac09f6a5dd82cc928ebe1ea46d0e74c59f0dd6f937918d132a94618
D-toy,toy-complete-843,201,complete toy seeded case,True,validation/stage1-20261004-0100/toy.jsonl,844,8e0c418fbd3a274aadc914b1190c8371006634a0f109f77bf6907dc2e4b391db,3652814a68fa7ab4f1a61a8c42e2f24a1aa2b6b56af6265addbedb826fd4e57b,7466b9e92ac09f6a5dd82cc928ebe1ea46d0e74c59f0dd6f937918d132a94618
D-toy,toy-complete-844,201,complete toy seeded case,True,validation/stage1-20261004-0100/toy.jsonl,845,8e0c418fbd3a274aadc914b1190c8371006634a0f109f77bf6907dc2e4b391db,3d75c52791012cd8f2d41ff187379d47ec2433c635b30a76e79b7be177689a52,7466b9e92ac09f6a5dd82cc928ebe1ea46d0e74c59f0dd6f937918d132a94618
D-toy,toy-complete-845,201,complete toy seeded case,True,validation/stage1-20261004-0100/toy.jsonl,846,8e0c418fbd3a274aadc914b1190c8371006634a0f109f77bf6907dc2e4b391db,e2bc050ee6e66fb184003d91a60afed58273792622d47ddfd279200f02393179,7466b9e92ac09f6a5dd82cc928ebe1ea46d0e74c59f0dd6f937918d132a94618
D-toy,toy-complete-846,201,complete toy seeded case,True,validation/stage1-20261004-0100/toy.jsonl,847,8e0c418fbd3a274aadc914b1190c8371006634a0f109f77bf6907dc2e4b391db,184ba0944f757d720b7f61879a502a540904de332dd251e520d15697327341b8,7466b9e92ac09f6a5dd82cc928ebe1ea46d0e74c59f0dd6f937918d132a94618
D-toy,toy-complete-847,201,complete toy seeded case,True,validation/stage1-20261004-0100/toy.jsonl,848,8e0c418fbd3a274aadc914b1190c8371006634a0f109f77bf6907dc2e4b391db,ff86407293f1a642678c483e0361e08cef4f1ce3bfa3cbf129272b68ce93398e,7466b9e92ac09f6a5dd82cc928ebe1ea46d0e74c59f0dd6f937918d132a94618
D-toy,toy-complete-848,201,complete toy seeded case,True,validation/stage1-20261004-0100/toy.jsonl,849,8e0c418fbd3a274aadc914b1190c8371006634a0f109f77bf6907dc2e4b391db,1ef527f5772c7e8ba9b9406cdb591e19a11b8c34eaf6a5b9edf067bf09b7c486,7466b9e92ac09f6a5dd82cc928ebe1ea46d0e74c59f0dd6f937918d132a94618
D-toy,toy-complete-849,201,complete toy seeded case,True,validation/stage1-20261004-0100/toy.jsonl,850,8e0c418fbd3a274aadc914b1190c8371006634a0f109f77bf6907dc2e4b391db,8aee5bc18576e57778344fc4dd6743aac9c0b8d0a98f4453d8bdca2621c7e063,7466b9e92ac09f6a5dd82cc928ebe1ea46d0e74c59f0dd6f937918d132a94618
D-toy,toy-complete-850,201,complete toy seeded case,True,validation/stage1-20261004-0100/toy.jsonl,851,8e0c418fbd3a274aadc914b1190c8371006634a0f109f77bf6907dc2e4b391db,7b14d09ae92c5a09fb2a1cf206f983ad40bef5f29edaf283e263d19fd871e6f2,7466b9e92ac09f6a5dd82cc928ebe1ea46d0e74c59f0dd6f937918d132a94618
D-toy,toy-complete-851,201,complete toy seeded case,True,validation/stage1-20261004-0100/toy.jsonl,852,8e0c418fbd3a274aadc914b1190c8371006634a0f109f77bf6907dc2e4b391db,44daff954c144e9413945a91220ac94c6422c42bd007a3a0debe4a27081c2b2d,7466b9e92ac09f6a5dd82cc928ebe1ea46d0e74c59f0dd6f937918d132a94618
D-toy,toy-complete-852,201,complete toy seeded case,True,validation/stage1-20261004-0100/toy.jsonl,853,8e0c418fbd3a274aadc914b1190c8371006634a0f109f77bf6907dc2e4b391db,72770e006236a6dec61543f3e3ec9ae33dccf7432bab478738d90bb5adc6242e,7466b9e92ac09f6a5dd82cc928ebe1ea46d0e74c59f0dd6f937918d132a94618
D-toy,toy-complete-853,201,complete toy seeded case,True,validation/stage1-20261004-0100/toy.jsonl,854,8e0c418fbd3a274aadc914b1190c8371006634a0f109f77bf6907dc2e4b391db,625aeab307b615d716c6a7dba09ece3b6b22c41ca636cfcbfef315ded6d2ce82,7466b9e92ac09f6a5dd82cc928ebe1ea46d0e74c59f0dd6f937918d132a94618
D-toy,toy-complete-854,201,complete toy seeded case,True,validation/stage1-20261004-0100/toy.jsonl,855,8e0c418fbd3a274aadc914b1190c8371006634a0f109f77bf6907dc2e4b391db,26ccb544a0dc827b59c3bf26be254d525be7da2b3d850f33a20058f607dd8159,7466b9e92ac09f6a5dd82cc928ebe1ea46d0e74c59f0dd6f937918d132a94618
D-toy,toy-complete-855,201,complete toy seeded case,True,validation/stage1-20261004-0100/toy.jsonl,856,8e0c418fbd3a274aadc914b1190c8371006634a0f109f77bf6907dc2e4b391db,d456eefe942bf46b49c31976ce1b334c5c51fd5f560ab4aead5a036a9099aa67,7466b9e92ac09f6a5dd82cc928ebe1ea46d0e74c59f0dd6f937918d132a94618
D-toy,toy-complete-856,201,complete toy seeded case,True,validation/stage1-20261004-0100/toy.jsonl,857,8e0c418fbd3a274aadc914b1190c8371006634a0f109f77bf6907dc2e4b391db,565fde6434d02c826c7239bad0588463bcef914f18cd703147b1a95146c9f729,7466b9e92ac09f6a5dd82cc928ebe1ea46d0e74c59f0dd6f937918d132a94618
D-toy,toy-complete-857,201,complete toy seeded case,True,validation/stage1-20261004-0100/toy.jsonl,858,8e0c418fbd3a274aadc914b1190c8371006634a0f109f77bf6907dc2e4b391db,00a8b4bd371b432c71e1625fba794b2408ce008e937a2194649fe94b9aff201f,7466b9e92ac09f6a5dd82cc928ebe1ea46d0e74c59f0dd6f937918d132a94618
D-toy,toy-complete-858,201,complete toy seeded case,True,validation/stage1-20261004-0100/toy.jsonl,859,8e0c418fbd3a274aadc914b1190c8371006634a0f109f77bf6907dc2e4b391db,4bb54aa3ddb6b684df2902cb0d2c37c89c107d179d801c91956292b5811b3715,7466b9e92ac09f6a5dd82cc928ebe1ea46d0e74c59f0dd6f937918d132a94618
D-toy,toy-complete-859,201,complete toy seeded case,True,validation/stage1-20261004-0100/toy.jsonl,860,8e0c418fbd3a274aadc914b1190c8371006634a0f109f77bf6907dc2e4b391db,386e1dcd6aad9d873b7865df8a99cf892543f38ec9cb1478ff17da0c8801e029,7466b9e92ac09f6a5dd82cc928ebe1ea46d0e74c59f0dd6f937918d132a94618
D-toy,toy-complete-860,201,complete toy seeded case,True,validation/stage1-20261004-0100/toy.jsonl,861,8e0c418fbd3a274aadc914b1190c8371006634a0f109f77bf6907dc2e4b391db,893c8f83ac7c607f488ef774da60c6bc761dcf44d86d3afb916816ddfd9ecc58,7466b9e92ac09f6a5dd82cc928ebe1ea46d0e74c59f0dd6f937918d132a94618
D-toy,toy-complete-861,201,complete toy seeded case,True,validation/stage1-20261004-0100/toy.jsonl,862,8e0c418fbd3a274aadc914b1190c8371006634a0f109f77bf6907dc2e4b391db,d405a4d6176e6f216d021420a6e32b73ba3b95f8ebfb8455f010a3716dd963d5,7466b9e92ac09f6a5dd82cc928ebe1ea46d0e74c59f0dd6f937918d132a94618
D-toy,toy-complete-862,201,complete toy seeded case,True,validation/stage1-20261004-0100/toy.jsonl,863,8e0c418fbd3a274aadc914b1190c8371006634a0f109f77bf6907dc2e4b391db,8a05829582b4e192d93bbc8ba47fb21d766133d45a888d7a271a642e24dce1c8,7466b9e92ac09f6a5dd82cc928ebe1ea46d0e74c59f0dd6f937918d132a94618
D-toy,toy-complete-863,201,complete toy seeded case,True,validation/stage1-20261004-0100/toy.jsonl,864,8e0c418fbd3a274aadc914b1190c8371006634a0f109f77bf6907dc2e4b391db,96f3cee2427044517ec1601fbd9b9d84e6028c3967da02417a3af7b153ecf481,7466b9e92ac09f6a5dd82cc928ebe1ea46d0e74c59f0dd6f937918d132a94618
D-toy,toy-complete-864,201,complete toy seeded case,True,validation/stage1-20261004-0100/toy.jsonl,865,8e0c418fbd3a274aadc914b1190c8371006634a0f109f77bf6907dc2e4b391db,976cf28460567b91aa448d60b02f92e573d2f4963664f84fd97419ef820517a6,7466b9e92ac09f6a5dd82cc928ebe1ea46d0e74c59f0dd6f937918d132a94618
D-toy,toy-complete-865,201,complete toy seeded case,True,validation/stage1-20261004-0100/toy.jsonl,866,8e0c418fbd3a274aadc914b1190c8371006634a0f109f77bf6907dc2e4b391db,ccde6345a40c35092e123e5403e62de57c3b4e61c77880ea1eecb32cc838558e,7466b9e92ac09f6a5dd82cc928ebe1ea46d0e74c59f0dd6f937918d132a94618
D-toy,toy-complete-866,201,complete toy seeded case,True,validation/stage1-20261004-0100/toy.jsonl,867,8e0c418fbd3a274aadc914b1190c8371006634a0f109f77bf6907dc2e4b391db,9b5021cb2ea539de416de86906aed2cc29f596a1851d2abff5c2782fd71d0c6d,7466b9e92ac09f6a5dd82cc928ebe1ea46d0e74c59f0dd6f937918d132a94618
D-toy,toy-complete-867,201,complete toy seeded case,True,validation/stage1-20261004-0100/toy.jsonl,868,8e0c418fbd3a274aadc914b1190c8371006634a0f109f77bf6907dc2e4b391db,e28171f19643d02573f6407a7848d01997f217959b8ae0b2785e44741701343d,7466b9e92ac09f6a5dd82cc928ebe1ea46d0e74c59f0dd6f937918d132a94618
D-toy,toy-complete-868,201,complete toy seeded case,True,validation/stage1-20261004-0100/toy.jsonl,869,8e0c418fbd3a274aadc914b1190c8371006634a0f109f77bf6907dc2e4b391db,954c482b4d4c55b799ecbf68a310021ebd1dd06444c9ca93532ecaa7e7f30065,7466b9e92ac09f6a5dd82cc928ebe1ea46d0e74c59f0dd6f937918d132a94618
D-toy,toy-complete-869,201,complete toy seeded case,True,validation/stage1-20261004-0100/toy.jsonl,870,8e0c418fbd3a274aadc914b1190c8371006634a0f109f77bf6907dc2e4b391db,da85ef48eeb6c4985b82fe0a1c2db0f1254f10a737a30275fb696c86aa508ef5,7466b9e92ac09f6a5dd82cc928ebe1ea46d0e74c59f0dd6f937918d132a94618
D-toy,toy-complete-870,201,complete toy seeded case,True,validation/stage1-20261004-0100/toy.jsonl,871,8e0c418fbd3a274aadc914b1190c8371006634a0f109f77bf6907dc2e4b391db,02d9a17046f0309bbbaf2be0f0e69db344f3c71d0a0d5b800b7a0325ab747c56,7466b9e92ac09f6a5dd82cc928ebe1ea46d0e74c59f0dd6f937918d132a94618
D-toy,toy-complete-871,201,complete toy seeded case,True,validation/stage1-20261004-0100/toy.jsonl,872,8e0c418fbd3a274aadc914b1190c8371006634a0f109f77bf6907dc2e4b391db,e100ec296a4f03d265355ae6f397c8b202cbc7e8abc16c633de2593db9f2ad52,7466b9e92ac09f6a5dd82cc928ebe1ea46d0e74c59f0dd6f937918d132a94618
D-toy,toy-complete-872,201,complete toy seeded case,True,validation/stage1-20261004-0100/toy.jsonl,873,8e0c418fbd3a274aadc914b1190c8371006634a0f109f77bf6907dc2e4b391db,c82cba2f15b8f1c8c01105a923307341a05b0bcdf40686a5c4aaad084d608a03,7466b9e92ac09f6a5dd82cc928ebe1ea46d0e74c59f0dd6f937918d132a94618
D-toy,toy-complete-873,201,complete toy seeded case,True,validation/stage1-20261004-0100/toy.jsonl,874,8e0c418fbd3a274aadc914b1190c8371006634a0f109f77bf6907dc2e4b391db,4fd3b68704eeaa346b6ec2454b19562a2f31988edfdc2f7fd98615811378981c,7466b9e92ac09f6a5dd82cc928ebe1ea46d0e74c59f0dd6f937918d132a94618
D-toy,toy-complete-874,201,complete toy seeded case,True,validation/stage1-20261004-0100/toy.jsonl,875,8e0c418fbd3a274aadc914b1190c8371006634a0f109f77bf6907dc2e4b391db,0783e1e9fc189fe933d94d75b35bb5958379bf8843944fe3bff54e24d6204121,7466b9e92ac09f6a5dd82cc928ebe1ea46d0e74c59f0dd6f937918d132a94618
D-toy,toy-complete-875,201,complete toy seeded case,True,validation/stage1-20261004-0100/toy.jsonl,876,8e0c418fbd3a274aadc914b1190c8371006634a0f109f77bf6907dc2e4b391db,bea74a503fad1d7ffc3fbae3c33593ff341c856df23d8cddfc09c186c300c8ed,7466b9e92ac09f6a5dd82cc928ebe1ea46d0e74c59f0dd6f937918d132a94618
D-toy,toy-complete-876,201,complete toy seeded case,True,validation/stage1-20261004-0100/toy.jsonl,877,8e0c418fbd3a274aadc914b1190c8371006634a0f109f77bf6907dc2e4b391db,ac59e2949f40f20311b521f20a2015ef6f689fcfaffeec42ff55a31f87253b93,7466b9e92ac09f6a5dd82cc928ebe1ea46d0e74c59f0dd6f937918d132a94618
D-toy,toy-complete-877,201,complete toy seeded case,True,validation/stage1-20261004-0100/toy.jsonl,878,8e0c418fbd3a274aadc914b1190c8371006634a0f109f77bf6907dc2e4b391db,c21ca6f0316e538041a5fe3ab7d0dd85b567b9e44cb5cdca79ba1133388c221f,7466b9e92ac09f6a5dd82cc928ebe1ea46d0e74c59f0dd6f937918d132a94618
D-toy,toy-complete-878,201,complete toy seeded case,True,validation/stage1-20261004-0100/toy.jsonl,879,8e0c418fbd3a274aadc914b1190c8371006634a0f109f77bf6907dc2e4b391db,febfd613e71bb7711132bd0f27873e2622c5e38f0866a734c6f433e7f39eec1a,7466b9e92ac09f6a5dd82cc928ebe1ea46d0e74c59f0dd6f937918d132a94618
D-toy,toy-complete-879,201,complete toy seeded case,True,validation/stage1-20261004-0100/toy.jsonl,880,8e0c418fbd3a274aadc914b1190c8371006634a0f109f77bf6907dc2e4b391db,005bfe2e5a1b4615afe704c37ebb49aded459d0fd112e873e04eb1684524e91d,7466b9e92ac09f6a5dd82cc928ebe1ea46d0e74c59f0dd6f937918d132a94618
D-toy,toy-complete-880,201,complete toy seeded case,True,validation/stage1-20261004-0100/toy.jsonl,881,8e0c418fbd3a274aadc914b1190c8371006634a0f109f77bf6907dc2e4b391db,fd03cdca621a8e84a2af09bce4bcc305b29fb1a83a019fbb402ecc9669aa344a,7466b9e92ac09f6a5dd82cc928ebe1ea46d0e74c59f0dd6f937918d132a94618
D-toy,toy-complete-881,201,complete toy seeded case,True,validation/stage1-20261004-0100/toy.jsonl,882,8e0c418fbd3a274aadc914b1190c8371006634a0f109f77bf6907dc2e4b391db,8dcfbe4743b9bcdd31b00e4e9637fcf7cd868121192fe4132fe62c3b057d2231,7466b9e92ac09f6a5dd82cc928ebe1ea46d0e74c59f0dd6f937918d132a94618
D-toy,toy-complete-882,201,complete toy seeded case,True,validation/stage1-20261004-0100/toy.jsonl,883,8e0c418fbd3a274aadc914b1190c8371006634a0f109f77bf6907dc2e4b391db,0a5e321942852e921d4ff691d4be2c0e69b44ed4241e585e3b62063cfd591464,7466b9e92ac09f6a5dd82cc928ebe1ea46d0e74c59f0dd6f937918d132a94618
D-toy,toy-complete-883,201,complete toy seeded case,True,validation/stage1-20261004-0100/toy.jsonl,884,8e0c418fbd3a274aadc914b1190c8371006634a0f109f77bf6907dc2e4b391db,a8af20e37f0854ce319dd57978bbbf7ac7861fc0950abe18429aabb547eaab7b,7466b9e92ac09f6a5dd82cc928ebe1ea46d0e74c59f0dd6f937918d132a94618
D-toy,toy-complete-884,201,complete toy seeded case,True,validation/stage1-20261004-0100/toy.jsonl,885,8e0c418fbd3a274aadc914b1190c8371006634a0f109f77bf6907dc2e4b391db,643a6901a027e3b023535a73dc687077a11e6135b80a6168b5c25db85b4d266c,7466b9e92ac09f6a5dd82cc928ebe1ea46d0e74c59f0dd6f937918d132a94618
D-toy,toy-complete-885,201,complete toy seeded case,True,validation/stage1-20261004-0100/toy.jsonl,886,8e0c418fbd3a274aadc914b1190c8371006634a0f109f77bf6907dc2e4b391db,4c2b5214789d83b1c7b21ef399e363943cf9789b51238eb70e828010ad730ee1,7466b9e92ac09f6a5dd82cc928ebe1ea46d0e74c59f0dd6f937918d132a94618
D-toy,toy-complete-886,201,complete toy seeded case,True,validation/stage1-20261004-0100/toy.jsonl,887,8e0c418fbd3a274aadc914b1190c8371006634a0f109f77bf6907dc2e4b391db,4bd79aa1222d11862cc7708f9ee735079b9a337236f70984c2bdbffa503a80ac,7466b9e92ac09f6a5dd82cc928ebe1ea46d0e74c59f0dd6f937918d132a94618
D-toy,toy-complete-887,201,complete toy seeded case,True,validation/stage1-20261004-0100/toy.jsonl,888,8e0c418fbd3a274aadc914b1190c8371006634a0f109f77bf6907dc2e4b391db,dc8539e5e65a7e37cf47fbf4167a2af6b24fa71d838bdc85496ef0a400e03cd5,7466b9e92ac09f6a5dd82cc928ebe1ea46d0e74c59f0dd6f937918d132a94618
D-toy,toy-complete-888,201,complete toy seeded case,True,validation/stage1-20261004-0100/toy.jsonl,889,8e0c418fbd3a274aadc914b1190c8371006634a0f109f77bf6907dc2e4b391db,bbcf9ab1101bbbafe3835a9a9129841fe98dd3821f5559e0212bda18909e861c,7466b9e92ac09f6a5dd82cc928ebe1ea46d0e74c59f0dd6f937918d132a94618
D-toy,toy-complete-889,201,complete toy seeded case,True,validation/stage1-20261004-0100/toy.jsonl,890,8e0c418fbd3a274aadc914b1190c8371006634a0f109f77bf6907dc2e4b391db,6c781329ecd8d89562dfff393ca29b74b221fd178bd5c291532de3f3d6cecde4,7466b9e92ac09f6a5dd82cc928ebe1ea46d0e74c59f0dd6f937918d132a94618
D-toy,toy-complete-890,201,complete toy seeded case,True,validation/stage1-20261004-0100/toy.jsonl,891,8e0c418fbd3a274aadc914b1190c8371006634a0f109f77bf6907dc2e4b391db,b2f242ecb6a324258d7efb864e26dbf768431f63b9614998b63b299e5dfa6042,7466b9e92ac09f6a5dd82cc928ebe1ea46d0e74c59f0dd6f937918d132a94618
D-toy,toy-complete-891,201,complete toy seeded case,True,validation/stage1-20261004-0100/toy.jsonl,892,8e0c418fbd3a274aadc914b1190c8371006634a0f109f77bf6907dc2e4b391db,367deefb4d3661cb619a5d9654a39c0df92e0bad5677155d87ba2924a1bd4744,7466b9e92ac09f6a5dd82cc928ebe1ea46d0e74c59f0dd6f937918d132a94618
D-toy,toy-complete-892,201,complete toy seeded case,True,validation/stage1-20261004-0100/toy.jsonl,893,8e0c418fbd3a274aadc914b1190c8371006634a0f109f77bf6907dc2e4b391db,f9669297a74c050b2fd327df89947214c6e227374f1fd87c73537d33d05d31d6,7466b9e92ac09f6a5dd82cc928ebe1ea46d0e74c59f0dd6f937918d132a94618
D-toy,toy-complete-893,201,complete toy seeded case,True,validation/stage1-20261004-0100/toy.jsonl,894,8e0c418fbd3a274aadc914b1190c8371006634a0f109f77bf6907dc2e4b391db,8c10167af05ed18435901dd0cbc2e677abfb12df3d79f134a25e901e73d63917,7466b9e92ac09f6a5dd82cc928ebe1ea46d0e74c59f0dd6f937918d132a94618
D-toy,toy-complete-894,201,complete toy seeded case,True,validation/stage1-20261004-0100/toy.jsonl,895,8e0c418fbd3a274aadc914b1190c8371006634a0f109f77bf6907dc2e4b391db,86571e66aaed11211a761e4d704c0735e97bd0af239467bee2e72272e9eff5ef,7466b9e92ac09f6a5dd82cc928ebe1ea46d0e74c59f0dd6f937918d132a94618
D-toy,toy-complete-895,201,complete toy seeded case,True,validation/stage1-20261004-0100/toy.jsonl,896,8e0c418fbd3a274aadc914b1190c8371006634a0f109f77bf6907dc2e4b391db,0b6e2eb6844deb3c9143ba537e4f208659117f9625d2c044a697c96e6d2b76bc,7466b9e92ac09f6a5dd82cc928ebe1ea46d0e74c59f0dd6f937918d132a94618
D-toy,toy-complete-896,201,complete toy seeded case,True,validation/stage1-20261004-0100/toy.jsonl,897,8e0c418fbd3a274aadc914b1190c8371006634a0f109f77bf6907dc2e4b391db,e8f1173e34d6f0e99d5955039e9e8b6d3f579c88d5216f80d9631e15e59a76c1,7466b9e92ac09f6a5dd82cc928ebe1ea46d0e74c59f0dd6f937918d132a94618
D-toy,toy-complete-897,201,complete toy seeded case,True,validation/stage1-20261004-0100/toy.jsonl,898,8e0c418fbd3a274aadc914b1190c8371006634a0f109f77bf6907dc2e4b391db,b145135bbbfa9a5c9df0243339cf98ed2df850ba5d09fe3b931c57a0964cfecb,7466b9e92ac09f6a5dd82cc928ebe1ea46d0e74c59f0dd6f937918d132a94618
D-toy,toy-complete-898,201,complete toy seeded case,True,validation/stage1-20261004-0100/toy.jsonl,899,8e0c418fbd3a274aadc914b1190c8371006634a0f109f77bf6907dc2e4b391db,a5699f11ab775dfd71a54768fd3834897d35ac9685917749561def4238a57e82,7466b9e92ac09f6a5dd82cc928ebe1ea46d0e74c59f0dd6f937918d132a94618
D-toy,toy-complete-899,201,complete toy seeded case,True,validation/stage1-20261004-0100/toy.jsonl,900,8e0c418fbd3a274aadc914b1190c8371006634a0f109f77bf6907dc2e4b391db,c2715f7c03d04ff645ed73f142e9a6c93fe69bba445ac14ccd14ac7daf151d1e,7466b9e92ac09f6a5dd82cc928ebe1ea46d0e74c59f0dd6f937918d132a94618
D-toy,toy-complete-900,201,complete toy seeded case,True,validation/stage1-20261004-0100/toy.jsonl,901,8e0c418fbd3a274aadc914b1190c8371006634a0f109f77bf6907dc2e4b391db,4d2b38a08117cd2d8f564834fd012440cf3677fe8b47415a4eeff689489284ce,7466b9e92ac09f6a5dd82cc928ebe1ea46d0e74c59f0dd6f937918d132a94618
D-toy,toy-complete-901,201,complete toy seeded case,True,validation/stage1-20261004-0100/toy.jsonl,902,8e0c418fbd3a274aadc914b1190c8371006634a0f109f77bf6907dc2e4b391db,96f786d120d902d648d94b172190a25cb847973ea0216e3e712a2f6962f01921,7466b9e92ac09f6a5dd82cc928ebe1ea46d0e74c59f0dd6f937918d132a94618
D-toy,toy-complete-902,201,complete toy seeded case,True,validation/stage1-20261004-0100/toy.jsonl,903,8e0c418fbd3a274aadc914b1190c8371006634a0f109f77bf6907dc2e4b391db,5fd5d402cf80b8be06fd45da200bf8204228adf4d6240acf79c1f454d2e8a8a0,7466b9e92ac09f6a5dd82cc928ebe1ea46d0e74c59f0dd6f937918d132a94618
D-toy,toy-complete-903,201,complete toy seeded case,True,validation/stage1-20261004-0100/toy.jsonl,904,8e0c418fbd3a274aadc914b1190c8371006634a0f109f77bf6907dc2e4b391db,f89a3777cba4a75e1e8dcd0b07722c45dd036b7e4eaecc793067b7ccf8a8aa8d,7466b9e92ac09f6a5dd82cc928ebe1ea46d0e74c59f0dd6f937918d132a94618
D-toy,toy-complete-904,201,complete toy seeded case,True,validation/stage1-20261004-0100/toy.jsonl,905,8e0c418fbd3a274aadc914b1190c8371006634a0f109f77bf6907dc2e4b391db,96e63d57b81d9dd524408c653a84e71179d3a1fe866f975b3fbeb0abab9515ad,7466b9e92ac09f6a5dd82cc928ebe1ea46d0e74c59f0dd6f937918d132a94618
D-toy,toy-complete-905,201,complete toy seeded case,True,validation/stage1-20261004-0100/toy.jsonl,906,8e0c418fbd3a274aadc914b1190c8371006634a0f109f77bf6907dc2e4b391db,65c8791448bfca6f6112ad9c1ded4eb019d128efdf1ea35e15d47f46ce31ecd5,7466b9e92ac09f6a5dd82cc928ebe1ea46d0e74c59f0dd6f937918d132a94618
D-toy,toy-complete-906,201,complete toy seeded case,True,validation/stage1-20261004-0100/toy.jsonl,907,8e0c418fbd3a274aadc914b1190c8371006634a0f109f77bf6907dc2e4b391db,56acf3385f1c01b904098840f55f76b8623ee0976a189a8e0135c957704d2239,7466b9e92ac09f6a5dd82cc928ebe1ea46d0e74c59f0dd6f937918d132a94618
D-toy,toy-complete-907,201,complete toy seeded case,True,validation/stage1-20261004-0100/toy.jsonl,908,8e0c418fbd3a274aadc914b1190c8371006634a0f109f77bf6907dc2e4b391db,1b0834920a6f039587ed69c5e6b8a8ef2d50698ad5028b746233466527ba2a47,7466b9e92ac09f6a5dd82cc928ebe1ea46d0e74c59f0dd6f937918d132a94618
D-toy,toy-complete-908,201,complete toy seeded case,True,validation/stage1-20261004-0100/toy.jsonl,909,8e0c418fbd3a274aadc914b1190c8371006634a0f109f77bf6907dc2e4b391db,2f72f6c15c6b692828113145ce90b94e3c9d43be161a412e3d8c15f39b6703bc,7466b9e92ac09f6a5dd82cc928ebe1ea46d0e74c59f0dd6f937918d132a94618
D-toy,toy-complete-909,201,complete toy seeded case,True,validation/stage1-20261004-0100/toy.jsonl,910,8e0c418fbd3a274aadc914b1190c8371006634a0f109f77bf6907dc2e4b391db,af43af6d52c2a7f084c9f00247549964acbfcf93f3601e1cfe3dda17e3ee0228,7466b9e92ac09f6a5dd82cc928ebe1ea46d0e74c59f0dd6f937918d132a94618
D-toy,toy-complete-910,201,complete toy seeded case,True,validation/stage1-20261004-0100/toy.jsonl,911,8e0c418fbd3a274aadc914b1190c8371006634a0f109f77bf6907dc2e4b391db,baa25ba342d5f4011bc780ddf416b769e073c658b723fc13c5b3f30a6b2c8818,7466b9e92ac09f6a5dd82cc928ebe1ea46d0e74c59f0dd6f937918d132a94618
D-toy,toy-complete-911,201,complete toy seeded case,True,validation/stage1-20261004-0100/toy.jsonl,912,8e0c418fbd3a274aadc914b1190c8371006634a0f109f77bf6907dc2e4b391db,037805e167379c0909b56d50e9119b5f2fd6e713c69cf04d06468b43f0d43c34,7466b9e92ac09f6a5dd82cc928ebe1ea46d0e74c59f0dd6f937918d132a94618
D-toy,toy-complete-912,201,complete toy seeded case,True,validation/stage1-20261004-0100/toy.jsonl,913,8e0c418fbd3a274aadc914b1190c8371006634a0f109f77bf6907dc2e4b391db,2600c2ca12a0ff09529a583b5077e886bf941b35932c523762ddad2cb84e2842,7466b9e92ac09f6a5dd82cc928ebe1ea46d0e74c59f0dd6f937918d132a94618
D-toy,toy-complete-913,201,complete toy seeded case,True,validation/stage1-20261004-0100/toy.jsonl,914,8e0c418fbd3a274aadc914b1190c8371006634a0f109f77bf6907dc2e4b391db,7db35e52a13172083f9d8fb37ea4549835d31c4866c5aed8e40924a3c39e80e7,7466b9e92ac09f6a5dd82cc928ebe1ea46d0e74c59f0dd6f937918d132a94618
D-toy,toy-complete-914,201,complete toy seeded case,True,validation/stage1-20261004-0100/toy.jsonl,915,8e0c418fbd3a274aadc914b1190c8371006634a0f109f77bf6907dc2e4b391db,22f788863d09bdae0bc55985bcc6039adf82786c5dcc2e6f48d93e2a93667075,7466b9e92ac09f6a5dd82cc928ebe1ea46d0e74c59f0dd6f937918d132a94618
D-toy,toy-complete-915,201,complete toy seeded case,True,validation/stage1-20261004-0100/toy.jsonl,916,8e0c418fbd3a274aadc914b1190c8371006634a0f109f77bf6907dc2e4b391db,6d218b4c4e327783282d37018c11334858111b262481175e4d7fe7fc103dc44f,7466b9e92ac09f6a5dd82cc928ebe1ea46d0e74c59f0dd6f937918d132a94618
D-toy,toy-complete-916,201,complete toy seeded case,True,validation/stage1-20261004-0100/toy.jsonl,917,8e0c418fbd3a274aadc914b1190c8371006634a0f109f77bf6907dc2e4b391db,f168348affaeaf8305bff2297c6858ded1b3c9dfa39a2d438cbce0a4d12e33ad,7466b9e92ac09f6a5dd82cc928ebe1ea46d0e74c59f0dd6f937918d132a94618
D-toy,toy-complete-917,201,complete toy seeded case,True,validation/stage1-20261004-0100/toy.jsonl,918,8e0c418fbd3a274aadc914b1190c8371006634a0f109f77bf6907dc2e4b391db,dac7cc4eacc34625ab602f6181175fbac657d943719d2e1f83ffaac37e4977ad,7466b9e92ac09f6a5dd82cc928ebe1ea46d0e74c59f0dd6f937918d132a94618
D-toy,toy-complete-918,201,complete toy seeded case,True,validation/stage1-20261004-0100/toy.jsonl,919,8e0c418fbd3a274aadc914b1190c8371006634a0f109f77bf6907dc2e4b391db,c40e8e394dcf8b14bfdb957ba04b12616b69b65c81e17d9a7c9923bb7e51f199,7466b9e92ac09f6a5dd82cc928ebe1ea46d0e74c59f0dd6f937918d132a94618
D-toy,toy-complete-919,201,complete toy seeded case,True,validation/stage1-20261004-0100/toy.jsonl,920,8e0c418fbd3a274aadc914b1190c8371006634a0f109f77bf6907dc2e4b391db,4258470cb18eb104be3c44265e1f3be4f5173ce5d6a710642b5545c642484cdd,7466b9e92ac09f6a5dd82cc928ebe1ea46d0e74c59f0dd6f937918d132a94618
D-toy,toy-complete-920,201,complete toy seeded case,True,validation/stage1-20261004-0100/toy.jsonl,921,8e0c418fbd3a274aadc914b1190c8371006634a0f109f77bf6907dc2e4b391db,1adf2c300b361e6138519cf9baf38d02ee9b075a9f9a0c3f31fa9e7e73ecf8aa,7466b9e92ac09f6a5dd82cc928ebe1ea46d0e74c59f0dd6f937918d132a94618
D-toy,toy-complete-921,201,complete toy seeded case,True,validation/stage1-20261004-0100/toy.jsonl,922,8e0c418fbd3a274aadc914b1190c8371006634a0f109f77bf6907dc2e4b391db,79bc62d3631e7d5fe103745ddf7924234939203aabd1e26bcc34d295168dc14c,7466b9e92ac09f6a5dd82cc928ebe1ea46d0e74c59f0dd6f937918d132a94618
D-toy,toy-complete-922,201,complete toy seeded case,True,validation/stage1-20261004-0100/toy.jsonl,923,8e0c418fbd3a274aadc914b1190c8371006634a0f109f77bf6907dc2e4b391db,328ba081adf71cda0e57ef61982f50e0b778b875a55edf6cf79296397e509e2d,7466b9e92ac09f6a5dd82cc928ebe1ea46d0e74c59f0dd6f937918d132a94618
D-toy,toy-complete-923,201,complete toy seeded case,True,validation/stage1-20261004-0100/toy.jsonl,924,8e0c418fbd3a274aadc914b1190c8371006634a0f109f77bf6907dc2e4b391db,9190282075b96a135fb76d2d343a5d2c6e038526271537528d04171199eb972c,7466b9e92ac09f6a5dd82cc928ebe1ea46d0e74c59f0dd6f937918d132a94618
D-toy,toy-complete-924,201,complete toy seeded case,True,validation/stage1-20261004-0100/toy.jsonl,925,8e0c418fbd3a274aadc914b1190c8371006634a0f109f77bf6907dc2e4b391db,42c09ff7162375ebc5fe033e1d5badc3f92260e2c81e6844d62af40643da50d7,7466b9e92ac09f6a5dd82cc928ebe1ea46d0e74c59f0dd6f937918d132a94618
D-toy,toy-complete-925,201,complete toy seeded case,True,validation/stage1-20261004-0100/toy.jsonl,926,8e0c418fbd3a274aadc914b1190c8371006634a0f109f77bf6907dc2e4b391db,23f99fb3af8edbd21c45d6b045f4228c28f169b5445009f3d8594f7bc9535421,7466b9e92ac09f6a5dd82cc928ebe1ea46d0e74c59f0dd6f937918d132a94618
D-toy,toy-complete-926,201,complete toy seeded case,True,validation/stage1-20261004-0100/toy.jsonl,927,8e0c418fbd3a274aadc914b1190c8371006634a0f109f77bf6907dc2e4b391db,b9dc57be5fb69da31baeaf04d702496e04fee91d9047f540f50756bf115bb78b,7466b9e92ac09f6a5dd82cc928ebe1ea46d0e74c59f0dd6f937918d132a94618
D-toy,toy-complete-927,201,complete toy seeded case,True,validation/stage1-20261004-0100/toy.jsonl,928,8e0c418fbd3a274aadc914b1190c8371006634a0f109f77bf6907dc2e4b391db,b7deee721af4f6e114d44d8fb9d002d32403bfffe85505ac530e09b807f1376c,7466b9e92ac09f6a5dd82cc928ebe1ea46d0e74c59f0dd6f937918d132a94618
D-toy,toy-complete-928,201,complete toy seeded case,True,validation/stage1-20261004-0100/toy.jsonl,929,8e0c418fbd3a274aadc914b1190c8371006634a0f109f77bf6907dc2e4b391db,86982f7bacdf7592a865a54cf9eea7985ebfbd1ad3278656e59e4a148e5ce964,7466b9e92ac09f6a5dd82cc928ebe1ea46d0e74c59f0dd6f937918d132a94618
D-toy,toy-complete-929,201,complete toy seeded case,True,validation/stage1-20261004-0100/toy.jsonl,930,8e0c418fbd3a274aadc914b1190c8371006634a0f109f77bf6907dc2e4b391db,6da4a0c58748d7a9783c7f4e7dcee729f0f7a4818d813927f516b8f13a283e2a,7466b9e92ac09f6a5dd82cc928ebe1ea46d0e74c59f0dd6f937918d132a94618
D-toy,toy-complete-930,201,complete toy seeded case,True,validation/stage1-20261004-0100/toy.jsonl,931,8e0c418fbd3a274aadc914b1190c8371006634a0f109f77bf6907dc2e4b391db,ba5cec974a49d133a62cbbdceea598ac5bc6b76afbe8eb682289ccf08f675faf,7466b9e92ac09f6a5dd82cc928ebe1ea46d0e74c59f0dd6f937918d132a94618
D-toy,toy-complete-931,201,complete toy seeded case,True,validation/stage1-20261004-0100/toy.jsonl,932,8e0c418fbd3a274aadc914b1190c8371006634a0f109f77bf6907dc2e4b391db,5b3e7ff55da781a4dd74bf8cbe6a2136724c89a1c2dc14ec112ef9fa768c27d2,7466b9e92ac09f6a5dd82cc928ebe1ea46d0e74c59f0dd6f937918d132a94618
D-toy,toy-complete-932,201,complete toy seeded case,True,validation/stage1-20261004-0100/toy.jsonl,933,8e0c418fbd3a274aadc914b1190c8371006634a0f109f77bf6907dc2e4b391db,25bf450f4add2f5e8d311387c4d3f6f7f8820c2bdf7bf089ca454ce231264773,7466b9e92ac09f6a5dd82cc928ebe1ea46d0e74c59f0dd6f937918d132a94618
D-toy,toy-complete-933,201,complete toy seeded case,True,validation/stage1-20261004-0100/toy.jsonl,934,8e0c418fbd3a274aadc914b1190c8371006634a0f109f77bf6907dc2e4b391db,45579d4e315debaf8ac8714c4340645d067048dab21acb68f23544d0170ada93,7466b9e92ac09f6a5dd82cc928ebe1ea46d0e74c59f0dd6f937918d132a94618
D-toy,toy-complete-934,201,complete toy seeded case,True,validation/stage1-20261004-0100/toy.jsonl,935,8e0c418fbd3a274aadc914b1190c8371006634a0f109f77bf6907dc2e4b391db,cf1d4f899997f513b45969d9eaa270d294ab9650a29aa211a280a80afe62f057,7466b9e92ac09f6a5dd82cc928ebe1ea46d0e74c59f0dd6f937918d132a94618
D-toy,toy-complete-935,201,complete toy seeded case,True,validation/stage1-20261004-0100/toy.jsonl,936,8e0c418fbd3a274aadc914b1190c8371006634a0f109f77bf6907dc2e4b391db,4c37731e300535583d256c70d90d1be73dee0fd3f2db85cb9d695fb6fb7f111a,7466b9e92ac09f6a5dd82cc928ebe1ea46d0e74c59f0dd6f937918d132a94618
D-toy,toy-complete-936,201,complete toy seeded case,True,validation/stage1-20261004-0100/toy.jsonl,937,8e0c418fbd3a274aadc914b1190c8371006634a0f109f77bf6907dc2e4b391db,58956d7d5bd2cb4dbb611135d839e2eab325b7b5bb36db66c1423834239756ae,7466b9e92ac09f6a5dd82cc928ebe1ea46d0e74c59f0dd6f937918d132a94618
D-toy,toy-complete-937,201,complete toy seeded case,True,validation/stage1-20261004-0100/toy.jsonl,938,8e0c418fbd3a274aadc914b1190c8371006634a0f109f77bf6907dc2e4b391db,3ece335dd1d01c03758804f293e5df5a47a9bf53715255414f12b80242c340ef,7466b9e92ac09f6a5dd82cc928ebe1ea46d0e74c59f0dd6f937918d132a94618
D-toy,toy-complete-938,201,complete toy seeded case,True,validation/stage1-20261004-0100/toy.jsonl,939,8e0c418fbd3a274aadc914b1190c8371006634a0f109f77bf6907dc2e4b391db,3c47a16abf5e237a9c3ef63bd6440c4b32c966b6231d3214cd0de968fd2968b8,7466b9e92ac09f6a5dd82cc928ebe1ea46d0e74c59f0dd6f937918d132a94618
D-toy,toy-complete-939,201,complete toy seeded case,True,validation/stage1-20261004-0100/toy.jsonl,940,8e0c418fbd3a274aadc914b1190c8371006634a0f109f77bf6907dc2e4b391db,d17d2bf8d4cc0a93318a79af94df5d9e1d37909702fcb2a476597d1f846e5fcd,7466b9e92ac09f6a5dd82cc928ebe1ea46d0e74c59f0dd6f937918d132a94618
D-toy,toy-complete-940,201,complete toy seeded case,True,validation/stage1-20261004-0100/toy.jsonl,941,8e0c418fbd3a274aadc914b1190c8371006634a0f109f77bf6907dc2e4b391db,f60efb667435d9fe66ebde63897d810b7f859255d161626426f3c755e2060a1d,7466b9e92ac09f6a5dd82cc928ebe1ea46d0e74c59f0dd6f937918d132a94618
D-toy,toy-complete-941,201,complete toy seeded case,True,validation/stage1-20261004-0100/toy.jsonl,942,8e0c418fbd3a274aadc914b1190c8371006634a0f109f77bf6907dc2e4b391db,4cb761941b80ce42b93e70c5be82b2630e621d67713740d29285fe84fa02b793,7466b9e92ac09f6a5dd82cc928ebe1ea46d0e74c59f0dd6f937918d132a94618
D-toy,toy-complete-942,201,complete toy seeded case,True,validation/stage1-20261004-0100/toy.jsonl,943,8e0c418fbd3a274aadc914b1190c8371006634a0f109f77bf6907dc2e4b391db,54d05bd719d64fae8a934b7d7b64624c77f9f6ff7c46b2092e47db0ddc1455ab,7466b9e92ac09f6a5dd82cc928ebe1ea46d0e74c59f0dd6f937918d132a94618
D-toy,toy-complete-943,201,complete toy seeded case,True,validation/stage1-20261004-0100/toy.jsonl,944,8e0c418fbd3a274aadc914b1190c8371006634a0f109f77bf6907dc2e4b391db,febd1b8ba4513d00b7a8efc66759230544684448569e34cb7f1466b9d20d7dd1,7466b9e92ac09f6a5dd82cc928ebe1ea46d0e74c59f0dd6f937918d132a94618
D-toy,toy-complete-944,201,complete toy seeded case,True,validation/stage1-20261004-0100/toy.jsonl,945,8e0c418fbd3a274aadc914b1190c8371006634a0f109f77bf6907dc2e4b391db,d2133bc8be2b58e5f1b2b2808f85bf3de878f6ba22c262a4e6558bac5e699841,7466b9e92ac09f6a5dd82cc928ebe1ea46d0e74c59f0dd6f937918d132a94618
D-toy,toy-complete-945,201,complete toy seeded case,True,validation/stage1-20261004-0100/toy.jsonl,946,8e0c418fbd3a274aadc914b1190c8371006634a0f109f77bf6907dc2e4b391db,9dc658d64b36cbce43b8bec34354682a3420944238ae237980d42d600ee2dca6,7466b9e92ac09f6a5dd82cc928ebe1ea46d0e74c59f0dd6f937918d132a94618
D-toy,toy-complete-946,201,complete toy seeded case,True,validation/stage1-20261004-0100/toy.jsonl,947,8e0c418fbd3a274aadc914b1190c8371006634a0f109f77bf6907dc2e4b391db,f84de22a6a802544dd4438413bf67ef3194a2f7fb663274888b4b63f8fae8abe,7466b9e92ac09f6a5dd82cc928ebe1ea46d0e74c59f0dd6f937918d132a94618
D-toy,toy-complete-947,201,complete toy seeded case,True,validation/stage1-20261004-0100/toy.jsonl,948,8e0c418fbd3a274aadc914b1190c8371006634a0f109f77bf6907dc2e4b391db,95e0d95511dbb0920583c82b57dfdef33fba645e9facc8b3ee7a010636b2fa3b,7466b9e92ac09f6a5dd82cc928ebe1ea46d0e74c59f0dd6f937918d132a94618
D-toy,toy-complete-948,201,complete toy seeded case,True,validation/stage1-20261004-0100/toy.jsonl,949,8e0c418fbd3a274aadc914b1190c8371006634a0f109f77bf6907dc2e4b391db,1bd5ac4c9a02aab68396198a57ddc39932722a5cd4274f45f7fcb215e43cb267,7466b9e92ac09f6a5dd82cc928ebe1ea46d0e74c59f0dd6f937918d132a94618
D-toy,toy-complete-949,201,complete toy seeded case,True,validation/stage1-20261004-0100/toy.jsonl,950,8e0c418fbd3a274aadc914b1190c8371006634a0f109f77bf6907dc2e4b391db,4c28bde6106df5502d8d6a05a7b5fb08c946ef59ebd46e52f778c35eaba392ec,7466b9e92ac09f6a5dd82cc928ebe1ea46d0e74c59f0dd6f937918d132a94618
D-toy,toy-complete-950,201,complete toy seeded case,True,validation/stage1-20261004-0100/toy.jsonl,951,8e0c418fbd3a274aadc914b1190c8371006634a0f109f77bf6907dc2e4b391db,c2aa8f6d0643130b48c629ba0f46bc5363e29f0d4b998239950b205778ce3fd3,7466b9e92ac09f6a5dd82cc928ebe1ea46d0e74c59f0dd6f937918d132a94618
D-toy,toy-complete-951,201,complete toy seeded case,True,validation/stage1-20261004-0100/toy.jsonl,952,8e0c418fbd3a274aadc914b1190c8371006634a0f109f77bf6907dc2e4b391db,fbc951c99fe493d9f9b6d1c7b5b9b4f5d1aa59e4f5194d562793cfa76c84073c,7466b9e92ac09f6a5dd82cc928ebe1ea46d0e74c59f0dd6f937918d132a94618
D-toy,toy-complete-952,201,complete toy seeded case,True,validation/stage1-20261004-0100/toy.jsonl,953,8e0c418fbd3a274aadc914b1190c8371006634a0f109f77bf6907dc2e4b391db,87a33fb30eead3e4a18124cf6a355e7c6688d7a114878bc71de0459eccb29e38,7466b9e92ac09f6a5dd82cc928ebe1ea46d0e74c59f0dd6f937918d132a94618
D-toy,toy-complete-953,201,complete toy seeded case,True,validation/stage1-20261004-0100/toy.jsonl,954,8e0c418fbd3a274aadc914b1190c8371006634a0f109f77bf6907dc2e4b391db,2a9a483ddbeebf98bebf7290593a40dd96ea3d2e9fc74fd9634300a41a4c9e06,7466b9e92ac09f6a5dd82cc928ebe1ea46d0e74c59f0dd6f937918d132a94618
D-toy,toy-complete-954,201,complete toy seeded case,True,validation/stage1-20261004-0100/toy.jsonl,955,8e0c418fbd3a274aadc914b1190c8371006634a0f109f77bf6907dc2e4b391db,44de8f54114b0238e290d67485b11dd1d12cdb8028730378f826e7f5bca65755,7466b9e92ac09f6a5dd82cc928ebe1ea46d0e74c59f0dd6f937918d132a94618
D-toy,toy-complete-955,201,complete toy seeded case,True,validation/stage1-20261004-0100/toy.jsonl,956,8e0c418fbd3a274aadc914b1190c8371006634a0f109f77bf6907dc2e4b391db,359105c0e08bc9cd9a8700cd4c515d12b0d8d30cb3c3d1f69d195ffae1d1edb6,7466b9e92ac09f6a5dd82cc928ebe1ea46d0e74c59f0dd6f937918d132a94618
D-toy,toy-complete-956,201,complete toy seeded case,True,validation/stage1-20261004-0100/toy.jsonl,957,8e0c418fbd3a274aadc914b1190c8371006634a0f109f77bf6907dc2e4b391db,7602f161ea6b5f129059dea66012102689f5e841f361cc8e46aa19a9527f7976,7466b9e92ac09f6a5dd82cc928ebe1ea46d0e74c59f0dd6f937918d132a94618
D-toy,toy-complete-957,201,complete toy seeded case,True,validation/stage1-20261004-0100/toy.jsonl,958,8e0c418fbd3a274aadc914b1190c8371006634a0f109f77bf6907dc2e4b391db,cf502f43191ca853aaad4104993164592814db67ce050460c42196c874a91556,7466b9e92ac09f6a5dd82cc928ebe1ea46d0e74c59f0dd6f937918d132a94618
D-toy,toy-complete-958,201,complete toy seeded case,True,validation/stage1-20261004-0100/toy.jsonl,959,8e0c418fbd3a274aadc914b1190c8371006634a0f109f77bf6907dc2e4b391db,a680d2afac45af3e3da1db6893e3203178506d0684f531c40feeaa1681f014e8,7466b9e92ac09f6a5dd82cc928ebe1ea46d0e74c59f0dd6f937918d132a94618
D-toy,toy-complete-959,201,complete toy seeded case,True,validation/stage1-20261004-0100/toy.jsonl,960,8e0c418fbd3a274aadc914b1190c8371006634a0f109f77bf6907dc2e4b391db,3919934d472ab99a7ec27251da2dd19ac1506d6fadf1bce4171042acf78b4533,7466b9e92ac09f6a5dd82cc928ebe1ea46d0e74c59f0dd6f937918d132a94618
D-toy,toy-complete-960,201,complete toy seeded case,True,validation/stage1-20261004-0100/toy.jsonl,961,8e0c418fbd3a274aadc914b1190c8371006634a0f109f77bf6907dc2e4b391db,ddee74200c5e19da452804a5ac4f8d3e2791f978a8424aa6579f11666be6b101,7466b9e92ac09f6a5dd82cc928ebe1ea46d0e74c59f0dd6f937918d132a94618
D-toy,toy-complete-961,201,complete toy seeded case,True,validation/stage1-20261004-0100/toy.jsonl,962,8e0c418fbd3a274aadc914b1190c8371006634a0f109f77bf6907dc2e4b391db,9a04c4f55306baed57e1e243bc3f266e53d266816ae78cd601de2f84c8701907,7466b9e92ac09f6a5dd82cc928ebe1ea46d0e74c59f0dd6f937918d132a94618
D-toy,toy-complete-962,201,complete toy seeded case,True,validation/stage1-20261004-0100/toy.jsonl,963,8e0c418fbd3a274aadc914b1190c8371006634a0f109f77bf6907dc2e4b391db,ef5ed5262b326b005cc76d819b190435e16b1df1fc9a15df4b4a6e6e626ceedf,7466b9e92ac09f6a5dd82cc928ebe1ea46d0e74c59f0dd6f937918d132a94618
D-toy,toy-complete-963,201,complete toy seeded case,True,validation/stage1-20261004-0100/toy.jsonl,964,8e0c418fbd3a274aadc914b1190c8371006634a0f109f77bf6907dc2e4b391db,4023e4fe8125172f14ed4376a183225f0ea6493b3444482089e674a7ff80abd3,7466b9e92ac09f6a5dd82cc928ebe1ea46d0e74c59f0dd6f937918d132a94618
D-toy,toy-complete-964,201,complete toy seeded case,True,validation/stage1-20261004-0100/toy.jsonl,965,8e0c418fbd3a274aadc914b1190c8371006634a0f109f77bf6907dc2e4b391db,3ffa432895cc0dfefbeb4705a2f0d1fcd9ccdcd42d348334ea93753d898674bf,7466b9e92ac09f6a5dd82cc928ebe1ea46d0e74c59f0dd6f937918d132a94618
D-toy,toy-complete-965,201,complete toy seeded case,True,validation/stage1-20261004-0100/toy.jsonl,966,8e0c418fbd3a274aadc914b1190c8371006634a0f109f77bf6907dc2e4b391db,be498a436bd57c233201ea9eef3e69a2d5e8aff55079703d630624e6119e6b8a,7466b9e92ac09f6a5dd82cc928ebe1ea46d0e74c59f0dd6f937918d132a94618
D-toy,toy-complete-966,201,complete toy seeded case,True,validation/stage1-20261004-0100/toy.jsonl,967,8e0c418fbd3a274aadc914b1190c8371006634a0f109f77bf6907dc2e4b391db,75e1d0061e3f1ed32e63072d8e07acc2cd477c49f4679045b7e92af37c56d86d,7466b9e92ac09f6a5dd82cc928ebe1ea46d0e74c59f0dd6f937918d132a94618
D-toy,toy-complete-967,201,complete toy seeded case,True,validation/stage1-20261004-0100/toy.jsonl,968,8e0c418fbd3a274aadc914b1190c8371006634a0f109f77bf6907dc2e4b391db,fa9e5aadde72ee253250929e47001159af6f0021dff9b919f683508da4a40412,7466b9e92ac09f6a5dd82cc928ebe1ea46d0e74c59f0dd6f937918d132a94618
D-toy,toy-complete-968,201,complete toy seeded case,True,validation/stage1-20261004-0100/toy.jsonl,969,8e0c418fbd3a274aadc914b1190c8371006634a0f109f77bf6907dc2e4b391db,9d5ea9ba3f0729dfa0f243ba0cae4bc6062e080e53dafa94df6f700ea0fd4634,7466b9e92ac09f6a5dd82cc928ebe1ea46d0e74c59f0dd6f937918d132a94618
D-toy,toy-complete-969,201,complete toy seeded case,True,validation/stage1-20261004-0100/toy.jsonl,970,8e0c418fbd3a274aadc914b1190c8371006634a0f109f77bf6907dc2e4b391db,fae44b8b15138ded0ec133cb72d72fb3f16876c690d2056ff82ac98f4e1dc71a,7466b9e92ac09f6a5dd82cc928ebe1ea46d0e74c59f0dd6f937918d132a94618
D-toy,toy-complete-970,201,complete toy seeded case,True,validation/stage1-20261004-0100/toy.jsonl,971,8e0c418fbd3a274aadc914b1190c8371006634a0f109f77bf6907dc2e4b391db,badbeb13ba6ae1b1359dbe924c096d3a7daf0c66160c834da348ac1062e5cb64,7466b9e92ac09f6a5dd82cc928ebe1ea46d0e74c59f0dd6f937918d132a94618
D-toy,toy-complete-971,201,complete toy seeded case,True,validation/stage1-20261004-0100/toy.jsonl,972,8e0c418fbd3a274aadc914b1190c8371006634a0f109f77bf6907dc2e4b391db,21f87e4e42adfeff46b60a972b8eb59c63fdbced50d02c520e377e9872c0cfba,7466b9e92ac09f6a5dd82cc928ebe1ea46d0e74c59f0dd6f937918d132a94618
D-toy,toy-complete-972,201,complete toy seeded case,True,validation/stage1-20261004-0100/toy.jsonl,973,8e0c418fbd3a274aadc914b1190c8371006634a0f109f77bf6907dc2e4b391db,13f818109368ca4641296da60a190f8233128aeff05c0cb49fa1f703af9b8903,7466b9e92ac09f6a5dd82cc928ebe1ea46d0e74c59f0dd6f937918d132a94618
D-toy,toy-complete-973,201,complete toy seeded case,True,validation/stage1-20261004-0100/toy.jsonl,974,8e0c418fbd3a274aadc914b1190c8371006634a0f109f77bf6907dc2e4b391db,6275b63c1b2d2aa533513aae3b46f1399c86b7f8c1c27d40c2efb6f4f626d90b,7466b9e92ac09f6a5dd82cc928ebe1ea46d0e74c59f0dd6f937918d132a94618
D-toy,toy-complete-974,201,complete toy seeded case,True,validation/stage1-20261004-0100/toy.jsonl,975,8e0c418fbd3a274aadc914b1190c8371006634a0f109f77bf6907dc2e4b391db,95eb94c51769cc45d0dfe715fc7c1ae50c7186bf557254c22ddb71f5fadec64b,7466b9e92ac09f6a5dd82cc928ebe1ea46d0e74c59f0dd6f937918d132a94618
D-toy,toy-complete-975,201,complete toy seeded case,True,validation/stage1-20261004-0100/toy.jsonl,976,8e0c418fbd3a274aadc914b1190c8371006634a0f109f77bf6907dc2e4b391db,8177d6b560f5623a342f53c125ff3d7d37763f18614f52216b09d5ba0a539eba,7466b9e92ac09f6a5dd82cc928ebe1ea46d0e74c59f0dd6f937918d132a94618
D-toy,toy-complete-976,201,complete toy seeded case,True,validation/stage1-20261004-0100/toy.jsonl,977,8e0c418fbd3a274aadc914b1190c8371006634a0f109f77bf6907dc2e4b391db,e0d7d8c2a68d2db28ae35007aecc8a12094c534916d609f2b9b9507895d0434c,7466b9e92ac09f6a5dd82cc928ebe1ea46d0e74c59f0dd6f937918d132a94618
D-toy,toy-complete-977,201,complete toy seeded case,True,validation/stage1-20261004-0100/toy.jsonl,978,8e0c418fbd3a274aadc914b1190c8371006634a0f109f77bf6907dc2e4b391db,1592ebcad66efe3765a799a2298d47d9ef91b2979eb0ffe0f077c4625f40042e,7466b9e92ac09f6a5dd82cc928ebe1ea46d0e74c59f0dd6f937918d132a94618
D-toy,toy-complete-978,201,complete toy seeded case,True,validation/stage1-20261004-0100/toy.jsonl,979,8e0c418fbd3a274aadc914b1190c8371006634a0f109f77bf6907dc2e4b391db,30eccc2eae915e2464d07a0cc3aa153cde5df81ef12ecaa8e596051bc78f4615,7466b9e92ac09f6a5dd82cc928ebe1ea46d0e74c59f0dd6f937918d132a94618
D-toy,toy-complete-979,201,complete toy seeded case,True,validation/stage1-20261004-0100/toy.jsonl,980,8e0c418fbd3a274aadc914b1190c8371006634a0f109f77bf6907dc2e4b391db,3d4bb78d6a0e061bb7764b9c48b2eda32188f5dee11bc0054a49af2c2578a3d4,7466b9e92ac09f6a5dd82cc928ebe1ea46d0e74c59f0dd6f937918d132a94618
D-toy,toy-complete-980,201,complete toy seeded case,True,validation/stage1-20261004-0100/toy.jsonl,981,8e0c418fbd3a274aadc914b1190c8371006634a0f109f77bf6907dc2e4b391db,7445591ed0c49671faa6cb8cce5ad5f8008024963051404a85e9eb6905ff4d14,7466b9e92ac09f6a5dd82cc928ebe1ea46d0e74c59f0dd6f937918d132a94618
D-toy,toy-complete-981,201,complete toy seeded case,True,validation/stage1-20261004-0100/toy.jsonl,982,8e0c418fbd3a274aadc914b1190c8371006634a0f109f77bf6907dc2e4b391db,ebaf43a37d4a90182cc31fc5a1a0b428d1cc0c4108c1510d2a7fd97519b11bc9,7466b9e92ac09f6a5dd82cc928ebe1ea46d0e74c59f0dd6f937918d132a94618
D-toy,toy-complete-982,201,complete toy seeded case,True,validation/stage1-20261004-0100/toy.jsonl,983,8e0c418fbd3a274aadc914b1190c8371006634a0f109f77bf6907dc2e4b391db,66f7d86594e539cb07a2bed6075864983360a82f8cbcdbbbd241db4edf8335b2,7466b9e92ac09f6a5dd82cc928ebe1ea46d0e74c59f0dd6f937918d132a94618
D-toy,toy-complete-983,201,complete toy seeded case,True,validation/stage1-20261004-0100/toy.jsonl,984,8e0c418fbd3a274aadc914b1190c8371006634a0f109f77bf6907dc2e4b391db,ef7fa97a9999f293e2f95e589e283b45d9221a3846c1d8ba0205bb953f5183b4,7466b9e92ac09f6a5dd82cc928ebe1ea46d0e74c59f0dd6f937918d132a94618
D-toy,toy-complete-984,201,complete toy seeded case,True,validation/stage1-20261004-0100/toy.jsonl,985,8e0c418fbd3a274aadc914b1190c8371006634a0f109f77bf6907dc2e4b391db,fc64c127db9bad0ba1095e594839b1edda8be474b339b20fb71ef434dc96948b,7466b9e92ac09f6a5dd82cc928ebe1ea46d0e74c59f0dd6f937918d132a94618
D-toy,toy-complete-985,201,complete toy seeded case,True,validation/stage1-20261004-0100/toy.jsonl,986,8e0c418fbd3a274aadc914b1190c8371006634a0f109f77bf6907dc2e4b391db,016866cf651ebfa98ee7552cfbc7591e7ba097b5bed97999448431db519beb11,7466b9e92ac09f6a5dd82cc928ebe1ea46d0e74c59f0dd6f937918d132a94618
D-toy,toy-complete-986,201,complete toy seeded case,True,validation/stage1-20261004-0100/toy.jsonl,987,8e0c418fbd3a274aadc914b1190c8371006634a0f109f77bf6907dc2e4b391db,6e1bef61afd9584ddc01bea8b03057bf7b8c391fc6a18a4aad062fde17fd6eb1,7466b9e92ac09f6a5dd82cc928ebe1ea46d0e74c59f0dd6f937918d132a94618
D-toy,toy-complete-987,201,complete toy seeded case,True,validation/stage1-20261004-0100/toy.jsonl,988,8e0c418fbd3a274aadc914b1190c8371006634a0f109f77bf6907dc2e4b391db,db12ed1326d45856ad06819d15547570cd24fba42227a07fc76c2543387ea91b,7466b9e92ac09f6a5dd82cc928ebe1ea46d0e74c59f0dd6f937918d132a94618
D-toy,toy-complete-988,201,complete toy seeded case,True,validation/stage1-20261004-0100/toy.jsonl,989,8e0c418fbd3a274aadc914b1190c8371006634a0f109f77bf6907dc2e4b391db,67fd312dfd181e5cc8858059e6877364d1e703e7320a76be329a6a2a8557eae8,7466b9e92ac09f6a5dd82cc928ebe1ea46d0e74c59f0dd6f937918d132a94618
D-toy,toy-complete-989,201,complete toy seeded case,True,validation/stage1-20261004-0100/toy.jsonl,990,8e0c418fbd3a274aadc914b1190c8371006634a0f109f77bf6907dc2e4b391db,55363f9a152779e1246942752f274efd6c24d1c62bb5a1896927ff1db2bbd4bb,7466b9e92ac09f6a5dd82cc928ebe1ea46d0e74c59f0dd6f937918d132a94618
D-toy,toy-complete-990,201,complete toy seeded case,True,validation/stage1-20261004-0100/toy.jsonl,991,8e0c418fbd3a274aadc914b1190c8371006634a0f109f77bf6907dc2e4b391db,9f86fd7ac56a240e12b0f2c7dd01b20e4efcad9a3924a37942a03bcb211e277c,7466b9e92ac09f6a5dd82cc928ebe1ea46d0e74c59f0dd6f937918d132a94618
D-toy,toy-complete-991,201,complete toy seeded case,True,validation/stage1-20261004-0100/toy.jsonl,992,8e0c418fbd3a274aadc914b1190c8371006634a0f109f77bf6907dc2e4b391db,545d0b46f169d61170ac0114eb5af4bbee69e8f3b5895530c12a784655729cd8,7466b9e92ac09f6a5dd82cc928ebe1ea46d0e74c59f0dd6f937918d132a94618
D-toy,toy-complete-992,201,complete toy seeded case,True,validation/stage1-20261004-0100/toy.jsonl,993,8e0c418fbd3a274aadc914b1190c8371006634a0f109f77bf6907dc2e4b391db,dae9c08a557653c33ae6d6040835578e304108facbb7560ca93536a9d02be946,7466b9e92ac09f6a5dd82cc928ebe1ea46d0e74c59f0dd6f937918d132a94618
D-toy,toy-complete-993,201,complete toy seeded case,True,validation/stage1-20261004-0100/toy.jsonl,994,8e0c418fbd3a274aadc914b1190c8371006634a0f109f77bf6907dc2e4b391db,5fc4518d0cd4a2a44e2cf9bebe55d650358c15a7324fdca02c34f82623bbde90,7466b9e92ac09f6a5dd82cc928ebe1ea46d0e74c59f0dd6f937918d132a94618
D-toy,toy-complete-994,201,complete toy seeded case,True,validation/stage1-20261004-0100/toy.jsonl,995,8e0c418fbd3a274aadc914b1190c8371006634a0f109f77bf6907dc2e4b391db,5567c46c6d708c4a39ea4d8488cb8bd9aba53d1884c67efa5096e1145d1bc66a,7466b9e92ac09f6a5dd82cc928ebe1ea46d0e74c59f0dd6f937918d132a94618
D-toy,toy-complete-995,201,complete toy seeded case,True,validation/stage1-20261004-0100/toy.jsonl,996,8e0c418fbd3a274aadc914b1190c8371006634a0f109f77bf6907dc2e4b391db,a8b4de507ee380b83fff36cfcdcbf0d1255cd9f9ee45196a6a12e4856bdd2198,7466b9e92ac09f6a5dd82cc928ebe1ea46d0e74c59f0dd6f937918d132a94618
D-toy,toy-complete-996,201,complete toy seeded case,True,validation/stage1-20261004-0100/toy.jsonl,997,8e0c418fbd3a274aadc914b1190c8371006634a0f109f77bf6907dc2e4b391db,cc33fa33058bab35ed39e0636262577ca3b768fe73bed6e6c0dcee49c7cbc724,7466b9e92ac09f6a5dd82cc928ebe1ea46d0e74c59f0dd6f937918d132a94618
D-toy,toy-complete-997,201,complete toy seeded case,True,validation/stage1-20261004-0100/toy.jsonl,998,8e0c418fbd3a274aadc914b1190c8371006634a0f109f77bf6907dc2e4b391db,c3d6ab2a323b39f360a129ed7bb3d2dc3e6e9d118e8aaf5f118f58f88dd15ddc,7466b9e92ac09f6a5dd82cc928ebe1ea46d0e74c59f0dd6f937918d132a94618
D-toy,toy-complete-998,201,complete toy seeded case,True,validation/stage1-20261004-0100/toy.jsonl,999,8e0c418fbd3a274aadc914b1190c8371006634a0f109f77bf6907dc2e4b391db,1ab903009c1456e53ea51ab7135757a5c569217812db34239b27e2f7b4db462b,7466b9e92ac09f6a5dd82cc928ebe1ea46d0e74c59f0dd6f937918d132a94618
D-toy,toy-complete-999,201,complete toy seeded case,True,validation/stage1-20261004-0100/toy.jsonl,1000,8e0c418fbd3a274aadc914b1190c8371006634a0f109f77bf6907dc2e4b391db,609d27e1098d6a344214ee6e50405f99d7948000657a5eab5dd0ffba17d4e59c,7466b9e92ac09f6a5dd82cc928ebe1ea46d0e74c59f0dd6f937918d132a94618
D-subtree,subtree-0,201,auxiliary subtree case,True,validation/stage1-20261004-0100/subtree.jsonl,1,7e172cc101dd362b3f5727125fa00d5c573092027ad59ec0b1f755f5e3d6d3bf,de811036df4f7fdde3a603201b445cbdfe6df98d0c563dc6e18e08478a2e772c,7466b9e92ac09f6a5dd82cc928ebe1ea46d0e74c59f0dd6f937918d132a94618
D-subtree,subtree-1,1,auxiliary subtree case,True,validation/stage1-20261004-0100/subtree.jsonl,2,7e172cc101dd362b3f5727125fa00d5c573092027ad59ec0b1f755f5e3d6d3bf,07ff692cb28f2f4f8aefca8b4fc54edf62cc4dceef5d136df432aa3aac1dbebf,7466b9e92ac09f6a5dd82cc928ebe1ea46d0e74c59f0dd6f937918d132a94618
D-subtree,subtree-2,2,auxiliary subtree case,True,validation/stage1-20261004-0100/subtree.jsonl,3,7e172cc101dd362b3f5727125fa00d5c573092027ad59ec0b1f755f5e3d6d3bf,5f2997ed9b1b2318da0123874f0af9af72689f8fbf651cab54baff107ff97f14,7466b9e92ac09f6a5dd82cc928ebe1ea46d0e74c59f0dd6f937918d132a94618
D-subtree,subtree-3,3,auxiliary subtree case,True,validation/stage1-20261004-0100/subtree.jsonl,4,7e172cc101dd362b3f5727125fa00d5c573092027ad59ec0b1f755f5e3d6d3bf,44d0a16e4c0f1950e0cdbad045f7d8fff6658c65848efab1937c7c99d5559a09,7466b9e92ac09f6a5dd82cc928ebe1ea46d0e74c59f0dd6f937918d132a94618
D-subtree,subtree-4,101,auxiliary subtree case,True,validation/stage1-20261004-0100/subtree.jsonl,5,7e172cc101dd362b3f5727125fa00d5c573092027ad59ec0b1f755f5e3d6d3bf,6367de79c92d35dbb32dd0218578a5c36ca97a0b36df2df88fc4f5992cf4a7c4,7466b9e92ac09f6a5dd82cc928ebe1ea46d0e74c59f0dd6f937918d132a94618
D-subtree,subtree-5,102,auxiliary subtree case,True,validation/stage1-20261004-0100/subtree.jsonl,6,7e172cc101dd362b3f5727125fa00d5c573092027ad59ec0b1f755f5e3d6d3bf,504499d9bf20d0218ed0bd2d7acd3fead045ff5d8d76b38fbf66063862eccb53,7466b9e92ac09f6a5dd82cc928ebe1ea46d0e74c59f0dd6f937918d132a94618
D-subtree,subtree-6,103,auxiliary subtree case,True,validation/stage1-20261004-0100/subtree.jsonl,7,7e172cc101dd362b3f5727125fa00d5c573092027ad59ec0b1f755f5e3d6d3bf,5c3759482ff9016cb0f191356a1e550c84ab3d7a89b17662320d5ca0d3b3615c,7466b9e92ac09f6a5dd82cc928ebe1ea46d0e74c59f0dd6f937918d132a94618
D-subtree,subtree-7,201,auxiliary subtree case,True,validation/stage1-20261004-0100/subtree.jsonl,8,7e172cc101dd362b3f5727125fa00d5c573092027ad59ec0b1f755f5e3d6d3bf,05a01dcdf0107414c79a01c8105b87a812d9380a0c278bcb0903983e2f65e2f1,7466b9e92ac09f6a5dd82cc928ebe1ea46d0e74c59f0dd6f937918d132a94618
D-subtree,subtree-8,1,auxiliary subtree case,True,validation/stage1-20261004-0100/subtree.jsonl,9,7e172cc101dd362b3f5727125fa00d5c573092027ad59ec0b1f755f5e3d6d3bf,fd2d6a876e45bce694e7471d4d7b6c9f54e6a3558b13f58a1a9a072e907cc14e,7466b9e92ac09f6a5dd82cc928ebe1ea46d0e74c59f0dd6f937918d132a94618
D-subtree,subtree-9,2,auxiliary subtree case,True,validation/stage1-20261004-0100/subtree.jsonl,10,7e172cc101dd362b3f5727125fa00d5c573092027ad59ec0b1f755f5e3d6d3bf,6cec0dc8c6b6724fea5bcfd3c88caead6b9b2ae375c4de59e8e58ec04b7a3154,7466b9e92ac09f6a5dd82cc928ebe1ea46d0e74c59f0dd6f937918d132a94618
D-subtree,subtree-10,3,auxiliary subtree case,True,validation/stage1-20261004-0100/subtree.jsonl,11,7e172cc101dd362b3f5727125fa00d5c573092027ad59ec0b1f755f5e3d6d3bf,07a0b4506fe7d67a406d6bfbdea0a413f752d2272deaf33be5a779bf7e32eaeb,7466b9e92ac09f6a5dd82cc928ebe1ea46d0e74c59f0dd6f937918d132a94618
D-subtree,subtree-11,101,auxiliary subtree case,True,validation/stage1-20261004-0100/subtree.jsonl,12,7e172cc101dd362b3f5727125fa00d5c573092027ad59ec0b1f755f5e3d6d3bf,8ee0a264539375a1d0c99c1de4e1e8f9b7ea1030110e92a87a1891df8ab103dd,7466b9e92ac09f6a5dd82cc928ebe1ea46d0e74c59f0dd6f937918d132a94618
D-subtree,subtree-12,102,auxiliary subtree case,True,validation/stage1-20261004-0100/subtree.jsonl,13,7e172cc101dd362b3f5727125fa00d5c573092027ad59ec0b1f755f5e3d6d3bf,f8c7494baa9f2999543d055f07e4cd11fcb3eb5cda5e68414e689e1d67b4ddcb,7466b9e92ac09f6a5dd82cc928ebe1ea46d0e74c59f0dd6f937918d132a94618
D-subtree,subtree-13,103,auxiliary subtree case,True,validation/stage1-20261004-0100/subtree.jsonl,14,7e172cc101dd362b3f5727125fa00d5c573092027ad59ec0b1f755f5e3d6d3bf,4146a0eb9bd8f6c9add096e2ebc191f6c97a01a3fbf9de98aab479d6537805d2,7466b9e92ac09f6a5dd82cc928ebe1ea46d0e74c59f0dd6f937918d132a94618
D-subtree,subtree-14,201,auxiliary subtree case,True,validation/stage1-20261004-0100/subtree.jsonl,15,7e172cc101dd362b3f5727125fa00d5c573092027ad59ec0b1f755f5e3d6d3bf,45cf6ec0016ccbbe5a704ead0d96728667d78b37d2b7afb06658ddd6ef088cb0,7466b9e92ac09f6a5dd82cc928ebe1ea46d0e74c59f0dd6f937918d132a94618
D-subtree,subtree-15,1,auxiliary subtree case,True,validation/stage1-20261004-0100/subtree.jsonl,16,7e172cc101dd362b3f5727125fa00d5c573092027ad59ec0b1f755f5e3d6d3bf,7926b57dbe6abbdd2ec181035faf7d33d2cd24d14c6c53f804cfb75cb72994b4,7466b9e92ac09f6a5dd82cc928ebe1ea46d0e74c59f0dd6f937918d132a94618
D-subtree,subtree-16,2,auxiliary subtree case,True,validation/stage1-20261004-0100/subtree.jsonl,17,7e172cc101dd362b3f5727125fa00d5c573092027ad59ec0b1f755f5e3d6d3bf,9bcdc7d5e811c5d566cf137c9e12f5e6849c46852467700ad2270396ee450592,7466b9e92ac09f6a5dd82cc928ebe1ea46d0e74c59f0dd6f937918d132a94618
D-subtree,subtree-17,3,auxiliary subtree case,True,validation/stage1-20261004-0100/subtree.jsonl,18,7e172cc101dd362b3f5727125fa00d5c573092027ad59ec0b1f755f5e3d6d3bf,029f6ece5430400a2f449698d5beae814b60daf14f4bad7d53e26956355bdff5,7466b9e92ac09f6a5dd82cc928ebe1ea46d0e74c59f0dd6f937918d132a94618
D-subtree,subtree-18,101,auxiliary subtree case,True,validation/stage1-20261004-0100/subtree.jsonl,19,7e172cc101dd362b3f5727125fa00d5c573092027ad59ec0b1f755f5e3d6d3bf,6392526dac965da63d2f21647ed5fb925aba6a8616a6d0942b33dc6bc8aa764b,7466b9e92ac09f6a5dd82cc928ebe1ea46d0e74c59f0dd6f937918d132a94618
D-subtree,subtree-19,102,auxiliary subtree case,True,validation/stage1-20261004-0100/subtree.jsonl,20,7e172cc101dd362b3f5727125fa00d5c573092027ad59ec0b1f755f5e3d6d3bf,920edd586d0adad627382e065c3253fc578376fcf8f4f7957ce0c55c4dcefe2d,7466b9e92ac09f6a5dd82cc928ebe1ea46d0e74c59f0dd6f937918d132a94618
D-subtree,subtree-20,103,auxiliary subtree case,True,validation/stage1-20261004-0100/subtree.jsonl,21,7e172cc101dd362b3f5727125fa00d5c573092027ad59ec0b1f755f5e3d6d3bf,6ee27a2afccb37b6868dec58ab3d87f3d2e39c06fc3dfaf866c37f6b55ae6c9f,7466b9e92ac09f6a5dd82cc928ebe1ea46d0e74c59f0dd6f937918d132a94618
D-subtree,subtree-21,201,auxiliary subtree case,True,validation/stage1-20261004-0100/subtree.jsonl,22,7e172cc101dd362b3f5727125fa00d5c573092027ad59ec0b1f755f5e3d6d3bf,b3dbd5ef33f5cf7ffd0d0109e7f4b88de9a2393ac1aaac9ebb2380c8aa35aa16,7466b9e92ac09f6a5dd82cc928ebe1ea46d0e74c59f0dd6f937918d132a94618
D-subtree,subtree-22,1,auxiliary subtree case,True,validation/stage1-20261004-0100/subtree.jsonl,23,7e172cc101dd362b3f5727125fa00d5c573092027ad59ec0b1f755f5e3d6d3bf,1f0d4a0fd145aaaa3c60eeebf4a0e26e2e61f8e04d28158bdc6e484b1fd8d53d,7466b9e92ac09f6a5dd82cc928ebe1ea46d0e74c59f0dd6f937918d132a94618
D-subtree,subtree-23,2,auxiliary subtree case,True,validation/stage1-20261004-0100/subtree.jsonl,24,7e172cc101dd362b3f5727125fa00d5c573092027ad59ec0b1f755f5e3d6d3bf,d47f7638f6619cdec3c54176e2390a6b02d11005f4f2daf18ed79b3f738231b5,7466b9e92ac09f6a5dd82cc928ebe1ea46d0e74c59f0dd6f937918d132a94618
D-subtree,subtree-24,3,auxiliary subtree case,True,validation/stage1-20261004-0100/subtree.jsonl,25,7e172cc101dd362b3f5727125fa00d5c573092027ad59ec0b1f755f5e3d6d3bf,b99c1bd8330b71079710fd148394d4b03b3fe99dc60e932f082c04a554d5271b,7466b9e92ac09f6a5dd82cc928ebe1ea46d0e74c59f0dd6f937918d132a94618
D-subtree,subtree-25,101,auxiliary subtree case,True,validation/stage1-20261004-0100/subtree.jsonl,26,7e172cc101dd362b3f5727125fa00d5c573092027ad59ec0b1f755f5e3d6d3bf,3b0bed6239a1e5c39ecd5f30843ba21448422a02eaa0bacca0fde1a2f582d23c,7466b9e92ac09f6a5dd82cc928ebe1ea46d0e74c59f0dd6f937918d132a94618
D-subtree,subtree-26,102,auxiliary subtree case,True,validation/stage1-20261004-0100/subtree.jsonl,27,7e172cc101dd362b3f5727125fa00d5c573092027ad59ec0b1f755f5e3d6d3bf,d2896406b410a38efb80cf363468be6333c20cb9e7061672a79caed51e07cf58,7466b9e92ac09f6a5dd82cc928ebe1ea46d0e74c59f0dd6f937918d132a94618
D-subtree,subtree-27,103,auxiliary subtree case,True,validation/stage1-20261004-0100/subtree.jsonl,28,7e172cc101dd362b3f5727125fa00d5c573092027ad59ec0b1f755f5e3d6d3bf,ddf9b69db995ae52be39c8de32a543d5795a8bbf9ca3551f91e9d5f9e39b76cf,7466b9e92ac09f6a5dd82cc928ebe1ea46d0e74c59f0dd6f937918d132a94618
D-subtree,subtree-28,201,auxiliary subtree case,True,validation/stage1-20261004-0100/subtree.jsonl,29,7e172cc101dd362b3f5727125fa00d5c573092027ad59ec0b1f755f5e3d6d3bf,7a2a129426e13d0cd64bc9bc58980daa8f87e024c1899b11ee4837d0e1afa646,7466b9e92ac09f6a5dd82cc928ebe1ea46d0e74c59f0dd6f937918d132a94618
D-subtree,subtree-29,1,auxiliary subtree case,True,validation/stage1-20261004-0100/subtree.jsonl,30,7e172cc101dd362b3f5727125fa00d5c573092027ad59ec0b1f755f5e3d6d3bf,c4b6bcfa946e959309efa4d81a00c3829173060ba6a391fa361863a9d77b3479,7466b9e92ac09f6a5dd82cc928ebe1ea46d0e74c59f0dd6f937918d132a94618
D-subtree,subtree-30,2,auxiliary subtree case,True,validation/stage1-20261004-0100/subtree.jsonl,31,7e172cc101dd362b3f5727125fa00d5c573092027ad59ec0b1f755f5e3d6d3bf,20f3b87ca0bb9f9cfa0443aa1c9a4b8f93ec81c86091bf265e8b41adc38c4ae7,7466b9e92ac09f6a5dd82cc928ebe1ea46d0e74c59f0dd6f937918d132a94618
D-subtree,subtree-31,3,auxiliary subtree case,True,validation/stage1-20261004-0100/subtree.jsonl,32,7e172cc101dd362b3f5727125fa00d5c573092027ad59ec0b1f755f5e3d6d3bf,e060314673d5d1771914638787f7dc0be562289a8b36881fd934b94803cc91c2,7466b9e92ac09f6a5dd82cc928ebe1ea46d0e74c59f0dd6f937918d132a94618
D-subtree,subtree-32,101,auxiliary subtree case,True,validation/stage1-20261004-0100/subtree.jsonl,33,7e172cc101dd362b3f5727125fa00d5c573092027ad59ec0b1f755f5e3d6d3bf,e33fca789758c88efd9f19c2cc91f2a4f9a76d3065e862141daf82971a228e70,7466b9e92ac09f6a5dd82cc928ebe1ea46d0e74c59f0dd6f937918d132a94618
D-subtree,subtree-33,102,auxiliary subtree case,True,validation/stage1-20261004-0100/subtree.jsonl,34,7e172cc101dd362b3f5727125fa00d5c573092027ad59ec0b1f755f5e3d6d3bf,18de18c7b725f1a0824500e388d5b7b60371128e16dfb8e5ebf1a02d4c6b43a1,7466b9e92ac09f6a5dd82cc928ebe1ea46d0e74c59f0dd6f937918d132a94618
D-subtree,subtree-34,103,auxiliary subtree case,True,validation/stage1-20261004-0100/subtree.jsonl,35,7e172cc101dd362b3f5727125fa00d5c573092027ad59ec0b1f755f5e3d6d3bf,a3e42cb7fa66eeb38c15b2a3ad1a1964bdf6d6a5a3d23de1366fe5d56cd45ee8,7466b9e92ac09f6a5dd82cc928ebe1ea46d0e74c59f0dd6f937918d132a94618
D-subtree,subtree-35,201,auxiliary subtree case,True,validation/stage1-20261004-0100/subtree.jsonl,36,7e172cc101dd362b3f5727125fa00d5c573092027ad59ec0b1f755f5e3d6d3bf,21eb2a477d3bf808bba1a6150be84c70cfcf214bb91776adbe394332b58afb1f,7466b9e92ac09f6a5dd82cc928ebe1ea46d0e74c59f0dd6f937918d132a94618
D-subtree,subtree-36,1,auxiliary subtree case,True,validation/stage1-20261004-0100/subtree.jsonl,37,7e172cc101dd362b3f5727125fa00d5c573092027ad59ec0b1f755f5e3d6d3bf,af9b55745443a25729328dcf7d516fa26c4ea0bdf4a9f0ecd0158d1db488f084,7466b9e92ac09f6a5dd82cc928ebe1ea46d0e74c59f0dd6f937918d132a94618
D-subtree,subtree-37,2,auxiliary subtree case,True,validation/stage1-20261004-0100/subtree.jsonl,38,7e172cc101dd362b3f5727125fa00d5c573092027ad59ec0b1f755f5e3d6d3bf,ed634f1c753becc096c385a747709a1a74b8cd89bc3bfe740507699e7921e99f,7466b9e92ac09f6a5dd82cc928ebe1ea46d0e74c59f0dd6f937918d132a94618
D-subtree,subtree-38,3,auxiliary subtree case,True,validation/stage1-20261004-0100/subtree.jsonl,39,7e172cc101dd362b3f5727125fa00d5c573092027ad59ec0b1f755f5e3d6d3bf,08b911da37a365cc00721f7f4b18691d89408c00e91845e744b99175111bd59f,7466b9e92ac09f6a5dd82cc928ebe1ea46d0e74c59f0dd6f937918d132a94618
D-subtree,subtree-39,101,auxiliary subtree case,True,validation/stage1-20261004-0100/subtree.jsonl,40,7e172cc101dd362b3f5727125fa00d5c573092027ad59ec0b1f755f5e3d6d3bf,af448ec36500a4836b8c4efaab2d0775b46d4548b42800803834ea68d92cc987,7466b9e92ac09f6a5dd82cc928ebe1ea46d0e74c59f0dd6f937918d132a94618
D-subtree,subtree-40,102,auxiliary subtree case,True,validation/stage1-20261004-0100/subtree.jsonl,41,7e172cc101dd362b3f5727125fa00d5c573092027ad59ec0b1f755f5e3d6d3bf,f8bea2a62f2fb813502e13a6d343822e308ef72a2cae4674a9b4c000533b7d2f,7466b9e92ac09f6a5dd82cc928ebe1ea46d0e74c59f0dd6f937918d132a94618
D-subtree,subtree-41,103,auxiliary subtree case,True,validation/stage1-20261004-0100/subtree.jsonl,42,7e172cc101dd362b3f5727125fa00d5c573092027ad59ec0b1f755f5e3d6d3bf,e39fceb90db6a4dd658e702e7234fb5d3ec0e6c4bd708be0852386d9ae97aa0b,7466b9e92ac09f6a5dd82cc928ebe1ea46d0e74c59f0dd6f937918d132a94618
D-subtree,subtree-42,201,auxiliary subtree case,True,validation/stage1-20261004-0100/subtree.jsonl,43,7e172cc101dd362b3f5727125fa00d5c573092027ad59ec0b1f755f5e3d6d3bf,ad2e34419c7402fa2645d93d57aee3119bee806216b628ba76adffdc77b24d6f,7466b9e92ac09f6a5dd82cc928ebe1ea46d0e74c59f0dd6f937918d132a94618
D-subtree,subtree-43,1,auxiliary subtree case,True,validation/stage1-20261004-0100/subtree.jsonl,44,7e172cc101dd362b3f5727125fa00d5c573092027ad59ec0b1f755f5e3d6d3bf,6e3882deac7800324dbffe49dc0d71b19aa36c98e262da48cb6d2e8c70f4d126,7466b9e92ac09f6a5dd82cc928ebe1ea46d0e74c59f0dd6f937918d132a94618
D-subtree,subtree-44,2,auxiliary subtree case,True,validation/stage1-20261004-0100/subtree.jsonl,45,7e172cc101dd362b3f5727125fa00d5c573092027ad59ec0b1f755f5e3d6d3bf,def6bb6b1e24fd9a3bb1ecdcdf805b16d8873fe118fa608a4b7c1ba2662b3f65,7466b9e92ac09f6a5dd82cc928ebe1ea46d0e74c59f0dd6f937918d132a94618
D-subtree,subtree-45,3,auxiliary subtree case,True,validation/stage1-20261004-0100/subtree.jsonl,46,7e172cc101dd362b3f5727125fa00d5c573092027ad59ec0b1f755f5e3d6d3bf,00787462d00a9c90de898569f84c1c0f6a7a3132104c31f875b13c0d3801ca63,7466b9e92ac09f6a5dd82cc928ebe1ea46d0e74c59f0dd6f937918d132a94618
D-subtree,subtree-46,101,auxiliary subtree case,True,validation/stage1-20261004-0100/subtree.jsonl,47,7e172cc101dd362b3f5727125fa00d5c573092027ad59ec0b1f755f5e3d6d3bf,9d1e33e40068ffd94b0343841bc4e70324a136c64101bed7bc08f458cdf287b3,7466b9e92ac09f6a5dd82cc928ebe1ea46d0e74c59f0dd6f937918d132a94618
D-subtree,subtree-47,102,auxiliary subtree case,True,validation/stage1-20261004-0100/subtree.jsonl,48,7e172cc101dd362b3f5727125fa00d5c573092027ad59ec0b1f755f5e3d6d3bf,998c3e64407c23b1d26518b1d674c0137794580f542d68c1ab755a9cf7787225,7466b9e92ac09f6a5dd82cc928ebe1ea46d0e74c59f0dd6f937918d132a94618
D-subtree,subtree-48,103,auxiliary subtree case,True,validation/stage1-20261004-0100/subtree.jsonl,49,7e172cc101dd362b3f5727125fa00d5c573092027ad59ec0b1f755f5e3d6d3bf,6cb4b1519796c7c2808257378be09b006de3cbc753f7eaea7129d4c1d136464f,7466b9e92ac09f6a5dd82cc928ebe1ea46d0e74c59f0dd6f937918d132a94618
D-subtree,subtree-49,201,auxiliary subtree case,True,validation/stage1-20261004-0100/subtree.jsonl,50,7e172cc101dd362b3f5727125fa00d5c573092027ad59ec0b1f755f5e3d6d3bf,49fccd46b1e2d43e39c9ab88a32fd346616a653e7871f3717931ad90c1a1e657,7466b9e92ac09f6a5dd82cc928ebe1ea46d0e74c59f0dd6f937918d132a94618
D-subtree,subtree-50,1,auxiliary subtree case,True,validation/stage1-20261004-0100/subtree.jsonl,51,7e172cc101dd362b3f5727125fa00d5c573092027ad59ec0b1f755f5e3d6d3bf,8610f90722776cd6946b7415d2bf996b45a5e8c5a8d6d62ef9b95b7be3a409c7,7466b9e92ac09f6a5dd82cc928ebe1ea46d0e74c59f0dd6f937918d132a94618
D-subtree,subtree-51,2,auxiliary subtree case,True,validation/stage1-20261004-0100/subtree.jsonl,52,7e172cc101dd362b3f5727125fa00d5c573092027ad59ec0b1f755f5e3d6d3bf,7ce2f730f811e2cf6bbbfd377658fd470e32185831d8c23f44f189e1bae3c68e,7466b9e92ac09f6a5dd82cc928ebe1ea46d0e74c59f0dd6f937918d132a94618
D-subtree,subtree-52,3,auxiliary subtree case,True,validation/stage1-20261004-0100/subtree.jsonl,53,7e172cc101dd362b3f5727125fa00d5c573092027ad59ec0b1f755f5e3d6d3bf,e763e82a2bf825dcb6dc5d968fb95417717f16cbc528dbc5dfcff6bc43e8754a,7466b9e92ac09f6a5dd82cc928ebe1ea46d0e74c59f0dd6f937918d132a94618
D-subtree,subtree-53,101,auxiliary subtree case,True,validation/stage1-20261004-0100/subtree.jsonl,54,7e172cc101dd362b3f5727125fa00d5c573092027ad59ec0b1f755f5e3d6d3bf,c29f5e0e734ea225b847af1b57a29fd7ee551d8041000e002602ca25bf29eecb,7466b9e92ac09f6a5dd82cc928ebe1ea46d0e74c59f0dd6f937918d132a94618
D-subtree,subtree-54,102,auxiliary subtree case,True,validation/stage1-20261004-0100/subtree.jsonl,55,7e172cc101dd362b3f5727125fa00d5c573092027ad59ec0b1f755f5e3d6d3bf,9bfd18acbb9844dec3c61cf6631936d0d2c636bf1f5e642d8cef502eaf76a013,7466b9e92ac09f6a5dd82cc928ebe1ea46d0e74c59f0dd6f937918d132a94618
D-subtree,subtree-55,103,auxiliary subtree case,True,validation/stage1-20261004-0100/subtree.jsonl,56,7e172cc101dd362b3f5727125fa00d5c573092027ad59ec0b1f755f5e3d6d3bf,c66232c4eaa5ebc91ca2e6416ecc3a59171067a382b489166854f13b3b7081f6,7466b9e92ac09f6a5dd82cc928ebe1ea46d0e74c59f0dd6f937918d132a94618
D-subtree,subtree-56,201,auxiliary subtree case,True,validation/stage1-20261004-0100/subtree.jsonl,57,7e172cc101dd362b3f5727125fa00d5c573092027ad59ec0b1f755f5e3d6d3bf,27b2c5367c6880c953c4e0ead264cb19f63a217afad6dd743ce16e5c2972d2bc,7466b9e92ac09f6a5dd82cc928ebe1ea46d0e74c59f0dd6f937918d132a94618
D-subtree,subtree-57,1,auxiliary subtree case,True,validation/stage1-20261004-0100/subtree.jsonl,58,7e172cc101dd362b3f5727125fa00d5c573092027ad59ec0b1f755f5e3d6d3bf,7d8d819b5277d6878b98e588f49e081007888f2c56078ccdd4f578f5ae812092,7466b9e92ac09f6a5dd82cc928ebe1ea46d0e74c59f0dd6f937918d132a94618
D-subtree,subtree-58,2,auxiliary subtree case,True,validation/stage1-20261004-0100/subtree.jsonl,59,7e172cc101dd362b3f5727125fa00d5c573092027ad59ec0b1f755f5e3d6d3bf,c4d0a1f87abcbaba30cd8482831573922d31bfeafa5e8023816775aaa316605d,7466b9e92ac09f6a5dd82cc928ebe1ea46d0e74c59f0dd6f937918d132a94618
D-subtree,subtree-59,3,auxiliary subtree case,True,validation/stage1-20261004-0100/subtree.jsonl,60,7e172cc101dd362b3f5727125fa00d5c573092027ad59ec0b1f755f5e3d6d3bf,675ce0201285b2f9f7af5e3a121f9226207909be1818c7f2bff1c9b5b3dde5cd,7466b9e92ac09f6a5dd82cc928ebe1ea46d0e74c59f0dd6f937918d132a94618
D-subtree,subtree-60,101,auxiliary subtree case,True,validation/stage1-20261004-0100/subtree.jsonl,61,7e172cc101dd362b3f5727125fa00d5c573092027ad59ec0b1f755f5e3d6d3bf,72ebcfdbb122e40642c18f34ffd399682ac06bb63e79757cc9e8cf3016229660,7466b9e92ac09f6a5dd82cc928ebe1ea46d0e74c59f0dd6f937918d132a94618
D-subtree,subtree-61,102,auxiliary subtree case,True,validation/stage1-20261004-0100/subtree.jsonl,62,7e172cc101dd362b3f5727125fa00d5c573092027ad59ec0b1f755f5e3d6d3bf,f8dc9c54742538e06b57fbf413db13ba6422a98ffe9f5e9610b70a0b61a3273b,7466b9e92ac09f6a5dd82cc928ebe1ea46d0e74c59f0dd6f937918d132a94618
D-subtree,subtree-62,103,auxiliary subtree case,True,validation/stage1-20261004-0100/subtree.jsonl,63,7e172cc101dd362b3f5727125fa00d5c573092027ad59ec0b1f755f5e3d6d3bf,51330213dcd939c7beabfed1b64ca403ef0b8fc46ad49d2cde0ecaccd2efc354,7466b9e92ac09f6a5dd82cc928ebe1ea46d0e74c59f0dd6f937918d132a94618
D-subtree,subtree-63,201,auxiliary subtree case,True,validation/stage1-20261004-0100/subtree.jsonl,64,7e172cc101dd362b3f5727125fa00d5c573092027ad59ec0b1f755f5e3d6d3bf,dd29e539ec46fdeecf342778ff450198b8a9e4219d2930d2543c56770e1d37f7,7466b9e92ac09f6a5dd82cc928ebe1ea46d0e74c59f0dd6f937918d132a94618
D-subtree,subtree-64,1,auxiliary subtree case,True,validation/stage1-20261004-0100/subtree.jsonl,65,7e172cc101dd362b3f5727125fa00d5c573092027ad59ec0b1f755f5e3d6d3bf,1831583a1baf57b30c8ccac8268ae2e604295a0f02b0ce4dea459a06be2e1545,7466b9e92ac09f6a5dd82cc928ebe1ea46d0e74c59f0dd6f937918d132a94618
D-subtree,subtree-65,2,auxiliary subtree case,True,validation/stage1-20261004-0100/subtree.jsonl,66,7e172cc101dd362b3f5727125fa00d5c573092027ad59ec0b1f755f5e3d6d3bf,103c98cd79c25a19da5d0645e26998771ffb243340d366846d2ce2f0d77eda48,7466b9e92ac09f6a5dd82cc928ebe1ea46d0e74c59f0dd6f937918d132a94618
D-subtree,subtree-66,3,auxiliary subtree case,True,validation/stage1-20261004-0100/subtree.jsonl,67,7e172cc101dd362b3f5727125fa00d5c573092027ad59ec0b1f755f5e3d6d3bf,587394c292e8356a833b926c6c4b56e07eac55a18c1857c3103686b97a6c0f9a,7466b9e92ac09f6a5dd82cc928ebe1ea46d0e74c59f0dd6f937918d132a94618
D-subtree,subtree-67,101,auxiliary subtree case,True,validation/stage1-20261004-0100/subtree.jsonl,68,7e172cc101dd362b3f5727125fa00d5c573092027ad59ec0b1f755f5e3d6d3bf,c30f6c80e844227e52808949bb2bff99135124379bd5ff79718730bcad4b7fa4,7466b9e92ac09f6a5dd82cc928ebe1ea46d0e74c59f0dd6f937918d132a94618
D-subtree,subtree-68,102,auxiliary subtree case,True,validation/stage1-20261004-0100/subtree.jsonl,69,7e172cc101dd362b3f5727125fa00d5c573092027ad59ec0b1f755f5e3d6d3bf,b4b1e615d6e25a902b6148a16da237bdf3e1a83db4aa36c67dac409a7d8d9fe0,7466b9e92ac09f6a5dd82cc928ebe1ea46d0e74c59f0dd6f937918d132a94618
D-subtree,subtree-69,103,auxiliary subtree case,True,validation/stage1-20261004-0100/subtree.jsonl,70,7e172cc101dd362b3f5727125fa00d5c573092027ad59ec0b1f755f5e3d6d3bf,e6bc682166681f56c9d5f76a7db27bee6df833554e32cc65e80f3b8b7c2babdd,7466b9e92ac09f6a5dd82cc928ebe1ea46d0e74c59f0dd6f937918d132a94618
D-subtree,subtree-70,201,auxiliary subtree case,True,validation/stage1-20261004-0100/subtree.jsonl,71,7e172cc101dd362b3f5727125fa00d5c573092027ad59ec0b1f755f5e3d6d3bf,b1cffbc533b3f0a740f52aadb1cfede54b9992fe01808be66fd4152df128f152,7466b9e92ac09f6a5dd82cc928ebe1ea46d0e74c59f0dd6f937918d132a94618
D-subtree,subtree-71,1,auxiliary subtree case,True,validation/stage1-20261004-0100/subtree.jsonl,72,7e172cc101dd362b3f5727125fa00d5c573092027ad59ec0b1f755f5e3d6d3bf,042f8b5a8897b5c52d3ef908dd6d64b180bcd043e051570a95f8ef310eda3392,7466b9e92ac09f6a5dd82cc928ebe1ea46d0e74c59f0dd6f937918d132a94618
D-subtree,subtree-72,2,auxiliary subtree case,True,validation/stage1-20261004-0100/subtree.jsonl,73,7e172cc101dd362b3f5727125fa00d5c573092027ad59ec0b1f755f5e3d6d3bf,293c70b2df952ae96298a1e8eff4d775c944aa39cbfe87bc70d01e72cca828b2,7466b9e92ac09f6a5dd82cc928ebe1ea46d0e74c59f0dd6f937918d132a94618
D-subtree,subtree-73,3,auxiliary subtree case,True,validation/stage1-20261004-0100/subtree.jsonl,74,7e172cc101dd362b3f5727125fa00d5c573092027ad59ec0b1f755f5e3d6d3bf,bdaf2bce6d0065b241d18af6f5bf9f28b9669d42bce2fa9600ab99ff3fe7390e,7466b9e92ac09f6a5dd82cc928ebe1ea46d0e74c59f0dd6f937918d132a94618
D-subtree,subtree-74,101,auxiliary subtree case,True,validation/stage1-20261004-0100/subtree.jsonl,75,7e172cc101dd362b3f5727125fa00d5c573092027ad59ec0b1f755f5e3d6d3bf,165c00a7a4b96a1ad63c31b59f1992994114e405a32f67c2a968eea170e1e680,7466b9e92ac09f6a5dd82cc928ebe1ea46d0e74c59f0dd6f937918d132a94618
D-subtree,subtree-75,102,auxiliary subtree case,True,validation/stage1-20261004-0100/subtree.jsonl,76,7e172cc101dd362b3f5727125fa00d5c573092027ad59ec0b1f755f5e3d6d3bf,71009aa78cabf1177b51cd81865675b42c3d0eb0d5a663db8e34b759c33e8ff1,7466b9e92ac09f6a5dd82cc928ebe1ea46d0e74c59f0dd6f937918d132a94618
D-subtree,subtree-76,103,auxiliary subtree case,True,validation/stage1-20261004-0100/subtree.jsonl,77,7e172cc101dd362b3f5727125fa00d5c573092027ad59ec0b1f755f5e3d6d3bf,9954f27eab045c07c50415e67bed1296dba2636d3de266c11d4791d91f418304,7466b9e92ac09f6a5dd82cc928ebe1ea46d0e74c59f0dd6f937918d132a94618
D-subtree,subtree-77,201,auxiliary subtree case,True,validation/stage1-20261004-0100/subtree.jsonl,78,7e172cc101dd362b3f5727125fa00d5c573092027ad59ec0b1f755f5e3d6d3bf,c97744636283c0bb5b2da1aa3f8aa138a77ce9e8467b4fcc2ae31a5c9d2f55f5,7466b9e92ac09f6a5dd82cc928ebe1ea46d0e74c59f0dd6f937918d132a94618
D-subtree,subtree-78,1,auxiliary subtree case,True,validation/stage1-20261004-0100/subtree.jsonl,79,7e172cc101dd362b3f5727125fa00d5c573092027ad59ec0b1f755f5e3d6d3bf,eb3c1792e1a507e8271b0d4e8cc4ea91f9ad5a2ebd9b21a2e67ecf307b08ddec,7466b9e92ac09f6a5dd82cc928ebe1ea46d0e74c59f0dd6f937918d132a94618
D-subtree,subtree-79,2,auxiliary subtree case,True,validation/stage1-20261004-0100/subtree.jsonl,80,7e172cc101dd362b3f5727125fa00d5c573092027ad59ec0b1f755f5e3d6d3bf,fe71c6e87d48f068ffad16d8a7f5c97189bd4ee15fb86b7d1cb3d8a2049b81cb,7466b9e92ac09f6a5dd82cc928ebe1ea46d0e74c59f0dd6f937918d132a94618
D-subtree,subtree-80,3,auxiliary subtree case,True,validation/stage1-20261004-0100/subtree.jsonl,81,7e172cc101dd362b3f5727125fa00d5c573092027ad59ec0b1f755f5e3d6d3bf,7c577e90f247b902e926a4ccf0f43852ba364399c45d0a5328249199319bf722,7466b9e92ac09f6a5dd82cc928ebe1ea46d0e74c59f0dd6f937918d132a94618
D-subtree,subtree-81,101,auxiliary subtree case,True,validation/stage1-20261004-0100/subtree.jsonl,82,7e172cc101dd362b3f5727125fa00d5c573092027ad59ec0b1f755f5e3d6d3bf,5819774c86305cf082b7b21ffda85d5471e4bb5a9a8e30a88d25bce60e5af062,7466b9e92ac09f6a5dd82cc928ebe1ea46d0e74c59f0dd6f937918d132a94618
D-subtree,subtree-82,102,auxiliary subtree case,True,validation/stage1-20261004-0100/subtree.jsonl,83,7e172cc101dd362b3f5727125fa00d5c573092027ad59ec0b1f755f5e3d6d3bf,1c333dd7c9a6440a8413f4f8c059cbcfddd620ff015d3c2b51d87fac0badf0ab,7466b9e92ac09f6a5dd82cc928ebe1ea46d0e74c59f0dd6f937918d132a94618
D-subtree,subtree-83,103,auxiliary subtree case,True,validation/stage1-20261004-0100/subtree.jsonl,84,7e172cc101dd362b3f5727125fa00d5c573092027ad59ec0b1f755f5e3d6d3bf,3aeff7c4219e828f75a92932578c145062348e9b3a8e06fb45609b8b5139b4d0,7466b9e92ac09f6a5dd82cc928ebe1ea46d0e74c59f0dd6f937918d132a94618
D-subtree,subtree-84,201,auxiliary subtree case,True,validation/stage1-20261004-0100/subtree.jsonl,85,7e172cc101dd362b3f5727125fa00d5c573092027ad59ec0b1f755f5e3d6d3bf,84c689cd61faac38efd8f11e8f407e2fb6bbd67b657d45970bd0515708e5e239,7466b9e92ac09f6a5dd82cc928ebe1ea46d0e74c59f0dd6f937918d132a94618
D-subtree,subtree-85,1,auxiliary subtree case,True,validation/stage1-20261004-0100/subtree.jsonl,86,7e172cc101dd362b3f5727125fa00d5c573092027ad59ec0b1f755f5e3d6d3bf,6f683309e711ee016864da59cf37ae65ce6557fcccf2e802fdcf83dae64770a6,7466b9e92ac09f6a5dd82cc928ebe1ea46d0e74c59f0dd6f937918d132a94618
D-subtree,subtree-86,2,auxiliary subtree case,True,validation/stage1-20261004-0100/subtree.jsonl,87,7e172cc101dd362b3f5727125fa00d5c573092027ad59ec0b1f755f5e3d6d3bf,a06824a2b27b480b360e84656e2daf1a7e389352374e09c853cc53f48058a76d,7466b9e92ac09f6a5dd82cc928ebe1ea46d0e74c59f0dd6f937918d132a94618
D-subtree,subtree-87,3,auxiliary subtree case,True,validation/stage1-20261004-0100/subtree.jsonl,88,7e172cc101dd362b3f5727125fa00d5c573092027ad59ec0b1f755f5e3d6d3bf,e5a695142389b55624af050f9cd4a6e09ed255eae86495c4c48e68bc9d984f81,7466b9e92ac09f6a5dd82cc928ebe1ea46d0e74c59f0dd6f937918d132a94618
D-subtree,subtree-88,101,auxiliary subtree case,True,validation/stage1-20261004-0100/subtree.jsonl,89,7e172cc101dd362b3f5727125fa00d5c573092027ad59ec0b1f755f5e3d6d3bf,bdfe984891b3041820112ddd6c6e8167430b2ba998b99d36951148749b01a655,7466b9e92ac09f6a5dd82cc928ebe1ea46d0e74c59f0dd6f937918d132a94618
D-subtree,subtree-89,102,auxiliary subtree case,True,validation/stage1-20261004-0100/subtree.jsonl,90,7e172cc101dd362b3f5727125fa00d5c573092027ad59ec0b1f755f5e3d6d3bf,402283f9150b3d0826f3887961e3d4f41e2a0645dafe34e5de76cb0fbb4a7e04,7466b9e92ac09f6a5dd82cc928ebe1ea46d0e74c59f0dd6f937918d132a94618
D-subtree,subtree-90,103,auxiliary subtree case,True,validation/stage1-20261004-0100/subtree.jsonl,91,7e172cc101dd362b3f5727125fa00d5c573092027ad59ec0b1f755f5e3d6d3bf,826088ea210edc3d5976daf4d049e4a8135e3fbdd68dd884936cbe8ab44c903f,7466b9e92ac09f6a5dd82cc928ebe1ea46d0e74c59f0dd6f937918d132a94618
D-subtree,subtree-91,201,auxiliary subtree case,True,validation/stage1-20261004-0100/subtree.jsonl,92,7e172cc101dd362b3f5727125fa00d5c573092027ad59ec0b1f755f5e3d6d3bf,80433c28529af7fb1e93c52eef56167bd5a79ffbd4214b655a0bbb806a2df493,7466b9e92ac09f6a5dd82cc928ebe1ea46d0e74c59f0dd6f937918d132a94618
D-subtree,subtree-92,1,auxiliary subtree case,True,validation/stage1-20261004-0100/subtree.jsonl,93,7e172cc101dd362b3f5727125fa00d5c573092027ad59ec0b1f755f5e3d6d3bf,e34fb94af24cfe24c9a4e86419e09d0c325303bb0ab71a268af8f78df0b3a3da,7466b9e92ac09f6a5dd82cc928ebe1ea46d0e74c59f0dd6f937918d132a94618
D-subtree,subtree-93,2,auxiliary subtree case,True,validation/stage1-20261004-0100/subtree.jsonl,94,7e172cc101dd362b3f5727125fa00d5c573092027ad59ec0b1f755f5e3d6d3bf,bcd4521dea2c17938149f4d155c315cb5fd58d7eaa656593727b8126691e6e5a,7466b9e92ac09f6a5dd82cc928ebe1ea46d0e74c59f0dd6f937918d132a94618
D-subtree,subtree-94,3,auxiliary subtree case,True,validation/stage1-20261004-0100/subtree.jsonl,95,7e172cc101dd362b3f5727125fa00d5c573092027ad59ec0b1f755f5e3d6d3bf,f66c677a0a7465505c309b5079bc9de44e70a77fdbb7f7e45381424f11f91f0c,7466b9e92ac09f6a5dd82cc928ebe1ea46d0e74c59f0dd6f937918d132a94618
D-subtree,subtree-95,101,auxiliary subtree case,True,validation/stage1-20261004-0100/subtree.jsonl,96,7e172cc101dd362b3f5727125fa00d5c573092027ad59ec0b1f755f5e3d6d3bf,93202a2a0c3a73c64457ae6c573b458703b066f2eeeb287d03aa453b18cc8264,7466b9e92ac09f6a5dd82cc928ebe1ea46d0e74c59f0dd6f937918d132a94618
D-subtree,subtree-96,102,auxiliary subtree case,True,validation/stage1-20261004-0100/subtree.jsonl,97,7e172cc101dd362b3f5727125fa00d5c573092027ad59ec0b1f755f5e3d6d3bf,7737fda1b846ecb3158e7103b8c98c185f9002ff15099920510ded8b1061eaa4,7466b9e92ac09f6a5dd82cc928ebe1ea46d0e74c59f0dd6f937918d132a94618
D-subtree,subtree-97,103,auxiliary subtree case,True,validation/stage1-20261004-0100/subtree.jsonl,98,7e172cc101dd362b3f5727125fa00d5c573092027ad59ec0b1f755f5e3d6d3bf,1c514e1cad385b58926dee37f74bbffd8fe6b5ebcebb78c2651eb843ba39b616,7466b9e92ac09f6a5dd82cc928ebe1ea46d0e74c59f0dd6f937918d132a94618
D-subtree,subtree-98,201,auxiliary subtree case,True,validation/stage1-20261004-0100/subtree.jsonl,99,7e172cc101dd362b3f5727125fa00d5c573092027ad59ec0b1f755f5e3d6d3bf,0d7e6c87b44fbd1abe6f82c1379aa039ee676775a12fef5d31a45eb20bff04d4,7466b9e92ac09f6a5dd82cc928ebe1ea46d0e74c59f0dd6f937918d132a94618
D-subtree,subtree-99,1,auxiliary subtree case,True,validation/stage1-20261004-0100/subtree.jsonl,100,7e172cc101dd362b3f5727125fa00d5c573092027ad59ec0b1f755f5e3d6d3bf,9a142d25f3e3fde1eb219fda624a7f648fc000310659b548439899a9c3e3a588,7466b9e92ac09f6a5dd82cc928ebe1ea46d0e74c59f0dd6f937918d132a94618
D-subtree,subtree-100,2,auxiliary subtree case,True,validation/stage1-20261004-0100/subtree.jsonl,101,7e172cc101dd362b3f5727125fa00d5c573092027ad59ec0b1f755f5e3d6d3bf,2034a17a1b0b210659ea934dd0c0b344212ac6269be192279e5fe7f1ebe6fb9b,7466b9e92ac09f6a5dd82cc928ebe1ea46d0e74c59f0dd6f937918d132a94618
D-subtree,subtree-101,3,auxiliary subtree case,True,validation/stage1-20261004-0100/subtree.jsonl,102,7e172cc101dd362b3f5727125fa00d5c573092027ad59ec0b1f755f5e3d6d3bf,9a3aefd7b176ba771d75aeb04eb975c90ac5908e51a0a721941394ac4342888d,7466b9e92ac09f6a5dd82cc928ebe1ea46d0e74c59f0dd6f937918d132a94618
D-subtree,subtree-102,101,auxiliary subtree case,True,validation/stage1-20261004-0100/subtree.jsonl,103,7e172cc101dd362b3f5727125fa00d5c573092027ad59ec0b1f755f5e3d6d3bf,2101efb2e51e1f6a3e38f154bc0617e9b66e24bef4374e4abe8a7d079a9de492,7466b9e92ac09f6a5dd82cc928ebe1ea46d0e74c59f0dd6f937918d132a94618
D-subtree,subtree-103,102,auxiliary subtree case,True,validation/stage1-20261004-0100/subtree.jsonl,104,7e172cc101dd362b3f5727125fa00d5c573092027ad59ec0b1f755f5e3d6d3bf,6b01c9918f3d139a3e557e5ac1095a4e8184d605e3d97cae29b321bd03df4fc8,7466b9e92ac09f6a5dd82cc928ebe1ea46d0e74c59f0dd6f937918d132a94618
D-subtree,subtree-104,103,auxiliary subtree case,True,validation/stage1-20261004-0100/subtree.jsonl,105,7e172cc101dd362b3f5727125fa00d5c573092027ad59ec0b1f755f5e3d6d3bf,b80f63c7ad931dc368697c5d9c468c32174016d81dbf7aca387072b5f7cdde3e,7466b9e92ac09f6a5dd82cc928ebe1ea46d0e74c59f0dd6f937918d132a94618
D-subtree,subtree-105,201,auxiliary subtree case,True,validation/stage1-20261004-0100/subtree.jsonl,106,7e172cc101dd362b3f5727125fa00d5c573092027ad59ec0b1f755f5e3d6d3bf,12a88374c537dd22cd3dbdc2c878420f5f41ca5cca28d3e05e725aa4ed8ccb1a,7466b9e92ac09f6a5dd82cc928ebe1ea46d0e74c59f0dd6f937918d132a94618
D-subtree,subtree-106,1,auxiliary subtree case,True,validation/stage1-20261004-0100/subtree.jsonl,107,7e172cc101dd362b3f5727125fa00d5c573092027ad59ec0b1f755f5e3d6d3bf,136ad4d9b945f62a0b003cd99f915672c8ebbc310a740bde8370d50984f3ba3a,7466b9e92ac09f6a5dd82cc928ebe1ea46d0e74c59f0dd6f937918d132a94618
D-subtree,subtree-107,2,auxiliary subtree case,True,validation/stage1-20261004-0100/subtree.jsonl,108,7e172cc101dd362b3f5727125fa00d5c573092027ad59ec0b1f755f5e3d6d3bf,5a9c2e26fb43998f874b0d0023b89241b6ed2c6faac2168c850fd76aae81ddba,7466b9e92ac09f6a5dd82cc928ebe1ea46d0e74c59f0dd6f937918d132a94618
D-subtree,subtree-108,3,auxiliary subtree case,True,validation/stage1-20261004-0100/subtree.jsonl,109,7e172cc101dd362b3f5727125fa00d5c573092027ad59ec0b1f755f5e3d6d3bf,df3e843e386f28b33210df8246146e22d47bc51e71e867e10e1d87d6197c2e56,7466b9e92ac09f6a5dd82cc928ebe1ea46d0e74c59f0dd6f937918d132a94618
D-subtree,subtree-109,101,auxiliary subtree case,True,validation/stage1-20261004-0100/subtree.jsonl,110,7e172cc101dd362b3f5727125fa00d5c573092027ad59ec0b1f755f5e3d6d3bf,1c612d1da617233f0aecce3827b909a9ee97fecae24983b318bee07905a13072,7466b9e92ac09f6a5dd82cc928ebe1ea46d0e74c59f0dd6f937918d132a94618
D-subtree,subtree-110,102,auxiliary subtree case,True,validation/stage1-20261004-0100/subtree.jsonl,111,7e172cc101dd362b3f5727125fa00d5c573092027ad59ec0b1f755f5e3d6d3bf,947fae0c887aaec856083848d40325448e140cb9513c793fa75ebad6f5fcc543,7466b9e92ac09f6a5dd82cc928ebe1ea46d0e74c59f0dd6f937918d132a94618
D-subtree,subtree-111,103,auxiliary subtree case,True,validation/stage1-20261004-0100/subtree.jsonl,112,7e172cc101dd362b3f5727125fa00d5c573092027ad59ec0b1f755f5e3d6d3bf,6921b22db5ec7920ce82091cc3ccb5c326889a57513b3633dbe39cd1d8f101e4,7466b9e92ac09f6a5dd82cc928ebe1ea46d0e74c59f0dd6f937918d132a94618
D-subtree,subtree-112,201,auxiliary subtree case,True,validation/stage1-20261004-0100/subtree.jsonl,113,7e172cc101dd362b3f5727125fa00d5c573092027ad59ec0b1f755f5e3d6d3bf,5546b2643349caa0d36db8c15d70297ff4b973bbf49356d40aabeac29d559aff,7466b9e92ac09f6a5dd82cc928ebe1ea46d0e74c59f0dd6f937918d132a94618
D-subtree,subtree-113,1,auxiliary subtree case,True,validation/stage1-20261004-0100/subtree.jsonl,114,7e172cc101dd362b3f5727125fa00d5c573092027ad59ec0b1f755f5e3d6d3bf,687c94712c2373a79bb9fddcb99369cbaad4fb611c868aa9b43d28e4d6854412,7466b9e92ac09f6a5dd82cc928ebe1ea46d0e74c59f0dd6f937918d132a94618
D-subtree,subtree-114,2,auxiliary subtree case,True,validation/stage1-20261004-0100/subtree.jsonl,115,7e172cc101dd362b3f5727125fa00d5c573092027ad59ec0b1f755f5e3d6d3bf,8a43546a28d6ec1c28686423fc7b6025e46ceac26f9877d4820c0fa8d2658a5d,7466b9e92ac09f6a5dd82cc928ebe1ea46d0e74c59f0dd6f937918d132a94618
D-subtree,subtree-115,3,auxiliary subtree case,True,validation/stage1-20261004-0100/subtree.jsonl,116,7e172cc101dd362b3f5727125fa00d5c573092027ad59ec0b1f755f5e3d6d3bf,dae774225a2c96be107fa1e1b8c90c08847c10ddabee02bef4a1ff6658ca5ec4,7466b9e92ac09f6a5dd82cc928ebe1ea46d0e74c59f0dd6f937918d132a94618
D-subtree,subtree-116,101,auxiliary subtree case,True,validation/stage1-20261004-0100/subtree.jsonl,117,7e172cc101dd362b3f5727125fa00d5c573092027ad59ec0b1f755f5e3d6d3bf,10ec6836f02f17535c513cc539238ca8b9d8ec45b8b9b7d22c5a25bbe1648a6e,7466b9e92ac09f6a5dd82cc928ebe1ea46d0e74c59f0dd6f937918d132a94618
D-subtree,subtree-117,102,auxiliary subtree case,True,validation/stage1-20261004-0100/subtree.jsonl,118,7e172cc101dd362b3f5727125fa00d5c573092027ad59ec0b1f755f5e3d6d3bf,c062d8f76105c6ab98c4e1fc8f38b5ee25947c5b1fd5781531a0245e0dbeaf86,7466b9e92ac09f6a5dd82cc928ebe1ea46d0e74c59f0dd6f937918d132a94618
D-subtree,subtree-118,103,auxiliary subtree case,True,validation/stage1-20261004-0100/subtree.jsonl,119,7e172cc101dd362b3f5727125fa00d5c573092027ad59ec0b1f755f5e3d6d3bf,199aa3002d5f7ca8b00834307e6c9cc64de5a938285e9ebd2f88e38ae7e727fa,7466b9e92ac09f6a5dd82cc928ebe1ea46d0e74c59f0dd6f937918d132a94618
D-subtree,subtree-119,201,auxiliary subtree case,True,validation/stage1-20261004-0100/subtree.jsonl,120,7e172cc101dd362b3f5727125fa00d5c573092027ad59ec0b1f755f5e3d6d3bf,151b93e989d84175f1c9a8fcad06da7a8134eed59473a3dc39bc878c9d2ae30f,7466b9e92ac09f6a5dd82cc928ebe1ea46d0e74c59f0dd6f937918d132a94618
D-subtree,subtree-120,1,auxiliary subtree case,True,validation/stage1-20261004-0100/subtree.jsonl,121,7e172cc101dd362b3f5727125fa00d5c573092027ad59ec0b1f755f5e3d6d3bf,5b45d5a2fa2ad435f300901ae421ca070fbdce688d39bbb37fcad94f8bd55398,7466b9e92ac09f6a5dd82cc928ebe1ea46d0e74c59f0dd6f937918d132a94618
D-subtree,subtree-121,2,auxiliary subtree case,True,validation/stage1-20261004-0100/subtree.jsonl,122,7e172cc101dd362b3f5727125fa00d5c573092027ad59ec0b1f755f5e3d6d3bf,be8710721a6abe6e053a0400ff0d5f547575a9acc712c65b812100dc036d4913,7466b9e92ac09f6a5dd82cc928ebe1ea46d0e74c59f0dd6f937918d132a94618
D-subtree,subtree-122,3,auxiliary subtree case,True,validation/stage1-20261004-0100/subtree.jsonl,123,7e172cc101dd362b3f5727125fa00d5c573092027ad59ec0b1f755f5e3d6d3bf,b224c471a93346d741c21439e028ef4d4d836680de012c69c546fca09f16e48e,7466b9e92ac09f6a5dd82cc928ebe1ea46d0e74c59f0dd6f937918d132a94618
D-subtree,subtree-123,101,auxiliary subtree case,True,validation/stage1-20261004-0100/subtree.jsonl,124,7e172cc101dd362b3f5727125fa00d5c573092027ad59ec0b1f755f5e3d6d3bf,70cbb0c6ac63e234059c530ec25219d94dcc1455c41f31563cc8d31c1897d704,7466b9e92ac09f6a5dd82cc928ebe1ea46d0e74c59f0dd6f937918d132a94618
D-subtree,subtree-124,102,auxiliary subtree case,True,validation/stage1-20261004-0100/subtree.jsonl,125,7e172cc101dd362b3f5727125fa00d5c573092027ad59ec0b1f755f5e3d6d3bf,782705eb1aebee9edc4d0d73652ec5b1af0073670a757993749dc1e6fb64898c,7466b9e92ac09f6a5dd82cc928ebe1ea46d0e74c59f0dd6f937918d132a94618
D-subtree,subtree-125,103,auxiliary subtree case,True,validation/stage1-20261004-0100/subtree.jsonl,126,7e172cc101dd362b3f5727125fa00d5c573092027ad59ec0b1f755f5e3d6d3bf,dd7f70c6502d590a892ceccf81e639cf5fd67962df29b196d0f1ec496fb57c27,7466b9e92ac09f6a5dd82cc928ebe1ea46d0e74c59f0dd6f937918d132a94618
D-subtree,subtree-126,201,auxiliary subtree case,True,validation/stage1-20261004-0100/subtree.jsonl,127,7e172cc101dd362b3f5727125fa00d5c573092027ad59ec0b1f755f5e3d6d3bf,de492a858c1f49851fb081e485c41a4cc8d93e140ba7710ed9f990a321bea790,7466b9e92ac09f6a5dd82cc928ebe1ea46d0e74c59f0dd6f937918d132a94618
D-subtree,subtree-127,1,auxiliary subtree case,True,validation/stage1-20261004-0100/subtree.jsonl,128,7e172cc101dd362b3f5727125fa00d5c573092027ad59ec0b1f755f5e3d6d3bf,0f10733f44f23b0375c4bc137603da4597b6a5366229cde9bbf96bf55e64f364,7466b9e92ac09f6a5dd82cc928ebe1ea46d0e74c59f0dd6f937918d132a94618
D-subtree,subtree-128,2,auxiliary subtree case,True,validation/stage1-20261004-0100/subtree.jsonl,129,7e172cc101dd362b3f5727125fa00d5c573092027ad59ec0b1f755f5e3d6d3bf,7b30326f54a32ad45e5e22dd9aa3f9bb17463806c484966ea4480e59b3a76568,7466b9e92ac09f6a5dd82cc928ebe1ea46d0e74c59f0dd6f937918d132a94618
D-subtree,subtree-129,3,auxiliary subtree case,True,validation/stage1-20261004-0100/subtree.jsonl,130,7e172cc101dd362b3f5727125fa00d5c573092027ad59ec0b1f755f5e3d6d3bf,6d2a5a725157df8db2a06c01155da842f514c9bf9879f5ff705b25093b1bcf3f,7466b9e92ac09f6a5dd82cc928ebe1ea46d0e74c59f0dd6f937918d132a94618
D-subtree,subtree-130,101,auxiliary subtree case,True,validation/stage1-20261004-0100/subtree.jsonl,131,7e172cc101dd362b3f5727125fa00d5c573092027ad59ec0b1f755f5e3d6d3bf,7a09998b8fd02e0b6593bacb187d8072b4e83b26b8ee08a597dd61e8ffcd8378,7466b9e92ac09f6a5dd82cc928ebe1ea46d0e74c59f0dd6f937918d132a94618
D-subtree,subtree-131,102,auxiliary subtree case,True,validation/stage1-20261004-0100/subtree.jsonl,132,7e172cc101dd362b3f5727125fa00d5c573092027ad59ec0b1f755f5e3d6d3bf,e8d4765562830953cbceec8a2ff3a484cb81bd72522fddfef274d5f54309f074,7466b9e92ac09f6a5dd82cc928ebe1ea46d0e74c59f0dd6f937918d132a94618
D-subtree,subtree-132,103,auxiliary subtree case,True,validation/stage1-20261004-0100/subtree.jsonl,133,7e172cc101dd362b3f5727125fa00d5c573092027ad59ec0b1f755f5e3d6d3bf,e1b8715ec558a115ab7ad8763dc5a1d701b632e7cc3a2ca07f264986851d2b5b,7466b9e92ac09f6a5dd82cc928ebe1ea46d0e74c59f0dd6f937918d132a94618
D-subtree,subtree-133,201,auxiliary subtree case,True,validation/stage1-20261004-0100/subtree.jsonl,134,7e172cc101dd362b3f5727125fa00d5c573092027ad59ec0b1f755f5e3d6d3bf,1bf3efc62a60f9a45cdbe57650cf6ccfc23159c188abe606ea26a9039e2ab701,7466b9e92ac09f6a5dd82cc928ebe1ea46d0e74c59f0dd6f937918d132a94618
D-subtree,subtree-134,1,auxiliary subtree case,True,validation/stage1-20261004-0100/subtree.jsonl,135,7e172cc101dd362b3f5727125fa00d5c573092027ad59ec0b1f755f5e3d6d3bf,b9980a4135b12d1e3660eb8c4f9161cbdf51eb07b192d7e7518995b804ad3e92,7466b9e92ac09f6a5dd82cc928ebe1ea46d0e74c59f0dd6f937918d132a94618
D-subtree,subtree-135,2,auxiliary subtree case,True,validation/stage1-20261004-0100/subtree.jsonl,136,7e172cc101dd362b3f5727125fa00d5c573092027ad59ec0b1f755f5e3d6d3bf,8382854426d23ea8e748c78e97232220e7c88e2cf9f849da411a94f2c534dd78,7466b9e92ac09f6a5dd82cc928ebe1ea46d0e74c59f0dd6f937918d132a94618
D-subtree,subtree-136,3,auxiliary subtree case,True,validation/stage1-20261004-0100/subtree.jsonl,137,7e172cc101dd362b3f5727125fa00d5c573092027ad59ec0b1f755f5e3d6d3bf,3eed754c22759fa21e70440bdeef1cf1ea1d93189936c9ccfdb6dbb5708adfd2,7466b9e92ac09f6a5dd82cc928ebe1ea46d0e74c59f0dd6f937918d132a94618
D-subtree,subtree-137,101,auxiliary subtree case,True,validation/stage1-20261004-0100/subtree.jsonl,138,7e172cc101dd362b3f5727125fa00d5c573092027ad59ec0b1f755f5e3d6d3bf,35f320e840e99f0e00f5c129ced61a2e233cbcbc186f84bfd23eb917513850ef,7466b9e92ac09f6a5dd82cc928ebe1ea46d0e74c59f0dd6f937918d132a94618
D-subtree,subtree-138,102,auxiliary subtree case,True,validation/stage1-20261004-0100/subtree.jsonl,139,7e172cc101dd362b3f5727125fa00d5c573092027ad59ec0b1f755f5e3d6d3bf,3ab4f09a8b2849158396a93b53235cdc7f1b09cd8cf1e08773c6242335ff9d7b,7466b9e92ac09f6a5dd82cc928ebe1ea46d0e74c59f0dd6f937918d132a94618
D-subtree,subtree-139,103,auxiliary subtree case,True,validation/stage1-20261004-0100/subtree.jsonl,140,7e172cc101dd362b3f5727125fa00d5c573092027ad59ec0b1f755f5e3d6d3bf,aba8acd62e7257ef1aace51b97d69f3d247f511a0fc72292da4f5acbb68916db,7466b9e92ac09f6a5dd82cc928ebe1ea46d0e74c59f0dd6f937918d132a94618
D-subtree,subtree-140,201,auxiliary subtree case,True,validation/stage1-20261004-0100/subtree.jsonl,141,7e172cc101dd362b3f5727125fa00d5c573092027ad59ec0b1f755f5e3d6d3bf,1e8a4254547c62b94e6ff4b2446cf8b89378898bc37178c4398fc2a4fa855194,7466b9e92ac09f6a5dd82cc928ebe1ea46d0e74c59f0dd6f937918d132a94618
D-subtree,subtree-141,1,auxiliary subtree case,True,validation/stage1-20261004-0100/subtree.jsonl,142,7e172cc101dd362b3f5727125fa00d5c573092027ad59ec0b1f755f5e3d6d3bf,69c5b685e4fdab9fadc3c582ebebdc5747f3d715d81b55ee6e3de600ddb44ad3,7466b9e92ac09f6a5dd82cc928ebe1ea46d0e74c59f0dd6f937918d132a94618
D-subtree,subtree-142,2,auxiliary subtree case,True,validation/stage1-20261004-0100/subtree.jsonl,143,7e172cc101dd362b3f5727125fa00d5c573092027ad59ec0b1f755f5e3d6d3bf,6ee05d17f6d1d3527a70cf42416218559d456750fdf7c69ea6f491b5f6ee2917,7466b9e92ac09f6a5dd82cc928ebe1ea46d0e74c59f0dd6f937918d132a94618
D-subtree,subtree-143,3,auxiliary subtree case,True,validation/stage1-20261004-0100/subtree.jsonl,144,7e172cc101dd362b3f5727125fa00d5c573092027ad59ec0b1f755f5e3d6d3bf,892406835caf4767f73b83cc139bda776c7a71eeb95f1924af474e656c153824,7466b9e92ac09f6a5dd82cc928ebe1ea46d0e74c59f0dd6f937918d132a94618
D-subtree,subtree-144,101,auxiliary subtree case,True,validation/stage1-20261004-0100/subtree.jsonl,145,7e172cc101dd362b3f5727125fa00d5c573092027ad59ec0b1f755f5e3d6d3bf,d3d1b0e8b7cce7f9b8faf482cda17b4f65fa67faab36bfa0ebbfc41a4757d5b9,7466b9e92ac09f6a5dd82cc928ebe1ea46d0e74c59f0dd6f937918d132a94618
D-subtree,subtree-145,102,auxiliary subtree case,True,validation/stage1-20261004-0100/subtree.jsonl,146,7e172cc101dd362b3f5727125fa00d5c573092027ad59ec0b1f755f5e3d6d3bf,22abc4e52f313c1cf2375fa67857d26d2f863695c0f18a6b49db567aa9b61ceb,7466b9e92ac09f6a5dd82cc928ebe1ea46d0e74c59f0dd6f937918d132a94618
D-subtree,subtree-146,103,auxiliary subtree case,True,validation/stage1-20261004-0100/subtree.jsonl,147,7e172cc101dd362b3f5727125fa00d5c573092027ad59ec0b1f755f5e3d6d3bf,cb629560a5620b93a75eebd73d7a205f4ba36f0df9eb3f3caf0b5684964b2204,7466b9e92ac09f6a5dd82cc928ebe1ea46d0e74c59f0dd6f937918d132a94618
D-subtree,subtree-147,201,auxiliary subtree case,True,validation/stage1-20261004-0100/subtree.jsonl,148,7e172cc101dd362b3f5727125fa00d5c573092027ad59ec0b1f755f5e3d6d3bf,93d7a6859a0a522624686bbb57a8dafeeae68b5ea52f2d3e5442a6532d56a56d,7466b9e92ac09f6a5dd82cc928ebe1ea46d0e74c59f0dd6f937918d132a94618
D-subtree,subtree-148,1,auxiliary subtree case,True,validation/stage1-20261004-0100/subtree.jsonl,149,7e172cc101dd362b3f5727125fa00d5c573092027ad59ec0b1f755f5e3d6d3bf,a937604a5a6a25123b8d69b25a041b386a5a6c45ff531c06f71a20feea90033c,7466b9e92ac09f6a5dd82cc928ebe1ea46d0e74c59f0dd6f937918d132a94618
D-subtree,subtree-149,2,auxiliary subtree case,True,validation/stage1-20261004-0100/subtree.jsonl,150,7e172cc101dd362b3f5727125fa00d5c573092027ad59ec0b1f755f5e3d6d3bf,f6ac70218a46df4613cf47ef312b32f3b106bd618001d43f475b655643ea7194,7466b9e92ac09f6a5dd82cc928ebe1ea46d0e74c59f0dd6f937918d132a94618
D-subtree,subtree-150,3,auxiliary subtree case,True,validation/stage1-20261004-0100/subtree.jsonl,151,7e172cc101dd362b3f5727125fa00d5c573092027ad59ec0b1f755f5e3d6d3bf,42429f489263a3ef2253917a00d43eb21049fdea20f1576d5934f2be3427cc20,7466b9e92ac09f6a5dd82cc928ebe1ea46d0e74c59f0dd6f937918d132a94618
D-subtree,subtree-151,101,auxiliary subtree case,True,validation/stage1-20261004-0100/subtree.jsonl,152,7e172cc101dd362b3f5727125fa00d5c573092027ad59ec0b1f755f5e3d6d3bf,ac4a7431f53be2193725b73799497caaf87d384b1a04159832b512f5f0c02380,7466b9e92ac09f6a5dd82cc928ebe1ea46d0e74c59f0dd6f937918d132a94618
D-subtree,subtree-152,102,auxiliary subtree case,True,validation/stage1-20261004-0100/subtree.jsonl,153,7e172cc101dd362b3f5727125fa00d5c573092027ad59ec0b1f755f5e3d6d3bf,d6ddea83dd728d0386fe58d1c7ebbe4b2429679832124ad31bb331490d99a605,7466b9e92ac09f6a5dd82cc928ebe1ea46d0e74c59f0dd6f937918d132a94618
D-subtree,subtree-153,103,auxiliary subtree case,True,validation/stage1-20261004-0100/subtree.jsonl,154,7e172cc101dd362b3f5727125fa00d5c573092027ad59ec0b1f755f5e3d6d3bf,286a1aac074583d07babf30e0aeccf1708aa9254eb33f15cf794ede624f2f26a,7466b9e92ac09f6a5dd82cc928ebe1ea46d0e74c59f0dd6f937918d132a94618
D-subtree,subtree-154,201,auxiliary subtree case,True,validation/stage1-20261004-0100/subtree.jsonl,155,7e172cc101dd362b3f5727125fa00d5c573092027ad59ec0b1f755f5e3d6d3bf,12f02c9b04b5a7dc918eecb49886f461e1d35397177e4a046cc44e226eb6e895,7466b9e92ac09f6a5dd82cc928ebe1ea46d0e74c59f0dd6f937918d132a94618
D-subtree,subtree-155,1,auxiliary subtree case,True,validation/stage1-20261004-0100/subtree.jsonl,156,7e172cc101dd362b3f5727125fa00d5c573092027ad59ec0b1f755f5e3d6d3bf,6ddb8b1c7a759b3b357429d07af306479ba39ce0d794a8f3edd5581501f64217,7466b9e92ac09f6a5dd82cc928ebe1ea46d0e74c59f0dd6f937918d132a94618
D-subtree,subtree-156,2,auxiliary subtree case,True,validation/stage1-20261004-0100/subtree.jsonl,157,7e172cc101dd362b3f5727125fa00d5c573092027ad59ec0b1f755f5e3d6d3bf,29c323fbf7f5c3fdfc34d4f9a3564b51b72d3d5572fca8e6f20a631e016faa47,7466b9e92ac09f6a5dd82cc928ebe1ea46d0e74c59f0dd6f937918d132a94618
D-subtree,subtree-157,3,auxiliary subtree case,True,validation/stage1-20261004-0100/subtree.jsonl,158,7e172cc101dd362b3f5727125fa00d5c573092027ad59ec0b1f755f5e3d6d3bf,a51be757ff1e64fc4722ea7b3aa7e281dad3fa3ba465682544653588ddb83475,7466b9e92ac09f6a5dd82cc928ebe1ea46d0e74c59f0dd6f937918d132a94618
D-subtree,subtree-158,101,auxiliary subtree case,True,validation/stage1-20261004-0100/subtree.jsonl,159,7e172cc101dd362b3f5727125fa00d5c573092027ad59ec0b1f755f5e3d6d3bf,16891ffe91a159d135404543177985af59776314226963bc26005026aa1e5ff9,7466b9e92ac09f6a5dd82cc928ebe1ea46d0e74c59f0dd6f937918d132a94618
D-subtree,subtree-159,102,auxiliary subtree case,True,validation/stage1-20261004-0100/subtree.jsonl,160,7e172cc101dd362b3f5727125fa00d5c573092027ad59ec0b1f755f5e3d6d3bf,eafb2ebc1bd9d1250eec8e762f345a877c407ccebb75dfd8546552049c9e404f,7466b9e92ac09f6a5dd82cc928ebe1ea46d0e74c59f0dd6f937918d132a94618
D-subtree,subtree-160,103,auxiliary subtree case,True,validation/stage1-20261004-0100/subtree.jsonl,161,7e172cc101dd362b3f5727125fa00d5c573092027ad59ec0b1f755f5e3d6d3bf,25a7859ab5295ec37c4f870339869a3e5c9a4771573f6235daf901141686fd40,7466b9e92ac09f6a5dd82cc928ebe1ea46d0e74c59f0dd6f937918d132a94618
D-subtree,subtree-161,201,auxiliary subtree case,True,validation/stage1-20261004-0100/subtree.jsonl,162,7e172cc101dd362b3f5727125fa00d5c573092027ad59ec0b1f755f5e3d6d3bf,5a24b2d51f724a790f8e08ccc218a9b965c39b70fb151ff44946b3d05320c649,7466b9e92ac09f6a5dd82cc928ebe1ea46d0e74c59f0dd6f937918d132a94618
D-subtree,subtree-162,1,auxiliary subtree case,True,validation/stage1-20261004-0100/subtree.jsonl,163,7e172cc101dd362b3f5727125fa00d5c573092027ad59ec0b1f755f5e3d6d3bf,6dd57cff87e039f48e80963ee8af3d4bef5e542a780879852f5f216f6f808575,7466b9e92ac09f6a5dd82cc928ebe1ea46d0e74c59f0dd6f937918d132a94618
D-subtree,subtree-163,2,auxiliary subtree case,True,validation/stage1-20261004-0100/subtree.jsonl,164,7e172cc101dd362b3f5727125fa00d5c573092027ad59ec0b1f755f5e3d6d3bf,06af9ac4ebcf4c5aaa1910b6c23e9b388908d7f4897711352a342184fb824f21,7466b9e92ac09f6a5dd82cc928ebe1ea46d0e74c59f0dd6f937918d132a94618
D-subtree,subtree-164,3,auxiliary subtree case,True,validation/stage1-20261004-0100/subtree.jsonl,165,7e172cc101dd362b3f5727125fa00d5c573092027ad59ec0b1f755f5e3d6d3bf,d2fc6e4e0d2aa523867f1e6051d6334b3254d0c2e69392b3389810b3ab88d02a,7466b9e92ac09f6a5dd82cc928ebe1ea46d0e74c59f0dd6f937918d132a94618
D-subtree,subtree-165,101,auxiliary subtree case,True,validation/stage1-20261004-0100/subtree.jsonl,166,7e172cc101dd362b3f5727125fa00d5c573092027ad59ec0b1f755f5e3d6d3bf,0d804669ef6abc4cb7e6c3aa8b530c57b25d5f75fc961f620f1b1f700798c4c2,7466b9e92ac09f6a5dd82cc928ebe1ea46d0e74c59f0dd6f937918d132a94618
D-subtree,subtree-166,102,auxiliary subtree case,True,validation/stage1-20261004-0100/subtree.jsonl,167,7e172cc101dd362b3f5727125fa00d5c573092027ad59ec0b1f755f5e3d6d3bf,a75a7f99da5b064de42057be1a7d40539c268e4abb81550eafee0cab05c0c9df,7466b9e92ac09f6a5dd82cc928ebe1ea46d0e74c59f0dd6f937918d132a94618
D-subtree,subtree-167,103,auxiliary subtree case,True,validation/stage1-20261004-0100/subtree.jsonl,168,7e172cc101dd362b3f5727125fa00d5c573092027ad59ec0b1f755f5e3d6d3bf,a8779ec3d743c44622499eb19e20d140b647387e1e438a36736f5a4ab853114e,7466b9e92ac09f6a5dd82cc928ebe1ea46d0e74c59f0dd6f937918d132a94618
D-subtree,subtree-168,201,auxiliary subtree case,True,validation/stage1-20261004-0100/subtree.jsonl,169,7e172cc101dd362b3f5727125fa00d5c573092027ad59ec0b1f755f5e3d6d3bf,03fe0986a98f4bd05680fba4796652d632146cb387b7ef37ec22e12760f730de,7466b9e92ac09f6a5dd82cc928ebe1ea46d0e74c59f0dd6f937918d132a94618
D-subtree,subtree-169,1,auxiliary subtree case,True,validation/stage1-20261004-0100/subtree.jsonl,170,7e172cc101dd362b3f5727125fa00d5c573092027ad59ec0b1f755f5e3d6d3bf,7151c13cc8acb493829f5bf2fe512df8d42d03fa45ea67f15150d7f19047fdb5,7466b9e92ac09f6a5dd82cc928ebe1ea46d0e74c59f0dd6f937918d132a94618
D-subtree,subtree-170,2,auxiliary subtree case,True,validation/stage1-20261004-0100/subtree.jsonl,171,7e172cc101dd362b3f5727125fa00d5c573092027ad59ec0b1f755f5e3d6d3bf,06dcb3dfb6f8b40d926fe530d1488f53469a7da4fb819cc86fa4997d9f281127,7466b9e92ac09f6a5dd82cc928ebe1ea46d0e74c59f0dd6f937918d132a94618
D-subtree,subtree-171,3,auxiliary subtree case,True,validation/stage1-20261004-0100/subtree.jsonl,172,7e172cc101dd362b3f5727125fa00d5c573092027ad59ec0b1f755f5e3d6d3bf,c4eeae2386a7b079ea4caf1312831a4c8b7b4c28375b71390cd4b0b97ad2a087,7466b9e92ac09f6a5dd82cc928ebe1ea46d0e74c59f0dd6f937918d132a94618
D-subtree,subtree-172,101,auxiliary subtree case,True,validation/stage1-20261004-0100/subtree.jsonl,173,7e172cc101dd362b3f5727125fa00d5c573092027ad59ec0b1f755f5e3d6d3bf,6ef3b418aff724df98a8a19715a2993d0c87f59ce4f4f44e0b7c0c9714c7e59f,7466b9e92ac09f6a5dd82cc928ebe1ea46d0e74c59f0dd6f937918d132a94618
D-subtree,subtree-173,102,auxiliary subtree case,True,validation/stage1-20261004-0100/subtree.jsonl,174,7e172cc101dd362b3f5727125fa00d5c573092027ad59ec0b1f755f5e3d6d3bf,7d70f204763a6ae0285338833a08d7436c8269397f371e8b377578ee9569c817,7466b9e92ac09f6a5dd82cc928ebe1ea46d0e74c59f0dd6f937918d132a94618
D-subtree,subtree-174,103,auxiliary subtree case,True,validation/stage1-20261004-0100/subtree.jsonl,175,7e172cc101dd362b3f5727125fa00d5c573092027ad59ec0b1f755f5e3d6d3bf,17659e2682eb9903cd080d992ac3cae83b7ab284310a60b82d7d75930c7ef114,7466b9e92ac09f6a5dd82cc928ebe1ea46d0e74c59f0dd6f937918d132a94618
D-subtree,subtree-175,201,auxiliary subtree case,True,validation/stage1-20261004-0100/subtree.jsonl,176,7e172cc101dd362b3f5727125fa00d5c573092027ad59ec0b1f755f5e3d6d3bf,498e310ef156463038dcc49fe0c9bc00048c1df80dab2a6a9307ba1b7e9758d3,7466b9e92ac09f6a5dd82cc928ebe1ea46d0e74c59f0dd6f937918d132a94618
D-subtree,subtree-176,1,auxiliary subtree case,True,validation/stage1-20261004-0100/subtree.jsonl,177,7e172cc101dd362b3f5727125fa00d5c573092027ad59ec0b1f755f5e3d6d3bf,1da5316ecece4cf279a03df5c76881ac9c59a5fa294a77712bee0a7bfb513d17,7466b9e92ac09f6a5dd82cc928ebe1ea46d0e74c59f0dd6f937918d132a94618
D-subtree,subtree-177,2,auxiliary subtree case,True,validation/stage1-20261004-0100/subtree.jsonl,178,7e172cc101dd362b3f5727125fa00d5c573092027ad59ec0b1f755f5e3d6d3bf,13a6e14c430bca1327ba8a212909f75c67973efda625ed0f505b5678d5d69575,7466b9e92ac09f6a5dd82cc928ebe1ea46d0e74c59f0dd6f937918d132a94618
D-subtree,subtree-178,3,auxiliary subtree case,True,validation/stage1-20261004-0100/subtree.jsonl,179,7e172cc101dd362b3f5727125fa00d5c573092027ad59ec0b1f755f5e3d6d3bf,ed38797224fc4e25095669dccdec0a75b8c4bdfddf49ffa4221b70a875c2958a,7466b9e92ac09f6a5dd82cc928ebe1ea46d0e74c59f0dd6f937918d132a94618
D-subtree,subtree-179,101,auxiliary subtree case,True,validation/stage1-20261004-0100/subtree.jsonl,180,7e172cc101dd362b3f5727125fa00d5c573092027ad59ec0b1f755f5e3d6d3bf,ec04cb69fe33055a810c36f956e27406fe9d93b2c5f9f6eb9e269a57d078bb5b,7466b9e92ac09f6a5dd82cc928ebe1ea46d0e74c59f0dd6f937918d132a94618
D-subtree,subtree-180,102,auxiliary subtree case,True,validation/stage1-20261004-0100/subtree.jsonl,181,7e172cc101dd362b3f5727125fa00d5c573092027ad59ec0b1f755f5e3d6d3bf,f19fbe4ad0dc32b7d8b48e7a3359dd4bda0b867cf7230fe01f39d554657ae816,7466b9e92ac09f6a5dd82cc928ebe1ea46d0e74c59f0dd6f937918d132a94618
D-subtree,subtree-181,103,auxiliary subtree case,True,validation/stage1-20261004-0100/subtree.jsonl,182,7e172cc101dd362b3f5727125fa00d5c573092027ad59ec0b1f755f5e3d6d3bf,d238bc37b4d397abbf8a960cf85dcfaf0fabf9363279c0a7dd4a3f1b451d521c,7466b9e92ac09f6a5dd82cc928ebe1ea46d0e74c59f0dd6f937918d132a94618
D-subtree,subtree-182,201,auxiliary subtree case,True,validation/stage1-20261004-0100/subtree.jsonl,183,7e172cc101dd362b3f5727125fa00d5c573092027ad59ec0b1f755f5e3d6d3bf,dab2be6c2f63984c84fca7e1cbbfceffd569021c073ca064c7767a8a4d861314,7466b9e92ac09f6a5dd82cc928ebe1ea46d0e74c59f0dd6f937918d132a94618
D-subtree,subtree-183,1,auxiliary subtree case,True,validation/stage1-20261004-0100/subtree.jsonl,184,7e172cc101dd362b3f5727125fa00d5c573092027ad59ec0b1f755f5e3d6d3bf,24dc86752f7f07220debbb65d6e7db5b29e3b0a93b126e3f408547b9c72f46d3,7466b9e92ac09f6a5dd82cc928ebe1ea46d0e74c59f0dd6f937918d132a94618
D-subtree,subtree-184,2,auxiliary subtree case,True,validation/stage1-20261004-0100/subtree.jsonl,185,7e172cc101dd362b3f5727125fa00d5c573092027ad59ec0b1f755f5e3d6d3bf,f8b88ce39c6c9c825b9edd9963448cc69be649c9cfa30df91c99dae7f1e24ee6,7466b9e92ac09f6a5dd82cc928ebe1ea46d0e74c59f0dd6f937918d132a94618
D-subtree,subtree-185,3,auxiliary subtree case,True,validation/stage1-20261004-0100/subtree.jsonl,186,7e172cc101dd362b3f5727125fa00d5c573092027ad59ec0b1f755f5e3d6d3bf,ee652a7a0fe06ab67de1837bd1aae29baedd051ce9f60c1e4de47ca645b60808,7466b9e92ac09f6a5dd82cc928ebe1ea46d0e74c59f0dd6f937918d132a94618
D-subtree,subtree-186,101,auxiliary subtree case,True,validation/stage1-20261004-0100/subtree.jsonl,187,7e172cc101dd362b3f5727125fa00d5c573092027ad59ec0b1f755f5e3d6d3bf,492e2682d324cf97ab4c477ea6f29dce95f3921681160bbc5f85b47b7dc6044e,7466b9e92ac09f6a5dd82cc928ebe1ea46d0e74c59f0dd6f937918d132a94618
D-subtree,subtree-187,102,auxiliary subtree case,True,validation/stage1-20261004-0100/subtree.jsonl,188,7e172cc101dd362b3f5727125fa00d5c573092027ad59ec0b1f755f5e3d6d3bf,54d2d3ef1c57128d4e2595913b9c2f101578d4246ab3692c391cde57624e9e74,7466b9e92ac09f6a5dd82cc928ebe1ea46d0e74c59f0dd6f937918d132a94618
D-subtree,subtree-188,103,auxiliary subtree case,True,validation/stage1-20261004-0100/subtree.jsonl,189,7e172cc101dd362b3f5727125fa00d5c573092027ad59ec0b1f755f5e3d6d3bf,4fbf1cd60ee7c76ca0a22e6e5b5c85d8ca9a8b949c65dcb364a132db05ac18d4,7466b9e92ac09f6a5dd82cc928ebe1ea46d0e74c59f0dd6f937918d132a94618
D-subtree,subtree-189,201,auxiliary subtree case,True,validation/stage1-20261004-0100/subtree.jsonl,190,7e172cc101dd362b3f5727125fa00d5c573092027ad59ec0b1f755f5e3d6d3bf,1f6b65d049b558b4a8a8c70cd13c6ce9de56292430640d8207ba42f4e0e493de,7466b9e92ac09f6a5dd82cc928ebe1ea46d0e74c59f0dd6f937918d132a94618
D-subtree,subtree-190,1,auxiliary subtree case,True,validation/stage1-20261004-0100/subtree.jsonl,191,7e172cc101dd362b3f5727125fa00d5c573092027ad59ec0b1f755f5e3d6d3bf,28a3e69bd5828006104fe27a861004a3b132141f6c1494114669a088e87db9ec,7466b9e92ac09f6a5dd82cc928ebe1ea46d0e74c59f0dd6f937918d132a94618
D-subtree,subtree-191,2,auxiliary subtree case,True,validation/stage1-20261004-0100/subtree.jsonl,192,7e172cc101dd362b3f5727125fa00d5c573092027ad59ec0b1f755f5e3d6d3bf,6beb01e3d1093112f5bae4efcc387aac24e514c3cb1c178b2136cfe6b1b88c4d,7466b9e92ac09f6a5dd82cc928ebe1ea46d0e74c59f0dd6f937918d132a94618
D-subtree,subtree-192,3,auxiliary subtree case,True,validation/stage1-20261004-0100/subtree.jsonl,193,7e172cc101dd362b3f5727125fa00d5c573092027ad59ec0b1f755f5e3d6d3bf,fc98283fedee891ffb1197ebaf737dc0b9a08542307e9ce85e16aee4248c492f,7466b9e92ac09f6a5dd82cc928ebe1ea46d0e74c59f0dd6f937918d132a94618
D-subtree,subtree-193,101,auxiliary subtree case,True,validation/stage1-20261004-0100/subtree.jsonl,194,7e172cc101dd362b3f5727125fa00d5c573092027ad59ec0b1f755f5e3d6d3bf,4d215ff0159a2cabe93ef8e888eb4ce79b0c7aaf349dc32d5fbffec56476049e,7466b9e92ac09f6a5dd82cc928ebe1ea46d0e74c59f0dd6f937918d132a94618
D-subtree,subtree-194,102,auxiliary subtree case,True,validation/stage1-20261004-0100/subtree.jsonl,195,7e172cc101dd362b3f5727125fa00d5c573092027ad59ec0b1f755f5e3d6d3bf,44c88a4dc29fc58b5dddcab6757ee5064c4def28b81f5a96ae0ab1426ce0e213,7466b9e92ac09f6a5dd82cc928ebe1ea46d0e74c59f0dd6f937918d132a94618
D-subtree,subtree-195,103,auxiliary subtree case,True,validation/stage1-20261004-0100/subtree.jsonl,196,7e172cc101dd362b3f5727125fa00d5c573092027ad59ec0b1f755f5e3d6d3bf,12fa07edafaffed6b9a255833954879810a3a51adbf1b06bd374dbdfd180bf1c,7466b9e92ac09f6a5dd82cc928ebe1ea46d0e74c59f0dd6f937918d132a94618
D-subtree,subtree-196,201,auxiliary subtree case,True,validation/stage1-20261004-0100/subtree.jsonl,197,7e172cc101dd362b3f5727125fa00d5c573092027ad59ec0b1f755f5e3d6d3bf,ccccbfe80f4ae62cfc6f3058a05107021bb4cb8882795e129a0e32eb2c7402db,7466b9e92ac09f6a5dd82cc928ebe1ea46d0e74c59f0dd6f937918d132a94618
D-subtree,subtree-197,1,auxiliary subtree case,True,validation/stage1-20261004-0100/subtree.jsonl,198,7e172cc101dd362b3f5727125fa00d5c573092027ad59ec0b1f755f5e3d6d3bf,c56eefc93da189ef131429691bcde225853643776b143046534fbf1643daf013,7466b9e92ac09f6a5dd82cc928ebe1ea46d0e74c59f0dd6f937918d132a94618
D-subtree,subtree-198,2,auxiliary subtree case,True,validation/stage1-20261004-0100/subtree.jsonl,199,7e172cc101dd362b3f5727125fa00d5c573092027ad59ec0b1f755f5e3d6d3bf,3aad2f09c3796914123198aae5d77c433a4da381c25cb1aeda6654475a2d79f4,7466b9e92ac09f6a5dd82cc928ebe1ea46d0e74c59f0dd6f937918d132a94618
D-subtree,subtree-199,3,auxiliary subtree case,True,validation/stage1-20261004-0100/subtree.jsonl,200,7e172cc101dd362b3f5727125fa00d5c573092027ad59ec0b1f755f5e3d6d3bf,678bc67a39bfd34e9fab2a77f4f73718c1bbdd7b27b5ae0bbb2643661bf9890f,7466b9e92ac09f6a5dd82cc928ebe1ea46d0e74c59f0dd6f937918d132a94618
D-subtree,subtree-200,101,auxiliary subtree case,True,validation/stage1-20261004-0100/subtree.jsonl,201,7e172cc101dd362b3f5727125fa00d5c573092027ad59ec0b1f755f5e3d6d3bf,c94576a3bd85532d01d370abe3a0dc1f848babfbdc7db0977063df5b7d14411c,7466b9e92ac09f6a5dd82cc928ebe1ea46d0e74c59f0dd6f937918d132a94618
D-subtree,subtree-201,102,auxiliary subtree case,True,validation/stage1-20261004-0100/subtree.jsonl,202,7e172cc101dd362b3f5727125fa00d5c573092027ad59ec0b1f755f5e3d6d3bf,ed61e3dfa121e56081a798ce477da2accd4afb5020f4ada983c2ea250e6e78fd,7466b9e92ac09f6a5dd82cc928ebe1ea46d0e74c59f0dd6f937918d132a94618
D-subtree,subtree-202,103,auxiliary subtree case,True,validation/stage1-20261004-0100/subtree.jsonl,203,7e172cc101dd362b3f5727125fa00d5c573092027ad59ec0b1f755f5e3d6d3bf,03cedcd3da74c7600b292ec946340499ab598187bed1034a17779f65bb19991e,7466b9e92ac09f6a5dd82cc928ebe1ea46d0e74c59f0dd6f937918d132a94618
D-subtree,subtree-203,201,auxiliary subtree case,True,validation/stage1-20261004-0100/subtree.jsonl,204,7e172cc101dd362b3f5727125fa00d5c573092027ad59ec0b1f755f5e3d6d3bf,d0a77464a1d42e6b822ba091a539266f477c0e093dde5e4ddf6154bd77ce7c51,7466b9e92ac09f6a5dd82cc928ebe1ea46d0e74c59f0dd6f937918d132a94618
D-subtree,subtree-204,1,auxiliary subtree case,True,validation/stage1-20261004-0100/subtree.jsonl,205,7e172cc101dd362b3f5727125fa00d5c573092027ad59ec0b1f755f5e3d6d3bf,8ca8bd668b8cad10ced319753a5b7a0b5db64891d5e9de51c670f96045d0d2a3,7466b9e92ac09f6a5dd82cc928ebe1ea46d0e74c59f0dd6f937918d132a94618
D-subtree,subtree-205,2,auxiliary subtree case,True,validation/stage1-20261004-0100/subtree.jsonl,206,7e172cc101dd362b3f5727125fa00d5c573092027ad59ec0b1f755f5e3d6d3bf,1c1e0ba0ab7678172aed6e1dd5ff0d6d1686fb5789bcb45ac40a6b8e204a8832,7466b9e92ac09f6a5dd82cc928ebe1ea46d0e74c59f0dd6f937918d132a94618
D-subtree,subtree-206,3,auxiliary subtree case,True,validation/stage1-20261004-0100/subtree.jsonl,207,7e172cc101dd362b3f5727125fa00d5c573092027ad59ec0b1f755f5e3d6d3bf,7acd842e1bcde0ad824f1e7e120f650c1d8983d08b430f590b15cf83f81e08aa,7466b9e92ac09f6a5dd82cc928ebe1ea46d0e74c59f0dd6f937918d132a94618
D-subtree,subtree-207,101,auxiliary subtree case,True,validation/stage1-20261004-0100/subtree.jsonl,208,7e172cc101dd362b3f5727125fa00d5c573092027ad59ec0b1f755f5e3d6d3bf,992248b257745e1ab359031c262a4cd3f965cea0a26fa85a6e1816b14a3299c0,7466b9e92ac09f6a5dd82cc928ebe1ea46d0e74c59f0dd6f937918d132a94618
D-subtree,subtree-208,102,auxiliary subtree case,True,validation/stage1-20261004-0100/subtree.jsonl,209,7e172cc101dd362b3f5727125fa00d5c573092027ad59ec0b1f755f5e3d6d3bf,e5cdd526f28a4301df8c81ecf3cc635e7b0246a024c95dfdff78fda3a7775362,7466b9e92ac09f6a5dd82cc928ebe1ea46d0e74c59f0dd6f937918d132a94618
D-subtree,subtree-209,103,auxiliary subtree case,True,validation/stage1-20261004-0100/subtree.jsonl,210,7e172cc101dd362b3f5727125fa00d5c573092027ad59ec0b1f755f5e3d6d3bf,db9047109be6615cfa68a3e0728293dde55fcab51a3edf7af773b6dc6512d538,7466b9e92ac09f6a5dd82cc928ebe1ea46d0e74c59f0dd6f937918d132a94618
D-subtree,subtree-210,201,auxiliary subtree case,True,validation/stage1-20261004-0100/subtree.jsonl,211,7e172cc101dd362b3f5727125fa00d5c573092027ad59ec0b1f755f5e3d6d3bf,3322f59cb81f38285e6d43564bd4b059d28e4acf839ad829f186edd4ce5bb97e,7466b9e92ac09f6a5dd82cc928ebe1ea46d0e74c59f0dd6f937918d132a94618
D-subtree,subtree-211,1,auxiliary subtree case,True,validation/stage1-20261004-0100/subtree.jsonl,212,7e172cc101dd362b3f5727125fa00d5c573092027ad59ec0b1f755f5e3d6d3bf,2cbb428e6784d4aa0d758e472c174e85845744830b93cfaad04c8cd9a2d6e97f,7466b9e92ac09f6a5dd82cc928ebe1ea46d0e74c59f0dd6f937918d132a94618
D-subtree,subtree-212,2,auxiliary subtree case,True,validation/stage1-20261004-0100/subtree.jsonl,213,7e172cc101dd362b3f5727125fa00d5c573092027ad59ec0b1f755f5e3d6d3bf,3a71f83eb00a3fa6ea9153ee64ec84b38c7a96cb0aa774006eb9b9f98398a3fc,7466b9e92ac09f6a5dd82cc928ebe1ea46d0e74c59f0dd6f937918d132a94618
D-subtree,subtree-213,3,auxiliary subtree case,True,validation/stage1-20261004-0100/subtree.jsonl,214,7e172cc101dd362b3f5727125fa00d5c573092027ad59ec0b1f755f5e3d6d3bf,3df417172acced3847af950a71f521f13c49e85226541664ef85b05ce542ae0b,7466b9e92ac09f6a5dd82cc928ebe1ea46d0e74c59f0dd6f937918d132a94618
D-subtree,subtree-214,101,auxiliary subtree case,True,validation/stage1-20261004-0100/subtree.jsonl,215,7e172cc101dd362b3f5727125fa00d5c573092027ad59ec0b1f755f5e3d6d3bf,518cb0cee71f22f341669504cfc2a085c363a3b40867259b3d0489d3f0fb928a,7466b9e92ac09f6a5dd82cc928ebe1ea46d0e74c59f0dd6f937918d132a94618
D-subtree,subtree-215,102,auxiliary subtree case,True,validation/stage1-20261004-0100/subtree.jsonl,216,7e172cc101dd362b3f5727125fa00d5c573092027ad59ec0b1f755f5e3d6d3bf,ed31b90b104fc7be9faba8973632fb48c5f5ecb9845314bf7e4fceba1b8c42a2,7466b9e92ac09f6a5dd82cc928ebe1ea46d0e74c59f0dd6f937918d132a94618
D-subtree,subtree-216,103,auxiliary subtree case,True,validation/stage1-20261004-0100/subtree.jsonl,217,7e172cc101dd362b3f5727125fa00d5c573092027ad59ec0b1f755f5e3d6d3bf,35384eec3237140e22ae411cd600929ea651b44dfa28882939ec5c7883771d52,7466b9e92ac09f6a5dd82cc928ebe1ea46d0e74c59f0dd6f937918d132a94618
D-subtree,subtree-217,201,auxiliary subtree case,True,validation/stage1-20261004-0100/subtree.jsonl,218,7e172cc101dd362b3f5727125fa00d5c573092027ad59ec0b1f755f5e3d6d3bf,71911853ee2db60a6b65d5eaa2df89280f3df9e35c1c81fa537a7a9818ab062b,7466b9e92ac09f6a5dd82cc928ebe1ea46d0e74c59f0dd6f937918d132a94618
D-subtree,subtree-218,1,auxiliary subtree case,True,validation/stage1-20261004-0100/subtree.jsonl,219,7e172cc101dd362b3f5727125fa00d5c573092027ad59ec0b1f755f5e3d6d3bf,1792d6882c7fd7690a790f28ad0e18c94d5e4a68cc42a055ae46f417b0813c57,7466b9e92ac09f6a5dd82cc928ebe1ea46d0e74c59f0dd6f937918d132a94618
D-subtree,subtree-219,2,auxiliary subtree case,True,validation/stage1-20261004-0100/subtree.jsonl,220,7e172cc101dd362b3f5727125fa00d5c573092027ad59ec0b1f755f5e3d6d3bf,1f31439b13681fc5defc945a93018dcc992ac2556180e8b5b45a5d362ed25ad8,7466b9e92ac09f6a5dd82cc928ebe1ea46d0e74c59f0dd6f937918d132a94618
D-subtree,subtree-220,3,auxiliary subtree case,True,validation/stage1-20261004-0100/subtree.jsonl,221,7e172cc101dd362b3f5727125fa00d5c573092027ad59ec0b1f755f5e3d6d3bf,ebe14ec0689db593cc6e0bb008d39b8302db9c7b4d77dba7d43749d733f51a07,7466b9e92ac09f6a5dd82cc928ebe1ea46d0e74c59f0dd6f937918d132a94618
D-subtree,subtree-221,101,auxiliary subtree case,True,validation/stage1-20261004-0100/subtree.jsonl,222,7e172cc101dd362b3f5727125fa00d5c573092027ad59ec0b1f755f5e3d6d3bf,41355ad19d3d03071e7f37b3b1b53dd345dbdd81e806a21b381fc3b018b1868a,7466b9e92ac09f6a5dd82cc928ebe1ea46d0e74c59f0dd6f937918d132a94618
D-subtree,subtree-222,102,auxiliary subtree case,True,validation/stage1-20261004-0100/subtree.jsonl,223,7e172cc101dd362b3f5727125fa00d5c573092027ad59ec0b1f755f5e3d6d3bf,4164efd283a94e3529acb01fcc638080956a1214193acb31e4767a4d2ddc6869,7466b9e92ac09f6a5dd82cc928ebe1ea46d0e74c59f0dd6f937918d132a94618
D-subtree,subtree-223,103,auxiliary subtree case,True,validation/stage1-20261004-0100/subtree.jsonl,224,7e172cc101dd362b3f5727125fa00d5c573092027ad59ec0b1f755f5e3d6d3bf,3ea87bcfb623fef54c9848534788c84da9bb4613d906be15c863e9962dba5fb8,7466b9e92ac09f6a5dd82cc928ebe1ea46d0e74c59f0dd6f937918d132a94618
D-subtree,subtree-224,201,auxiliary subtree case,True,validation/stage1-20261004-0100/subtree.jsonl,225,7e172cc101dd362b3f5727125fa00d5c573092027ad59ec0b1f755f5e3d6d3bf,f69f41c99e85d095ae8e17188d1628fe195078a31764f5e1ef8b9ac4a18ac220,7466b9e92ac09f6a5dd82cc928ebe1ea46d0e74c59f0dd6f937918d132a94618
D-subtree,subtree-225,1,auxiliary subtree case,True,validation/stage1-20261004-0100/subtree.jsonl,226,7e172cc101dd362b3f5727125fa00d5c573092027ad59ec0b1f755f5e3d6d3bf,37bd183257b0940cbc1b9ff2dee4b3f52bedc9e5136d485fd0b4b24a2bae58e9,7466b9e92ac09f6a5dd82cc928ebe1ea46d0e74c59f0dd6f937918d132a94618
D-subtree,subtree-226,2,auxiliary subtree case,True,validation/stage1-20261004-0100/subtree.jsonl,227,7e172cc101dd362b3f5727125fa00d5c573092027ad59ec0b1f755f5e3d6d3bf,b63ac90edbb9510049115155abaa161ffe04827944889d0e713ca598c0687ac9,7466b9e92ac09f6a5dd82cc928ebe1ea46d0e74c59f0dd6f937918d132a94618
D-subtree,subtree-227,3,auxiliary subtree case,True,validation/stage1-20261004-0100/subtree.jsonl,228,7e172cc101dd362b3f5727125fa00d5c573092027ad59ec0b1f755f5e3d6d3bf,4cd714d18705d25e3ad62fc443b82b2ab92311336dbd774758968c6d9fcf1f48,7466b9e92ac09f6a5dd82cc928ebe1ea46d0e74c59f0dd6f937918d132a94618
D-subtree,subtree-228,101,auxiliary subtree case,True,validation/stage1-20261004-0100/subtree.jsonl,229,7e172cc101dd362b3f5727125fa00d5c573092027ad59ec0b1f755f5e3d6d3bf,6ba3e74d9f3279a0e29b737bbeb78610420d26205c82e3a3c6196dfd24bef250,7466b9e92ac09f6a5dd82cc928ebe1ea46d0e74c59f0dd6f937918d132a94618
D-subtree,subtree-229,102,auxiliary subtree case,True,validation/stage1-20261004-0100/subtree.jsonl,230,7e172cc101dd362b3f5727125fa00d5c573092027ad59ec0b1f755f5e3d6d3bf,7c44d78b4c9d2fcf5ac681e9fcf6444648a339986a3c95c7c45e81d429951e2b,7466b9e92ac09f6a5dd82cc928ebe1ea46d0e74c59f0dd6f937918d132a94618
D-subtree,subtree-230,103,auxiliary subtree case,True,validation/stage1-20261004-0100/subtree.jsonl,231,7e172cc101dd362b3f5727125fa00d5c573092027ad59ec0b1f755f5e3d6d3bf,cc572757cede45436ef82bdcf53bf4e72f8193d5c3a346650d6866e8c3d8bf9b,7466b9e92ac09f6a5dd82cc928ebe1ea46d0e74c59f0dd6f937918d132a94618
D-subtree,subtree-231,201,auxiliary subtree case,True,validation/stage1-20261004-0100/subtree.jsonl,232,7e172cc101dd362b3f5727125fa00d5c573092027ad59ec0b1f755f5e3d6d3bf,a3ebd131ed8ae65b511a8d437d6b9c9665b99baf98fcb280b9cdf1ba0bf00386,7466b9e92ac09f6a5dd82cc928ebe1ea46d0e74c59f0dd6f937918d132a94618
D-subtree,subtree-232,1,auxiliary subtree case,True,validation/stage1-20261004-0100/subtree.jsonl,233,7e172cc101dd362b3f5727125fa00d5c573092027ad59ec0b1f755f5e3d6d3bf,0dfe0e853a606ee46383eb56629fd23136cacd84bae293fd9cc1bbd26e1267a6,7466b9e92ac09f6a5dd82cc928ebe1ea46d0e74c59f0dd6f937918d132a94618
D-subtree,subtree-233,2,auxiliary subtree case,True,validation/stage1-20261004-0100/subtree.jsonl,234,7e172cc101dd362b3f5727125fa00d5c573092027ad59ec0b1f755f5e3d6d3bf,58c2556bcf8fa94bcd2f97b3acb46ec3ae0917589ef66266b1585472149dbaa1,7466b9e92ac09f6a5dd82cc928ebe1ea46d0e74c59f0dd6f937918d132a94618
D-subtree,subtree-234,3,auxiliary subtree case,True,validation/stage1-20261004-0100/subtree.jsonl,235,7e172cc101dd362b3f5727125fa00d5c573092027ad59ec0b1f755f5e3d6d3bf,55b1523298456b435603e80f6b69a4c1b179ac4d312a1d2e1bf760845739adf4,7466b9e92ac09f6a5dd82cc928ebe1ea46d0e74c59f0dd6f937918d132a94618
D-subtree,subtree-235,101,auxiliary subtree case,True,validation/stage1-20261004-0100/subtree.jsonl,236,7e172cc101dd362b3f5727125fa00d5c573092027ad59ec0b1f755f5e3d6d3bf,f7f287807e17155e05cae91984d1cf0275085c73dc025cb7534edf3098e6708c,7466b9e92ac09f6a5dd82cc928ebe1ea46d0e74c59f0dd6f937918d132a94618
D-subtree,subtree-236,102,auxiliary subtree case,True,validation/stage1-20261004-0100/subtree.jsonl,237,7e172cc101dd362b3f5727125fa00d5c573092027ad59ec0b1f755f5e3d6d3bf,592750dbb7db1fcae1d2a3a46b3bc892e1e84e3c821fb5fc45a0efd83c96b42e,7466b9e92ac09f6a5dd82cc928ebe1ea46d0e74c59f0dd6f937918d132a94618
D-subtree,subtree-237,103,auxiliary subtree case,True,validation/stage1-20261004-0100/subtree.jsonl,238,7e172cc101dd362b3f5727125fa00d5c573092027ad59ec0b1f755f5e3d6d3bf,99fc804af0248fe6c1905bdbe6e1676c33a6adfdff1356075b9cd64ae4862679,7466b9e92ac09f6a5dd82cc928ebe1ea46d0e74c59f0dd6f937918d132a94618
D-subtree,subtree-238,201,auxiliary subtree case,True,validation/stage1-20261004-0100/subtree.jsonl,239,7e172cc101dd362b3f5727125fa00d5c573092027ad59ec0b1f755f5e3d6d3bf,7b0c4571246cbe65f34849d52f2f082ec836f75fe3c2c2809ca42aa79052e89c,7466b9e92ac09f6a5dd82cc928ebe1ea46d0e74c59f0dd6f937918d132a94618
D-subtree,subtree-239,1,auxiliary subtree case,True,validation/stage1-20261004-0100/subtree.jsonl,240,7e172cc101dd362b3f5727125fa00d5c573092027ad59ec0b1f755f5e3d6d3bf,2e69c26d4018251e80c7758f4ebaf03d9156a5b4bcb3d894b497fdacebde5bb3,7466b9e92ac09f6a5dd82cc928ebe1ea46d0e74c59f0dd6f937918d132a94618
D-subtree,subtree-240,2,auxiliary subtree case,True,validation/stage1-20261004-0100/subtree.jsonl,241,7e172cc101dd362b3f5727125fa00d5c573092027ad59ec0b1f755f5e3d6d3bf,7273c573d612f50e598373cf6e2559f5c20aa7bd075f395a01ab54ee70deb94f,7466b9e92ac09f6a5dd82cc928ebe1ea46d0e74c59f0dd6f937918d132a94618
D-subtree,subtree-241,3,auxiliary subtree case,True,validation/stage1-20261004-0100/subtree.jsonl,242,7e172cc101dd362b3f5727125fa00d5c573092027ad59ec0b1f755f5e3d6d3bf,348893b21be2ea7bebe6f3695d611b09d4aa004b96ecfc21da3ac93e62d13e7f,7466b9e92ac09f6a5dd82cc928ebe1ea46d0e74c59f0dd6f937918d132a94618
D-subtree,subtree-242,101,auxiliary subtree case,True,validation/stage1-20261004-0100/subtree.jsonl,243,7e172cc101dd362b3f5727125fa00d5c573092027ad59ec0b1f755f5e3d6d3bf,0c588ec9d70152c825ebdac8a5968876bf6c88a100fe9203ae40d96d4a49a060,7466b9e92ac09f6a5dd82cc928ebe1ea46d0e74c59f0dd6f937918d132a94618
D-subtree,subtree-243,102,auxiliary subtree case,True,validation/stage1-20261004-0100/subtree.jsonl,244,7e172cc101dd362b3f5727125fa00d5c573092027ad59ec0b1f755f5e3d6d3bf,7241dd4bc8a2b0f49f0dc75b3e1ea63b5a4e7bcf8f2f3d192b184618f9c3c134,7466b9e92ac09f6a5dd82cc928ebe1ea46d0e74c59f0dd6f937918d132a94618
D-subtree,subtree-244,103,auxiliary subtree case,True,validation/stage1-20261004-0100/subtree.jsonl,245,7e172cc101dd362b3f5727125fa00d5c573092027ad59ec0b1f755f5e3d6d3bf,3e115d40344e7028780ad940bd2a70ba74cb765f849f668e357c30ecbb3ee50d,7466b9e92ac09f6a5dd82cc928ebe1ea46d0e74c59f0dd6f937918d132a94618
D-subtree,subtree-245,201,auxiliary subtree case,True,validation/stage1-20261004-0100/subtree.jsonl,246,7e172cc101dd362b3f5727125fa00d5c573092027ad59ec0b1f755f5e3d6d3bf,965dd2d528533fb40ab196242da39cd7d94fa66599d84f36e5d5b318a9f2a481,7466b9e92ac09f6a5dd82cc928ebe1ea46d0e74c59f0dd6f937918d132a94618
D-subtree,subtree-246,1,auxiliary subtree case,True,validation/stage1-20261004-0100/subtree.jsonl,247,7e172cc101dd362b3f5727125fa00d5c573092027ad59ec0b1f755f5e3d6d3bf,bbbcd17b4af1d79fa987d4d1cb30257e37e7b23716899233610363194496c48f,7466b9e92ac09f6a5dd82cc928ebe1ea46d0e74c59f0dd6f937918d132a94618
D-subtree,subtree-247,2,auxiliary subtree case,True,validation/stage1-20261004-0100/subtree.jsonl,248,7e172cc101dd362b3f5727125fa00d5c573092027ad59ec0b1f755f5e3d6d3bf,f953cabcc30a5e48b211d57021aa6caa7297fe3ea6a5f6fa961340ff7f9e8415,7466b9e92ac09f6a5dd82cc928ebe1ea46d0e74c59f0dd6f937918d132a94618
D-subtree,subtree-248,3,auxiliary subtree case,True,validation/stage1-20261004-0100/subtree.jsonl,249,7e172cc101dd362b3f5727125fa00d5c573092027ad59ec0b1f755f5e3d6d3bf,3989f40dd77f363e5c0973f036003fad349d43b4139a5d2b92c515d4deefd854,7466b9e92ac09f6a5dd82cc928ebe1ea46d0e74c59f0dd6f937918d132a94618
D-subtree,subtree-249,101,auxiliary subtree case,True,validation/stage1-20261004-0100/subtree.jsonl,250,7e172cc101dd362b3f5727125fa00d5c573092027ad59ec0b1f755f5e3d6d3bf,39f7977c83eabc12a0b24a55b24ebf5441d072a12e5fd785a24d9846002c6cfc,7466b9e92ac09f6a5dd82cc928ebe1ea46d0e74c59f0dd6f937918d132a94618
D-subtree,subtree-250,102,auxiliary subtree case,True,validation/stage1-20261004-0100/subtree.jsonl,251,7e172cc101dd362b3f5727125fa00d5c573092027ad59ec0b1f755f5e3d6d3bf,9d9ce6851455f8b80d87d68026a05b5900a8be917ead2f7f4138e6dab6eedd69,7466b9e92ac09f6a5dd82cc928ebe1ea46d0e74c59f0dd6f937918d132a94618
D-subtree,subtree-251,103,auxiliary subtree case,True,validation/stage1-20261004-0100/subtree.jsonl,252,7e172cc101dd362b3f5727125fa00d5c573092027ad59ec0b1f755f5e3d6d3bf,1c3b57c31b27d9ff410458390c2e3b73afdad690d7ed106b7429a8d326af8813,7466b9e92ac09f6a5dd82cc928ebe1ea46d0e74c59f0dd6f937918d132a94618
D-subtree,subtree-252,201,auxiliary subtree case,True,validation/stage1-20261004-0100/subtree.jsonl,253,7e172cc101dd362b3f5727125fa00d5c573092027ad59ec0b1f755f5e3d6d3bf,a9a6f29bbb57563a71e2d994d46f394e109c295de7edace2ff038f057fd455ba,7466b9e92ac09f6a5dd82cc928ebe1ea46d0e74c59f0dd6f937918d132a94618
D-subtree,subtree-253,1,auxiliary subtree case,True,validation/stage1-20261004-0100/subtree.jsonl,254,7e172cc101dd362b3f5727125fa00d5c573092027ad59ec0b1f755f5e3d6d3bf,2168dd6f2ec48e6686258af85ec89cfa5655b97d9fc57545f560b3e151ce7517,7466b9e92ac09f6a5dd82cc928ebe1ea46d0e74c59f0dd6f937918d132a94618
D-subtree,subtree-254,2,auxiliary subtree case,True,validation/stage1-20261004-0100/subtree.jsonl,255,7e172cc101dd362b3f5727125fa00d5c573092027ad59ec0b1f755f5e3d6d3bf,c32caeaf8f683644cad1d531519089514d01293a2bbfcc807dd04bd4a670c4e3,7466b9e92ac09f6a5dd82cc928ebe1ea46d0e74c59f0dd6f937918d132a94618
D-subtree,subtree-255,3,auxiliary subtree case,True,validation/stage1-20261004-0100/subtree.jsonl,256,7e172cc101dd362b3f5727125fa00d5c573092027ad59ec0b1f755f5e3d6d3bf,e2cbd1c73d23f1496e848deb28d6add66e333f709b7bf76966d9c133823c2361,7466b9e92ac09f6a5dd82cc928ebe1ea46d0e74c59f0dd6f937918d132a94618
D-subtree,subtree-256,101,auxiliary subtree case,True,validation/stage1-20261004-0100/subtree.jsonl,257,7e172cc101dd362b3f5727125fa00d5c573092027ad59ec0b1f755f5e3d6d3bf,b3e91fe4b490096e8e0fed0645071a0d8a61a1995ef223877833c62761fbba27,7466b9e92ac09f6a5dd82cc928ebe1ea46d0e74c59f0dd6f937918d132a94618
D-subtree,subtree-257,102,auxiliary subtree case,True,validation/stage1-20261004-0100/subtree.jsonl,258,7e172cc101dd362b3f5727125fa00d5c573092027ad59ec0b1f755f5e3d6d3bf,92157e1cbaa09a6de05ed7bd1cc153d336ee32dd2d012b329bd31c6cea684c57,7466b9e92ac09f6a5dd82cc928ebe1ea46d0e74c59f0dd6f937918d132a94618
D-subtree,subtree-258,103,auxiliary subtree case,True,validation/stage1-20261004-0100/subtree.jsonl,259,7e172cc101dd362b3f5727125fa00d5c573092027ad59ec0b1f755f5e3d6d3bf,19395e63f4f5aa4ab51d2fb9f50d2fc98a31fca436416a42538776855947afd3,7466b9e92ac09f6a5dd82cc928ebe1ea46d0e74c59f0dd6f937918d132a94618
D-subtree,subtree-259,201,auxiliary subtree case,True,validation/stage1-20261004-0100/subtree.jsonl,260,7e172cc101dd362b3f5727125fa00d5c573092027ad59ec0b1f755f5e3d6d3bf,c6092670cf99dc28b21fb239967176396581feea0df11252a8267c78a29b832b,7466b9e92ac09f6a5dd82cc928ebe1ea46d0e74c59f0dd6f937918d132a94618
D-subtree,subtree-260,1,auxiliary subtree case,True,validation/stage1-20261004-0100/subtree.jsonl,261,7e172cc101dd362b3f5727125fa00d5c573092027ad59ec0b1f755f5e3d6d3bf,9e40ae5e199e7f5f5a566d14fffd12e2aec0e7011c1d1e47c051d187431d8949,7466b9e92ac09f6a5dd82cc928ebe1ea46d0e74c59f0dd6f937918d132a94618
D-subtree,subtree-261,2,auxiliary subtree case,True,validation/stage1-20261004-0100/subtree.jsonl,262,7e172cc101dd362b3f5727125fa00d5c573092027ad59ec0b1f755f5e3d6d3bf,767a694d1c52062370663e0f0e62b9f6c402ae1a196c5361c83f7f0cabdf6e2e,7466b9e92ac09f6a5dd82cc928ebe1ea46d0e74c59f0dd6f937918d132a94618
D-subtree,subtree-262,3,auxiliary subtree case,True,validation/stage1-20261004-0100/subtree.jsonl,263,7e172cc101dd362b3f5727125fa00d5c573092027ad59ec0b1f755f5e3d6d3bf,a69daf14efb98c6552895d8dc33fed87be3157815895553c2a2e8c1093b1215a,7466b9e92ac09f6a5dd82cc928ebe1ea46d0e74c59f0dd6f937918d132a94618
D-subtree,subtree-263,101,auxiliary subtree case,True,validation/stage1-20261004-0100/subtree.jsonl,264,7e172cc101dd362b3f5727125fa00d5c573092027ad59ec0b1f755f5e3d6d3bf,580493ef98300885581f7d7100ae76db165cab966f49ee0e14e74f4bc739fe0b,7466b9e92ac09f6a5dd82cc928ebe1ea46d0e74c59f0dd6f937918d132a94618
D-subtree,subtree-264,102,auxiliary subtree case,True,validation/stage1-20261004-0100/subtree.jsonl,265,7e172cc101dd362b3f5727125fa00d5c573092027ad59ec0b1f755f5e3d6d3bf,822d2def39df60fa2cadc36d2eb9dc929db9148f25b12f8e60ef59bcbc54009e,7466b9e92ac09f6a5dd82cc928ebe1ea46d0e74c59f0dd6f937918d132a94618
D-subtree,subtree-265,103,auxiliary subtree case,True,validation/stage1-20261004-0100/subtree.jsonl,266,7e172cc101dd362b3f5727125fa00d5c573092027ad59ec0b1f755f5e3d6d3bf,80e4852a670ebeb7ffeaaae1c00372233cbda653673b2da8ed18f564ae246862,7466b9e92ac09f6a5dd82cc928ebe1ea46d0e74c59f0dd6f937918d132a94618
D-subtree,subtree-266,201,auxiliary subtree case,True,validation/stage1-20261004-0100/subtree.jsonl,267,7e172cc101dd362b3f5727125fa00d5c573092027ad59ec0b1f755f5e3d6d3bf,65a89f4d0a35a8c8fe3dade914c65aab5dbbbfbe6df1a20675edea8c4d636444,7466b9e92ac09f6a5dd82cc928ebe1ea46d0e74c59f0dd6f937918d132a94618
D-subtree,subtree-267,1,auxiliary subtree case,True,validation/stage1-20261004-0100/subtree.jsonl,268,7e172cc101dd362b3f5727125fa00d5c573092027ad59ec0b1f755f5e3d6d3bf,a29bc2dbe076a526751120ba22392bd7557d5a18ca17841232c926ad8fd20ae4,7466b9e92ac09f6a5dd82cc928ebe1ea46d0e74c59f0dd6f937918d132a94618
D-subtree,subtree-268,2,auxiliary subtree case,True,validation/stage1-20261004-0100/subtree.jsonl,269,7e172cc101dd362b3f5727125fa00d5c573092027ad59ec0b1f755f5e3d6d3bf,6a8c993ad7df6abef9b33c02687f59039edd827148399cd01cc1569231c44cf6,7466b9e92ac09f6a5dd82cc928ebe1ea46d0e74c59f0dd6f937918d132a94618
D-subtree,subtree-269,3,auxiliary subtree case,True,validation/stage1-20261004-0100/subtree.jsonl,270,7e172cc101dd362b3f5727125fa00d5c573092027ad59ec0b1f755f5e3d6d3bf,d27fa51116418e6707de49de34025394292abe0ca6bf2140a56ce2c8cbbb238e,7466b9e92ac09f6a5dd82cc928ebe1ea46d0e74c59f0dd6f937918d132a94618
D-subtree,subtree-270,101,auxiliary subtree case,True,validation/stage1-20261004-0100/subtree.jsonl,271,7e172cc101dd362b3f5727125fa00d5c573092027ad59ec0b1f755f5e3d6d3bf,14bf12af2b61ee789217f9a3714fcabe071915a191161023138db272cccbb31b,7466b9e92ac09f6a5dd82cc928ebe1ea46d0e74c59f0dd6f937918d132a94618
D-subtree,subtree-271,102,auxiliary subtree case,True,validation/stage1-20261004-0100/subtree.jsonl,272,7e172cc101dd362b3f5727125fa00d5c573092027ad59ec0b1f755f5e3d6d3bf,e3e3e2fd6fab1b1e3f673482d9a70d87da0abd190580e2fc512be2a6d9d0af26,7466b9e92ac09f6a5dd82cc928ebe1ea46d0e74c59f0dd6f937918d132a94618
D-subtree,subtree-272,103,auxiliary subtree case,True,validation/stage1-20261004-0100/subtree.jsonl,273,7e172cc101dd362b3f5727125fa00d5c573092027ad59ec0b1f755f5e3d6d3bf,ec785f343d548361a0fabe292acdc8b3543a0a2728c0ca5a3e9d3099e28c0a4b,7466b9e92ac09f6a5dd82cc928ebe1ea46d0e74c59f0dd6f937918d132a94618
D-subtree,subtree-273,201,auxiliary subtree case,True,validation/stage1-20261004-0100/subtree.jsonl,274,7e172cc101dd362b3f5727125fa00d5c573092027ad59ec0b1f755f5e3d6d3bf,b61998f0d2fa7257df533f17345185860982253463ad28b1e9c5b843aa2a12e4,7466b9e92ac09f6a5dd82cc928ebe1ea46d0e74c59f0dd6f937918d132a94618
D-subtree,subtree-274,1,auxiliary subtree case,True,validation/stage1-20261004-0100/subtree.jsonl,275,7e172cc101dd362b3f5727125fa00d5c573092027ad59ec0b1f755f5e3d6d3bf,9a3b32c342d678f93a0de293d54ec60576567ab028ed831a44acf2d7d1526b3d,7466b9e92ac09f6a5dd82cc928ebe1ea46d0e74c59f0dd6f937918d132a94618
D-subtree,subtree-275,2,auxiliary subtree case,True,validation/stage1-20261004-0100/subtree.jsonl,276,7e172cc101dd362b3f5727125fa00d5c573092027ad59ec0b1f755f5e3d6d3bf,f16ed6405845304e06838ecfbab508ee19c5ae3ab31dd18a1e67a63b73b44483,7466b9e92ac09f6a5dd82cc928ebe1ea46d0e74c59f0dd6f937918d132a94618
D-subtree,subtree-276,3,auxiliary subtree case,True,validation/stage1-20261004-0100/subtree.jsonl,277,7e172cc101dd362b3f5727125fa00d5c573092027ad59ec0b1f755f5e3d6d3bf,8146d3df861a9e414cb406580fb267eb69f661b90930c093b8335f7d07af1de5,7466b9e92ac09f6a5dd82cc928ebe1ea46d0e74c59f0dd6f937918d132a94618
D-subtree,subtree-277,101,auxiliary subtree case,True,validation/stage1-20261004-0100/subtree.jsonl,278,7e172cc101dd362b3f5727125fa00d5c573092027ad59ec0b1f755f5e3d6d3bf,8e77f9bda934559632c7199a28e62c76df84efb3c894a520f0bc340b375ba63f,7466b9e92ac09f6a5dd82cc928ebe1ea46d0e74c59f0dd6f937918d132a94618
D-subtree,subtree-278,102,auxiliary subtree case,True,validation/stage1-20261004-0100/subtree.jsonl,279,7e172cc101dd362b3f5727125fa00d5c573092027ad59ec0b1f755f5e3d6d3bf,53c4cfc0f304832f57d2bd2e962b538554a25ff228c21901a174f203e32030f7,7466b9e92ac09f6a5dd82cc928ebe1ea46d0e74c59f0dd6f937918d132a94618
D-subtree,subtree-279,103,auxiliary subtree case,True,validation/stage1-20261004-0100/subtree.jsonl,280,7e172cc101dd362b3f5727125fa00d5c573092027ad59ec0b1f755f5e3d6d3bf,2cbda2a177c53e0f9746c459ef2587ed0840e649704f6df46170b474a055ed02,7466b9e92ac09f6a5dd82cc928ebe1ea46d0e74c59f0dd6f937918d132a94618
D-subtree,subtree-280,201,auxiliary subtree case,True,validation/stage1-20261004-0100/subtree.jsonl,281,7e172cc101dd362b3f5727125fa00d5c573092027ad59ec0b1f755f5e3d6d3bf,e5c83ab3a2af92dbf733e49162af12de5d1bdf8baa5b4ca528b5dee8b74640ff,7466b9e92ac09f6a5dd82cc928ebe1ea46d0e74c59f0dd6f937918d132a94618
D-subtree,subtree-281,1,auxiliary subtree case,True,validation/stage1-20261004-0100/subtree.jsonl,282,7e172cc101dd362b3f5727125fa00d5c573092027ad59ec0b1f755f5e3d6d3bf,21e63495825e150cee038d264837bc3f3ebdbda6237cdd2b03628579cc911167,7466b9e92ac09f6a5dd82cc928ebe1ea46d0e74c59f0dd6f937918d132a94618
D-subtree,subtree-282,2,auxiliary subtree case,True,validation/stage1-20261004-0100/subtree.jsonl,283,7e172cc101dd362b3f5727125fa00d5c573092027ad59ec0b1f755f5e3d6d3bf,7275e39a3eca63b988b8f3677e3199a78e8b25e717c0b5b61b547221cd95be01,7466b9e92ac09f6a5dd82cc928ebe1ea46d0e74c59f0dd6f937918d132a94618
D-subtree,subtree-283,3,auxiliary subtree case,True,validation/stage1-20261004-0100/subtree.jsonl,284,7e172cc101dd362b3f5727125fa00d5c573092027ad59ec0b1f755f5e3d6d3bf,f1d6abc522a1d9e1e3cfb17531fcd367103474fb0b03b55a7e5806d8116c9cbb,7466b9e92ac09f6a5dd82cc928ebe1ea46d0e74c59f0dd6f937918d132a94618
D-subtree,subtree-284,101,auxiliary subtree case,True,validation/stage1-20261004-0100/subtree.jsonl,285,7e172cc101dd362b3f5727125fa00d5c573092027ad59ec0b1f755f5e3d6d3bf,04471c0d9a50181711ac760e3561c7b53a1f5d449cff999a946fe0af5c8123a4,7466b9e92ac09f6a5dd82cc928ebe1ea46d0e74c59f0dd6f937918d132a94618
D-subtree,subtree-285,102,auxiliary subtree case,True,validation/stage1-20261004-0100/subtree.jsonl,286,7e172cc101dd362b3f5727125fa00d5c573092027ad59ec0b1f755f5e3d6d3bf,2c2b2f508654b818cc4daef88cc9a13dd9352f27537eb47695ebd83335faf19c,7466b9e92ac09f6a5dd82cc928ebe1ea46d0e74c59f0dd6f937918d132a94618
D-subtree,subtree-286,103,auxiliary subtree case,True,validation/stage1-20261004-0100/subtree.jsonl,287,7e172cc101dd362b3f5727125fa00d5c573092027ad59ec0b1f755f5e3d6d3bf,1006692c215dbae829ccc83e6f634d3cfa0fe9fd805b7a3df7bedac018059089,7466b9e92ac09f6a5dd82cc928ebe1ea46d0e74c59f0dd6f937918d132a94618
D-subtree,subtree-287,201,auxiliary subtree case,True,validation/stage1-20261004-0100/subtree.jsonl,288,7e172cc101dd362b3f5727125fa00d5c573092027ad59ec0b1f755f5e3d6d3bf,13765b97008bf3664499c4930c4354d80638e42501b605450c06e8c1fd38513c,7466b9e92ac09f6a5dd82cc928ebe1ea46d0e74c59f0dd6f937918d132a94618
D-subtree,subtree-288,1,auxiliary subtree case,True,validation/stage1-20261004-0100/subtree.jsonl,289,7e172cc101dd362b3f5727125fa00d5c573092027ad59ec0b1f755f5e3d6d3bf,ba82cbc0dd4b38a591510c028daa45c42acd8a63d86c1b10c2cf637067e60405,7466b9e92ac09f6a5dd82cc928ebe1ea46d0e74c59f0dd6f937918d132a94618
D-subtree,subtree-289,2,auxiliary subtree case,True,validation/stage1-20261004-0100/subtree.jsonl,290,7e172cc101dd362b3f5727125fa00d5c573092027ad59ec0b1f755f5e3d6d3bf,2cbe06dca4b07a36ec2c37e2f3fd743e5e15e71d8b14c13614cf6b0fd5507d12,7466b9e92ac09f6a5dd82cc928ebe1ea46d0e74c59f0dd6f937918d132a94618
D-subtree,subtree-290,3,auxiliary subtree case,True,validation/stage1-20261004-0100/subtree.jsonl,291,7e172cc101dd362b3f5727125fa00d5c573092027ad59ec0b1f755f5e3d6d3bf,521a057e45bdb953d238ba3ba6ed98f824fa99c647e533bd88db23cc809b5d81,7466b9e92ac09f6a5dd82cc928ebe1ea46d0e74c59f0dd6f937918d132a94618
D-subtree,subtree-291,101,auxiliary subtree case,True,validation/stage1-20261004-0100/subtree.jsonl,292,7e172cc101dd362b3f5727125fa00d5c573092027ad59ec0b1f755f5e3d6d3bf,2e538203ba7302ece0dd15a2808d2a4bcaae37662ea5ad6afcee83095f5fd5fa,7466b9e92ac09f6a5dd82cc928ebe1ea46d0e74c59f0dd6f937918d132a94618
D-subtree,subtree-292,102,auxiliary subtree case,True,validation/stage1-20261004-0100/subtree.jsonl,293,7e172cc101dd362b3f5727125fa00d5c573092027ad59ec0b1f755f5e3d6d3bf,00d2a8d5a45b58bff76b86a2ee25a280580bffe3d68bfc8408cab9c8e1eeb719,7466b9e92ac09f6a5dd82cc928ebe1ea46d0e74c59f0dd6f937918d132a94618
D-subtree,subtree-293,103,auxiliary subtree case,True,validation/stage1-20261004-0100/subtree.jsonl,294,7e172cc101dd362b3f5727125fa00d5c573092027ad59ec0b1f755f5e3d6d3bf,af86f66aec4a4498dba0bd8411730cb81d154c515f87c02c067ed7b07a0464f3,7466b9e92ac09f6a5dd82cc928ebe1ea46d0e74c59f0dd6f937918d132a94618
D-subtree,subtree-294,201,auxiliary subtree case,True,validation/stage1-20261004-0100/subtree.jsonl,295,7e172cc101dd362b3f5727125fa00d5c573092027ad59ec0b1f755f5e3d6d3bf,4cecf92035be7f4c08ecc026a432108a975d18c8b632c4035531ff52041f32c1,7466b9e92ac09f6a5dd82cc928ebe1ea46d0e74c59f0dd6f937918d132a94618
D-subtree,subtree-295,1,auxiliary subtree case,True,validation/stage1-20261004-0100/subtree.jsonl,296,7e172cc101dd362b3f5727125fa00d5c573092027ad59ec0b1f755f5e3d6d3bf,c549aa44b778601d42a856f85d2a419640620b7e69678cd7a48851fdfcba9990,7466b9e92ac09f6a5dd82cc928ebe1ea46d0e74c59f0dd6f937918d132a94618
D-subtree,subtree-296,2,auxiliary subtree case,True,validation/stage1-20261004-0100/subtree.jsonl,297,7e172cc101dd362b3f5727125fa00d5c573092027ad59ec0b1f755f5e3d6d3bf,60af5b15f55f95f95ae9ceec47d447c99b2abf61dbdac09716875531c7144e58,7466b9e92ac09f6a5dd82cc928ebe1ea46d0e74c59f0dd6f937918d132a94618
D-subtree,subtree-297,3,auxiliary subtree case,True,validation/stage1-20261004-0100/subtree.jsonl,298,7e172cc101dd362b3f5727125fa00d5c573092027ad59ec0b1f755f5e3d6d3bf,90e6cf22e5b7a53d48fe5e6e26bcd4f6acecf478e1b92eabfa37be9efc6b0d9f,7466b9e92ac09f6a5dd82cc928ebe1ea46d0e74c59f0dd6f937918d132a94618
D-subtree,subtree-298,101,auxiliary subtree case,True,validation/stage1-20261004-0100/subtree.jsonl,299,7e172cc101dd362b3f5727125fa00d5c573092027ad59ec0b1f755f5e3d6d3bf,276ebcddc23836e3bfc7fa90968c386233e7c6caf8c0504a4d3209af322d2220,7466b9e92ac09f6a5dd82cc928ebe1ea46d0e74c59f0dd6f937918d132a94618
D-subtree,subtree-299,102,auxiliary subtree case,True,validation/stage1-20261004-0100/subtree.jsonl,300,7e172cc101dd362b3f5727125fa00d5c573092027ad59ec0b1f755f5e3d6d3bf,0b66f3c4d07968f6454c41fa83c2101fab0dd44a55a06e4835a97d4b527a6323,7466b9e92ac09f6a5dd82cc928ebe1ea46d0e74c59f0dd6f937918d132a94618
D-subtree,subtree-300,103,auxiliary subtree case,True,validation/stage1-20261004-0100/subtree.jsonl,301,7e172cc101dd362b3f5727125fa00d5c573092027ad59ec0b1f755f5e3d6d3bf,638b5d519d0611a9132392588f5778dd803ffde0207328296517150fcfc3cd3c,7466b9e92ac09f6a5dd82cc928ebe1ea46d0e74c59f0dd6f937918d132a94618
D-subtree,subtree-301,201,auxiliary subtree case,True,validation/stage1-20261004-0100/subtree.jsonl,302,7e172cc101dd362b3f5727125fa00d5c573092027ad59ec0b1f755f5e3d6d3bf,0123fb5ba14e9789832891abdb4d96e862141e8e7ce8a27646d5df708edb6a53,7466b9e92ac09f6a5dd82cc928ebe1ea46d0e74c59f0dd6f937918d132a94618
D-subtree,subtree-302,1,auxiliary subtree case,True,validation/stage1-20261004-0100/subtree.jsonl,303,7e172cc101dd362b3f5727125fa00d5c573092027ad59ec0b1f755f5e3d6d3bf,5be0bd277dcd7f40997f54ef7404eb51d38ebf33330048b4f8203e87fcf9f83a,7466b9e92ac09f6a5dd82cc928ebe1ea46d0e74c59f0dd6f937918d132a94618
D-subtree,subtree-303,2,auxiliary subtree case,True,validation/stage1-20261004-0100/subtree.jsonl,304,7e172cc101dd362b3f5727125fa00d5c573092027ad59ec0b1f755f5e3d6d3bf,c03e6d94305d37e9f55d3e80e9fcdeafdf85566aa4539e8e001e32d2b67ce2f5,7466b9e92ac09f6a5dd82cc928ebe1ea46d0e74c59f0dd6f937918d132a94618
D-subtree,subtree-304,3,auxiliary subtree case,True,validation/stage1-20261004-0100/subtree.jsonl,305,7e172cc101dd362b3f5727125fa00d5c573092027ad59ec0b1f755f5e3d6d3bf,94a4fe8875ea2682f7a941e37b99d30158b9077719b3536e339473eb19e25fdb,7466b9e92ac09f6a5dd82cc928ebe1ea46d0e74c59f0dd6f937918d132a94618
D-subtree,subtree-305,101,auxiliary subtree case,True,validation/stage1-20261004-0100/subtree.jsonl,306,7e172cc101dd362b3f5727125fa00d5c573092027ad59ec0b1f755f5e3d6d3bf,4ecc97aa36454be13eafe06444fd4b83473655f685f92927fe9b7404c0fab0ba,7466b9e92ac09f6a5dd82cc928ebe1ea46d0e74c59f0dd6f937918d132a94618
D-subtree,subtree-306,102,auxiliary subtree case,True,validation/stage1-20261004-0100/subtree.jsonl,307,7e172cc101dd362b3f5727125fa00d5c573092027ad59ec0b1f755f5e3d6d3bf,e2713198d392d988153e5eb71c2038d34be1049b81234ea6175ab9467c4a9ce4,7466b9e92ac09f6a5dd82cc928ebe1ea46d0e74c59f0dd6f937918d132a94618
D-subtree,subtree-307,103,auxiliary subtree case,True,validation/stage1-20261004-0100/subtree.jsonl,308,7e172cc101dd362b3f5727125fa00d5c573092027ad59ec0b1f755f5e3d6d3bf,7fcb8cd6ca33d567a379db0a67d57baf08d44a7eafdc63c0e1d19a8ebc9598f1,7466b9e92ac09f6a5dd82cc928ebe1ea46d0e74c59f0dd6f937918d132a94618
D-subtree,subtree-308,201,auxiliary subtree case,True,validation/stage1-20261004-0100/subtree.jsonl,309,7e172cc101dd362b3f5727125fa00d5c573092027ad59ec0b1f755f5e3d6d3bf,cddcbadab9f996a411f20be1f90faa6de4ed131fce3b133b21f8c1e2fae4b845,7466b9e92ac09f6a5dd82cc928ebe1ea46d0e74c59f0dd6f937918d132a94618
D-subtree,subtree-309,1,auxiliary subtree case,True,validation/stage1-20261004-0100/subtree.jsonl,310,7e172cc101dd362b3f5727125fa00d5c573092027ad59ec0b1f755f5e3d6d3bf,102c591ea844d48ef545368df756b8264ccbfab7fabea09901ac9f94d948caa9,7466b9e92ac09f6a5dd82cc928ebe1ea46d0e74c59f0dd6f937918d132a94618
D-subtree,subtree-310,2,auxiliary subtree case,True,validation/stage1-20261004-0100/subtree.jsonl,311,7e172cc101dd362b3f5727125fa00d5c573092027ad59ec0b1f755f5e3d6d3bf,eb3603bcab8c3c716ae9940b9beb8a97ff91adb6306edd5dd7ff25ad6912500d,7466b9e92ac09f6a5dd82cc928ebe1ea46d0e74c59f0dd6f937918d132a94618
D-subtree,subtree-311,3,auxiliary subtree case,True,validation/stage1-20261004-0100/subtree.jsonl,312,7e172cc101dd362b3f5727125fa00d5c573092027ad59ec0b1f755f5e3d6d3bf,1f8c3574efe71681f4ceee173442aa7ae5a54aed611c495d349f3a508819b38d,7466b9e92ac09f6a5dd82cc928ebe1ea46d0e74c59f0dd6f937918d132a94618
D-subtree,subtree-312,101,auxiliary subtree case,True,validation/stage1-20261004-0100/subtree.jsonl,313,7e172cc101dd362b3f5727125fa00d5c573092027ad59ec0b1f755f5e3d6d3bf,81e8648863ace65e05afc703da3d964ca96b3649a9b467b3b708b409cfaa00ba,7466b9e92ac09f6a5dd82cc928ebe1ea46d0e74c59f0dd6f937918d132a94618
D-subtree,subtree-313,102,auxiliary subtree case,True,validation/stage1-20261004-0100/subtree.jsonl,314,7e172cc101dd362b3f5727125fa00d5c573092027ad59ec0b1f755f5e3d6d3bf,c574ffd5cf1dcf88433fea278ffe21712c6e39a5ffdd71c2d8482c9d0ff77300,7466b9e92ac09f6a5dd82cc928ebe1ea46d0e74c59f0dd6f937918d132a94618
D-subtree,subtree-314,103,auxiliary subtree case,True,validation/stage1-20261004-0100/subtree.jsonl,315,7e172cc101dd362b3f5727125fa00d5c573092027ad59ec0b1f755f5e3d6d3bf,fc5e16dc1731425ded764ff912bb97355e06026dcb32b9927ca085ca7c6b64c1,7466b9e92ac09f6a5dd82cc928ebe1ea46d0e74c59f0dd6f937918d132a94618
D-subtree,subtree-315,201,auxiliary subtree case,True,validation/stage1-20261004-0100/subtree.jsonl,316,7e172cc101dd362b3f5727125fa00d5c573092027ad59ec0b1f755f5e3d6d3bf,0fe09521ce133d481ede6414a6311cd76e8c1b3cadfdf8b50c0df6d5df86c7d2,7466b9e92ac09f6a5dd82cc928ebe1ea46d0e74c59f0dd6f937918d132a94618
D-subtree,subtree-316,1,auxiliary subtree case,True,validation/stage1-20261004-0100/subtree.jsonl,317,7e172cc101dd362b3f5727125fa00d5c573092027ad59ec0b1f755f5e3d6d3bf,e6b3cfe316e76ac149d482c7a9ee766d7695648f994d5968da113e16686342f0,7466b9e92ac09f6a5dd82cc928ebe1ea46d0e74c59f0dd6f937918d132a94618
D-subtree,subtree-317,2,auxiliary subtree case,True,validation/stage1-20261004-0100/subtree.jsonl,318,7e172cc101dd362b3f5727125fa00d5c573092027ad59ec0b1f755f5e3d6d3bf,90fd1b14c3714de0d2bc60318624fd6855280ac4920e9dc22dd190716d29838a,7466b9e92ac09f6a5dd82cc928ebe1ea46d0e74c59f0dd6f937918d132a94618
D-subtree,subtree-318,3,auxiliary subtree case,True,validation/stage1-20261004-0100/subtree.jsonl,319,7e172cc101dd362b3f5727125fa00d5c573092027ad59ec0b1f755f5e3d6d3bf,eb32ae24de1135bcfaa8d7b3138704813b2978a48967c66fd585429ddf51edf6,7466b9e92ac09f6a5dd82cc928ebe1ea46d0e74c59f0dd6f937918d132a94618
D-subtree,subtree-319,101,auxiliary subtree case,True,validation/stage1-20261004-0100/subtree.jsonl,320,7e172cc101dd362b3f5727125fa00d5c573092027ad59ec0b1f755f5e3d6d3bf,4126c7f4858b1d148f923d7913428cbda9c2d119a663d7466a17c23209bc48d1,7466b9e92ac09f6a5dd82cc928ebe1ea46d0e74c59f0dd6f937918d132a94618
D-subtree,subtree-320,102,auxiliary subtree case,True,validation/stage1-20261004-0100/subtree.jsonl,321,7e172cc101dd362b3f5727125fa00d5c573092027ad59ec0b1f755f5e3d6d3bf,cf8f63e47a8cb17507a01ff565eead385f7108a48a5e8ae2a3ef852ab5f52fb2,7466b9e92ac09f6a5dd82cc928ebe1ea46d0e74c59f0dd6f937918d132a94618
D-subtree,subtree-321,103,auxiliary subtree case,True,validation/stage1-20261004-0100/subtree.jsonl,322,7e172cc101dd362b3f5727125fa00d5c573092027ad59ec0b1f755f5e3d6d3bf,d3c361b8c98774b317c6fce151eae13abaaa883ac05be2f11de63b4391b632a4,7466b9e92ac09f6a5dd82cc928ebe1ea46d0e74c59f0dd6f937918d132a94618
D-subtree,subtree-322,201,auxiliary subtree case,True,validation/stage1-20261004-0100/subtree.jsonl,323,7e172cc101dd362b3f5727125fa00d5c573092027ad59ec0b1f755f5e3d6d3bf,91eebdec2c4efa9f48e51f61a67cee1d973be0ee066e5ea718698769f1b9b8da,7466b9e92ac09f6a5dd82cc928ebe1ea46d0e74c59f0dd6f937918d132a94618
D-subtree,subtree-323,1,auxiliary subtree case,True,validation/stage1-20261004-0100/subtree.jsonl,324,7e172cc101dd362b3f5727125fa00d5c573092027ad59ec0b1f755f5e3d6d3bf,cd6e8ee6155ec7af72b64e4528be8c5de9a172b50dd1ad57c895c1c44564a63d,7466b9e92ac09f6a5dd82cc928ebe1ea46d0e74c59f0dd6f937918d132a94618
D-subtree,subtree-324,2,auxiliary subtree case,True,validation/stage1-20261004-0100/subtree.jsonl,325,7e172cc101dd362b3f5727125fa00d5c573092027ad59ec0b1f755f5e3d6d3bf,e656dd7465108ac823eecdf6e86e98a80dde9f85699e75876d7295418a7568ce,7466b9e92ac09f6a5dd82cc928ebe1ea46d0e74c59f0dd6f937918d132a94618
D-subtree,subtree-325,3,auxiliary subtree case,True,validation/stage1-20261004-0100/subtree.jsonl,326,7e172cc101dd362b3f5727125fa00d5c573092027ad59ec0b1f755f5e3d6d3bf,c45344c63ed445360538732a7b47a4df82ad1e62706a1f3f989050c4e2fb0e70,7466b9e92ac09f6a5dd82cc928ebe1ea46d0e74c59f0dd6f937918d132a94618
D-subtree,subtree-326,101,auxiliary subtree case,True,validation/stage1-20261004-0100/subtree.jsonl,327,7e172cc101dd362b3f5727125fa00d5c573092027ad59ec0b1f755f5e3d6d3bf,7892a86e6be859a6f7f3f8bbcfcd3f89de421443b0e6fb0f0da19863bcc8c7e0,7466b9e92ac09f6a5dd82cc928ebe1ea46d0e74c59f0dd6f937918d132a94618
D-subtree,subtree-327,102,auxiliary subtree case,True,validation/stage1-20261004-0100/subtree.jsonl,328,7e172cc101dd362b3f5727125fa00d5c573092027ad59ec0b1f755f5e3d6d3bf,5b2c6782709ca15ab0159c5b9f86c079fcde59403631bdca2ac00eeadc21b7c4,7466b9e92ac09f6a5dd82cc928ebe1ea46d0e74c59f0dd6f937918d132a94618
D-subtree,subtree-328,103,auxiliary subtree case,True,validation/stage1-20261004-0100/subtree.jsonl,329,7e172cc101dd362b3f5727125fa00d5c573092027ad59ec0b1f755f5e3d6d3bf,7e0984eb28fef64a8c27d3c101f99250bafa211b50a0746de191e79f27cf9223,7466b9e92ac09f6a5dd82cc928ebe1ea46d0e74c59f0dd6f937918d132a94618
D-subtree,subtree-329,201,auxiliary subtree case,True,validation/stage1-20261004-0100/subtree.jsonl,330,7e172cc101dd362b3f5727125fa00d5c573092027ad59ec0b1f755f5e3d6d3bf,61105e439d8607b93dfe6ab1cbe6e372089d43f844b92f8a1fe5033b26364aba,7466b9e92ac09f6a5dd82cc928ebe1ea46d0e74c59f0dd6f937918d132a94618
D-subtree,subtree-330,1,auxiliary subtree case,True,validation/stage1-20261004-0100/subtree.jsonl,331,7e172cc101dd362b3f5727125fa00d5c573092027ad59ec0b1f755f5e3d6d3bf,47846df1d8d97e843d99bb5e1d2701de2019f4e3f84491af1ba2fff7a394aca1,7466b9e92ac09f6a5dd82cc928ebe1ea46d0e74c59f0dd6f937918d132a94618
D-subtree,subtree-331,2,auxiliary subtree case,True,validation/stage1-20261004-0100/subtree.jsonl,332,7e172cc101dd362b3f5727125fa00d5c573092027ad59ec0b1f755f5e3d6d3bf,1f96566007e232f3758e9de9a1b9bc09b94cfcb27d29d412a40cad2663e0fd86,7466b9e92ac09f6a5dd82cc928ebe1ea46d0e74c59f0dd6f937918d132a94618
D-subtree,subtree-332,3,auxiliary subtree case,True,validation/stage1-20261004-0100/subtree.jsonl,333,7e172cc101dd362b3f5727125fa00d5c573092027ad59ec0b1f755f5e3d6d3bf,5e6a789fd032d4c02fa27ba52be296ab78a13d2900e9b9ca03ef5bc7566bdeeb,7466b9e92ac09f6a5dd82cc928ebe1ea46d0e74c59f0dd6f937918d132a94618
D-subtree,subtree-333,101,auxiliary subtree case,True,validation/stage1-20261004-0100/subtree.jsonl,334,7e172cc101dd362b3f5727125fa00d5c573092027ad59ec0b1f755f5e3d6d3bf,faf2fd20f3e6778292dda2afb5cf610f1365a5f7afc3582d2b3e5cc7dc5de10b,7466b9e92ac09f6a5dd82cc928ebe1ea46d0e74c59f0dd6f937918d132a94618
D-subtree,subtree-334,102,auxiliary subtree case,True,validation/stage1-20261004-0100/subtree.jsonl,335,7e172cc101dd362b3f5727125fa00d5c573092027ad59ec0b1f755f5e3d6d3bf,f2b2777541978641e9d009fa964c287c59fd69fc02b50223059f17dac2a5b820,7466b9e92ac09f6a5dd82cc928ebe1ea46d0e74c59f0dd6f937918d132a94618
D-subtree,subtree-335,103,auxiliary subtree case,True,validation/stage1-20261004-0100/subtree.jsonl,336,7e172cc101dd362b3f5727125fa00d5c573092027ad59ec0b1f755f5e3d6d3bf,ba49364e1aa7d7ca7a4fffa3457670fe30c22981d2481fd30dc0319168797c36,7466b9e92ac09f6a5dd82cc928ebe1ea46d0e74c59f0dd6f937918d132a94618
D-subtree,subtree-336,201,auxiliary subtree case,True,validation/stage1-20261004-0100/subtree.jsonl,337,7e172cc101dd362b3f5727125fa00d5c573092027ad59ec0b1f755f5e3d6d3bf,25665386233f7d800c4c88262ff8d56caf75d912e6c67b151291ca32bd99e05e,7466b9e92ac09f6a5dd82cc928ebe1ea46d0e74c59f0dd6f937918d132a94618
D-subtree,subtree-337,1,auxiliary subtree case,True,validation/stage1-20261004-0100/subtree.jsonl,338,7e172cc101dd362b3f5727125fa00d5c573092027ad59ec0b1f755f5e3d6d3bf,ea465b970646cc8ac73ffafa8514ef54d923b97a6229f03ba88f5216a60b0b00,7466b9e92ac09f6a5dd82cc928ebe1ea46d0e74c59f0dd6f937918d132a94618
D-subtree,subtree-338,2,auxiliary subtree case,True,validation/stage1-20261004-0100/subtree.jsonl,339,7e172cc101dd362b3f5727125fa00d5c573092027ad59ec0b1f755f5e3d6d3bf,22419f410d0f0f7940417200119dca2ff09ef12d7f62c66310fdc58be729a9d0,7466b9e92ac09f6a5dd82cc928ebe1ea46d0e74c59f0dd6f937918d132a94618
D-subtree,subtree-339,3,auxiliary subtree case,True,validation/stage1-20261004-0100/subtree.jsonl,340,7e172cc101dd362b3f5727125fa00d5c573092027ad59ec0b1f755f5e3d6d3bf,1490f7cb4ffdb429f91f9c834bb54a28bb67ddc513ab8d3c8ca7f13d007bb589,7466b9e92ac09f6a5dd82cc928ebe1ea46d0e74c59f0dd6f937918d132a94618
D-subtree,subtree-340,101,auxiliary subtree case,True,validation/stage1-20261004-0100/subtree.jsonl,341,7e172cc101dd362b3f5727125fa00d5c573092027ad59ec0b1f755f5e3d6d3bf,0a57fa8943387f583e0fc3e86c829e2b41189df263052f1fc2c99eb321046dfc,7466b9e92ac09f6a5dd82cc928ebe1ea46d0e74c59f0dd6f937918d132a94618
D-subtree,subtree-341,102,auxiliary subtree case,True,validation/stage1-20261004-0100/subtree.jsonl,342,7e172cc101dd362b3f5727125fa00d5c573092027ad59ec0b1f755f5e3d6d3bf,cc6ded68c6c1305889148ef29b5216817f86df934c42206be18442be31829bd8,7466b9e92ac09f6a5dd82cc928ebe1ea46d0e74c59f0dd6f937918d132a94618
D-subtree,subtree-342,103,auxiliary subtree case,True,validation/stage1-20261004-0100/subtree.jsonl,343,7e172cc101dd362b3f5727125fa00d5c573092027ad59ec0b1f755f5e3d6d3bf,9648e98803200b112a8897ff36415c0b2cb7f775043a5a699b352ec4deaa5938,7466b9e92ac09f6a5dd82cc928ebe1ea46d0e74c59f0dd6f937918d132a94618
D-subtree,subtree-343,201,auxiliary subtree case,True,validation/stage1-20261004-0100/subtree.jsonl,344,7e172cc101dd362b3f5727125fa00d5c573092027ad59ec0b1f755f5e3d6d3bf,da0ef73fcaeca8695d6b24070ace8903ce71a46f3287d3ad5998726b9c4c6d45,7466b9e92ac09f6a5dd82cc928ebe1ea46d0e74c59f0dd6f937918d132a94618
D-subtree,subtree-344,1,auxiliary subtree case,True,validation/stage1-20261004-0100/subtree.jsonl,345,7e172cc101dd362b3f5727125fa00d5c573092027ad59ec0b1f755f5e3d6d3bf,9f6fbb45b01d3bf8df0637fcef7231976ce60e420eaba859e5800c79bd9e1a5b,7466b9e92ac09f6a5dd82cc928ebe1ea46d0e74c59f0dd6f937918d132a94618
D-subtree,subtree-345,2,auxiliary subtree case,True,validation/stage1-20261004-0100/subtree.jsonl,346,7e172cc101dd362b3f5727125fa00d5c573092027ad59ec0b1f755f5e3d6d3bf,209d77599acf86153838e7c1e76a4958ba8e2d2753a472a3ce8a7d1feff11ca8,7466b9e92ac09f6a5dd82cc928ebe1ea46d0e74c59f0dd6f937918d132a94618
D-subtree,subtree-346,3,auxiliary subtree case,True,validation/stage1-20261004-0100/subtree.jsonl,347,7e172cc101dd362b3f5727125fa00d5c573092027ad59ec0b1f755f5e3d6d3bf,3e6885cca76dd578703e23c80d19421566f63ad9441a286d612bdae0e683a14b,7466b9e92ac09f6a5dd82cc928ebe1ea46d0e74c59f0dd6f937918d132a94618
D-subtree,subtree-347,101,auxiliary subtree case,True,validation/stage1-20261004-0100/subtree.jsonl,348,7e172cc101dd362b3f5727125fa00d5c573092027ad59ec0b1f755f5e3d6d3bf,541b406d55f4ffd5ed95c7923a74f5a3ee234ad8031d6143492fe63220b46bd8,7466b9e92ac09f6a5dd82cc928ebe1ea46d0e74c59f0dd6f937918d132a94618
D-subtree,subtree-348,102,auxiliary subtree case,True,validation/stage1-20261004-0100/subtree.jsonl,349,7e172cc101dd362b3f5727125fa00d5c573092027ad59ec0b1f755f5e3d6d3bf,b178b8828fe4c74ba5f128e8d6e960801358a27bd86cb545682a6e3c0bb3859c,7466b9e92ac09f6a5dd82cc928ebe1ea46d0e74c59f0dd6f937918d132a94618
D-subtree,subtree-349,103,auxiliary subtree case,True,validation/stage1-20261004-0100/subtree.jsonl,350,7e172cc101dd362b3f5727125fa00d5c573092027ad59ec0b1f755f5e3d6d3bf,22d0bc1fec3ce5a613a04a7960ef935fabb73ffd2007f77bbb36d61411da00a2,7466b9e92ac09f6a5dd82cc928ebe1ea46d0e74c59f0dd6f937918d132a94618
D-subtree,subtree-350,201,auxiliary subtree case,True,validation/stage1-20261004-0100/subtree.jsonl,351,7e172cc101dd362b3f5727125fa00d5c573092027ad59ec0b1f755f5e3d6d3bf,b6e6189a834066f3a2c9009051c3bc73ddfe29b5f5f43dcd1ac1d5794419c63b,7466b9e92ac09f6a5dd82cc928ebe1ea46d0e74c59f0dd6f937918d132a94618
D-subtree,subtree-351,1,auxiliary subtree case,True,validation/stage1-20261004-0100/subtree.jsonl,352,7e172cc101dd362b3f5727125fa00d5c573092027ad59ec0b1f755f5e3d6d3bf,ce1ddff0fd0446235d5e36a4fc73c8d0048c305e7f62b6e555e04b02477c6ed7,7466b9e92ac09f6a5dd82cc928ebe1ea46d0e74c59f0dd6f937918d132a94618
D-subtree,subtree-352,2,auxiliary subtree case,True,validation/stage1-20261004-0100/subtree.jsonl,353,7e172cc101dd362b3f5727125fa00d5c573092027ad59ec0b1f755f5e3d6d3bf,8c99d355450d39232d1bfa1378849774d0a4be01f0ebac41ec2e8c8b9a4193e7,7466b9e92ac09f6a5dd82cc928ebe1ea46d0e74c59f0dd6f937918d132a94618
D-subtree,subtree-353,3,auxiliary subtree case,True,validation/stage1-20261004-0100/subtree.jsonl,354,7e172cc101dd362b3f5727125fa00d5c573092027ad59ec0b1f755f5e3d6d3bf,913fa71ccd49d0d34244ca3e6c9eda1b6813893016e1876b3358f148ce4aa2da,7466b9e92ac09f6a5dd82cc928ebe1ea46d0e74c59f0dd6f937918d132a94618
D-subtree,subtree-354,101,auxiliary subtree case,True,validation/stage1-20261004-0100/subtree.jsonl,355,7e172cc101dd362b3f5727125fa00d5c573092027ad59ec0b1f755f5e3d6d3bf,829e7cbd453384f9f4b102fffee6760f749334cda12366d66243f60544957e3f,7466b9e92ac09f6a5dd82cc928ebe1ea46d0e74c59f0dd6f937918d132a94618
D-subtree,subtree-355,102,auxiliary subtree case,True,validation/stage1-20261004-0100/subtree.jsonl,356,7e172cc101dd362b3f5727125fa00d5c573092027ad59ec0b1f755f5e3d6d3bf,c265a3d31a756c4cfb5cf2faf789a897372781e6c03ed9f2a64b3df981040f4a,7466b9e92ac09f6a5dd82cc928ebe1ea46d0e74c59f0dd6f937918d132a94618
D-subtree,subtree-356,103,auxiliary subtree case,True,validation/stage1-20261004-0100/subtree.jsonl,357,7e172cc101dd362b3f5727125fa00d5c573092027ad59ec0b1f755f5e3d6d3bf,2a71229a04cbe6acd610a16c44f193dd54c68f6b161b0c26a951d5f9d3058d0d,7466b9e92ac09f6a5dd82cc928ebe1ea46d0e74c59f0dd6f937918d132a94618
D-subtree,subtree-357,201,auxiliary subtree case,True,validation/stage1-20261004-0100/subtree.jsonl,358,7e172cc101dd362b3f5727125fa00d5c573092027ad59ec0b1f755f5e3d6d3bf,cacdb31ea199433b89d0bea7956a405eb6efa46bd4c7a7ff45bcbcc3e4b1ddca,7466b9e92ac09f6a5dd82cc928ebe1ea46d0e74c59f0dd6f937918d132a94618
D-subtree,subtree-358,1,auxiliary subtree case,True,validation/stage1-20261004-0100/subtree.jsonl,359,7e172cc101dd362b3f5727125fa00d5c573092027ad59ec0b1f755f5e3d6d3bf,aec41fd41ecc1419564847ebff71f40dca051ec790bd823b57a4e4bbd72fc8ce,7466b9e92ac09f6a5dd82cc928ebe1ea46d0e74c59f0dd6f937918d132a94618
D-subtree,subtree-359,2,auxiliary subtree case,True,validation/stage1-20261004-0100/subtree.jsonl,360,7e172cc101dd362b3f5727125fa00d5c573092027ad59ec0b1f755f5e3d6d3bf,df920af618a054f5b59a8202f1c54eb34b679f991f4f4a5bd737c8175f28f790,7466b9e92ac09f6a5dd82cc928ebe1ea46d0e74c59f0dd6f937918d132a94618
D-subtree,subtree-360,3,auxiliary subtree case,True,validation/stage1-20261004-0100/subtree.jsonl,361,7e172cc101dd362b3f5727125fa00d5c573092027ad59ec0b1f755f5e3d6d3bf,0db2dd3e2c1881b330c38fd043e16c75aa9a5a6bbf339c714191cb18e83e9a40,7466b9e92ac09f6a5dd82cc928ebe1ea46d0e74c59f0dd6f937918d132a94618
D-subtree,subtree-361,101,auxiliary subtree case,True,validation/stage1-20261004-0100/subtree.jsonl,362,7e172cc101dd362b3f5727125fa00d5c573092027ad59ec0b1f755f5e3d6d3bf,dc5a1225a49cb2f2055b83a038789388c2e5a10283b9e9906f16483b85c3b239,7466b9e92ac09f6a5dd82cc928ebe1ea46d0e74c59f0dd6f937918d132a94618
D-subtree,subtree-362,102,auxiliary subtree case,True,validation/stage1-20261004-0100/subtree.jsonl,363,7e172cc101dd362b3f5727125fa00d5c573092027ad59ec0b1f755f5e3d6d3bf,ac327ee90df8cd9cad014ffa4e98dc37813eea67f24240327da34d33826b2615,7466b9e92ac09f6a5dd82cc928ebe1ea46d0e74c59f0dd6f937918d132a94618
D-subtree,subtree-363,103,auxiliary subtree case,True,validation/stage1-20261004-0100/subtree.jsonl,364,7e172cc101dd362b3f5727125fa00d5c573092027ad59ec0b1f755f5e3d6d3bf,f7d0ede287b256024a3df3da32e78794fb5c57afab483a2e6bab43161773c1f5,7466b9e92ac09f6a5dd82cc928ebe1ea46d0e74c59f0dd6f937918d132a94618
D-subtree,subtree-364,201,auxiliary subtree case,True,validation/stage1-20261004-0100/subtree.jsonl,365,7e172cc101dd362b3f5727125fa00d5c573092027ad59ec0b1f755f5e3d6d3bf,16496f53075299e33e893419979c6c26faffc354ea98fdd7c5327d499331ff6e,7466b9e92ac09f6a5dd82cc928ebe1ea46d0e74c59f0dd6f937918d132a94618
D-subtree,subtree-365,1,auxiliary subtree case,True,validation/stage1-20261004-0100/subtree.jsonl,366,7e172cc101dd362b3f5727125fa00d5c573092027ad59ec0b1f755f5e3d6d3bf,eae96dbe71a2e9637c9a9d3f3632b99bcf19cac24c145e0523491cfa2b2118b2,7466b9e92ac09f6a5dd82cc928ebe1ea46d0e74c59f0dd6f937918d132a94618
D-subtree,subtree-366,2,auxiliary subtree case,True,validation/stage1-20261004-0100/subtree.jsonl,367,7e172cc101dd362b3f5727125fa00d5c573092027ad59ec0b1f755f5e3d6d3bf,84f7007dd3c8244f630e63fde9cba95174e2c6827363fcf93f4b0f8f41bbcbca,7466b9e92ac09f6a5dd82cc928ebe1ea46d0e74c59f0dd6f937918d132a94618
D-subtree,subtree-367,3,auxiliary subtree case,True,validation/stage1-20261004-0100/subtree.jsonl,368,7e172cc101dd362b3f5727125fa00d5c573092027ad59ec0b1f755f5e3d6d3bf,88fb7b3b967d64e45a4b1ab437952fcc6d5038721ef7b4c2639f3f29b8dc0440,7466b9e92ac09f6a5dd82cc928ebe1ea46d0e74c59f0dd6f937918d132a94618
D-subtree,subtree-368,101,auxiliary subtree case,True,validation/stage1-20261004-0100/subtree.jsonl,369,7e172cc101dd362b3f5727125fa00d5c573092027ad59ec0b1f755f5e3d6d3bf,f594e0c6f7664794911be4f2150879383c398493f290da4927ef1517255abbc9,7466b9e92ac09f6a5dd82cc928ebe1ea46d0e74c59f0dd6f937918d132a94618
D-subtree,subtree-369,102,auxiliary subtree case,True,validation/stage1-20261004-0100/subtree.jsonl,370,7e172cc101dd362b3f5727125fa00d5c573092027ad59ec0b1f755f5e3d6d3bf,48d65f6af83d514cd9fd94859f14ca24083707135a0ddda5a5b9f418dc701d5d,7466b9e92ac09f6a5dd82cc928ebe1ea46d0e74c59f0dd6f937918d132a94618
D-subtree,subtree-370,103,auxiliary subtree case,True,validation/stage1-20261004-0100/subtree.jsonl,371,7e172cc101dd362b3f5727125fa00d5c573092027ad59ec0b1f755f5e3d6d3bf,3d12b5a9fc9ce7e8dbaa230d125aab93c3486af371999b73eb32af8f6815ef8c,7466b9e92ac09f6a5dd82cc928ebe1ea46d0e74c59f0dd6f937918d132a94618
D-subtree,subtree-371,201,auxiliary subtree case,True,validation/stage1-20261004-0100/subtree.jsonl,372,7e172cc101dd362b3f5727125fa00d5c573092027ad59ec0b1f755f5e3d6d3bf,14d55333cf72aab8db27a564d6f48d51f07da01aaddce5171e00817f9f59e4c5,7466b9e92ac09f6a5dd82cc928ebe1ea46d0e74c59f0dd6f937918d132a94618
D-subtree,subtree-372,1,auxiliary subtree case,True,validation/stage1-20261004-0100/subtree.jsonl,373,7e172cc101dd362b3f5727125fa00d5c573092027ad59ec0b1f755f5e3d6d3bf,e07621bf80ec1866232cdbf175f9a3250a58ac5f2fe040c89a3c90439d652474,7466b9e92ac09f6a5dd82cc928ebe1ea46d0e74c59f0dd6f937918d132a94618
D-subtree,subtree-373,2,auxiliary subtree case,True,validation/stage1-20261004-0100/subtree.jsonl,374,7e172cc101dd362b3f5727125fa00d5c573092027ad59ec0b1f755f5e3d6d3bf,615cd72fc0f7cf88382f4fdce0ce193ab28ddb44112f749092d6d72d5854f195,7466b9e92ac09f6a5dd82cc928ebe1ea46d0e74c59f0dd6f937918d132a94618
D-subtree,subtree-374,3,auxiliary subtree case,True,validation/stage1-20261004-0100/subtree.jsonl,375,7e172cc101dd362b3f5727125fa00d5c573092027ad59ec0b1f755f5e3d6d3bf,18ba6ce86bf8f43514210bfd6ac4567d209438e825fe9d60fcc3d488deebc93b,7466b9e92ac09f6a5dd82cc928ebe1ea46d0e74c59f0dd6f937918d132a94618
D-subtree,subtree-375,101,auxiliary subtree case,True,validation/stage1-20261004-0100/subtree.jsonl,376,7e172cc101dd362b3f5727125fa00d5c573092027ad59ec0b1f755f5e3d6d3bf,01a023de31f9d7b4ac4eaaa3ff3fe7fdf3f52d1894d43227d66aeb5a41bd1eaf,7466b9e92ac09f6a5dd82cc928ebe1ea46d0e74c59f0dd6f937918d132a94618
D-subtree,subtree-376,102,auxiliary subtree case,True,validation/stage1-20261004-0100/subtree.jsonl,377,7e172cc101dd362b3f5727125fa00d5c573092027ad59ec0b1f755f5e3d6d3bf,4c17ec17917085c2ea9b3487353fa3227bfa56229edd2e2dea2744a0e32422ad,7466b9e92ac09f6a5dd82cc928ebe1ea46d0e74c59f0dd6f937918d132a94618
D-subtree,subtree-377,103,auxiliary subtree case,True,validation/stage1-20261004-0100/subtree.jsonl,378,7e172cc101dd362b3f5727125fa00d5c573092027ad59ec0b1f755f5e3d6d3bf,d079153ab3c0a9a950dfbbaa14d90ed6d3fb23c8cc68057e7c36f46b766bfe73,7466b9e92ac09f6a5dd82cc928ebe1ea46d0e74c59f0dd6f937918d132a94618
D-subtree,subtree-378,201,auxiliary subtree case,True,validation/stage1-20261004-0100/subtree.jsonl,379,7e172cc101dd362b3f5727125fa00d5c573092027ad59ec0b1f755f5e3d6d3bf,c02d74cfd282dc2bf0785ddf1c6e14944218bbf479e384bbd59d0093081eab98,7466b9e92ac09f6a5dd82cc928ebe1ea46d0e74c59f0dd6f937918d132a94618
D-subtree,subtree-379,1,auxiliary subtree case,True,validation/stage1-20261004-0100/subtree.jsonl,380,7e172cc101dd362b3f5727125fa00d5c573092027ad59ec0b1f755f5e3d6d3bf,3cc218ad52eb520e22e64f10a64a18c0b72e7e01b665cc1b5a9dc8d6695774d0,7466b9e92ac09f6a5dd82cc928ebe1ea46d0e74c59f0dd6f937918d132a94618
D-subtree,subtree-380,2,auxiliary subtree case,True,validation/stage1-20261004-0100/subtree.jsonl,381,7e172cc101dd362b3f5727125fa00d5c573092027ad59ec0b1f755f5e3d6d3bf,d20ac203ac657511b7929f9f34e29397d59a2a5f6d9942eb6ca1143a5cb67b55,7466b9e92ac09f6a5dd82cc928ebe1ea46d0e74c59f0dd6f937918d132a94618
D-subtree,subtree-381,3,auxiliary subtree case,True,validation/stage1-20261004-0100/subtree.jsonl,382,7e172cc101dd362b3f5727125fa00d5c573092027ad59ec0b1f755f5e3d6d3bf,fb1c098294eae7188460a94f724978ba276837430418b27f8f8a148bc28eeac3,7466b9e92ac09f6a5dd82cc928ebe1ea46d0e74c59f0dd6f937918d132a94618
D-subtree,subtree-382,101,auxiliary subtree case,True,validation/stage1-20261004-0100/subtree.jsonl,383,7e172cc101dd362b3f5727125fa00d5c573092027ad59ec0b1f755f5e3d6d3bf,2bbd4c6025f1f2aa0ae7f5a64786f0b4736a3a803c54eb28e385264b9e55fe48,7466b9e92ac09f6a5dd82cc928ebe1ea46d0e74c59f0dd6f937918d132a94618
D-subtree,subtree-383,102,auxiliary subtree case,True,validation/stage1-20261004-0100/subtree.jsonl,384,7e172cc101dd362b3f5727125fa00d5c573092027ad59ec0b1f755f5e3d6d3bf,4be4d4b34683843a0b43f84c63f4ef11b0bb5cbe223f37c17313dd9d00a89fb9,7466b9e92ac09f6a5dd82cc928ebe1ea46d0e74c59f0dd6f937918d132a94618
D-subtree,subtree-384,103,auxiliary subtree case,True,validation/stage1-20261004-0100/subtree.jsonl,385,7e172cc101dd362b3f5727125fa00d5c573092027ad59ec0b1f755f5e3d6d3bf,6b92627df3975faf42d309fa8d1671e7a32b8d353084ee851444bdfab117876d,7466b9e92ac09f6a5dd82cc928ebe1ea46d0e74c59f0dd6f937918d132a94618
D-subtree,subtree-385,201,auxiliary subtree case,True,validation/stage1-20261004-0100/subtree.jsonl,386,7e172cc101dd362b3f5727125fa00d5c573092027ad59ec0b1f755f5e3d6d3bf,146581bcefd8ebe650bbd7a0e747959802020a04b193feac2df9982f815a8a0c,7466b9e92ac09f6a5dd82cc928ebe1ea46d0e74c59f0dd6f937918d132a94618
D-subtree,subtree-386,1,auxiliary subtree case,True,validation/stage1-20261004-0100/subtree.jsonl,387,7e172cc101dd362b3f5727125fa00d5c573092027ad59ec0b1f755f5e3d6d3bf,1ea601cb634ad5942b07c4904cc879cec0e91dc79b3bb06c1b9ba49f32aa6cd4,7466b9e92ac09f6a5dd82cc928ebe1ea46d0e74c59f0dd6f937918d132a94618
D-subtree,subtree-387,2,auxiliary subtree case,True,validation/stage1-20261004-0100/subtree.jsonl,388,7e172cc101dd362b3f5727125fa00d5c573092027ad59ec0b1f755f5e3d6d3bf,663c21927981be6fba2af0f31b0f196cd5b1702138f5ff75bc9c4ac51eb4bc7f,7466b9e92ac09f6a5dd82cc928ebe1ea46d0e74c59f0dd6f937918d132a94618
D-subtree,subtree-388,3,auxiliary subtree case,True,validation/stage1-20261004-0100/subtree.jsonl,389,7e172cc101dd362b3f5727125fa00d5c573092027ad59ec0b1f755f5e3d6d3bf,8059fd8dc68055a1a00eecc1ec9efc964837c4a17e9bf1ee315f553531efbf0b,7466b9e92ac09f6a5dd82cc928ebe1ea46d0e74c59f0dd6f937918d132a94618
D-subtree,subtree-389,101,auxiliary subtree case,True,validation/stage1-20261004-0100/subtree.jsonl,390,7e172cc101dd362b3f5727125fa00d5c573092027ad59ec0b1f755f5e3d6d3bf,f65b6504ed76bf9dd8aa3754cb72c3dbf9a0ae988b91281092f8bbc7febf1dfa,7466b9e92ac09f6a5dd82cc928ebe1ea46d0e74c59f0dd6f937918d132a94618
D-subtree,subtree-390,102,auxiliary subtree case,True,validation/stage1-20261004-0100/subtree.jsonl,391,7e172cc101dd362b3f5727125fa00d5c573092027ad59ec0b1f755f5e3d6d3bf,b2a02e6d375f12131aa2f16b72b2c4b0953c3fbac7596df0b7ae092015a184b1,7466b9e92ac09f6a5dd82cc928ebe1ea46d0e74c59f0dd6f937918d132a94618
D-subtree,subtree-391,103,auxiliary subtree case,True,validation/stage1-20261004-0100/subtree.jsonl,392,7e172cc101dd362b3f5727125fa00d5c573092027ad59ec0b1f755f5e3d6d3bf,4a8182f9f23d57e31884adba5c5fbd91bb392940414284175e37a2430a6480ed,7466b9e92ac09f6a5dd82cc928ebe1ea46d0e74c59f0dd6f937918d132a94618
D-subtree,subtree-392,201,auxiliary subtree case,True,validation/stage1-20261004-0100/subtree.jsonl,393,7e172cc101dd362b3f5727125fa00d5c573092027ad59ec0b1f755f5e3d6d3bf,eb7f50847109a4566c50d056e00efeef3e02f494d51029ce7c5f8ad5c94db4d5,7466b9e92ac09f6a5dd82cc928ebe1ea46d0e74c59f0dd6f937918d132a94618
D-subtree,subtree-393,1,auxiliary subtree case,True,validation/stage1-20261004-0100/subtree.jsonl,394,7e172cc101dd362b3f5727125fa00d5c573092027ad59ec0b1f755f5e3d6d3bf,b932a94be772ad06c55430a7af5b797594bd449e116f22bd638c263e91578d18,7466b9e92ac09f6a5dd82cc928ebe1ea46d0e74c59f0dd6f937918d132a94618
D-subtree,subtree-394,2,auxiliary subtree case,True,validation/stage1-20261004-0100/subtree.jsonl,395,7e172cc101dd362b3f5727125fa00d5c573092027ad59ec0b1f755f5e3d6d3bf,682e9c0587e8cc028ab27886bf178f0e25cdec8e6e20604531558cd590f2afa9,7466b9e92ac09f6a5dd82cc928ebe1ea46d0e74c59f0dd6f937918d132a94618
D-subtree,subtree-395,3,auxiliary subtree case,True,validation/stage1-20261004-0100/subtree.jsonl,396,7e172cc101dd362b3f5727125fa00d5c573092027ad59ec0b1f755f5e3d6d3bf,b2352356b5e069d0c23e0ba420b40c978994fa1c7093e62c126508f8eb2270c3,7466b9e92ac09f6a5dd82cc928ebe1ea46d0e74c59f0dd6f937918d132a94618
D-subtree,subtree-396,101,auxiliary subtree case,True,validation/stage1-20261004-0100/subtree.jsonl,397,7e172cc101dd362b3f5727125fa00d5c573092027ad59ec0b1f755f5e3d6d3bf,29d3de24f6c9aecdc3029a87ce5bb62b26b2109e3330e1942acd699d1a93e43b,7466b9e92ac09f6a5dd82cc928ebe1ea46d0e74c59f0dd6f937918d132a94618
D-subtree,subtree-397,102,auxiliary subtree case,True,validation/stage1-20261004-0100/subtree.jsonl,398,7e172cc101dd362b3f5727125fa00d5c573092027ad59ec0b1f755f5e3d6d3bf,9dc45ef0288df658f89889d43789033c927cf749fb94cdd9c1ca690adf389f15,7466b9e92ac09f6a5dd82cc928ebe1ea46d0e74c59f0dd6f937918d132a94618
D-subtree,subtree-398,103,auxiliary subtree case,True,validation/stage1-20261004-0100/subtree.jsonl,399,7e172cc101dd362b3f5727125fa00d5c573092027ad59ec0b1f755f5e3d6d3bf,4739728f517f2c7445e6963b300d3eb1770251b7dc3e6427e9e7ff1ca7503742,7466b9e92ac09f6a5dd82cc928ebe1ea46d0e74c59f0dd6f937918d132a94618
D-subtree,subtree-399,201,auxiliary subtree case,True,validation/stage1-20261004-0100/subtree.jsonl,400,7e172cc101dd362b3f5727125fa00d5c573092027ad59ec0b1f755f5e3d6d3bf,02ff1352322a6fee3a55d8f831e48e6d31a48f903d5719f0da3f105cb2fbb862,7466b9e92ac09f6a5dd82cc928ebe1ea46d0e74c59f0dd6f937918d132a94618
D-subtree,subtree-400,1,auxiliary subtree case,True,validation/stage1-20261004-0100/subtree.jsonl,401,7e172cc101dd362b3f5727125fa00d5c573092027ad59ec0b1f755f5e3d6d3bf,2533086e1a237504c1f01bc24cc9ec3e373a13c7485be483992af3e92b3fe06f,7466b9e92ac09f6a5dd82cc928ebe1ea46d0e74c59f0dd6f937918d132a94618
D-subtree,subtree-401,2,auxiliary subtree case,True,validation/stage1-20261004-0100/subtree.jsonl,402,7e172cc101dd362b3f5727125fa00d5c573092027ad59ec0b1f755f5e3d6d3bf,bea3e5d403149718acdf47bef601229876a23a9fc5fb91c1c133f3d58839f0f5,7466b9e92ac09f6a5dd82cc928ebe1ea46d0e74c59f0dd6f937918d132a94618
D-subtree,subtree-402,3,auxiliary subtree case,True,validation/stage1-20261004-0100/subtree.jsonl,403,7e172cc101dd362b3f5727125fa00d5c573092027ad59ec0b1f755f5e3d6d3bf,62abd3f0025112a9ba5380e819e596bb49bbd9bc025bb74c0c7ec188e158609a,7466b9e92ac09f6a5dd82cc928ebe1ea46d0e74c59f0dd6f937918d132a94618
D-subtree,subtree-403,101,auxiliary subtree case,True,validation/stage1-20261004-0100/subtree.jsonl,404,7e172cc101dd362b3f5727125fa00d5c573092027ad59ec0b1f755f5e3d6d3bf,ece3f1bbe6bd83722a23479885a36fd0f5eb2bd2788745c64b05325aa1221546,7466b9e92ac09f6a5dd82cc928ebe1ea46d0e74c59f0dd6f937918d132a94618
D-subtree,subtree-404,102,auxiliary subtree case,True,validation/stage1-20261004-0100/subtree.jsonl,405,7e172cc101dd362b3f5727125fa00d5c573092027ad59ec0b1f755f5e3d6d3bf,9ee567d49ab3c1f8c3bf0220f88d8faec284876550cd933044de1bb3e98016c9,7466b9e92ac09f6a5dd82cc928ebe1ea46d0e74c59f0dd6f937918d132a94618
D-subtree,subtree-405,103,auxiliary subtree case,True,validation/stage1-20261004-0100/subtree.jsonl,406,7e172cc101dd362b3f5727125fa00d5c573092027ad59ec0b1f755f5e3d6d3bf,5c964e04ebd86c2a2160d48699b9cf167b8a3013967c5c781ef4725c312d4b10,7466b9e92ac09f6a5dd82cc928ebe1ea46d0e74c59f0dd6f937918d132a94618
D-subtree,subtree-406,201,auxiliary subtree case,True,validation/stage1-20261004-0100/subtree.jsonl,407,7e172cc101dd362b3f5727125fa00d5c573092027ad59ec0b1f755f5e3d6d3bf,37fdc56b47c76d060da258777c7405083dc7ba4118c385056494c3627e5c9dc0,7466b9e92ac09f6a5dd82cc928ebe1ea46d0e74c59f0dd6f937918d132a94618
D-subtree,subtree-407,1,auxiliary subtree case,True,validation/stage1-20261004-0100/subtree.jsonl,408,7e172cc101dd362b3f5727125fa00d5c573092027ad59ec0b1f755f5e3d6d3bf,f2b1082671dfef3f7c37dbf815329f91460927f8a055d2766158a8d0ff1ebb9f,7466b9e92ac09f6a5dd82cc928ebe1ea46d0e74c59f0dd6f937918d132a94618
D-subtree,subtree-408,2,auxiliary subtree case,True,validation/stage1-20261004-0100/subtree.jsonl,409,7e172cc101dd362b3f5727125fa00d5c573092027ad59ec0b1f755f5e3d6d3bf,588730a27ebc65fa34c1ded3ec0693df9625f5ebacdd71641345cac30552bf2f,7466b9e92ac09f6a5dd82cc928ebe1ea46d0e74c59f0dd6f937918d132a94618
D-subtree,subtree-409,3,auxiliary subtree case,True,validation/stage1-20261004-0100/subtree.jsonl,410,7e172cc101dd362b3f5727125fa00d5c573092027ad59ec0b1f755f5e3d6d3bf,2ce0901273fd31b67ccc66c6b0319eb0d76b9495b392ed741ce8c96aae6ee48b,7466b9e92ac09f6a5dd82cc928ebe1ea46d0e74c59f0dd6f937918d132a94618
D-subtree,subtree-410,101,auxiliary subtree case,True,validation/stage1-20261004-0100/subtree.jsonl,411,7e172cc101dd362b3f5727125fa00d5c573092027ad59ec0b1f755f5e3d6d3bf,0bbdd961f113d68204561f19f8b10b167731d79999d1ee91bbed957afa6ba839,7466b9e92ac09f6a5dd82cc928ebe1ea46d0e74c59f0dd6f937918d132a94618
D-subtree,subtree-411,102,auxiliary subtree case,True,validation/stage1-20261004-0100/subtree.jsonl,412,7e172cc101dd362b3f5727125fa00d5c573092027ad59ec0b1f755f5e3d6d3bf,551a041440cee4bd5924b374c8379deede68619db1a94fde0d9470188ae44a74,7466b9e92ac09f6a5dd82cc928ebe1ea46d0e74c59f0dd6f937918d132a94618
D-subtree,subtree-412,103,auxiliary subtree case,True,validation/stage1-20261004-0100/subtree.jsonl,413,7e172cc101dd362b3f5727125fa00d5c573092027ad59ec0b1f755f5e3d6d3bf,6440d5fd0fabab17379b08e6ef07a24c941d8bc147cd3f79d5b24c8f0ec0fbea,7466b9e92ac09f6a5dd82cc928ebe1ea46d0e74c59f0dd6f937918d132a94618
D-subtree,subtree-413,201,auxiliary subtree case,True,validation/stage1-20261004-0100/subtree.jsonl,414,7e172cc101dd362b3f5727125fa00d5c573092027ad59ec0b1f755f5e3d6d3bf,444b299f6d41add9654ae85ca3dfccfbb94ab17c56e5a6b048900a2cb4298d59,7466b9e92ac09f6a5dd82cc928ebe1ea46d0e74c59f0dd6f937918d132a94618
D-subtree,subtree-414,1,auxiliary subtree case,True,validation/stage1-20261004-0100/subtree.jsonl,415,7e172cc101dd362b3f5727125fa00d5c573092027ad59ec0b1f755f5e3d6d3bf,cfe1bc11eb0ab20f78c50e59b041a7fcd74e20899b46eb29ccb8d10b8bdf5eb6,7466b9e92ac09f6a5dd82cc928ebe1ea46d0e74c59f0dd6f937918d132a94618
D-subtree,subtree-415,2,auxiliary subtree case,True,validation/stage1-20261004-0100/subtree.jsonl,416,7e172cc101dd362b3f5727125fa00d5c573092027ad59ec0b1f755f5e3d6d3bf,e7b36c23f9cbbead0ecb200ce673bfb1ab87ed72604097bb2511632d87789f1d,7466b9e92ac09f6a5dd82cc928ebe1ea46d0e74c59f0dd6f937918d132a94618
D-subtree,subtree-416,3,auxiliary subtree case,True,validation/stage1-20261004-0100/subtree.jsonl,417,7e172cc101dd362b3f5727125fa00d5c573092027ad59ec0b1f755f5e3d6d3bf,da3cead97acf7943f1ad38ef158af0e67ce94bcc7da0e89944f80bf44a1dd6e5,7466b9e92ac09f6a5dd82cc928ebe1ea46d0e74c59f0dd6f937918d132a94618
D-subtree,subtree-417,101,auxiliary subtree case,True,validation/stage1-20261004-0100/subtree.jsonl,418,7e172cc101dd362b3f5727125fa00d5c573092027ad59ec0b1f755f5e3d6d3bf,2f7de3385c48ea6dab27cab3968eb7a9102f6001a280791ef83c9c2a4023c775,7466b9e92ac09f6a5dd82cc928ebe1ea46d0e74c59f0dd6f937918d132a94618
D-subtree,subtree-418,102,auxiliary subtree case,True,validation/stage1-20261004-0100/subtree.jsonl,419,7e172cc101dd362b3f5727125fa00d5c573092027ad59ec0b1f755f5e3d6d3bf,caffd80c4073ad1b0bc3ae5d4c057aec807393c581ce8520275dcae4dfaf50af,7466b9e92ac09f6a5dd82cc928ebe1ea46d0e74c59f0dd6f937918d132a94618
D-subtree,subtree-419,103,auxiliary subtree case,True,validation/stage1-20261004-0100/subtree.jsonl,420,7e172cc101dd362b3f5727125fa00d5c573092027ad59ec0b1f755f5e3d6d3bf,85952c30209c336c365393b63af75c89cc57ffd31ec1bb96482d7cc64fe6ca92,7466b9e92ac09f6a5dd82cc928ebe1ea46d0e74c59f0dd6f937918d132a94618
D-subtree,subtree-420,201,auxiliary subtree case,True,validation/stage1-20261004-0100/subtree.jsonl,421,7e172cc101dd362b3f5727125fa00d5c573092027ad59ec0b1f755f5e3d6d3bf,4679383781391879012e4b74db76cd623aa546f28bc7a67f6938c7d28e6a959c,7466b9e92ac09f6a5dd82cc928ebe1ea46d0e74c59f0dd6f937918d132a94618
D-subtree,subtree-421,1,auxiliary subtree case,True,validation/stage1-20261004-0100/subtree.jsonl,422,7e172cc101dd362b3f5727125fa00d5c573092027ad59ec0b1f755f5e3d6d3bf,5e28d672a4807267d300180a8122537b3050f4a4a1480b415b0f1fe6da81d776,7466b9e92ac09f6a5dd82cc928ebe1ea46d0e74c59f0dd6f937918d132a94618
D-subtree,subtree-422,2,auxiliary subtree case,True,validation/stage1-20261004-0100/subtree.jsonl,423,7e172cc101dd362b3f5727125fa00d5c573092027ad59ec0b1f755f5e3d6d3bf,5c67f3e5e7eebf1cb11f86bf9a044477cf772c72b01c2c799cede14f948c0eb3,7466b9e92ac09f6a5dd82cc928ebe1ea46d0e74c59f0dd6f937918d132a94618
D-subtree,subtree-423,3,auxiliary subtree case,True,validation/stage1-20261004-0100/subtree.jsonl,424,7e172cc101dd362b3f5727125fa00d5c573092027ad59ec0b1f755f5e3d6d3bf,fb0736606e53d438b276e83e8be787cbb65f6bcad4766e0c43e2154854a9b3a4,7466b9e92ac09f6a5dd82cc928ebe1ea46d0e74c59f0dd6f937918d132a94618
D-subtree,subtree-424,101,auxiliary subtree case,True,validation/stage1-20261004-0100/subtree.jsonl,425,7e172cc101dd362b3f5727125fa00d5c573092027ad59ec0b1f755f5e3d6d3bf,902486ad3962e476e511d4793f4ead8181d3de9bc860758cc3e4cb5413778923,7466b9e92ac09f6a5dd82cc928ebe1ea46d0e74c59f0dd6f937918d132a94618
D-subtree,subtree-425,102,auxiliary subtree case,True,validation/stage1-20261004-0100/subtree.jsonl,426,7e172cc101dd362b3f5727125fa00d5c573092027ad59ec0b1f755f5e3d6d3bf,fdbd8ead020c986cb354c8e85ee8170e58da67dec002d5d109b657510e69d338,7466b9e92ac09f6a5dd82cc928ebe1ea46d0e74c59f0dd6f937918d132a94618
D-subtree,subtree-426,103,auxiliary subtree case,True,validation/stage1-20261004-0100/subtree.jsonl,427,7e172cc101dd362b3f5727125fa00d5c573092027ad59ec0b1f755f5e3d6d3bf,91ece434af7e00154e6919ca97973f750ef57b546a039190f3b57bc564af4fd5,7466b9e92ac09f6a5dd82cc928ebe1ea46d0e74c59f0dd6f937918d132a94618
D-subtree,subtree-427,201,auxiliary subtree case,True,validation/stage1-20261004-0100/subtree.jsonl,428,7e172cc101dd362b3f5727125fa00d5c573092027ad59ec0b1f755f5e3d6d3bf,95102c4a02f6e1456528480ade43a07b105ca3e8403053b03b679b1c85efa3fa,7466b9e92ac09f6a5dd82cc928ebe1ea46d0e74c59f0dd6f937918d132a94618
D-subtree,subtree-428,1,auxiliary subtree case,True,validation/stage1-20261004-0100/subtree.jsonl,429,7e172cc101dd362b3f5727125fa00d5c573092027ad59ec0b1f755f5e3d6d3bf,e524b7ca587fee609c6be2987a326b7c8f8c0ae3a53c28031dcee8708758ed3a,7466b9e92ac09f6a5dd82cc928ebe1ea46d0e74c59f0dd6f937918d132a94618
D-subtree,subtree-429,2,auxiliary subtree case,True,validation/stage1-20261004-0100/subtree.jsonl,430,7e172cc101dd362b3f5727125fa00d5c573092027ad59ec0b1f755f5e3d6d3bf,f5341b953f56dcb268dff67188812dd1935fca21b4bc1687685eca05df549e19,7466b9e92ac09f6a5dd82cc928ebe1ea46d0e74c59f0dd6f937918d132a94618
D-subtree,subtree-430,3,auxiliary subtree case,True,validation/stage1-20261004-0100/subtree.jsonl,431,7e172cc101dd362b3f5727125fa00d5c573092027ad59ec0b1f755f5e3d6d3bf,a29e00bada4a5e2a96c4a3e48fe7362178301a3dbde1213da224f82b478d8871,7466b9e92ac09f6a5dd82cc928ebe1ea46d0e74c59f0dd6f937918d132a94618
D-subtree,subtree-431,101,auxiliary subtree case,True,validation/stage1-20261004-0100/subtree.jsonl,432,7e172cc101dd362b3f5727125fa00d5c573092027ad59ec0b1f755f5e3d6d3bf,c1d8c0e058d55b681fbbcf57f80e243e390a8077205263abfba05d9464101212,7466b9e92ac09f6a5dd82cc928ebe1ea46d0e74c59f0dd6f937918d132a94618
D-subtree,subtree-432,102,auxiliary subtree case,True,validation/stage1-20261004-0100/subtree.jsonl,433,7e172cc101dd362b3f5727125fa00d5c573092027ad59ec0b1f755f5e3d6d3bf,b80ac9c44cb87bd56739e8117196d4593c5a4b8371931f364ff09aedfc8c8658,7466b9e92ac09f6a5dd82cc928ebe1ea46d0e74c59f0dd6f937918d132a94618
D-subtree,subtree-433,103,auxiliary subtree case,True,validation/stage1-20261004-0100/subtree.jsonl,434,7e172cc101dd362b3f5727125fa00d5c573092027ad59ec0b1f755f5e3d6d3bf,e7052ab4b197211946e48c6706c1bebe4ceada3714b08f5d77d5517b22cc978c,7466b9e92ac09f6a5dd82cc928ebe1ea46d0e74c59f0dd6f937918d132a94618
D-subtree,subtree-434,201,auxiliary subtree case,True,validation/stage1-20261004-0100/subtree.jsonl,435,7e172cc101dd362b3f5727125fa00d5c573092027ad59ec0b1f755f5e3d6d3bf,f15f4103c7910c6d4306890b49e32f1fe2d47738157d2b2439811e0eedbf2a75,7466b9e92ac09f6a5dd82cc928ebe1ea46d0e74c59f0dd6f937918d132a94618
D-subtree,subtree-435,1,auxiliary subtree case,True,validation/stage1-20261004-0100/subtree.jsonl,436,7e172cc101dd362b3f5727125fa00d5c573092027ad59ec0b1f755f5e3d6d3bf,2ac68447959aed917f15e99df28641da94c68bcd1a700bac4571f6e0d6656c51,7466b9e92ac09f6a5dd82cc928ebe1ea46d0e74c59f0dd6f937918d132a94618
D-subtree,subtree-436,2,auxiliary subtree case,True,validation/stage1-20261004-0100/subtree.jsonl,437,7e172cc101dd362b3f5727125fa00d5c573092027ad59ec0b1f755f5e3d6d3bf,93cb2217aad72e9f19e755b978360d3d25e91400eda1a82f5145586a3b0bc948,7466b9e92ac09f6a5dd82cc928ebe1ea46d0e74c59f0dd6f937918d132a94618
D-subtree,subtree-437,3,auxiliary subtree case,True,validation/stage1-20261004-0100/subtree.jsonl,438,7e172cc101dd362b3f5727125fa00d5c573092027ad59ec0b1f755f5e3d6d3bf,cca76a18a07b833604418c71c65ceb73de62ce2d5b5f14211880bfd55af44637,7466b9e92ac09f6a5dd82cc928ebe1ea46d0e74c59f0dd6f937918d132a94618
D-subtree,subtree-438,101,auxiliary subtree case,True,validation/stage1-20261004-0100/subtree.jsonl,439,7e172cc101dd362b3f5727125fa00d5c573092027ad59ec0b1f755f5e3d6d3bf,3a6d1a190f3842cab783574ac49cb4952e905b80a240e032ebc30673d128ca6a,7466b9e92ac09f6a5dd82cc928ebe1ea46d0e74c59f0dd6f937918d132a94618
D-subtree,subtree-439,102,auxiliary subtree case,True,validation/stage1-20261004-0100/subtree.jsonl,440,7e172cc101dd362b3f5727125fa00d5c573092027ad59ec0b1f755f5e3d6d3bf,285a5e20b4a08019e108b9b670e03d0e80b944b075d61e4cb61f5e8fab182c23,7466b9e92ac09f6a5dd82cc928ebe1ea46d0e74c59f0dd6f937918d132a94618
D-subtree,subtree-440,103,auxiliary subtree case,True,validation/stage1-20261004-0100/subtree.jsonl,441,7e172cc101dd362b3f5727125fa00d5c573092027ad59ec0b1f755f5e3d6d3bf,7f3c4776b9d0f8c7d23f412f1de47525aeb2660a4d135f7921ad1b8c69728d6d,7466b9e92ac09f6a5dd82cc928ebe1ea46d0e74c59f0dd6f937918d132a94618
D-subtree,subtree-441,201,auxiliary subtree case,True,validation/stage1-20261004-0100/subtree.jsonl,442,7e172cc101dd362b3f5727125fa00d5c573092027ad59ec0b1f755f5e3d6d3bf,065314f05a3086c1ea68c15590dd1301b457f510c0bf2d3273e16af405ddc4c5,7466b9e92ac09f6a5dd82cc928ebe1ea46d0e74c59f0dd6f937918d132a94618
D-subtree,subtree-442,1,auxiliary subtree case,True,validation/stage1-20261004-0100/subtree.jsonl,443,7e172cc101dd362b3f5727125fa00d5c573092027ad59ec0b1f755f5e3d6d3bf,274d7182e1704bcb130a56524a849f74716e86a582161419600ec624ee0e4188,7466b9e92ac09f6a5dd82cc928ebe1ea46d0e74c59f0dd6f937918d132a94618
D-subtree,subtree-443,2,auxiliary subtree case,True,validation/stage1-20261004-0100/subtree.jsonl,444,7e172cc101dd362b3f5727125fa00d5c573092027ad59ec0b1f755f5e3d6d3bf,bc81327ae6d9439267030d799ef6487246ba3eafa490188e3ae791c6251677ec,7466b9e92ac09f6a5dd82cc928ebe1ea46d0e74c59f0dd6f937918d132a94618
D-subtree,subtree-444,3,auxiliary subtree case,True,validation/stage1-20261004-0100/subtree.jsonl,445,7e172cc101dd362b3f5727125fa00d5c573092027ad59ec0b1f755f5e3d6d3bf,258a93370d210249506a651c8af67e972de8124ab8bd5ea0780fa9632132e508,7466b9e92ac09f6a5dd82cc928ebe1ea46d0e74c59f0dd6f937918d132a94618
D-subtree,subtree-445,101,auxiliary subtree case,True,validation/stage1-20261004-0100/subtree.jsonl,446,7e172cc101dd362b3f5727125fa00d5c573092027ad59ec0b1f755f5e3d6d3bf,5caac59e4a7864cabe75a05b8ab2789c829e8d6e322e9a4f94a627aed190615c,7466b9e92ac09f6a5dd82cc928ebe1ea46d0e74c59f0dd6f937918d132a94618
D-subtree,subtree-446,102,auxiliary subtree case,True,validation/stage1-20261004-0100/subtree.jsonl,447,7e172cc101dd362b3f5727125fa00d5c573092027ad59ec0b1f755f5e3d6d3bf,2ddab1869bc11f58ce31d91a0b6a7e8b44e3b15a8ecdd70a03eb3d93ee00f9f7,7466b9e92ac09f6a5dd82cc928ebe1ea46d0e74c59f0dd6f937918d132a94618
D-subtree,subtree-447,103,auxiliary subtree case,True,validation/stage1-20261004-0100/subtree.jsonl,448,7e172cc101dd362b3f5727125fa00d5c573092027ad59ec0b1f755f5e3d6d3bf,47f9d5597551be0f918aee71627a4d4a0c5d171c7a5429e9d39efbc7fdd21173,7466b9e92ac09f6a5dd82cc928ebe1ea46d0e74c59f0dd6f937918d132a94618
D-subtree,subtree-448,201,auxiliary subtree case,True,validation/stage1-20261004-0100/subtree.jsonl,449,7e172cc101dd362b3f5727125fa00d5c573092027ad59ec0b1f755f5e3d6d3bf,5e15c76fe0bb44e71001522fdb65e2658527fea07adf061f2271de2a896d4f39,7466b9e92ac09f6a5dd82cc928ebe1ea46d0e74c59f0dd6f937918d132a94618
D-subtree,subtree-449,1,auxiliary subtree case,True,validation/stage1-20261004-0100/subtree.jsonl,450,7e172cc101dd362b3f5727125fa00d5c573092027ad59ec0b1f755f5e3d6d3bf,100487bcdae7d10efec8165ebd54a16729364586fdce1a74a9be595a0c503fbf,7466b9e92ac09f6a5dd82cc928ebe1ea46d0e74c59f0dd6f937918d132a94618
D-subtree,subtree-450,2,auxiliary subtree case,True,validation/stage1-20261004-0100/subtree.jsonl,451,7e172cc101dd362b3f5727125fa00d5c573092027ad59ec0b1f755f5e3d6d3bf,7aa737658ae56585d5335346f63d9f12916e93928a3dc1aab66e4e5f36f1beb1,7466b9e92ac09f6a5dd82cc928ebe1ea46d0e74c59f0dd6f937918d132a94618
D-subtree,subtree-451,3,auxiliary subtree case,True,validation/stage1-20261004-0100/subtree.jsonl,452,7e172cc101dd362b3f5727125fa00d5c573092027ad59ec0b1f755f5e3d6d3bf,7a4eef2ced1d56daec69833b529edc6396d29d5e5a24a6a7d15759877264cee5,7466b9e92ac09f6a5dd82cc928ebe1ea46d0e74c59f0dd6f937918d132a94618
D-subtree,subtree-452,101,auxiliary subtree case,True,validation/stage1-20261004-0100/subtree.jsonl,453,7e172cc101dd362b3f5727125fa00d5c573092027ad59ec0b1f755f5e3d6d3bf,bd6b77f83ce29fb3458fce547022bcc7d216b960f78da2a38afc3ef30d06259a,7466b9e92ac09f6a5dd82cc928ebe1ea46d0e74c59f0dd6f937918d132a94618
D-subtree,subtree-453,102,auxiliary subtree case,True,validation/stage1-20261004-0100/subtree.jsonl,454,7e172cc101dd362b3f5727125fa00d5c573092027ad59ec0b1f755f5e3d6d3bf,7d8f5a9accc2333767804a46775eb8a1cf67c338ebcf3e119cc2ca75a8abfdde,7466b9e92ac09f6a5dd82cc928ebe1ea46d0e74c59f0dd6f937918d132a94618
D-subtree,subtree-454,103,auxiliary subtree case,True,validation/stage1-20261004-0100/subtree.jsonl,455,7e172cc101dd362b3f5727125fa00d5c573092027ad59ec0b1f755f5e3d6d3bf,facadf939bb973c46b6f77173e98442adaab6a3b2a448301ee5670aa8211e4a5,7466b9e92ac09f6a5dd82cc928ebe1ea46d0e74c59f0dd6f937918d132a94618
D-subtree,subtree-455,201,auxiliary subtree case,True,validation/stage1-20261004-0100/subtree.jsonl,456,7e172cc101dd362b3f5727125fa00d5c573092027ad59ec0b1f755f5e3d6d3bf,54bf53f02e7568bccedc4da6712d3232331fc1e46580ce22b27156d1ff3098c2,7466b9e92ac09f6a5dd82cc928ebe1ea46d0e74c59f0dd6f937918d132a94618
D-subtree,subtree-456,1,auxiliary subtree case,True,validation/stage1-20261004-0100/subtree.jsonl,457,7e172cc101dd362b3f5727125fa00d5c573092027ad59ec0b1f755f5e3d6d3bf,cf146b0663503339948b85d55409a9cfce41600b6c460d6a4d713d5135b40195,7466b9e92ac09f6a5dd82cc928ebe1ea46d0e74c59f0dd6f937918d132a94618
D-subtree,subtree-457,2,auxiliary subtree case,True,validation/stage1-20261004-0100/subtree.jsonl,458,7e172cc101dd362b3f5727125fa00d5c573092027ad59ec0b1f755f5e3d6d3bf,3b6045e5437d933038f251bf17223ed8b7e57e4c72f85e8009942ab1d46f75c9,7466b9e92ac09f6a5dd82cc928ebe1ea46d0e74c59f0dd6f937918d132a94618
D-subtree,subtree-458,3,auxiliary subtree case,True,validation/stage1-20261004-0100/subtree.jsonl,459,7e172cc101dd362b3f5727125fa00d5c573092027ad59ec0b1f755f5e3d6d3bf,1674bd6b41bc0f6575d92dd2a83db66250fea0bca51b7891b73f9cd301626918,7466b9e92ac09f6a5dd82cc928ebe1ea46d0e74c59f0dd6f937918d132a94618
D-subtree,subtree-459,101,auxiliary subtree case,True,validation/stage1-20261004-0100/subtree.jsonl,460,7e172cc101dd362b3f5727125fa00d5c573092027ad59ec0b1f755f5e3d6d3bf,215d5ab8cfed8d9bffa660f9114e258d674d93eeaaf8afbed5c45a0a0ffc85ce,7466b9e92ac09f6a5dd82cc928ebe1ea46d0e74c59f0dd6f937918d132a94618
D-subtree,subtree-460,102,auxiliary subtree case,True,validation/stage1-20261004-0100/subtree.jsonl,461,7e172cc101dd362b3f5727125fa00d5c573092027ad59ec0b1f755f5e3d6d3bf,06fdea1f1e56912bb37296aafaf651d5bb690cecadafdc64226d30b755b97ba1,7466b9e92ac09f6a5dd82cc928ebe1ea46d0e74c59f0dd6f937918d132a94618
D-subtree,subtree-461,103,auxiliary subtree case,True,validation/stage1-20261004-0100/subtree.jsonl,462,7e172cc101dd362b3f5727125fa00d5c573092027ad59ec0b1f755f5e3d6d3bf,99f1fa92067966c5181d047172e47e911d9cda56c48ce1b09e3133da23685052,7466b9e92ac09f6a5dd82cc928ebe1ea46d0e74c59f0dd6f937918d132a94618
D-subtree,subtree-462,201,auxiliary subtree case,True,validation/stage1-20261004-0100/subtree.jsonl,463,7e172cc101dd362b3f5727125fa00d5c573092027ad59ec0b1f755f5e3d6d3bf,3a44bb22b2262281c4a64cb5b8113fa7eba41c3ec064a7b6f489c81f31e7014c,7466b9e92ac09f6a5dd82cc928ebe1ea46d0e74c59f0dd6f937918d132a94618
D-subtree,subtree-463,1,auxiliary subtree case,True,validation/stage1-20261004-0100/subtree.jsonl,464,7e172cc101dd362b3f5727125fa00d5c573092027ad59ec0b1f755f5e3d6d3bf,37ab53224075d1b8ce153d3a3c6c86f88a7738b7e3e54d4472723c156c5c0907,7466b9e92ac09f6a5dd82cc928ebe1ea46d0e74c59f0dd6f937918d132a94618
D-subtree,subtree-464,2,auxiliary subtree case,True,validation/stage1-20261004-0100/subtree.jsonl,465,7e172cc101dd362b3f5727125fa00d5c573092027ad59ec0b1f755f5e3d6d3bf,ccafa093fb743ef3ae1053a1936c3c9915d34097970c7768d8368defdc00204a,7466b9e92ac09f6a5dd82cc928ebe1ea46d0e74c59f0dd6f937918d132a94618
D-subtree,subtree-465,3,auxiliary subtree case,True,validation/stage1-20261004-0100/subtree.jsonl,466,7e172cc101dd362b3f5727125fa00d5c573092027ad59ec0b1f755f5e3d6d3bf,f767f123658d92774415988d9070b71e40e5dfdf4c193ec7e7a5cd4e63c14324,7466b9e92ac09f6a5dd82cc928ebe1ea46d0e74c59f0dd6f937918d132a94618
D-subtree,subtree-466,101,auxiliary subtree case,True,validation/stage1-20261004-0100/subtree.jsonl,467,7e172cc101dd362b3f5727125fa00d5c573092027ad59ec0b1f755f5e3d6d3bf,75aff10a90c6ea8a6da4ce1fdb1f228e7045403da63c595156d3285fec5b80de,7466b9e92ac09f6a5dd82cc928ebe1ea46d0e74c59f0dd6f937918d132a94618
D-subtree,subtree-467,102,auxiliary subtree case,True,validation/stage1-20261004-0100/subtree.jsonl,468,7e172cc101dd362b3f5727125fa00d5c573092027ad59ec0b1f755f5e3d6d3bf,22bca85ee0f07e2bd6506585f84b021594fae813c5e85c775a39c8d35923af40,7466b9e92ac09f6a5dd82cc928ebe1ea46d0e74c59f0dd6f937918d132a94618
D-subtree,subtree-468,103,auxiliary subtree case,True,validation/stage1-20261004-0100/subtree.jsonl,469,7e172cc101dd362b3f5727125fa00d5c573092027ad59ec0b1f755f5e3d6d3bf,447b247d1d5918cf7d10d537dc58a4b4e75526682b39128a8b6235836bcaac67,7466b9e92ac09f6a5dd82cc928ebe1ea46d0e74c59f0dd6f937918d132a94618
D-subtree,subtree-469,201,auxiliary subtree case,True,validation/stage1-20261004-0100/subtree.jsonl,470,7e172cc101dd362b3f5727125fa00d5c573092027ad59ec0b1f755f5e3d6d3bf,2b2efa4c5a13be7270976b6ece813efe5ecea8bde87a3c55bf7cdb4f17c1219f,7466b9e92ac09f6a5dd82cc928ebe1ea46d0e74c59f0dd6f937918d132a94618
D-subtree,subtree-470,1,auxiliary subtree case,True,validation/stage1-20261004-0100/subtree.jsonl,471,7e172cc101dd362b3f5727125fa00d5c573092027ad59ec0b1f755f5e3d6d3bf,73137a3f11925417c9397a065c9cbe046970035696f722b76687cbb6414cf658,7466b9e92ac09f6a5dd82cc928ebe1ea46d0e74c59f0dd6f937918d132a94618
D-subtree,subtree-471,2,auxiliary subtree case,True,validation/stage1-20261004-0100/subtree.jsonl,472,7e172cc101dd362b3f5727125fa00d5c573092027ad59ec0b1f755f5e3d6d3bf,66b23752c3bd8ae3270028935532fa7d289644b02803fc97b7a82a13907a587d,7466b9e92ac09f6a5dd82cc928ebe1ea46d0e74c59f0dd6f937918d132a94618
D-subtree,subtree-472,3,auxiliary subtree case,True,validation/stage1-20261004-0100/subtree.jsonl,473,7e172cc101dd362b3f5727125fa00d5c573092027ad59ec0b1f755f5e3d6d3bf,0749468c30811cf7573f1a28618cd1ebb44969517b9890b3fd88823f451e022a,7466b9e92ac09f6a5dd82cc928ebe1ea46d0e74c59f0dd6f937918d132a94618
D-subtree,subtree-473,101,auxiliary subtree case,True,validation/stage1-20261004-0100/subtree.jsonl,474,7e172cc101dd362b3f5727125fa00d5c573092027ad59ec0b1f755f5e3d6d3bf,eb11d0ddd46f83115c841a1ed20d87189467497b5e3286f6365ece72c3bef5b2,7466b9e92ac09f6a5dd82cc928ebe1ea46d0e74c59f0dd6f937918d132a94618
D-subtree,subtree-474,102,auxiliary subtree case,True,validation/stage1-20261004-0100/subtree.jsonl,475,7e172cc101dd362b3f5727125fa00d5c573092027ad59ec0b1f755f5e3d6d3bf,0fd55a92374a7d5a1ae02be77fe2b3f47aad1b44220ab98f295d937a90dc9028,7466b9e92ac09f6a5dd82cc928ebe1ea46d0e74c59f0dd6f937918d132a94618
D-subtree,subtree-475,103,auxiliary subtree case,True,validation/stage1-20261004-0100/subtree.jsonl,476,7e172cc101dd362b3f5727125fa00d5c573092027ad59ec0b1f755f5e3d6d3bf,311d801d9ea066bc4aea05260950e538cdb66206ac9a9ab62b7bb9f018c43aed,7466b9e92ac09f6a5dd82cc928ebe1ea46d0e74c59f0dd6f937918d132a94618
D-subtree,subtree-476,201,auxiliary subtree case,True,validation/stage1-20261004-0100/subtree.jsonl,477,7e172cc101dd362b3f5727125fa00d5c573092027ad59ec0b1f755f5e3d6d3bf,a9f0adb613fe4074057ee78e5414ed6766ea6e97f387232938d16634bd85fd8e,7466b9e92ac09f6a5dd82cc928ebe1ea46d0e74c59f0dd6f937918d132a94618
D-subtree,subtree-477,1,auxiliary subtree case,True,validation/stage1-20261004-0100/subtree.jsonl,478,7e172cc101dd362b3f5727125fa00d5c573092027ad59ec0b1f755f5e3d6d3bf,ad8e4165c8489583c8f6314446b6a45a3dfcbd701a5f80efb9cd96825607d478,7466b9e92ac09f6a5dd82cc928ebe1ea46d0e74c59f0dd6f937918d132a94618
D-subtree,subtree-478,2,auxiliary subtree case,True,validation/stage1-20261004-0100/subtree.jsonl,479,7e172cc101dd362b3f5727125fa00d5c573092027ad59ec0b1f755f5e3d6d3bf,e95098f967bdd887267bf91dac6b3d7bd32756bd181125419b4bd9d9ab24f691,7466b9e92ac09f6a5dd82cc928ebe1ea46d0e74c59f0dd6f937918d132a94618
D-subtree,subtree-479,3,auxiliary subtree case,True,validation/stage1-20261004-0100/subtree.jsonl,480,7e172cc101dd362b3f5727125fa00d5c573092027ad59ec0b1f755f5e3d6d3bf,2ee82491f7c0100204ea329d4212df8f9d6a8118425ea62e56266152963cc588,7466b9e92ac09f6a5dd82cc928ebe1ea46d0e74c59f0dd6f937918d132a94618
D-subtree,subtree-480,101,auxiliary subtree case,True,validation/stage1-20261004-0100/subtree.jsonl,481,7e172cc101dd362b3f5727125fa00d5c573092027ad59ec0b1f755f5e3d6d3bf,070715870d6e5e094bf21cf729e5dd5d2e78da415b3f8ba5d4373b610fa905de,7466b9e92ac09f6a5dd82cc928ebe1ea46d0e74c59f0dd6f937918d132a94618
D-subtree,subtree-481,102,auxiliary subtree case,True,validation/stage1-20261004-0100/subtree.jsonl,482,7e172cc101dd362b3f5727125fa00d5c573092027ad59ec0b1f755f5e3d6d3bf,286d60d616af6fbf299ff6528f7e1ffaab672988ca7b11bca7893624d0af83f7,7466b9e92ac09f6a5dd82cc928ebe1ea46d0e74c59f0dd6f937918d132a94618
D-subtree,subtree-482,103,auxiliary subtree case,True,validation/stage1-20261004-0100/subtree.jsonl,483,7e172cc101dd362b3f5727125fa00d5c573092027ad59ec0b1f755f5e3d6d3bf,b2854c4bdf5a5db31cdfeddb88b94acafe7225fd6d98e19332cdee4482e7f09a,7466b9e92ac09f6a5dd82cc928ebe1ea46d0e74c59f0dd6f937918d132a94618
D-subtree,subtree-483,201,auxiliary subtree case,True,validation/stage1-20261004-0100/subtree.jsonl,484,7e172cc101dd362b3f5727125fa00d5c573092027ad59ec0b1f755f5e3d6d3bf,a46ab9fc2ee999de27b3ca6f4277bac8fa6ade7737c3e0cb8ce7c8bd1dcc5415,7466b9e92ac09f6a5dd82cc928ebe1ea46d0e74c59f0dd6f937918d132a94618
D-subtree,subtree-484,1,auxiliary subtree case,True,validation/stage1-20261004-0100/subtree.jsonl,485,7e172cc101dd362b3f5727125fa00d5c573092027ad59ec0b1f755f5e3d6d3bf,44698540f7f16ed50c0925ae22f11f6559e940ba4e27e31953e33f1944d51451,7466b9e92ac09f6a5dd82cc928ebe1ea46d0e74c59f0dd6f937918d132a94618
D-subtree,subtree-485,2,auxiliary subtree case,True,validation/stage1-20261004-0100/subtree.jsonl,486,7e172cc101dd362b3f5727125fa00d5c573092027ad59ec0b1f755f5e3d6d3bf,2fb1dbd9bf6db699f1e49d335df89693e2803650496adefe46800d1de5fbe6ea,7466b9e92ac09f6a5dd82cc928ebe1ea46d0e74c59f0dd6f937918d132a94618
D-subtree,subtree-486,3,auxiliary subtree case,True,validation/stage1-20261004-0100/subtree.jsonl,487,7e172cc101dd362b3f5727125fa00d5c573092027ad59ec0b1f755f5e3d6d3bf,c4a2996e9428d58219dc6f2c24c8c49b0e0f9bef576c12c934583bf6bf6cab7a,7466b9e92ac09f6a5dd82cc928ebe1ea46d0e74c59f0dd6f937918d132a94618
D-subtree,subtree-487,101,auxiliary subtree case,True,validation/stage1-20261004-0100/subtree.jsonl,488,7e172cc101dd362b3f5727125fa00d5c573092027ad59ec0b1f755f5e3d6d3bf,c3c32bae617fce14ccfc5bf891fa12d04637d7bc2d5fc4462425503954c5d7be,7466b9e92ac09f6a5dd82cc928ebe1ea46d0e74c59f0dd6f937918d132a94618
D-subtree,subtree-488,102,auxiliary subtree case,True,validation/stage1-20261004-0100/subtree.jsonl,489,7e172cc101dd362b3f5727125fa00d5c573092027ad59ec0b1f755f5e3d6d3bf,db8e31c260efa6ed6524ed34a963dc87c52561c0b899c0ae4f570ef71b58ff6a,7466b9e92ac09f6a5dd82cc928ebe1ea46d0e74c59f0dd6f937918d132a94618
D-subtree,subtree-489,103,auxiliary subtree case,True,validation/stage1-20261004-0100/subtree.jsonl,490,7e172cc101dd362b3f5727125fa00d5c573092027ad59ec0b1f755f5e3d6d3bf,a9546b5b729b7c683eac241ca7bc69004218ea5c38618e819269027393c9ca41,7466b9e92ac09f6a5dd82cc928ebe1ea46d0e74c59f0dd6f937918d132a94618
D-subtree,subtree-490,201,auxiliary subtree case,True,validation/stage1-20261004-0100/subtree.jsonl,491,7e172cc101dd362b3f5727125fa00d5c573092027ad59ec0b1f755f5e3d6d3bf,e8239e4ffdbe421deab50d1e880fe53f6959b93c6f7380f8f00ff4dc34eae7d1,7466b9e92ac09f6a5dd82cc928ebe1ea46d0e74c59f0dd6f937918d132a94618
D-subtree,subtree-491,1,auxiliary subtree case,True,validation/stage1-20261004-0100/subtree.jsonl,492,7e172cc101dd362b3f5727125fa00d5c573092027ad59ec0b1f755f5e3d6d3bf,f6913b0a360e00d0dd40f76809abf31928cf71448ad4e50ea824284c6dea1dbb,7466b9e92ac09f6a5dd82cc928ebe1ea46d0e74c59f0dd6f937918d132a94618
D-subtree,subtree-492,2,auxiliary subtree case,True,validation/stage1-20261004-0100/subtree.jsonl,493,7e172cc101dd362b3f5727125fa00d5c573092027ad59ec0b1f755f5e3d6d3bf,f3be1c386e1d4972355d297b3bf3a745d52472d54d86d83768565261a038ab96,7466b9e92ac09f6a5dd82cc928ebe1ea46d0e74c59f0dd6f937918d132a94618
D-subtree,subtree-493,3,auxiliary subtree case,True,validation/stage1-20261004-0100/subtree.jsonl,494,7e172cc101dd362b3f5727125fa00d5c573092027ad59ec0b1f755f5e3d6d3bf,0cabfcd0e44001898f9249bdd9ad492c2faff3f687d784846ed2488bf8e8582b,7466b9e92ac09f6a5dd82cc928ebe1ea46d0e74c59f0dd6f937918d132a94618
D-subtree,subtree-494,101,auxiliary subtree case,True,validation/stage1-20261004-0100/subtree.jsonl,495,7e172cc101dd362b3f5727125fa00d5c573092027ad59ec0b1f755f5e3d6d3bf,edbc37a6ceb92125471cb08799eea4c4f04e3f8cdd12143d3e1f0188ff60731e,7466b9e92ac09f6a5dd82cc928ebe1ea46d0e74c59f0dd6f937918d132a94618
D-subtree,subtree-495,102,auxiliary subtree case,True,validation/stage1-20261004-0100/subtree.jsonl,496,7e172cc101dd362b3f5727125fa00d5c573092027ad59ec0b1f755f5e3d6d3bf,9e5f72ad75f0892cca980c656169b9e94a478af1baf19e1588c08ff40e7003bf,7466b9e92ac09f6a5dd82cc928ebe1ea46d0e74c59f0dd6f937918d132a94618
D-subtree,subtree-496,103,auxiliary subtree case,True,validation/stage1-20261004-0100/subtree.jsonl,497,7e172cc101dd362b3f5727125fa00d5c573092027ad59ec0b1f755f5e3d6d3bf,dd26932317c8af28cd812cc889483bc3ed8c2295ccbdca5252ec455b89a72900,7466b9e92ac09f6a5dd82cc928ebe1ea46d0e74c59f0dd6f937918d132a94618
D-subtree,subtree-497,201,auxiliary subtree case,True,validation/stage1-20261004-0100/subtree.jsonl,498,7e172cc101dd362b3f5727125fa00d5c573092027ad59ec0b1f755f5e3d6d3bf,31dd0bfa94943e4f30cbac3b9f718c5a2190e2318eb3cff3bcabd11ce90d7071,7466b9e92ac09f6a5dd82cc928ebe1ea46d0e74c59f0dd6f937918d132a94618
D-subtree,subtree-498,1,auxiliary subtree case,True,validation/stage1-20261004-0100/subtree.jsonl,499,7e172cc101dd362b3f5727125fa00d5c573092027ad59ec0b1f755f5e3d6d3bf,665b81f680520c9543f9819efb0d6fce424c21b8c0253f82e22f8311f1738e22,7466b9e92ac09f6a5dd82cc928ebe1ea46d0e74c59f0dd6f937918d132a94618
D-subtree,subtree-499,2,auxiliary subtree case,True,validation/stage1-20261004-0100/subtree.jsonl,500,7e172cc101dd362b3f5727125fa00d5c573092027ad59ec0b1f755f5e3d6d3bf,818087b6c2f0bc2b1ae2399924ecdb2a6f25f6f9719c710a9cc0818fc60fb430,7466b9e92ac09f6a5dd82cc928ebe1ea46d0e74c59f0dd6f937918d132a94618
D-subtree,subtree-500,3,auxiliary subtree case,True,validation/stage1-20261004-0100/subtree.jsonl,501,7e172cc101dd362b3f5727125fa00d5c573092027ad59ec0b1f755f5e3d6d3bf,5fe2ce935a009833106e8051517fea430352e3bb589e91c5beeccc26e5612fac,7466b9e92ac09f6a5dd82cc928ebe1ea46d0e74c59f0dd6f937918d132a94618
D-subtree,subtree-501,101,auxiliary subtree case,True,validation/stage1-20261004-0100/subtree.jsonl,502,7e172cc101dd362b3f5727125fa00d5c573092027ad59ec0b1f755f5e3d6d3bf,c45468a5cec0e0d14576a8cd26a54995078d9918cdf797d998330b244eca8229,7466b9e92ac09f6a5dd82cc928ebe1ea46d0e74c59f0dd6f937918d132a94618
D-subtree,subtree-502,102,auxiliary subtree case,True,validation/stage1-20261004-0100/subtree.jsonl,503,7e172cc101dd362b3f5727125fa00d5c573092027ad59ec0b1f755f5e3d6d3bf,ef46e9f9454f2092085ac1b928d8a3581c65f8ed78df2520c52274bc70fc9e03,7466b9e92ac09f6a5dd82cc928ebe1ea46d0e74c59f0dd6f937918d132a94618
D-subtree,subtree-503,103,auxiliary subtree case,True,validation/stage1-20261004-0100/subtree.jsonl,504,7e172cc101dd362b3f5727125fa00d5c573092027ad59ec0b1f755f5e3d6d3bf,259837a471e97e1864f5591767a656a4e1be5d15f16444304779571c1f7ae62b,7466b9e92ac09f6a5dd82cc928ebe1ea46d0e74c59f0dd6f937918d132a94618
D-subtree,subtree-504,201,auxiliary subtree case,True,validation/stage1-20261004-0100/subtree.jsonl,505,7e172cc101dd362b3f5727125fa00d5c573092027ad59ec0b1f755f5e3d6d3bf,3d379d45f08b8bfcb30d5708b6a9b97d7ce5f6654e551141b0fc7f93fe7c570e,7466b9e92ac09f6a5dd82cc928ebe1ea46d0e74c59f0dd6f937918d132a94618
D-subtree,subtree-505,1,auxiliary subtree case,True,validation/stage1-20261004-0100/subtree.jsonl,506,7e172cc101dd362b3f5727125fa00d5c573092027ad59ec0b1f755f5e3d6d3bf,164adc89a19988051a53b1803367f143b18684c1fbd086660d8182ca08e66a63,7466b9e92ac09f6a5dd82cc928ebe1ea46d0e74c59f0dd6f937918d132a94618
D-subtree,subtree-506,2,auxiliary subtree case,True,validation/stage1-20261004-0100/subtree.jsonl,507,7e172cc101dd362b3f5727125fa00d5c573092027ad59ec0b1f755f5e3d6d3bf,6a433b6045e707cd7d27b296efecff408a69db47df1df4bf89052d018cc5fbe1,7466b9e92ac09f6a5dd82cc928ebe1ea46d0e74c59f0dd6f937918d132a94618
D-subtree,subtree-507,3,auxiliary subtree case,True,validation/stage1-20261004-0100/subtree.jsonl,508,7e172cc101dd362b3f5727125fa00d5c573092027ad59ec0b1f755f5e3d6d3bf,5ccebc473fdc5b1380a277948e35883c5373f9d0234c6241a4bed479440e63c2,7466b9e92ac09f6a5dd82cc928ebe1ea46d0e74c59f0dd6f937918d132a94618
D-subtree,subtree-508,101,auxiliary subtree case,True,validation/stage1-20261004-0100/subtree.jsonl,509,7e172cc101dd362b3f5727125fa00d5c573092027ad59ec0b1f755f5e3d6d3bf,f8abcd8abf788c84e4f1ea72573a93b644c917f75263320e01f8e3098f3aff57,7466b9e92ac09f6a5dd82cc928ebe1ea46d0e74c59f0dd6f937918d132a94618
D-subtree,subtree-509,102,auxiliary subtree case,True,validation/stage1-20261004-0100/subtree.jsonl,510,7e172cc101dd362b3f5727125fa00d5c573092027ad59ec0b1f755f5e3d6d3bf,cbdb4023654c3a1ab851bd363a105b7f416ecef618d74e515e1f2d53ac8d73d4,7466b9e92ac09f6a5dd82cc928ebe1ea46d0e74c59f0dd6f937918d132a94618
D-subtree,subtree-510,103,auxiliary subtree case,True,validation/stage1-20261004-0100/subtree.jsonl,511,7e172cc101dd362b3f5727125fa00d5c573092027ad59ec0b1f755f5e3d6d3bf,0b9be86f5832330955185ed7884bf4baee0be01b810f1f5cb6db08028ad6dfd0,7466b9e92ac09f6a5dd82cc928ebe1ea46d0e74c59f0dd6f937918d132a94618
D-subtree,subtree-511,201,auxiliary subtree case,True,validation/stage1-20261004-0100/subtree.jsonl,512,7e172cc101dd362b3f5727125fa00d5c573092027ad59ec0b1f755f5e3d6d3bf,7e8e96f5530cb90117cff79871b7f9eaa8e0d5eeaceaa9b4da0f3d9ad70d15b9,7466b9e92ac09f6a5dd82cc928ebe1ea46d0e74c59f0dd6f937918d132a94618
D-subtree,subtree-512,1,auxiliary subtree case,True,validation/stage1-20261004-0100/subtree.jsonl,513,7e172cc101dd362b3f5727125fa00d5c573092027ad59ec0b1f755f5e3d6d3bf,bec5d829099f307dff577fdee061358a8aaeeb922797a9947e42142e00db63c2,7466b9e92ac09f6a5dd82cc928ebe1ea46d0e74c59f0dd6f937918d132a94618
D-subtree,subtree-513,2,auxiliary subtree case,True,validation/stage1-20261004-0100/subtree.jsonl,514,7e172cc101dd362b3f5727125fa00d5c573092027ad59ec0b1f755f5e3d6d3bf,53bf1e4c35de38991f043805c457fa7e08b153f66913d807ebf7f2b788f2d76e,7466b9e92ac09f6a5dd82cc928ebe1ea46d0e74c59f0dd6f937918d132a94618
D-subtree,subtree-514,3,auxiliary subtree case,True,validation/stage1-20261004-0100/subtree.jsonl,515,7e172cc101dd362b3f5727125fa00d5c573092027ad59ec0b1f755f5e3d6d3bf,450a46762c9bc92f562346bcb53da6a50f008a576ef501f063b6a34aa145b24c,7466b9e92ac09f6a5dd82cc928ebe1ea46d0e74c59f0dd6f937918d132a94618
D-subtree,subtree-515,101,auxiliary subtree case,True,validation/stage1-20261004-0100/subtree.jsonl,516,7e172cc101dd362b3f5727125fa00d5c573092027ad59ec0b1f755f5e3d6d3bf,e96753f65c1574a001b1ff0291c36fc2219d3a5b164ed4d154e8df192bb2fb49,7466b9e92ac09f6a5dd82cc928ebe1ea46d0e74c59f0dd6f937918d132a94618
D-subtree,subtree-516,102,auxiliary subtree case,True,validation/stage1-20261004-0100/subtree.jsonl,517,7e172cc101dd362b3f5727125fa00d5c573092027ad59ec0b1f755f5e3d6d3bf,1e59b63e8f12c9b7118d90def6526289d9d429753d2c48ae984bc7461531a6f2,7466b9e92ac09f6a5dd82cc928ebe1ea46d0e74c59f0dd6f937918d132a94618
D-subtree,subtree-517,103,auxiliary subtree case,True,validation/stage1-20261004-0100/subtree.jsonl,518,7e172cc101dd362b3f5727125fa00d5c573092027ad59ec0b1f755f5e3d6d3bf,187fc3e311e8b2589b429f05427505d1189c73db964ccea42b4c8e434fc32551,7466b9e92ac09f6a5dd82cc928ebe1ea46d0e74c59f0dd6f937918d132a94618
D-subtree,subtree-518,201,auxiliary subtree case,True,validation/stage1-20261004-0100/subtree.jsonl,519,7e172cc101dd362b3f5727125fa00d5c573092027ad59ec0b1f755f5e3d6d3bf,847ca52a138d9a2cff27ef43a4a89359de0375564eac591313c76319e10c52b3,7466b9e92ac09f6a5dd82cc928ebe1ea46d0e74c59f0dd6f937918d132a94618
D-subtree,subtree-519,1,auxiliary subtree case,True,validation/stage1-20261004-0100/subtree.jsonl,520,7e172cc101dd362b3f5727125fa00d5c573092027ad59ec0b1f755f5e3d6d3bf,c3ebc5cd6e34212a72b6d9949a4ebebd0b111ff656275266abc741b15cb43976,7466b9e92ac09f6a5dd82cc928ebe1ea46d0e74c59f0dd6f937918d132a94618
D-subtree,subtree-520,2,auxiliary subtree case,True,validation/stage1-20261004-0100/subtree.jsonl,521,7e172cc101dd362b3f5727125fa00d5c573092027ad59ec0b1f755f5e3d6d3bf,030f548af5598b4b9ac57248486fcc023dbbc484ba23a5eb5c4bfa28a2163940,7466b9e92ac09f6a5dd82cc928ebe1ea46d0e74c59f0dd6f937918d132a94618
D-subtree,subtree-521,3,auxiliary subtree case,True,validation/stage1-20261004-0100/subtree.jsonl,522,7e172cc101dd362b3f5727125fa00d5c573092027ad59ec0b1f755f5e3d6d3bf,c5b6b2f87151a78da417c4959f1525a79f76a5e1eb600fcd180b15c2def5198d,7466b9e92ac09f6a5dd82cc928ebe1ea46d0e74c59f0dd6f937918d132a94618
D-subtree,subtree-522,101,auxiliary subtree case,True,validation/stage1-20261004-0100/subtree.jsonl,523,7e172cc101dd362b3f5727125fa00d5c573092027ad59ec0b1f755f5e3d6d3bf,0bbdb3b106a923669d70985393b3379f23ef1fd198d1a1b7b6ec4d3e9a05fc1e,7466b9e92ac09f6a5dd82cc928ebe1ea46d0e74c59f0dd6f937918d132a94618
D-subtree,subtree-523,102,auxiliary subtree case,True,validation/stage1-20261004-0100/subtree.jsonl,524,7e172cc101dd362b3f5727125fa00d5c573092027ad59ec0b1f755f5e3d6d3bf,b2ddd8892d1b10effdb3c3d636932b46cfbdf4138469b5d6a38b47542fe2aa6b,7466b9e92ac09f6a5dd82cc928ebe1ea46d0e74c59f0dd6f937918d132a94618
D-subtree,subtree-524,103,auxiliary subtree case,True,validation/stage1-20261004-0100/subtree.jsonl,525,7e172cc101dd362b3f5727125fa00d5c573092027ad59ec0b1f755f5e3d6d3bf,26c469f5b258cea68ac77cc9d5fc268610467046e101f5714e37488360773356,7466b9e92ac09f6a5dd82cc928ebe1ea46d0e74c59f0dd6f937918d132a94618
D-subtree,subtree-525,201,auxiliary subtree case,True,validation/stage1-20261004-0100/subtree.jsonl,526,7e172cc101dd362b3f5727125fa00d5c573092027ad59ec0b1f755f5e3d6d3bf,dbaadc4dd273c4217597aa152f0a7113b3c98163f588ab517cd807971f641942,7466b9e92ac09f6a5dd82cc928ebe1ea46d0e74c59f0dd6f937918d132a94618
D-subtree,subtree-526,1,auxiliary subtree case,True,validation/stage1-20261004-0100/subtree.jsonl,527,7e172cc101dd362b3f5727125fa00d5c573092027ad59ec0b1f755f5e3d6d3bf,06477ab6008a0ba6802162e2650370f7ef900ab743878ed555655fba9828e142,7466b9e92ac09f6a5dd82cc928ebe1ea46d0e74c59f0dd6f937918d132a94618
D-subtree,subtree-527,2,auxiliary subtree case,True,validation/stage1-20261004-0100/subtree.jsonl,528,7e172cc101dd362b3f5727125fa00d5c573092027ad59ec0b1f755f5e3d6d3bf,bc6a9d7631161199534e938e03937328c0983ad88b931219f314e2cde1cfde1c,7466b9e92ac09f6a5dd82cc928ebe1ea46d0e74c59f0dd6f937918d132a94618
D-subtree,subtree-528,3,auxiliary subtree case,True,validation/stage1-20261004-0100/subtree.jsonl,529,7e172cc101dd362b3f5727125fa00d5c573092027ad59ec0b1f755f5e3d6d3bf,1d888caabd6daae7b8cdefc0f6d1cdd8132657e229a0ed61e916721d64bd5e40,7466b9e92ac09f6a5dd82cc928ebe1ea46d0e74c59f0dd6f937918d132a94618
D-subtree,subtree-529,101,auxiliary subtree case,True,validation/stage1-20261004-0100/subtree.jsonl,530,7e172cc101dd362b3f5727125fa00d5c573092027ad59ec0b1f755f5e3d6d3bf,d788ce9925b6d16f6f2f82595792d536e0a64d593b8cb1535511b5ef1ef436b4,7466b9e92ac09f6a5dd82cc928ebe1ea46d0e74c59f0dd6f937918d132a94618
D-subtree,subtree-530,102,auxiliary subtree case,True,validation/stage1-20261004-0100/subtree.jsonl,531,7e172cc101dd362b3f5727125fa00d5c573092027ad59ec0b1f755f5e3d6d3bf,9b3fcd08a7b84d2229e04b415f2000f106eca86320116298d1afbb33e211075e,7466b9e92ac09f6a5dd82cc928ebe1ea46d0e74c59f0dd6f937918d132a94618
D-subtree,subtree-531,103,auxiliary subtree case,True,validation/stage1-20261004-0100/subtree.jsonl,532,7e172cc101dd362b3f5727125fa00d5c573092027ad59ec0b1f755f5e3d6d3bf,10843de2b0f934853904f1d51728b0cba75fe29b0b34bcdd48dddb35819f49bd,7466b9e92ac09f6a5dd82cc928ebe1ea46d0e74c59f0dd6f937918d132a94618
D-subtree,subtree-532,201,auxiliary subtree case,True,validation/stage1-20261004-0100/subtree.jsonl,533,7e172cc101dd362b3f5727125fa00d5c573092027ad59ec0b1f755f5e3d6d3bf,dde27522eed4397816d3ba5af4a6ea39e876dfdd7ea0b737a809b64c65747bf0,7466b9e92ac09f6a5dd82cc928ebe1ea46d0e74c59f0dd6f937918d132a94618
D-subtree,subtree-533,1,auxiliary subtree case,True,validation/stage1-20261004-0100/subtree.jsonl,534,7e172cc101dd362b3f5727125fa00d5c573092027ad59ec0b1f755f5e3d6d3bf,0f886b4a93e8b94ef36ee518a2ede0b14857b1ed52615c87b31454cf6d72ac1c,7466b9e92ac09f6a5dd82cc928ebe1ea46d0e74c59f0dd6f937918d132a94618
D-subtree,subtree-534,2,auxiliary subtree case,True,validation/stage1-20261004-0100/subtree.jsonl,535,7e172cc101dd362b3f5727125fa00d5c573092027ad59ec0b1f755f5e3d6d3bf,d11817ec373c94ef6ab94748c1661bd24aab147f9ed9739ef1c697b6722fbace,7466b9e92ac09f6a5dd82cc928ebe1ea46d0e74c59f0dd6f937918d132a94618
D-subtree,subtree-535,3,auxiliary subtree case,True,validation/stage1-20261004-0100/subtree.jsonl,536,7e172cc101dd362b3f5727125fa00d5c573092027ad59ec0b1f755f5e3d6d3bf,698305c9c5a31a5c70d54a81646b94410cf8a423ba394afdf93f6ecbe3cde1e3,7466b9e92ac09f6a5dd82cc928ebe1ea46d0e74c59f0dd6f937918d132a94618
D-subtree,subtree-536,101,auxiliary subtree case,True,validation/stage1-20261004-0100/subtree.jsonl,537,7e172cc101dd362b3f5727125fa00d5c573092027ad59ec0b1f755f5e3d6d3bf,38ab68f7ef923ecb8c72e130e4167414db084d566615aa520f0c30755918c1a2,7466b9e92ac09f6a5dd82cc928ebe1ea46d0e74c59f0dd6f937918d132a94618
D-subtree,subtree-537,102,auxiliary subtree case,True,validation/stage1-20261004-0100/subtree.jsonl,538,7e172cc101dd362b3f5727125fa00d5c573092027ad59ec0b1f755f5e3d6d3bf,8450298e6ad0f955851da9640a33b4e57b25537819bb9141eedfbfa3c3716d41,7466b9e92ac09f6a5dd82cc928ebe1ea46d0e74c59f0dd6f937918d132a94618
D-subtree,subtree-538,103,auxiliary subtree case,True,validation/stage1-20261004-0100/subtree.jsonl,539,7e172cc101dd362b3f5727125fa00d5c573092027ad59ec0b1f755f5e3d6d3bf,07391deca50ae0a17c6706777d3fe373dc0d6e01ed69342ed9f0ef2a8c73d904,7466b9e92ac09f6a5dd82cc928ebe1ea46d0e74c59f0dd6f937918d132a94618
D-subtree,subtree-539,201,auxiliary subtree case,True,validation/stage1-20261004-0100/subtree.jsonl,540,7e172cc101dd362b3f5727125fa00d5c573092027ad59ec0b1f755f5e3d6d3bf,5ed79b50d4f31f2375525517be057bea22f43bf87bab205a64f8ceb7ad59fa17,7466b9e92ac09f6a5dd82cc928ebe1ea46d0e74c59f0dd6f937918d132a94618
D-subtree,subtree-540,1,auxiliary subtree case,True,validation/stage1-20261004-0100/subtree.jsonl,541,7e172cc101dd362b3f5727125fa00d5c573092027ad59ec0b1f755f5e3d6d3bf,c0b7ba2c87421071b29cd2a56eb6774bb6e94cbd238aa2dde0b77e55dd7c8924,7466b9e92ac09f6a5dd82cc928ebe1ea46d0e74c59f0dd6f937918d132a94618
D-subtree,subtree-541,2,auxiliary subtree case,True,validation/stage1-20261004-0100/subtree.jsonl,542,7e172cc101dd362b3f5727125fa00d5c573092027ad59ec0b1f755f5e3d6d3bf,6512d3ccf7ad476f661cddb4297bc7995e9488439e5c5bf8a79a93d01a041bc2,7466b9e92ac09f6a5dd82cc928ebe1ea46d0e74c59f0dd6f937918d132a94618
D-subtree,subtree-542,3,auxiliary subtree case,True,validation/stage1-20261004-0100/subtree.jsonl,543,7e172cc101dd362b3f5727125fa00d5c573092027ad59ec0b1f755f5e3d6d3bf,8a5c27fcb0e1b43b3e8903019ee2d4638da7b877d646875e82a6dcb47b89840a,7466b9e92ac09f6a5dd82cc928ebe1ea46d0e74c59f0dd6f937918d132a94618
D-subtree,subtree-543,101,auxiliary subtree case,True,validation/stage1-20261004-0100/subtree.jsonl,544,7e172cc101dd362b3f5727125fa00d5c573092027ad59ec0b1f755f5e3d6d3bf,dc7c899c259fc3508c6cfeb66c6894eaa2f3fad447b0f7481ab5c765b8298598,7466b9e92ac09f6a5dd82cc928ebe1ea46d0e74c59f0dd6f937918d132a94618
D-subtree,subtree-544,102,auxiliary subtree case,True,validation/stage1-20261004-0100/subtree.jsonl,545,7e172cc101dd362b3f5727125fa00d5c573092027ad59ec0b1f755f5e3d6d3bf,4a0d2210db35e7b69d9097c5cb468c8d39f66cc5aa08692ba1b26f10492176e8,7466b9e92ac09f6a5dd82cc928ebe1ea46d0e74c59f0dd6f937918d132a94618
D-subtree,subtree-545,103,auxiliary subtree case,True,validation/stage1-20261004-0100/subtree.jsonl,546,7e172cc101dd362b3f5727125fa00d5c573092027ad59ec0b1f755f5e3d6d3bf,bf18f2ff825c169a30c9682a5fd7d3cb105c7f2526e0964051510d2589136d64,7466b9e92ac09f6a5dd82cc928ebe1ea46d0e74c59f0dd6f937918d132a94618
D-subtree,subtree-546,201,auxiliary subtree case,True,validation/stage1-20261004-0100/subtree.jsonl,547,7e172cc101dd362b3f5727125fa00d5c573092027ad59ec0b1f755f5e3d6d3bf,871da49db1f3b03078e4d3a99a962faef9c91bec7dc7af88f0b88d827dd5eac4,7466b9e92ac09f6a5dd82cc928ebe1ea46d0e74c59f0dd6f937918d132a94618
D-subtree,subtree-547,1,auxiliary subtree case,True,validation/stage1-20261004-0100/subtree.jsonl,548,7e172cc101dd362b3f5727125fa00d5c573092027ad59ec0b1f755f5e3d6d3bf,1974034018ba3ac12d9450b1b4b1a43397bacd472323f7f34e35120bfce385b5,7466b9e92ac09f6a5dd82cc928ebe1ea46d0e74c59f0dd6f937918d132a94618
D-subtree,subtree-548,2,auxiliary subtree case,True,validation/stage1-20261004-0100/subtree.jsonl,549,7e172cc101dd362b3f5727125fa00d5c573092027ad59ec0b1f755f5e3d6d3bf,583c601c7c500cce70552e322d2049adc3be7817f7d305c08e9ca266621d3fd2,7466b9e92ac09f6a5dd82cc928ebe1ea46d0e74c59f0dd6f937918d132a94618
D-subtree,subtree-549,3,auxiliary subtree case,True,validation/stage1-20261004-0100/subtree.jsonl,550,7e172cc101dd362b3f5727125fa00d5c573092027ad59ec0b1f755f5e3d6d3bf,3a0303fd9154c2a31d35d920e874a9f3b8b983f96957203b8065accb3836aae6,7466b9e92ac09f6a5dd82cc928ebe1ea46d0e74c59f0dd6f937918d132a94618
D-subtree,subtree-550,101,auxiliary subtree case,True,validation/stage1-20261004-0100/subtree.jsonl,551,7e172cc101dd362b3f5727125fa00d5c573092027ad59ec0b1f755f5e3d6d3bf,a3d6e377865cca3f4f44bee9af13b19f7f1edc139069e81702ffbc0d19a6513a,7466b9e92ac09f6a5dd82cc928ebe1ea46d0e74c59f0dd6f937918d132a94618
D-subtree,subtree-551,102,auxiliary subtree case,True,validation/stage1-20261004-0100/subtree.jsonl,552,7e172cc101dd362b3f5727125fa00d5c573092027ad59ec0b1f755f5e3d6d3bf,9fc2ac355ed3b583a05d421d651ed4808abe7d20a330c337005849f249329124,7466b9e92ac09f6a5dd82cc928ebe1ea46d0e74c59f0dd6f937918d132a94618
D-subtree,subtree-552,103,auxiliary subtree case,True,validation/stage1-20261004-0100/subtree.jsonl,553,7e172cc101dd362b3f5727125fa00d5c573092027ad59ec0b1f755f5e3d6d3bf,46b5f61507f916fb1dcefca485837b80b23629b8d927d4124262a238ccde42d2,7466b9e92ac09f6a5dd82cc928ebe1ea46d0e74c59f0dd6f937918d132a94618
D-subtree,subtree-553,201,auxiliary subtree case,True,validation/stage1-20261004-0100/subtree.jsonl,554,7e172cc101dd362b3f5727125fa00d5c573092027ad59ec0b1f755f5e3d6d3bf,00fbad74f6f94dfb50dd06fd1437f1b9606dd1573c5c53a3d19094b258d3a4e9,7466b9e92ac09f6a5dd82cc928ebe1ea46d0e74c59f0dd6f937918d132a94618
D-subtree,subtree-554,1,auxiliary subtree case,True,validation/stage1-20261004-0100/subtree.jsonl,555,7e172cc101dd362b3f5727125fa00d5c573092027ad59ec0b1f755f5e3d6d3bf,ebcd543283aaf4ce2a9d60caa636eaac1026dcaa9f747f794b5edc255b4f3518,7466b9e92ac09f6a5dd82cc928ebe1ea46d0e74c59f0dd6f937918d132a94618
D-subtree,subtree-555,2,auxiliary subtree case,True,validation/stage1-20261004-0100/subtree.jsonl,556,7e172cc101dd362b3f5727125fa00d5c573092027ad59ec0b1f755f5e3d6d3bf,206f17d94abd3d8eaa29541eeed31fca4abafd0ff6c2b890c32ccb9672baf62a,7466b9e92ac09f6a5dd82cc928ebe1ea46d0e74c59f0dd6f937918d132a94618
D-subtree,subtree-556,3,auxiliary subtree case,True,validation/stage1-20261004-0100/subtree.jsonl,557,7e172cc101dd362b3f5727125fa00d5c573092027ad59ec0b1f755f5e3d6d3bf,61ae85ab16513764689a3c052f22d0636b211c02b41bd390dfadb9704d3fd029,7466b9e92ac09f6a5dd82cc928ebe1ea46d0e74c59f0dd6f937918d132a94618
D-subtree,subtree-557,101,auxiliary subtree case,True,validation/stage1-20261004-0100/subtree.jsonl,558,7e172cc101dd362b3f5727125fa00d5c573092027ad59ec0b1f755f5e3d6d3bf,63a3fdd500b7b39e1a7b21ace2ec4eec150de2984dfd14979416012a9d09d063,7466b9e92ac09f6a5dd82cc928ebe1ea46d0e74c59f0dd6f937918d132a94618
D-subtree,subtree-558,102,auxiliary subtree case,True,validation/stage1-20261004-0100/subtree.jsonl,559,7e172cc101dd362b3f5727125fa00d5c573092027ad59ec0b1f755f5e3d6d3bf,6cfbb227fed83c241d4a27195cf360164f2644cda390be00b2322f9463abfec1,7466b9e92ac09f6a5dd82cc928ebe1ea46d0e74c59f0dd6f937918d132a94618
D-subtree,subtree-559,103,auxiliary subtree case,True,validation/stage1-20261004-0100/subtree.jsonl,560,7e172cc101dd362b3f5727125fa00d5c573092027ad59ec0b1f755f5e3d6d3bf,02093aa2ced48d2d24d09bfea47b658e5466fe0f16391f27740056df67fb396b,7466b9e92ac09f6a5dd82cc928ebe1ea46d0e74c59f0dd6f937918d132a94618
D-subtree,subtree-560,201,auxiliary subtree case,True,validation/stage1-20261004-0100/subtree.jsonl,561,7e172cc101dd362b3f5727125fa00d5c573092027ad59ec0b1f755f5e3d6d3bf,c604758522a6980248353b2df701686f14789f1b53ca027e321c858c22eed857,7466b9e92ac09f6a5dd82cc928ebe1ea46d0e74c59f0dd6f937918d132a94618
D-subtree,subtree-561,1,auxiliary subtree case,True,validation/stage1-20261004-0100/subtree.jsonl,562,7e172cc101dd362b3f5727125fa00d5c573092027ad59ec0b1f755f5e3d6d3bf,92005b1a05d5eafc382ad1445d323951fe862212f021bc5806dcb58809915aa5,7466b9e92ac09f6a5dd82cc928ebe1ea46d0e74c59f0dd6f937918d132a94618
D-subtree,subtree-562,2,auxiliary subtree case,True,validation/stage1-20261004-0100/subtree.jsonl,563,7e172cc101dd362b3f5727125fa00d5c573092027ad59ec0b1f755f5e3d6d3bf,928f0f33d9eb2286688c827512cb548ab03fb48d3af6f833a47db900e4b8e4c1,7466b9e92ac09f6a5dd82cc928ebe1ea46d0e74c59f0dd6f937918d132a94618
D-subtree,subtree-563,3,auxiliary subtree case,True,validation/stage1-20261004-0100/subtree.jsonl,564,7e172cc101dd362b3f5727125fa00d5c573092027ad59ec0b1f755f5e3d6d3bf,4a322d5f713e92f9ff04f07a502d731887331622c1cdd45842a93aed3af71404,7466b9e92ac09f6a5dd82cc928ebe1ea46d0e74c59f0dd6f937918d132a94618
D-subtree,subtree-564,101,auxiliary subtree case,True,validation/stage1-20261004-0100/subtree.jsonl,565,7e172cc101dd362b3f5727125fa00d5c573092027ad59ec0b1f755f5e3d6d3bf,9c002d9da40af25c84e5e205a482fc46f55090382ecc7c130592bd122e9e6f3a,7466b9e92ac09f6a5dd82cc928ebe1ea46d0e74c59f0dd6f937918d132a94618
D-subtree,subtree-565,102,auxiliary subtree case,True,validation/stage1-20261004-0100/subtree.jsonl,566,7e172cc101dd362b3f5727125fa00d5c573092027ad59ec0b1f755f5e3d6d3bf,47fc7b8f17219496aee070429ff1b55d39a2211ff9c91d7860ff1dcf1e2f5716,7466b9e92ac09f6a5dd82cc928ebe1ea46d0e74c59f0dd6f937918d132a94618
D-subtree,subtree-566,103,auxiliary subtree case,True,validation/stage1-20261004-0100/subtree.jsonl,567,7e172cc101dd362b3f5727125fa00d5c573092027ad59ec0b1f755f5e3d6d3bf,4062070562ab8356a695629e53b3d9fe026483faabc42f624767097d475344be,7466b9e92ac09f6a5dd82cc928ebe1ea46d0e74c59f0dd6f937918d132a94618
D-subtree,subtree-567,201,auxiliary subtree case,True,validation/stage1-20261004-0100/subtree.jsonl,568,7e172cc101dd362b3f5727125fa00d5c573092027ad59ec0b1f755f5e3d6d3bf,1a37c7a74625f6822909c1e9a64d0a3be0595980285af03c7bd539777096ac23,7466b9e92ac09f6a5dd82cc928ebe1ea46d0e74c59f0dd6f937918d132a94618
D-subtree,subtree-568,1,auxiliary subtree case,True,validation/stage1-20261004-0100/subtree.jsonl,569,7e172cc101dd362b3f5727125fa00d5c573092027ad59ec0b1f755f5e3d6d3bf,9f477d08f2026d279acc2563fe3520fa39374d7e289714b9eab3a4b6ce94eb19,7466b9e92ac09f6a5dd82cc928ebe1ea46d0e74c59f0dd6f937918d132a94618
D-subtree,subtree-569,2,auxiliary subtree case,True,validation/stage1-20261004-0100/subtree.jsonl,570,7e172cc101dd362b3f5727125fa00d5c573092027ad59ec0b1f755f5e3d6d3bf,ccf66bf730f7e0242315e6006a7135053193c77f76fefefd6f669e7ffcddb1f3,7466b9e92ac09f6a5dd82cc928ebe1ea46d0e74c59f0dd6f937918d132a94618
D-subtree,subtree-570,3,auxiliary subtree case,True,validation/stage1-20261004-0100/subtree.jsonl,571,7e172cc101dd362b3f5727125fa00d5c573092027ad59ec0b1f755f5e3d6d3bf,cc2e5b318b662796e77887e0001a5357d15dafe324fc89650a1adefbc77cac91,7466b9e92ac09f6a5dd82cc928ebe1ea46d0e74c59f0dd6f937918d132a94618
D-subtree,subtree-571,101,auxiliary subtree case,True,validation/stage1-20261004-0100/subtree.jsonl,572,7e172cc101dd362b3f5727125fa00d5c573092027ad59ec0b1f755f5e3d6d3bf,ea49152486d256c5f1fde0335bae4aa4f895dab13facd0c8d1635da287d6e55d,7466b9e92ac09f6a5dd82cc928ebe1ea46d0e74c59f0dd6f937918d132a94618
D-subtree,subtree-572,102,auxiliary subtree case,True,validation/stage1-20261004-0100/subtree.jsonl,573,7e172cc101dd362b3f5727125fa00d5c573092027ad59ec0b1f755f5e3d6d3bf,102dc4164ccfc9a05fedbeecd05f1d75325739837c35569947aedd98c2f99031,7466b9e92ac09f6a5dd82cc928ebe1ea46d0e74c59f0dd6f937918d132a94618
D-subtree,subtree-573,103,auxiliary subtree case,True,validation/stage1-20261004-0100/subtree.jsonl,574,7e172cc101dd362b3f5727125fa00d5c573092027ad59ec0b1f755f5e3d6d3bf,cee52223420d8f3146bf3c7a49c4f530bc3e35c358d03ba32f92895e4a88ac4b,7466b9e92ac09f6a5dd82cc928ebe1ea46d0e74c59f0dd6f937918d132a94618
D-subtree,subtree-574,201,auxiliary subtree case,True,validation/stage1-20261004-0100/subtree.jsonl,575,7e172cc101dd362b3f5727125fa00d5c573092027ad59ec0b1f755f5e3d6d3bf,e3874f770f65900712e725f67d0d2f79f397f48e008945a84c36d6976b386cbf,7466b9e92ac09f6a5dd82cc928ebe1ea46d0e74c59f0dd6f937918d132a94618
D-subtree,subtree-575,1,auxiliary subtree case,True,validation/stage1-20261004-0100/subtree.jsonl,576,7e172cc101dd362b3f5727125fa00d5c573092027ad59ec0b1f755f5e3d6d3bf,11dd8f66fefc57f4d9246d12f5f866ebb3d1e57f79e67c4e408c88b3437b3e3c,7466b9e92ac09f6a5dd82cc928ebe1ea46d0e74c59f0dd6f937918d132a94618
D-subtree,subtree-576,2,auxiliary subtree case,True,validation/stage1-20261004-0100/subtree.jsonl,577,7e172cc101dd362b3f5727125fa00d5c573092027ad59ec0b1f755f5e3d6d3bf,d6dff8e04cd216db30516ed571c2ea7b15a3a488c540559bfff8ca1ea00b461c,7466b9e92ac09f6a5dd82cc928ebe1ea46d0e74c59f0dd6f937918d132a94618
D-subtree,subtree-577,3,auxiliary subtree case,True,validation/stage1-20261004-0100/subtree.jsonl,578,7e172cc101dd362b3f5727125fa00d5c573092027ad59ec0b1f755f5e3d6d3bf,7b969e807e5d6ce5e96787ea3358459cd2d433ca32dfbee61cf7bfa12f3dcfbf,7466b9e92ac09f6a5dd82cc928ebe1ea46d0e74c59f0dd6f937918d132a94618
D-subtree,subtree-578,101,auxiliary subtree case,True,validation/stage1-20261004-0100/subtree.jsonl,579,7e172cc101dd362b3f5727125fa00d5c573092027ad59ec0b1f755f5e3d6d3bf,e013810b3722d90209fb91fded7a86f59ab690a67b0ae60b39dee60513bdb62a,7466b9e92ac09f6a5dd82cc928ebe1ea46d0e74c59f0dd6f937918d132a94618
D-subtree,subtree-579,102,auxiliary subtree case,True,validation/stage1-20261004-0100/subtree.jsonl,580,7e172cc101dd362b3f5727125fa00d5c573092027ad59ec0b1f755f5e3d6d3bf,68dc0a498fc951150f7ffc3c386867a756da3b5d1df3a646d03d0e25bd085e92,7466b9e92ac09f6a5dd82cc928ebe1ea46d0e74c59f0dd6f937918d132a94618
D-subtree,subtree-580,103,auxiliary subtree case,True,validation/stage1-20261004-0100/subtree.jsonl,581,7e172cc101dd362b3f5727125fa00d5c573092027ad59ec0b1f755f5e3d6d3bf,0365ff800d1ac71ecc41249346f7c33b68e65f9601023ae4cb8a212b311e2203,7466b9e92ac09f6a5dd82cc928ebe1ea46d0e74c59f0dd6f937918d132a94618
D-subtree,subtree-581,201,auxiliary subtree case,True,validation/stage1-20261004-0100/subtree.jsonl,582,7e172cc101dd362b3f5727125fa00d5c573092027ad59ec0b1f755f5e3d6d3bf,6ff87023554c165610bdfdb37a35e07149f5c68ea06aa3e9a6fd980846e207b7,7466b9e92ac09f6a5dd82cc928ebe1ea46d0e74c59f0dd6f937918d132a94618
D-subtree,subtree-582,1,auxiliary subtree case,True,validation/stage1-20261004-0100/subtree.jsonl,583,7e172cc101dd362b3f5727125fa00d5c573092027ad59ec0b1f755f5e3d6d3bf,551294f69a92bfb56376ba7ecc6b436da5b56640e160854bf535ec941eabf14f,7466b9e92ac09f6a5dd82cc928ebe1ea46d0e74c59f0dd6f937918d132a94618
D-subtree,subtree-583,2,auxiliary subtree case,True,validation/stage1-20261004-0100/subtree.jsonl,584,7e172cc101dd362b3f5727125fa00d5c573092027ad59ec0b1f755f5e3d6d3bf,48218ba53d5b00cf232a7c386fa7fc7a93722b3b3742c54d16608491e51ae10c,7466b9e92ac09f6a5dd82cc928ebe1ea46d0e74c59f0dd6f937918d132a94618
D-subtree,subtree-584,3,auxiliary subtree case,True,validation/stage1-20261004-0100/subtree.jsonl,585,7e172cc101dd362b3f5727125fa00d5c573092027ad59ec0b1f755f5e3d6d3bf,9825d9e4833c8e30ee357d8baaedd2dd6267b7c8f895fa3ee561b3f8057b8406,7466b9e92ac09f6a5dd82cc928ebe1ea46d0e74c59f0dd6f937918d132a94618
D-subtree,subtree-585,101,auxiliary subtree case,True,validation/stage1-20261004-0100/subtree.jsonl,586,7e172cc101dd362b3f5727125fa00d5c573092027ad59ec0b1f755f5e3d6d3bf,fce84e2e25ae75525cc325a2ae0a4e3e21ba3b20753c247a9df9ab3e72d277d1,7466b9e92ac09f6a5dd82cc928ebe1ea46d0e74c59f0dd6f937918d132a94618
D-subtree,subtree-586,102,auxiliary subtree case,True,validation/stage1-20261004-0100/subtree.jsonl,587,7e172cc101dd362b3f5727125fa00d5c573092027ad59ec0b1f755f5e3d6d3bf,bfe7b558d16b1c271da12a0980dc500b8ab353fb19f7efeaee46c81261fadeec,7466b9e92ac09f6a5dd82cc928ebe1ea46d0e74c59f0dd6f937918d132a94618
D-subtree,subtree-587,103,auxiliary subtree case,True,validation/stage1-20261004-0100/subtree.jsonl,588,7e172cc101dd362b3f5727125fa00d5c573092027ad59ec0b1f755f5e3d6d3bf,a741195a83b8c7062fa0da54c9e372bc6f8051b283b9c26cc136a11fabaad227,7466b9e92ac09f6a5dd82cc928ebe1ea46d0e74c59f0dd6f937918d132a94618
D-subtree,subtree-588,201,auxiliary subtree case,True,validation/stage1-20261004-0100/subtree.jsonl,589,7e172cc101dd362b3f5727125fa00d5c573092027ad59ec0b1f755f5e3d6d3bf,a15c048ba4096b9e1e68b37bcc8f914b93ce63fb463dccdc7cb9a16416e61416,7466b9e92ac09f6a5dd82cc928ebe1ea46d0e74c59f0dd6f937918d132a94618
D-subtree,subtree-589,1,auxiliary subtree case,True,validation/stage1-20261004-0100/subtree.jsonl,590,7e172cc101dd362b3f5727125fa00d5c573092027ad59ec0b1f755f5e3d6d3bf,59cf752674370a8ba5cee2026a04fc5bba2d02151889d169c4cd69ee7d044e45,7466b9e92ac09f6a5dd82cc928ebe1ea46d0e74c59f0dd6f937918d132a94618
D-subtree,subtree-590,2,auxiliary subtree case,True,validation/stage1-20261004-0100/subtree.jsonl,591,7e172cc101dd362b3f5727125fa00d5c573092027ad59ec0b1f755f5e3d6d3bf,f9a63e04ab5e8f266a7f1f40252eccbcb2526bc89985039bc73d28c8378d5158,7466b9e92ac09f6a5dd82cc928ebe1ea46d0e74c59f0dd6f937918d132a94618
D-subtree,subtree-591,3,auxiliary subtree case,True,validation/stage1-20261004-0100/subtree.jsonl,592,7e172cc101dd362b3f5727125fa00d5c573092027ad59ec0b1f755f5e3d6d3bf,fc30162096c6e4b307cd7d3341c9a529b8cc3bce586f72961f59eccbe14b9129,7466b9e92ac09f6a5dd82cc928ebe1ea46d0e74c59f0dd6f937918d132a94618
D-subtree,subtree-592,101,auxiliary subtree case,True,validation/stage1-20261004-0100/subtree.jsonl,593,7e172cc101dd362b3f5727125fa00d5c573092027ad59ec0b1f755f5e3d6d3bf,9e0f1c878a1a27e577266a1719c3e49ee781fea0d93825ed1861719a2650295c,7466b9e92ac09f6a5dd82cc928ebe1ea46d0e74c59f0dd6f937918d132a94618
D-subtree,subtree-593,102,auxiliary subtree case,True,validation/stage1-20261004-0100/subtree.jsonl,594,7e172cc101dd362b3f5727125fa00d5c573092027ad59ec0b1f755f5e3d6d3bf,3a9e202658feee2fe4b81772ebf715f4f4cff389869d7297f960796bb8470b14,7466b9e92ac09f6a5dd82cc928ebe1ea46d0e74c59f0dd6f937918d132a94618
D-subtree,subtree-594,103,auxiliary subtree case,True,validation/stage1-20261004-0100/subtree.jsonl,595,7e172cc101dd362b3f5727125fa00d5c573092027ad59ec0b1f755f5e3d6d3bf,255208126c720bbe30b018d0f2746e0e0a1b1274768d04d8f04e3cb372e4c77b,7466b9e92ac09f6a5dd82cc928ebe1ea46d0e74c59f0dd6f937918d132a94618
D-subtree,subtree-595,201,auxiliary subtree case,True,validation/stage1-20261004-0100/subtree.jsonl,596,7e172cc101dd362b3f5727125fa00d5c573092027ad59ec0b1f755f5e3d6d3bf,a7fe3a20e4c08d5224eb43aa8c0b59a3ca9f30092c58e6c847bc3a3a06de0f7d,7466b9e92ac09f6a5dd82cc928ebe1ea46d0e74c59f0dd6f937918d132a94618
D-subtree,subtree-596,1,auxiliary subtree case,True,validation/stage1-20261004-0100/subtree.jsonl,597,7e172cc101dd362b3f5727125fa00d5c573092027ad59ec0b1f755f5e3d6d3bf,632993d2ed0921b8dc1ab8078773a8696467c9e42a5dbc44e244c776ecd231d9,7466b9e92ac09f6a5dd82cc928ebe1ea46d0e74c59f0dd6f937918d132a94618
D-subtree,subtree-597,2,auxiliary subtree case,True,validation/stage1-20261004-0100/subtree.jsonl,598,7e172cc101dd362b3f5727125fa00d5c573092027ad59ec0b1f755f5e3d6d3bf,1bcc9f729ba22ff21618e537605cf0d11c5885cb36477001857db7a44e587258,7466b9e92ac09f6a5dd82cc928ebe1ea46d0e74c59f0dd6f937918d132a94618
D-subtree,subtree-598,3,auxiliary subtree case,True,validation/stage1-20261004-0100/subtree.jsonl,599,7e172cc101dd362b3f5727125fa00d5c573092027ad59ec0b1f755f5e3d6d3bf,eb1b2c1605e78eb2c3949e63c363a728bfcb69009231036dc401dfed7679a152,7466b9e92ac09f6a5dd82cc928ebe1ea46d0e74c59f0dd6f937918d132a94618
D-subtree,subtree-599,101,auxiliary subtree case,True,validation/stage1-20261004-0100/subtree.jsonl,600,7e172cc101dd362b3f5727125fa00d5c573092027ad59ec0b1f755f5e3d6d3bf,24c3ad7c1007629ad75c229530d154039d969756f1f35840103f1e3f7224525c,7466b9e92ac09f6a5dd82cc928ebe1ea46d0e74c59f0dd6f937918d132a94618
D-subtree,subtree-600,102,auxiliary subtree case,True,validation/stage1-20261004-0100/subtree.jsonl,601,7e172cc101dd362b3f5727125fa00d5c573092027ad59ec0b1f755f5e3d6d3bf,d886fbd5672e1c14abf77e1979f5e1da828c78d4b6b1ac33695b079116cb8eff,7466b9e92ac09f6a5dd82cc928ebe1ea46d0e74c59f0dd6f937918d132a94618
D-subtree,subtree-601,103,auxiliary subtree case,True,validation/stage1-20261004-0100/subtree.jsonl,602,7e172cc101dd362b3f5727125fa00d5c573092027ad59ec0b1f755f5e3d6d3bf,3ad7993155666bd36c686ec32f6d9a8a445e16f939870e6285dea6f9bb1bcc2e,7466b9e92ac09f6a5dd82cc928ebe1ea46d0e74c59f0dd6f937918d132a94618
D-subtree,subtree-602,201,auxiliary subtree case,True,validation/stage1-20261004-0100/subtree.jsonl,603,7e172cc101dd362b3f5727125fa00d5c573092027ad59ec0b1f755f5e3d6d3bf,ffeeab405d73d31a1d718688b5bfcda980a6e6d57e5efbb59a4aad4fe60f8da0,7466b9e92ac09f6a5dd82cc928ebe1ea46d0e74c59f0dd6f937918d132a94618
D-subtree,subtree-603,1,auxiliary subtree case,True,validation/stage1-20261004-0100/subtree.jsonl,604,7e172cc101dd362b3f5727125fa00d5c573092027ad59ec0b1f755f5e3d6d3bf,7524160d01ddcafd6a41bdde866cd5c8c6091f42275cd15b253d0cf990803b98,7466b9e92ac09f6a5dd82cc928ebe1ea46d0e74c59f0dd6f937918d132a94618
D-subtree,subtree-604,2,auxiliary subtree case,True,validation/stage1-20261004-0100/subtree.jsonl,605,7e172cc101dd362b3f5727125fa00d5c573092027ad59ec0b1f755f5e3d6d3bf,d5a51bbd3163d93dbb5835a2e57dfd8713235625274bec680385e086bfa5aa8d,7466b9e92ac09f6a5dd82cc928ebe1ea46d0e74c59f0dd6f937918d132a94618
D-subtree,subtree-605,3,auxiliary subtree case,True,validation/stage1-20261004-0100/subtree.jsonl,606,7e172cc101dd362b3f5727125fa00d5c573092027ad59ec0b1f755f5e3d6d3bf,4d8435adffd8fc931c5c1e96dee47b262020419683a4e93c007b33fc5e2e79d1,7466b9e92ac09f6a5dd82cc928ebe1ea46d0e74c59f0dd6f937918d132a94618
D-subtree,subtree-606,101,auxiliary subtree case,True,validation/stage1-20261004-0100/subtree.jsonl,607,7e172cc101dd362b3f5727125fa00d5c573092027ad59ec0b1f755f5e3d6d3bf,796600ec57c773872347727b23f28d8916eaa3780cb1d9aba73a293297cb5974,7466b9e92ac09f6a5dd82cc928ebe1ea46d0e74c59f0dd6f937918d132a94618
D-subtree,subtree-607,102,auxiliary subtree case,True,validation/stage1-20261004-0100/subtree.jsonl,608,7e172cc101dd362b3f5727125fa00d5c573092027ad59ec0b1f755f5e3d6d3bf,c5d07820eabb419d658688c41185defda11d037ea498fe604d8ab02f193cee21,7466b9e92ac09f6a5dd82cc928ebe1ea46d0e74c59f0dd6f937918d132a94618
D-subtree,subtree-608,103,auxiliary subtree case,True,validation/stage1-20261004-0100/subtree.jsonl,609,7e172cc101dd362b3f5727125fa00d5c573092027ad59ec0b1f755f5e3d6d3bf,4575115a20cf2b263231febc5c316cbf19c2a2a1e76f3449504b6e24dc4c5074,7466b9e92ac09f6a5dd82cc928ebe1ea46d0e74c59f0dd6f937918d132a94618
D-subtree,subtree-609,201,auxiliary subtree case,True,validation/stage1-20261004-0100/subtree.jsonl,610,7e172cc101dd362b3f5727125fa00d5c573092027ad59ec0b1f755f5e3d6d3bf,a129fd447b72960bdffa28c1219464fe5e36280afbed8ba41dda2e27bedae0db,7466b9e92ac09f6a5dd82cc928ebe1ea46d0e74c59f0dd6f937918d132a94618
D-subtree,subtree-610,1,auxiliary subtree case,True,validation/stage1-20261004-0100/subtree.jsonl,611,7e172cc101dd362b3f5727125fa00d5c573092027ad59ec0b1f755f5e3d6d3bf,8af1811b8c70afa686abb14535952bb7508069239cfe7c047bc6239acae9bced,7466b9e92ac09f6a5dd82cc928ebe1ea46d0e74c59f0dd6f937918d132a94618
D-subtree,subtree-611,2,auxiliary subtree case,True,validation/stage1-20261004-0100/subtree.jsonl,612,7e172cc101dd362b3f5727125fa00d5c573092027ad59ec0b1f755f5e3d6d3bf,e300ead838356cf11baa271f8e92701d767e8c4baac76c79b6034d424c3f6728,7466b9e92ac09f6a5dd82cc928ebe1ea46d0e74c59f0dd6f937918d132a94618
D-subtree,subtree-612,3,auxiliary subtree case,True,validation/stage1-20261004-0100/subtree.jsonl,613,7e172cc101dd362b3f5727125fa00d5c573092027ad59ec0b1f755f5e3d6d3bf,f87f80d062887833e6674224433c4779aa30d9e1087f3e02b26de3f5ba61edd2,7466b9e92ac09f6a5dd82cc928ebe1ea46d0e74c59f0dd6f937918d132a94618
D-subtree,subtree-613,101,auxiliary subtree case,True,validation/stage1-20261004-0100/subtree.jsonl,614,7e172cc101dd362b3f5727125fa00d5c573092027ad59ec0b1f755f5e3d6d3bf,e240b702d87445a826e9b46491da861b29a9e13237978d80301d3badfb619183,7466b9e92ac09f6a5dd82cc928ebe1ea46d0e74c59f0dd6f937918d132a94618
D-subtree,subtree-614,102,auxiliary subtree case,True,validation/stage1-20261004-0100/subtree.jsonl,615,7e172cc101dd362b3f5727125fa00d5c573092027ad59ec0b1f755f5e3d6d3bf,ff7ec2189dded94ef4e9525e6e3b54f46dd542bd15fa412ae8b43014c4695e71,7466b9e92ac09f6a5dd82cc928ebe1ea46d0e74c59f0dd6f937918d132a94618
D-subtree,subtree-615,103,auxiliary subtree case,True,validation/stage1-20261004-0100/subtree.jsonl,616,7e172cc101dd362b3f5727125fa00d5c573092027ad59ec0b1f755f5e3d6d3bf,37dd0a2ef5294ab0c76c7276583cd8b34c2442f0fe50543533c9bc6447602967,7466b9e92ac09f6a5dd82cc928ebe1ea46d0e74c59f0dd6f937918d132a94618
D-subtree,subtree-616,201,auxiliary subtree case,True,validation/stage1-20261004-0100/subtree.jsonl,617,7e172cc101dd362b3f5727125fa00d5c573092027ad59ec0b1f755f5e3d6d3bf,916d3761be40200917d0960cd8ccf8d86d9302c5bdd4db24cdcf6458bfe38ed0,7466b9e92ac09f6a5dd82cc928ebe1ea46d0e74c59f0dd6f937918d132a94618
D-subtree,subtree-617,1,auxiliary subtree case,True,validation/stage1-20261004-0100/subtree.jsonl,618,7e172cc101dd362b3f5727125fa00d5c573092027ad59ec0b1f755f5e3d6d3bf,239489ec7cf7bc593ac15b688e81c1e4ec5b9523d6c8e76fa8e4ed490cb9be9a,7466b9e92ac09f6a5dd82cc928ebe1ea46d0e74c59f0dd6f937918d132a94618
D-subtree,subtree-618,2,auxiliary subtree case,True,validation/stage1-20261004-0100/subtree.jsonl,619,7e172cc101dd362b3f5727125fa00d5c573092027ad59ec0b1f755f5e3d6d3bf,bcf6625ed73c9d5352f19315b329afa8706ca4cc455ec6930c50544905bfb2aa,7466b9e92ac09f6a5dd82cc928ebe1ea46d0e74c59f0dd6f937918d132a94618
D-subtree,subtree-619,3,auxiliary subtree case,True,validation/stage1-20261004-0100/subtree.jsonl,620,7e172cc101dd362b3f5727125fa00d5c573092027ad59ec0b1f755f5e3d6d3bf,bc9e1339868e411b2b3d3d0386c675d24ac3db267575f0ff641e90450930e04f,7466b9e92ac09f6a5dd82cc928ebe1ea46d0e74c59f0dd6f937918d132a94618
D-subtree,subtree-620,101,auxiliary subtree case,True,validation/stage1-20261004-0100/subtree.jsonl,621,7e172cc101dd362b3f5727125fa00d5c573092027ad59ec0b1f755f5e3d6d3bf,76cdd4688a100c85f138fc7e0d6e136c253c4c23d71b5b62d42742249eb7bd8d,7466b9e92ac09f6a5dd82cc928ebe1ea46d0e74c59f0dd6f937918d132a94618
D-subtree,subtree-621,102,auxiliary subtree case,True,validation/stage1-20261004-0100/subtree.jsonl,622,7e172cc101dd362b3f5727125fa00d5c573092027ad59ec0b1f755f5e3d6d3bf,d2cb1c4cabeca426f34d6eaa4c27c8ec32dd0531ce923b7070e12c87e2a9dafa,7466b9e92ac09f6a5dd82cc928ebe1ea46d0e74c59f0dd6f937918d132a94618
D-subtree,subtree-622,103,auxiliary subtree case,True,validation/stage1-20261004-0100/subtree.jsonl,623,7e172cc101dd362b3f5727125fa00d5c573092027ad59ec0b1f755f5e3d6d3bf,a96402a7e564107cef47ea5a9546e6bcbcdd4d6486a248997d68b1cc555b6bb1,7466b9e92ac09f6a5dd82cc928ebe1ea46d0e74c59f0dd6f937918d132a94618
D-subtree,subtree-623,201,auxiliary subtree case,True,validation/stage1-20261004-0100/subtree.jsonl,624,7e172cc101dd362b3f5727125fa00d5c573092027ad59ec0b1f755f5e3d6d3bf,4f45cd18c857922a19a3f543fb395afd65737fb6ee514bc2763267def48f62d6,7466b9e92ac09f6a5dd82cc928ebe1ea46d0e74c59f0dd6f937918d132a94618
D-subtree,subtree-624,1,auxiliary subtree case,True,validation/stage1-20261004-0100/subtree.jsonl,625,7e172cc101dd362b3f5727125fa00d5c573092027ad59ec0b1f755f5e3d6d3bf,c828d56eb692edd94a203d498cc52d9383ef6c94a97e493ba6c6f2e7a4d369ee,7466b9e92ac09f6a5dd82cc928ebe1ea46d0e74c59f0dd6f937918d132a94618
D-subtree,subtree-625,2,auxiliary subtree case,True,validation/stage1-20261004-0100/subtree.jsonl,626,7e172cc101dd362b3f5727125fa00d5c573092027ad59ec0b1f755f5e3d6d3bf,04e0a23fe5745209879f4c729dcdcca7bf5ee592a88b67adbc65c18dbae93066,7466b9e92ac09f6a5dd82cc928ebe1ea46d0e74c59f0dd6f937918d132a94618
D-subtree,subtree-626,3,auxiliary subtree case,True,validation/stage1-20261004-0100/subtree.jsonl,627,7e172cc101dd362b3f5727125fa00d5c573092027ad59ec0b1f755f5e3d6d3bf,dec0ae0fbea5a2a9f0a7e15f18f9baf64552bc909ffb974349bbc6b69c36a7c2,7466b9e92ac09f6a5dd82cc928ebe1ea46d0e74c59f0dd6f937918d132a94618
D-subtree,subtree-627,101,auxiliary subtree case,True,validation/stage1-20261004-0100/subtree.jsonl,628,7e172cc101dd362b3f5727125fa00d5c573092027ad59ec0b1f755f5e3d6d3bf,48235fcda0bc7ad846e51d7b35609775848a889be34f54a9b769d0bd05377b40,7466b9e92ac09f6a5dd82cc928ebe1ea46d0e74c59f0dd6f937918d132a94618
D-subtree,subtree-628,102,auxiliary subtree case,True,validation/stage1-20261004-0100/subtree.jsonl,629,7e172cc101dd362b3f5727125fa00d5c573092027ad59ec0b1f755f5e3d6d3bf,5dbc2523ee6064bd22d34f60d52751104b7039375badb9987308ff50639af38f,7466b9e92ac09f6a5dd82cc928ebe1ea46d0e74c59f0dd6f937918d132a94618
D-subtree,subtree-629,103,auxiliary subtree case,True,validation/stage1-20261004-0100/subtree.jsonl,630,7e172cc101dd362b3f5727125fa00d5c573092027ad59ec0b1f755f5e3d6d3bf,e76862dca131a3b9bac5708e279eee49df3eeb361b25427675a6522a3e772ab0,7466b9e92ac09f6a5dd82cc928ebe1ea46d0e74c59f0dd6f937918d132a94618
D-subtree,subtree-630,201,auxiliary subtree case,True,validation/stage1-20261004-0100/subtree.jsonl,631,7e172cc101dd362b3f5727125fa00d5c573092027ad59ec0b1f755f5e3d6d3bf,84b5d6d52a008774682858f2e054dc8a47c5463ca6cb5de4cfef78e6eb00dffb,7466b9e92ac09f6a5dd82cc928ebe1ea46d0e74c59f0dd6f937918d132a94618
D-subtree,subtree-631,1,auxiliary subtree case,True,validation/stage1-20261004-0100/subtree.jsonl,632,7e172cc101dd362b3f5727125fa00d5c573092027ad59ec0b1f755f5e3d6d3bf,f3e8fb45ff219c8732bd6300f0cfd697475346685f49cf2fccba0cb2826c2b8f,7466b9e92ac09f6a5dd82cc928ebe1ea46d0e74c59f0dd6f937918d132a94618
D-subtree,subtree-632,2,auxiliary subtree case,True,validation/stage1-20261004-0100/subtree.jsonl,633,7e172cc101dd362b3f5727125fa00d5c573092027ad59ec0b1f755f5e3d6d3bf,5869bcffe221e8d4583c2928c7a55f7699a70f20caf7b9cca189aed957e53c3d,7466b9e92ac09f6a5dd82cc928ebe1ea46d0e74c59f0dd6f937918d132a94618
D-subtree,subtree-633,3,auxiliary subtree case,True,validation/stage1-20261004-0100/subtree.jsonl,634,7e172cc101dd362b3f5727125fa00d5c573092027ad59ec0b1f755f5e3d6d3bf,7fb2cccd6fb12d2bceb722bacdca940a650042d78dcdffab8d34b53fd6fe4769,7466b9e92ac09f6a5dd82cc928ebe1ea46d0e74c59f0dd6f937918d132a94618
D-subtree,subtree-634,101,auxiliary subtree case,True,validation/stage1-20261004-0100/subtree.jsonl,635,7e172cc101dd362b3f5727125fa00d5c573092027ad59ec0b1f755f5e3d6d3bf,4a61c741a6ef48bda236a8d0b4d5c27f7aecf4488a0b27482142664941267b89,7466b9e92ac09f6a5dd82cc928ebe1ea46d0e74c59f0dd6f937918d132a94618
D-subtree,subtree-635,102,auxiliary subtree case,True,validation/stage1-20261004-0100/subtree.jsonl,636,7e172cc101dd362b3f5727125fa00d5c573092027ad59ec0b1f755f5e3d6d3bf,2046e45290ac041a45f9bd6dd765aef03cda4e189c6d3debfff48ce77fe47239,7466b9e92ac09f6a5dd82cc928ebe1ea46d0e74c59f0dd6f937918d132a94618
D-subtree,subtree-636,103,auxiliary subtree case,True,validation/stage1-20261004-0100/subtree.jsonl,637,7e172cc101dd362b3f5727125fa00d5c573092027ad59ec0b1f755f5e3d6d3bf,29b8263e0f9a3b092b65e7736d3762654c1bad22a7c688785ce5992ed23a3fa5,7466b9e92ac09f6a5dd82cc928ebe1ea46d0e74c59f0dd6f937918d132a94618
D-subtree,subtree-637,201,auxiliary subtree case,True,validation/stage1-20261004-0100/subtree.jsonl,638,7e172cc101dd362b3f5727125fa00d5c573092027ad59ec0b1f755f5e3d6d3bf,28ce8eb20c3972f46fd12a14be39afb9b38c4496c8f4f016138a5a1377bfcb56,7466b9e92ac09f6a5dd82cc928ebe1ea46d0e74c59f0dd6f937918d132a94618
D-subtree,subtree-638,1,auxiliary subtree case,True,validation/stage1-20261004-0100/subtree.jsonl,639,7e172cc101dd362b3f5727125fa00d5c573092027ad59ec0b1f755f5e3d6d3bf,90e5849b954b8ab980a71b67cf3a64dc6063e16663c5b4de973c2bee6cc1709c,7466b9e92ac09f6a5dd82cc928ebe1ea46d0e74c59f0dd6f937918d132a94618
D-subtree,subtree-639,2,auxiliary subtree case,True,validation/stage1-20261004-0100/subtree.jsonl,640,7e172cc101dd362b3f5727125fa00d5c573092027ad59ec0b1f755f5e3d6d3bf,a865f9df0d3ebff4e5dea9c31bd98e95e9a6e8ce4fa3036229a7446f512f0c39,7466b9e92ac09f6a5dd82cc928ebe1ea46d0e74c59f0dd6f937918d132a94618
D-subtree,subtree-640,3,auxiliary subtree case,True,validation/stage1-20261004-0100/subtree.jsonl,641,7e172cc101dd362b3f5727125fa00d5c573092027ad59ec0b1f755f5e3d6d3bf,0354f416589d9792bdf6ae7fddeef83c101f90830fd588bb6496da0daefba842,7466b9e92ac09f6a5dd82cc928ebe1ea46d0e74c59f0dd6f937918d132a94618
D-subtree,subtree-641,101,auxiliary subtree case,True,validation/stage1-20261004-0100/subtree.jsonl,642,7e172cc101dd362b3f5727125fa00d5c573092027ad59ec0b1f755f5e3d6d3bf,9086a8bfe516a35d5476e1f69bd7d7e8cc6d9c0a732c560c3bc4cbc919e0c3a9,7466b9e92ac09f6a5dd82cc928ebe1ea46d0e74c59f0dd6f937918d132a94618
D-subtree,subtree-642,102,auxiliary subtree case,True,validation/stage1-20261004-0100/subtree.jsonl,643,7e172cc101dd362b3f5727125fa00d5c573092027ad59ec0b1f755f5e3d6d3bf,5c0fe2448a3ad71592f513ac2426cc00bc175413fb9d326879afd1207661369e,7466b9e92ac09f6a5dd82cc928ebe1ea46d0e74c59f0dd6f937918d132a94618
D-subtree,subtree-643,103,auxiliary subtree case,True,validation/stage1-20261004-0100/subtree.jsonl,644,7e172cc101dd362b3f5727125fa00d5c573092027ad59ec0b1f755f5e3d6d3bf,c7b66b954ffb7561c31daa5bb9fa13aedec677284be57c5a37a94d4a6257b1f9,7466b9e92ac09f6a5dd82cc928ebe1ea46d0e74c59f0dd6f937918d132a94618
D-subtree,subtree-644,201,auxiliary subtree case,True,validation/stage1-20261004-0100/subtree.jsonl,645,7e172cc101dd362b3f5727125fa00d5c573092027ad59ec0b1f755f5e3d6d3bf,351d65d583d2f245cef16a85b8629e675b3857e5c2f27334d6da28185c976074,7466b9e92ac09f6a5dd82cc928ebe1ea46d0e74c59f0dd6f937918d132a94618
D-subtree,subtree-645,1,auxiliary subtree case,True,validation/stage1-20261004-0100/subtree.jsonl,646,7e172cc101dd362b3f5727125fa00d5c573092027ad59ec0b1f755f5e3d6d3bf,8011df07a6c0766b2143bfe6afa5ef9b5d5c932ab7e7496931d0116dee470db0,7466b9e92ac09f6a5dd82cc928ebe1ea46d0e74c59f0dd6f937918d132a94618
D-subtree,subtree-646,2,auxiliary subtree case,True,validation/stage1-20261004-0100/subtree.jsonl,647,7e172cc101dd362b3f5727125fa00d5c573092027ad59ec0b1f755f5e3d6d3bf,b1a64ff9bb73a0e763616e566dbb623cf70d63f70509f8d44bc6d8eab5c99215,7466b9e92ac09f6a5dd82cc928ebe1ea46d0e74c59f0dd6f937918d132a94618
D-subtree,subtree-647,3,auxiliary subtree case,True,validation/stage1-20261004-0100/subtree.jsonl,648,7e172cc101dd362b3f5727125fa00d5c573092027ad59ec0b1f755f5e3d6d3bf,57d2b85cb25a43eef7b3275ccbea785a69775e7ce9978d234c2f99cef7799722,7466b9e92ac09f6a5dd82cc928ebe1ea46d0e74c59f0dd6f937918d132a94618
D-subtree,subtree-648,101,auxiliary subtree case,True,validation/stage1-20261004-0100/subtree.jsonl,649,7e172cc101dd362b3f5727125fa00d5c573092027ad59ec0b1f755f5e3d6d3bf,3e3baa290d1bcb67405a42c1243bb8ec2d622d35dc275878ba0dfe55ffb57c90,7466b9e92ac09f6a5dd82cc928ebe1ea46d0e74c59f0dd6f937918d132a94618
D-subtree,subtree-649,102,auxiliary subtree case,True,validation/stage1-20261004-0100/subtree.jsonl,650,7e172cc101dd362b3f5727125fa00d5c573092027ad59ec0b1f755f5e3d6d3bf,6e0653cbacdd532e88b7fd2013cbfcbb2d89344719fd698a09316739fa73356f,7466b9e92ac09f6a5dd82cc928ebe1ea46d0e74c59f0dd6f937918d132a94618
D-subtree,subtree-650,103,auxiliary subtree case,True,validation/stage1-20261004-0100/subtree.jsonl,651,7e172cc101dd362b3f5727125fa00d5c573092027ad59ec0b1f755f5e3d6d3bf,e7b32c6e066850010e3583aa78e3b2a2a994585ad2fe1a51f15977b0c4e8fa50,7466b9e92ac09f6a5dd82cc928ebe1ea46d0e74c59f0dd6f937918d132a94618
D-subtree,subtree-651,201,auxiliary subtree case,True,validation/stage1-20261004-0100/subtree.jsonl,652,7e172cc101dd362b3f5727125fa00d5c573092027ad59ec0b1f755f5e3d6d3bf,8e5b1382b3395f494456706e509f75acf81b15d908f09501fec804995038ef54,7466b9e92ac09f6a5dd82cc928ebe1ea46d0e74c59f0dd6f937918d132a94618
D-subtree,subtree-652,1,auxiliary subtree case,True,validation/stage1-20261004-0100/subtree.jsonl,653,7e172cc101dd362b3f5727125fa00d5c573092027ad59ec0b1f755f5e3d6d3bf,2f29a47359861a4ae4bd45fa1686ca3cac11dd6a91a7822dba9cd9e7c1672e15,7466b9e92ac09f6a5dd82cc928ebe1ea46d0e74c59f0dd6f937918d132a94618
D-subtree,subtree-653,2,auxiliary subtree case,True,validation/stage1-20261004-0100/subtree.jsonl,654,7e172cc101dd362b3f5727125fa00d5c573092027ad59ec0b1f755f5e3d6d3bf,5e7d695208a82cf686c805feb7543218ece7c41e5b262ef7019730acaf0f9fb7,7466b9e92ac09f6a5dd82cc928ebe1ea46d0e74c59f0dd6f937918d132a94618
D-subtree,subtree-654,3,auxiliary subtree case,True,validation/stage1-20261004-0100/subtree.jsonl,655,7e172cc101dd362b3f5727125fa00d5c573092027ad59ec0b1f755f5e3d6d3bf,26f6a33918d4fd61bd6103e351edd893501881bb11b1304f6fcaa28e5074fc43,7466b9e92ac09f6a5dd82cc928ebe1ea46d0e74c59f0dd6f937918d132a94618
D-subtree,subtree-655,101,auxiliary subtree case,True,validation/stage1-20261004-0100/subtree.jsonl,656,7e172cc101dd362b3f5727125fa00d5c573092027ad59ec0b1f755f5e3d6d3bf,5c682087e62be0799cc5222d1fe537b69298be03f44fd21e9c7dda74b87bb738,7466b9e92ac09f6a5dd82cc928ebe1ea46d0e74c59f0dd6f937918d132a94618
D-subtree,subtree-656,102,auxiliary subtree case,True,validation/stage1-20261004-0100/subtree.jsonl,657,7e172cc101dd362b3f5727125fa00d5c573092027ad59ec0b1f755f5e3d6d3bf,dc43c152b384a375a7e059422a15f65a4979ef8088acdf2e3ccd6e3c065ce99d,7466b9e92ac09f6a5dd82cc928ebe1ea46d0e74c59f0dd6f937918d132a94618
D-subtree,subtree-657,103,auxiliary subtree case,True,validation/stage1-20261004-0100/subtree.jsonl,658,7e172cc101dd362b3f5727125fa00d5c573092027ad59ec0b1f755f5e3d6d3bf,9b897e5ca81aa372842b5e9214d5a98f52c5db30fca48f4cb0977fd13c6bba2d,7466b9e92ac09f6a5dd82cc928ebe1ea46d0e74c59f0dd6f937918d132a94618
D-subtree,subtree-658,201,auxiliary subtree case,True,validation/stage1-20261004-0100/subtree.jsonl,659,7e172cc101dd362b3f5727125fa00d5c573092027ad59ec0b1f755f5e3d6d3bf,f8a88b7000b8f1e2c802910b8791b80d2d7d78a801cf461590097ffda18317bc,7466b9e92ac09f6a5dd82cc928ebe1ea46d0e74c59f0dd6f937918d132a94618
D-subtree,subtree-659,1,auxiliary subtree case,True,validation/stage1-20261004-0100/subtree.jsonl,660,7e172cc101dd362b3f5727125fa00d5c573092027ad59ec0b1f755f5e3d6d3bf,722ab4eaa26501c7eaf9989d67b10566ab72e5a7d5db504ba011d6d7518b377f,7466b9e92ac09f6a5dd82cc928ebe1ea46d0e74c59f0dd6f937918d132a94618
D-subtree,subtree-660,2,auxiliary subtree case,True,validation/stage1-20261004-0100/subtree.jsonl,661,7e172cc101dd362b3f5727125fa00d5c573092027ad59ec0b1f755f5e3d6d3bf,6359009529f034af6d4fff3283b1b96b30bbc45c1e0446e7a9f52cb15ee2cad2,7466b9e92ac09f6a5dd82cc928ebe1ea46d0e74c59f0dd6f937918d132a94618
D-subtree,subtree-661,3,auxiliary subtree case,True,validation/stage1-20261004-0100/subtree.jsonl,662,7e172cc101dd362b3f5727125fa00d5c573092027ad59ec0b1f755f5e3d6d3bf,71f1f4752f96a5db077dd8200e9a0d45c03f7e83c5d886f75661d06c6769282d,7466b9e92ac09f6a5dd82cc928ebe1ea46d0e74c59f0dd6f937918d132a94618
D-subtree,subtree-662,101,auxiliary subtree case,True,validation/stage1-20261004-0100/subtree.jsonl,663,7e172cc101dd362b3f5727125fa00d5c573092027ad59ec0b1f755f5e3d6d3bf,c4943fc8f0e821c2d08732be75de5858e4e0a4747c92bc461068b3841dc963e2,7466b9e92ac09f6a5dd82cc928ebe1ea46d0e74c59f0dd6f937918d132a94618
D-subtree,subtree-663,102,auxiliary subtree case,True,validation/stage1-20261004-0100/subtree.jsonl,664,7e172cc101dd362b3f5727125fa00d5c573092027ad59ec0b1f755f5e3d6d3bf,d9ece0a91ca6a04ac02ae31bd1eae997b70d26c9a67407f5ed21c52d254574e9,7466b9e92ac09f6a5dd82cc928ebe1ea46d0e74c59f0dd6f937918d132a94618
D-subtree,subtree-664,103,auxiliary subtree case,True,validation/stage1-20261004-0100/subtree.jsonl,665,7e172cc101dd362b3f5727125fa00d5c573092027ad59ec0b1f755f5e3d6d3bf,13d16e9e7b72c89e51780d7b917ec0b324296dc61cefb3cbb3b1dc5cac6d2908,7466b9e92ac09f6a5dd82cc928ebe1ea46d0e74c59f0dd6f937918d132a94618
D-subtree,subtree-665,201,auxiliary subtree case,True,validation/stage1-20261004-0100/subtree.jsonl,666,7e172cc101dd362b3f5727125fa00d5c573092027ad59ec0b1f755f5e3d6d3bf,1a4d8e32ba45c40cbe5b1dda252c2f30cd3d8f8b59a8e2568cdd574dd120c1af,7466b9e92ac09f6a5dd82cc928ebe1ea46d0e74c59f0dd6f937918d132a94618
D-subtree,subtree-666,1,auxiliary subtree case,True,validation/stage1-20261004-0100/subtree.jsonl,667,7e172cc101dd362b3f5727125fa00d5c573092027ad59ec0b1f755f5e3d6d3bf,93ec23900e7b517028e0024463cc2768575cbefc9e5841fe8accea4a79c82118,7466b9e92ac09f6a5dd82cc928ebe1ea46d0e74c59f0dd6f937918d132a94618
D-subtree,subtree-667,2,auxiliary subtree case,True,validation/stage1-20261004-0100/subtree.jsonl,668,7e172cc101dd362b3f5727125fa00d5c573092027ad59ec0b1f755f5e3d6d3bf,7b43c079b60ff1fba2da070f2306db3de14631ba8488780e769feb19b7985627,7466b9e92ac09f6a5dd82cc928ebe1ea46d0e74c59f0dd6f937918d132a94618
D-subtree,subtree-668,3,auxiliary subtree case,True,validation/stage1-20261004-0100/subtree.jsonl,669,7e172cc101dd362b3f5727125fa00d5c573092027ad59ec0b1f755f5e3d6d3bf,3f11acb0e05a161c78e7577b2c87ed76cbb76dc507d41aacbd259e8ae95bb199,7466b9e92ac09f6a5dd82cc928ebe1ea46d0e74c59f0dd6f937918d132a94618
D-subtree,subtree-669,101,auxiliary subtree case,True,validation/stage1-20261004-0100/subtree.jsonl,670,7e172cc101dd362b3f5727125fa00d5c573092027ad59ec0b1f755f5e3d6d3bf,0f96dca650cfeb7328c5b36bfb3f6abbc74d19b7c0481c1f1ebcbc7e0091d408,7466b9e92ac09f6a5dd82cc928ebe1ea46d0e74c59f0dd6f937918d132a94618
D-subtree,subtree-670,102,auxiliary subtree case,True,validation/stage1-20261004-0100/subtree.jsonl,671,7e172cc101dd362b3f5727125fa00d5c573092027ad59ec0b1f755f5e3d6d3bf,04038ed70d3c2390e222b1c0ed31b7c14d5e4019476a04a37cb8cbdda7564f2c,7466b9e92ac09f6a5dd82cc928ebe1ea46d0e74c59f0dd6f937918d132a94618
D-subtree,subtree-671,103,auxiliary subtree case,True,validation/stage1-20261004-0100/subtree.jsonl,672,7e172cc101dd362b3f5727125fa00d5c573092027ad59ec0b1f755f5e3d6d3bf,48a191064b38290bd408b55dd51005dd99685810f1909a1552d204957858373f,7466b9e92ac09f6a5dd82cc928ebe1ea46d0e74c59f0dd6f937918d132a94618
D-subtree,subtree-672,201,auxiliary subtree case,True,validation/stage1-20261004-0100/subtree.jsonl,673,7e172cc101dd362b3f5727125fa00d5c573092027ad59ec0b1f755f5e3d6d3bf,9a56dff9cf8a0d137dc20a15b2d0cb47cd5db1357fadbaa0c18b542013e2006b,7466b9e92ac09f6a5dd82cc928ebe1ea46d0e74c59f0dd6f937918d132a94618
D-subtree,subtree-673,1,auxiliary subtree case,True,validation/stage1-20261004-0100/subtree.jsonl,674,7e172cc101dd362b3f5727125fa00d5c573092027ad59ec0b1f755f5e3d6d3bf,199ec83134d4382101582434bb0e51a2c5b036c75befee71919fa72e12d2f77b,7466b9e92ac09f6a5dd82cc928ebe1ea46d0e74c59f0dd6f937918d132a94618
D-subtree,subtree-674,2,auxiliary subtree case,True,validation/stage1-20261004-0100/subtree.jsonl,675,7e172cc101dd362b3f5727125fa00d5c573092027ad59ec0b1f755f5e3d6d3bf,a01cf0044020d9dfb32814eb1f6744b74e5299be1bb427529aa19961fac79733,7466b9e92ac09f6a5dd82cc928ebe1ea46d0e74c59f0dd6f937918d132a94618
D-subtree,subtree-675,3,auxiliary subtree case,True,validation/stage1-20261004-0100/subtree.jsonl,676,7e172cc101dd362b3f5727125fa00d5c573092027ad59ec0b1f755f5e3d6d3bf,ef151eda8abaef6976330899d1d9c35a978766724e09f56b1f4c68488ad373b2,7466b9e92ac09f6a5dd82cc928ebe1ea46d0e74c59f0dd6f937918d132a94618
D-subtree,subtree-676,101,auxiliary subtree case,True,validation/stage1-20261004-0100/subtree.jsonl,677,7e172cc101dd362b3f5727125fa00d5c573092027ad59ec0b1f755f5e3d6d3bf,f21550c1123cc805f69e6adfc4aea6e8eb3a25a949808a0b816f12ab8664855d,7466b9e92ac09f6a5dd82cc928ebe1ea46d0e74c59f0dd6f937918d132a94618
D-subtree,subtree-677,102,auxiliary subtree case,True,validation/stage1-20261004-0100/subtree.jsonl,678,7e172cc101dd362b3f5727125fa00d5c573092027ad59ec0b1f755f5e3d6d3bf,a743b41638e25f946298c0b9c0dd90803f69e93d96eb3dfdac42739eb6440b78,7466b9e92ac09f6a5dd82cc928ebe1ea46d0e74c59f0dd6f937918d132a94618
D-subtree,subtree-678,103,auxiliary subtree case,True,validation/stage1-20261004-0100/subtree.jsonl,679,7e172cc101dd362b3f5727125fa00d5c573092027ad59ec0b1f755f5e3d6d3bf,6458150777c6958249a18b59870795f1d6b0df57750ec533ead11bc3eda98112,7466b9e92ac09f6a5dd82cc928ebe1ea46d0e74c59f0dd6f937918d132a94618
D-subtree,subtree-679,201,auxiliary subtree case,True,validation/stage1-20261004-0100/subtree.jsonl,680,7e172cc101dd362b3f5727125fa00d5c573092027ad59ec0b1f755f5e3d6d3bf,3da38969188cd935e5b24f772fc1023f58e05d58e7c957510f534ed1f85489ad,7466b9e92ac09f6a5dd82cc928ebe1ea46d0e74c59f0dd6f937918d132a94618
D-subtree,subtree-680,1,auxiliary subtree case,True,validation/stage1-20261004-0100/subtree.jsonl,681,7e172cc101dd362b3f5727125fa00d5c573092027ad59ec0b1f755f5e3d6d3bf,8f465d5747afbf96775e930b3e18b02180657ccbfe3618b10ac82f086bc5a97d,7466b9e92ac09f6a5dd82cc928ebe1ea46d0e74c59f0dd6f937918d132a94618
D-subtree,subtree-681,2,auxiliary subtree case,True,validation/stage1-20261004-0100/subtree.jsonl,682,7e172cc101dd362b3f5727125fa00d5c573092027ad59ec0b1f755f5e3d6d3bf,4796a8ccdde89a2e24458cc4d8599ab8abe67974502ddcff7f62008c5c91f74a,7466b9e92ac09f6a5dd82cc928ebe1ea46d0e74c59f0dd6f937918d132a94618
D-subtree,subtree-682,3,auxiliary subtree case,True,validation/stage1-20261004-0100/subtree.jsonl,683,7e172cc101dd362b3f5727125fa00d5c573092027ad59ec0b1f755f5e3d6d3bf,75d277e20ae99b261e051bfca9c47b936c0badf219a3a562d0eb723a7d93cbe2,7466b9e92ac09f6a5dd82cc928ebe1ea46d0e74c59f0dd6f937918d132a94618
D-subtree,subtree-683,101,auxiliary subtree case,True,validation/stage1-20261004-0100/subtree.jsonl,684,7e172cc101dd362b3f5727125fa00d5c573092027ad59ec0b1f755f5e3d6d3bf,67a3909abcbf194bbb2a5f83f0656f8974de3011a83d4aaaa9bb7eefb5022b16,7466b9e92ac09f6a5dd82cc928ebe1ea46d0e74c59f0dd6f937918d132a94618
D-subtree,subtree-684,102,auxiliary subtree case,True,validation/stage1-20261004-0100/subtree.jsonl,685,7e172cc101dd362b3f5727125fa00d5c573092027ad59ec0b1f755f5e3d6d3bf,07bb920853b33bdd3e27daf52e69119d255f54383b84199b14955ee0d38f10f9,7466b9e92ac09f6a5dd82cc928ebe1ea46d0e74c59f0dd6f937918d132a94618
D-subtree,subtree-685,103,auxiliary subtree case,True,validation/stage1-20261004-0100/subtree.jsonl,686,7e172cc101dd362b3f5727125fa00d5c573092027ad59ec0b1f755f5e3d6d3bf,7e98140902c6cd2a7c145ce910cc2872867d648d798bd2651d0f74c5e044770d,7466b9e92ac09f6a5dd82cc928ebe1ea46d0e74c59f0dd6f937918d132a94618
D-subtree,subtree-686,201,auxiliary subtree case,True,validation/stage1-20261004-0100/subtree.jsonl,687,7e172cc101dd362b3f5727125fa00d5c573092027ad59ec0b1f755f5e3d6d3bf,c71744bd22c08e9ab5a5ccabf605cef9f24b2eb3f3393fbbf157dab0b0c60900,7466b9e92ac09f6a5dd82cc928ebe1ea46d0e74c59f0dd6f937918d132a94618
D-subtree,subtree-687,1,auxiliary subtree case,True,validation/stage1-20261004-0100/subtree.jsonl,688,7e172cc101dd362b3f5727125fa00d5c573092027ad59ec0b1f755f5e3d6d3bf,dcd7f0889697cba428fa53f60cbda850548ca3007b5be6803c50b7b5bb3b12aa,7466b9e92ac09f6a5dd82cc928ebe1ea46d0e74c59f0dd6f937918d132a94618
D-subtree,subtree-688,2,auxiliary subtree case,True,validation/stage1-20261004-0100/subtree.jsonl,689,7e172cc101dd362b3f5727125fa00d5c573092027ad59ec0b1f755f5e3d6d3bf,540da6d26f23cbc585fa5c9b7dea4eb2e64c4b339eda9bcb76c1ca0f6ca28969,7466b9e92ac09f6a5dd82cc928ebe1ea46d0e74c59f0dd6f937918d132a94618
D-subtree,subtree-689,3,auxiliary subtree case,True,validation/stage1-20261004-0100/subtree.jsonl,690,7e172cc101dd362b3f5727125fa00d5c573092027ad59ec0b1f755f5e3d6d3bf,65aba611bf050fac59271947a967d739c1ebbe1230c992a63a8678a761e3a27b,7466b9e92ac09f6a5dd82cc928ebe1ea46d0e74c59f0dd6f937918d132a94618
D-subtree,subtree-690,101,auxiliary subtree case,True,validation/stage1-20261004-0100/subtree.jsonl,691,7e172cc101dd362b3f5727125fa00d5c573092027ad59ec0b1f755f5e3d6d3bf,84136ce8963c61331f6375025225d65840d2e41bd3bb36413cf1ea50bc1de278,7466b9e92ac09f6a5dd82cc928ebe1ea46d0e74c59f0dd6f937918d132a94618
D-subtree,subtree-691,102,auxiliary subtree case,True,validation/stage1-20261004-0100/subtree.jsonl,692,7e172cc101dd362b3f5727125fa00d5c573092027ad59ec0b1f755f5e3d6d3bf,96fd872e8ce981eec4690aa726736f2397c3ba02c9fdce7b97ecd7ffcb53de52,7466b9e92ac09f6a5dd82cc928ebe1ea46d0e74c59f0dd6f937918d132a94618
D-subtree,subtree-692,103,auxiliary subtree case,True,validation/stage1-20261004-0100/subtree.jsonl,693,7e172cc101dd362b3f5727125fa00d5c573092027ad59ec0b1f755f5e3d6d3bf,f1b7862c64bbe72640dbce48806e8b5059c51f9194e9a9101b074802f15755aa,7466b9e92ac09f6a5dd82cc928ebe1ea46d0e74c59f0dd6f937918d132a94618
D-subtree,subtree-693,201,auxiliary subtree case,True,validation/stage1-20261004-0100/subtree.jsonl,694,7e172cc101dd362b3f5727125fa00d5c573092027ad59ec0b1f755f5e3d6d3bf,dbd407979fa3503415444cc707661aa6b83d0e500b686efa784e034f8e7e8da3,7466b9e92ac09f6a5dd82cc928ebe1ea46d0e74c59f0dd6f937918d132a94618
D-subtree,subtree-694,1,auxiliary subtree case,True,validation/stage1-20261004-0100/subtree.jsonl,695,7e172cc101dd362b3f5727125fa00d5c573092027ad59ec0b1f755f5e3d6d3bf,08e2b0b60d4fecbaa94df608c3268890a3e68b2dfa5770d93bca205a3ebe40e2,7466b9e92ac09f6a5dd82cc928ebe1ea46d0e74c59f0dd6f937918d132a94618
D-subtree,subtree-695,2,auxiliary subtree case,True,validation/stage1-20261004-0100/subtree.jsonl,696,7e172cc101dd362b3f5727125fa00d5c573092027ad59ec0b1f755f5e3d6d3bf,e8bd875c06be7aa7e82ff168e56ff84da1b5d319f0cca80e23c1df977e7a275e,7466b9e92ac09f6a5dd82cc928ebe1ea46d0e74c59f0dd6f937918d132a94618
D-subtree,subtree-696,3,auxiliary subtree case,True,validation/stage1-20261004-0100/subtree.jsonl,697,7e172cc101dd362b3f5727125fa00d5c573092027ad59ec0b1f755f5e3d6d3bf,0307aae85a9b3d82b855ed51a8e8d25103e24e465dcda678d611c4e94a082183,7466b9e92ac09f6a5dd82cc928ebe1ea46d0e74c59f0dd6f937918d132a94618
D-subtree,subtree-697,101,auxiliary subtree case,True,validation/stage1-20261004-0100/subtree.jsonl,698,7e172cc101dd362b3f5727125fa00d5c573092027ad59ec0b1f755f5e3d6d3bf,c8c7121fd15c41a192576a2ea1e3ad95ecdb2baa8473efe7209d2fd105c7be92,7466b9e92ac09f6a5dd82cc928ebe1ea46d0e74c59f0dd6f937918d132a94618
D-subtree,subtree-698,102,auxiliary subtree case,True,validation/stage1-20261004-0100/subtree.jsonl,699,7e172cc101dd362b3f5727125fa00d5c573092027ad59ec0b1f755f5e3d6d3bf,a315cc7d3278343e558b3500dadbbc9538f5b037fcc4fab16dd157a70437b63a,7466b9e92ac09f6a5dd82cc928ebe1ea46d0e74c59f0dd6f937918d132a94618
D-subtree,subtree-699,103,auxiliary subtree case,True,validation/stage1-20261004-0100/subtree.jsonl,700,7e172cc101dd362b3f5727125fa00d5c573092027ad59ec0b1f755f5e3d6d3bf,0891d2dc527e8a5c1fba77f378d2b2e338e664dda97edd486dff1802f980e003,7466b9e92ac09f6a5dd82cc928ebe1ea46d0e74c59f0dd6f937918d132a94618
D-subtree,subtree-700,201,auxiliary subtree case,True,validation/stage1-20261004-0100/subtree.jsonl,701,7e172cc101dd362b3f5727125fa00d5c573092027ad59ec0b1f755f5e3d6d3bf,1841718910de0d09add80142f96e1cdcd898bf86381acf32e42b7c822be3a0f6,7466b9e92ac09f6a5dd82cc928ebe1ea46d0e74c59f0dd6f937918d132a94618
D-subtree,subtree-701,1,auxiliary subtree case,True,validation/stage1-20261004-0100/subtree.jsonl,702,7e172cc101dd362b3f5727125fa00d5c573092027ad59ec0b1f755f5e3d6d3bf,e10a2848a99f485cd3392574a93d58ba18c248897e4fe91d8eaea7fd21431ba1,7466b9e92ac09f6a5dd82cc928ebe1ea46d0e74c59f0dd6f937918d132a94618
D-subtree,subtree-702,2,auxiliary subtree case,True,validation/stage1-20261004-0100/subtree.jsonl,703,7e172cc101dd362b3f5727125fa00d5c573092027ad59ec0b1f755f5e3d6d3bf,8404a7244c25d134caf9b13b58aa9b6128c9232bb0c515f8bdf62dfe350f807f,7466b9e92ac09f6a5dd82cc928ebe1ea46d0e74c59f0dd6f937918d132a94618
D-subtree,subtree-703,3,auxiliary subtree case,True,validation/stage1-20261004-0100/subtree.jsonl,704,7e172cc101dd362b3f5727125fa00d5c573092027ad59ec0b1f755f5e3d6d3bf,02dcda2f6b7474b29a845787394137e55b4b86d8c94cef45c5195b1429b1e2ab,7466b9e92ac09f6a5dd82cc928ebe1ea46d0e74c59f0dd6f937918d132a94618
D-subtree,subtree-704,101,auxiliary subtree case,True,validation/stage1-20261004-0100/subtree.jsonl,705,7e172cc101dd362b3f5727125fa00d5c573092027ad59ec0b1f755f5e3d6d3bf,289e70ab517731d27557fe56e5088f9a3bb1a9f279a7d37f39dfab6a94d70216,7466b9e92ac09f6a5dd82cc928ebe1ea46d0e74c59f0dd6f937918d132a94618
D-subtree,subtree-705,102,auxiliary subtree case,True,validation/stage1-20261004-0100/subtree.jsonl,706,7e172cc101dd362b3f5727125fa00d5c573092027ad59ec0b1f755f5e3d6d3bf,3fbcdd5de23720873ea4cb544559400a3eb47983d37080b25c57eb794def3490,7466b9e92ac09f6a5dd82cc928ebe1ea46d0e74c59f0dd6f937918d132a94618
D-subtree,subtree-706,103,auxiliary subtree case,True,validation/stage1-20261004-0100/subtree.jsonl,707,7e172cc101dd362b3f5727125fa00d5c573092027ad59ec0b1f755f5e3d6d3bf,9afa40fff142c921a50dc7d15e9c100f6935d7c10df30e3310a57dcbba2c284e,7466b9e92ac09f6a5dd82cc928ebe1ea46d0e74c59f0dd6f937918d132a94618
D-subtree,subtree-707,201,auxiliary subtree case,True,validation/stage1-20261004-0100/subtree.jsonl,708,7e172cc101dd362b3f5727125fa00d5c573092027ad59ec0b1f755f5e3d6d3bf,6c77db973d2c14b60207f1c2c0d0b709e672ac8660dd274dfffb9640f41807db,7466b9e92ac09f6a5dd82cc928ebe1ea46d0e74c59f0dd6f937918d132a94618
D-subtree,subtree-708,1,auxiliary subtree case,True,validation/stage1-20261004-0100/subtree.jsonl,709,7e172cc101dd362b3f5727125fa00d5c573092027ad59ec0b1f755f5e3d6d3bf,dc05e5b5def5b7a930765324d5878ef90f7b539924222c038bdd9d4134cf5803,7466b9e92ac09f6a5dd82cc928ebe1ea46d0e74c59f0dd6f937918d132a94618
D-subtree,subtree-709,2,auxiliary subtree case,True,validation/stage1-20261004-0100/subtree.jsonl,710,7e172cc101dd362b3f5727125fa00d5c573092027ad59ec0b1f755f5e3d6d3bf,a3355f1d551e9b30b0a59936c14bdbd4e6dbf5317ed1c2f84996b0dc4fc2ec27,7466b9e92ac09f6a5dd82cc928ebe1ea46d0e74c59f0dd6f937918d132a94618
D-subtree,subtree-710,3,auxiliary subtree case,True,validation/stage1-20261004-0100/subtree.jsonl,711,7e172cc101dd362b3f5727125fa00d5c573092027ad59ec0b1f755f5e3d6d3bf,a31002a535a8c4448777f9c4f30ffa799cd59d9a2e8c799094db6e23b12d3455,7466b9e92ac09f6a5dd82cc928ebe1ea46d0e74c59f0dd6f937918d132a94618
D-subtree,subtree-711,101,auxiliary subtree case,True,validation/stage1-20261004-0100/subtree.jsonl,712,7e172cc101dd362b3f5727125fa00d5c573092027ad59ec0b1f755f5e3d6d3bf,e6ea592eeee403394e105bd2c5503aa15796d66be9054480b82189a843ce842e,7466b9e92ac09f6a5dd82cc928ebe1ea46d0e74c59f0dd6f937918d132a94618
D-subtree,subtree-712,102,auxiliary subtree case,True,validation/stage1-20261004-0100/subtree.jsonl,713,7e172cc101dd362b3f5727125fa00d5c573092027ad59ec0b1f755f5e3d6d3bf,a66c7c965ae09b2d9ee27d024fe9fcac05a487c43284d65ae909ef4a8e7e7cf8,7466b9e92ac09f6a5dd82cc928ebe1ea46d0e74c59f0dd6f937918d132a94618
D-subtree,subtree-713,103,auxiliary subtree case,True,validation/stage1-20261004-0100/subtree.jsonl,714,7e172cc101dd362b3f5727125fa00d5c573092027ad59ec0b1f755f5e3d6d3bf,d88d9e31221ac6b8360bcc7e210e2037d484d0806c5abbc618313dd65d2e31fc,7466b9e92ac09f6a5dd82cc928ebe1ea46d0e74c59f0dd6f937918d132a94618
D-subtree,subtree-714,201,auxiliary subtree case,True,validation/stage1-20261004-0100/subtree.jsonl,715,7e172cc101dd362b3f5727125fa00d5c573092027ad59ec0b1f755f5e3d6d3bf,ee942770657cacf9fd3ca995314a51c855bbde389d5d68c8958f61c4ea6620ad,7466b9e92ac09f6a5dd82cc928ebe1ea46d0e74c59f0dd6f937918d132a94618
D-subtree,subtree-715,1,auxiliary subtree case,True,validation/stage1-20261004-0100/subtree.jsonl,716,7e172cc101dd362b3f5727125fa00d5c573092027ad59ec0b1f755f5e3d6d3bf,0936e41dbba941aca2406531b493b5269d0a39ae92c2164faf9dc5b1595d53b8,7466b9e92ac09f6a5dd82cc928ebe1ea46d0e74c59f0dd6f937918d132a94618
D-subtree,subtree-716,2,auxiliary subtree case,True,validation/stage1-20261004-0100/subtree.jsonl,717,7e172cc101dd362b3f5727125fa00d5c573092027ad59ec0b1f755f5e3d6d3bf,4336abfef5c10df5205868ece85e4a3084cc5cda65aeaed14e0eb12d41b0c123,7466b9e92ac09f6a5dd82cc928ebe1ea46d0e74c59f0dd6f937918d132a94618
D-subtree,subtree-717,3,auxiliary subtree case,True,validation/stage1-20261004-0100/subtree.jsonl,718,7e172cc101dd362b3f5727125fa00d5c573092027ad59ec0b1f755f5e3d6d3bf,a15dc8c99de3246acce158a53521a3ff2cf734b818883cccf2e82a273a6df61c,7466b9e92ac09f6a5dd82cc928ebe1ea46d0e74c59f0dd6f937918d132a94618
D-subtree,subtree-718,101,auxiliary subtree case,True,validation/stage1-20261004-0100/subtree.jsonl,719,7e172cc101dd362b3f5727125fa00d5c573092027ad59ec0b1f755f5e3d6d3bf,278838e37842d2bbf123fcd376212fbfea8e4dc758af5c4f6e544caedb0cde3a,7466b9e92ac09f6a5dd82cc928ebe1ea46d0e74c59f0dd6f937918d132a94618
D-subtree,subtree-719,102,auxiliary subtree case,True,validation/stage1-20261004-0100/subtree.jsonl,720,7e172cc101dd362b3f5727125fa00d5c573092027ad59ec0b1f755f5e3d6d3bf,159c6d00adb11f232ab7fcbce8f7ea40e1d0d393ed03e615a1175521ed44c205,7466b9e92ac09f6a5dd82cc928ebe1ea46d0e74c59f0dd6f937918d132a94618
D-subtree,subtree-720,103,auxiliary subtree case,True,validation/stage1-20261004-0100/subtree.jsonl,721,7e172cc101dd362b3f5727125fa00d5c573092027ad59ec0b1f755f5e3d6d3bf,4647b5946c4314a4e7a11d5bec1b068c72e83746928d8d1806e7ca5016930026,7466b9e92ac09f6a5dd82cc928ebe1ea46d0e74c59f0dd6f937918d132a94618
D-subtree,subtree-721,201,auxiliary subtree case,True,validation/stage1-20261004-0100/subtree.jsonl,722,7e172cc101dd362b3f5727125fa00d5c573092027ad59ec0b1f755f5e3d6d3bf,be27f5166a98a727320759079dd46c915287d671cc05f6cef0a22a04dbf20269,7466b9e92ac09f6a5dd82cc928ebe1ea46d0e74c59f0dd6f937918d132a94618
D-subtree,subtree-722,1,auxiliary subtree case,True,validation/stage1-20261004-0100/subtree.jsonl,723,7e172cc101dd362b3f5727125fa00d5c573092027ad59ec0b1f755f5e3d6d3bf,ce5f044f1b560264320012c68ac64a0ac9317eaa935984f7b56a27f3e17475fd,7466b9e92ac09f6a5dd82cc928ebe1ea46d0e74c59f0dd6f937918d132a94618
D-subtree,subtree-723,2,auxiliary subtree case,True,validation/stage1-20261004-0100/subtree.jsonl,724,7e172cc101dd362b3f5727125fa00d5c573092027ad59ec0b1f755f5e3d6d3bf,42b7929f8b110d4f470d4889d58e449fda25e4712a8706710f881f2bca2de704,7466b9e92ac09f6a5dd82cc928ebe1ea46d0e74c59f0dd6f937918d132a94618
D-subtree,subtree-724,3,auxiliary subtree case,True,validation/stage1-20261004-0100/subtree.jsonl,725,7e172cc101dd362b3f5727125fa00d5c573092027ad59ec0b1f755f5e3d6d3bf,e9584fa3541000bae22708b128b9472c6a3570b119f8ac40a4f00d5d75dc4223,7466b9e92ac09f6a5dd82cc928ebe1ea46d0e74c59f0dd6f937918d132a94618
D-subtree,subtree-725,101,auxiliary subtree case,True,validation/stage1-20261004-0100/subtree.jsonl,726,7e172cc101dd362b3f5727125fa00d5c573092027ad59ec0b1f755f5e3d6d3bf,b53c7867e8c27b79d7ef85d14385d00cb6578d5823e369320691f0ee0fc5004c,7466b9e92ac09f6a5dd82cc928ebe1ea46d0e74c59f0dd6f937918d132a94618
D-subtree,subtree-726,102,auxiliary subtree case,True,validation/stage1-20261004-0100/subtree.jsonl,727,7e172cc101dd362b3f5727125fa00d5c573092027ad59ec0b1f755f5e3d6d3bf,890f7d02c4b8d7b9e0f88e308d7c02a0845bbddc39c1493c671309345732cbfa,7466b9e92ac09f6a5dd82cc928ebe1ea46d0e74c59f0dd6f937918d132a94618
D-subtree,subtree-727,103,auxiliary subtree case,True,validation/stage1-20261004-0100/subtree.jsonl,728,7e172cc101dd362b3f5727125fa00d5c573092027ad59ec0b1f755f5e3d6d3bf,d3db58e0171a49760eee16b6d457d08a596b519fc5c3ecde37a387450e854c01,7466b9e92ac09f6a5dd82cc928ebe1ea46d0e74c59f0dd6f937918d132a94618
D-subtree,subtree-728,201,auxiliary subtree case,True,validation/stage1-20261004-0100/subtree.jsonl,729,7e172cc101dd362b3f5727125fa00d5c573092027ad59ec0b1f755f5e3d6d3bf,40c84fcb43252adb0bb8df62b2376333f636f23ee88a58bbaafca88f2218af46,7466b9e92ac09f6a5dd82cc928ebe1ea46d0e74c59f0dd6f937918d132a94618
D-subtree,subtree-729,1,auxiliary subtree case,True,validation/stage1-20261004-0100/subtree.jsonl,730,7e172cc101dd362b3f5727125fa00d5c573092027ad59ec0b1f755f5e3d6d3bf,475ff778f12b5ade1382985a49006817674881ec1d8fb945bac9f7588ada72fe,7466b9e92ac09f6a5dd82cc928ebe1ea46d0e74c59f0dd6f937918d132a94618
D-subtree,subtree-730,2,auxiliary subtree case,True,validation/stage1-20261004-0100/subtree.jsonl,731,7e172cc101dd362b3f5727125fa00d5c573092027ad59ec0b1f755f5e3d6d3bf,054fde8980a0a1a1d4374806a5e2b6731d2b3abc6e9812d67849bece1ad6c583,7466b9e92ac09f6a5dd82cc928ebe1ea46d0e74c59f0dd6f937918d132a94618
D-subtree,subtree-731,3,auxiliary subtree case,True,validation/stage1-20261004-0100/subtree.jsonl,732,7e172cc101dd362b3f5727125fa00d5c573092027ad59ec0b1f755f5e3d6d3bf,c0f9df9d6372154288aa3c1372b31450a7d76362a66a6ffd8a41ab95f9680854,7466b9e92ac09f6a5dd82cc928ebe1ea46d0e74c59f0dd6f937918d132a94618
D-subtree,subtree-732,101,auxiliary subtree case,True,validation/stage1-20261004-0100/subtree.jsonl,733,7e172cc101dd362b3f5727125fa00d5c573092027ad59ec0b1f755f5e3d6d3bf,5a06d78dc4ab8bb57ece0b8c7ad6b6dc9546b8db24c779b743885d1dfa486f88,7466b9e92ac09f6a5dd82cc928ebe1ea46d0e74c59f0dd6f937918d132a94618
D-subtree,subtree-733,102,auxiliary subtree case,True,validation/stage1-20261004-0100/subtree.jsonl,734,7e172cc101dd362b3f5727125fa00d5c573092027ad59ec0b1f755f5e3d6d3bf,db74577b42052d7a079451c9c68a9e2d047afe9311d9793747238f5a2c6ee51d,7466b9e92ac09f6a5dd82cc928ebe1ea46d0e74c59f0dd6f937918d132a94618
D-subtree,subtree-734,103,auxiliary subtree case,True,validation/stage1-20261004-0100/subtree.jsonl,735,7e172cc101dd362b3f5727125fa00d5c573092027ad59ec0b1f755f5e3d6d3bf,83b766dc65eb0d75e1a86c158b730a295e1969475c8945327f338c8f800c3962,7466b9e92ac09f6a5dd82cc928ebe1ea46d0e74c59f0dd6f937918d132a94618
D-subtree,subtree-735,201,auxiliary subtree case,True,validation/stage1-20261004-0100/subtree.jsonl,736,7e172cc101dd362b3f5727125fa00d5c573092027ad59ec0b1f755f5e3d6d3bf,9985711e587743a49cf1f5e8625f5233ea97b959d1da5ccdbe536d5d45c5ba8b,7466b9e92ac09f6a5dd82cc928ebe1ea46d0e74c59f0dd6f937918d132a94618
D-subtree,subtree-736,1,auxiliary subtree case,True,validation/stage1-20261004-0100/subtree.jsonl,737,7e172cc101dd362b3f5727125fa00d5c573092027ad59ec0b1f755f5e3d6d3bf,958ff95262780d12fd6a793c4ba2c379211053413957278a499da2b5b778c85d,7466b9e92ac09f6a5dd82cc928ebe1ea46d0e74c59f0dd6f937918d132a94618
D-subtree,subtree-737,2,auxiliary subtree case,True,validation/stage1-20261004-0100/subtree.jsonl,738,7e172cc101dd362b3f5727125fa00d5c573092027ad59ec0b1f755f5e3d6d3bf,cb6136666071e31caea6cbeb4b15cf5ecef10cd824e4f7d8a220f210cd2ca72e,7466b9e92ac09f6a5dd82cc928ebe1ea46d0e74c59f0dd6f937918d132a94618
D-subtree,subtree-738,3,auxiliary subtree case,True,validation/stage1-20261004-0100/subtree.jsonl,739,7e172cc101dd362b3f5727125fa00d5c573092027ad59ec0b1f755f5e3d6d3bf,6a9870dad8046ad3c07b8c9b073ecf1b555d7a9b6a4dbba585e8e72e87354f35,7466b9e92ac09f6a5dd82cc928ebe1ea46d0e74c59f0dd6f937918d132a94618
D-subtree,subtree-739,101,auxiliary subtree case,True,validation/stage1-20261004-0100/subtree.jsonl,740,7e172cc101dd362b3f5727125fa00d5c573092027ad59ec0b1f755f5e3d6d3bf,a25544287d400e4856c4218ca3f74e3f8f7a8277ffa7fd96b7cd457570e0cead,7466b9e92ac09f6a5dd82cc928ebe1ea46d0e74c59f0dd6f937918d132a94618
D-subtree,subtree-740,102,auxiliary subtree case,True,validation/stage1-20261004-0100/subtree.jsonl,741,7e172cc101dd362b3f5727125fa00d5c573092027ad59ec0b1f755f5e3d6d3bf,7adaf50e4b069d821ce0e43e2051a79f35b571714e10836a99b7d44b6acc8c9b,7466b9e92ac09f6a5dd82cc928ebe1ea46d0e74c59f0dd6f937918d132a94618
D-subtree,subtree-741,103,auxiliary subtree case,True,validation/stage1-20261004-0100/subtree.jsonl,742,7e172cc101dd362b3f5727125fa00d5c573092027ad59ec0b1f755f5e3d6d3bf,1cc6f2e8aa0c3f7c53450c1c98d2bc2f4ef77de2295ae9bc11f016707c6d2e20,7466b9e92ac09f6a5dd82cc928ebe1ea46d0e74c59f0dd6f937918d132a94618
D-subtree,subtree-742,201,auxiliary subtree case,True,validation/stage1-20261004-0100/subtree.jsonl,743,7e172cc101dd362b3f5727125fa00d5c573092027ad59ec0b1f755f5e3d6d3bf,ef790b37d879df8a3f20add39f2630542f2deb9acb8086655b4470f785570711,7466b9e92ac09f6a5dd82cc928ebe1ea46d0e74c59f0dd6f937918d132a94618
D-subtree,subtree-743,1,auxiliary subtree case,True,validation/stage1-20261004-0100/subtree.jsonl,744,7e172cc101dd362b3f5727125fa00d5c573092027ad59ec0b1f755f5e3d6d3bf,3f4e1fcae68933e064f3de4363657028c464ba2c944799d06a5da9839b428d48,7466b9e92ac09f6a5dd82cc928ebe1ea46d0e74c59f0dd6f937918d132a94618
D-subtree,subtree-744,2,auxiliary subtree case,True,validation/stage1-20261004-0100/subtree.jsonl,745,7e172cc101dd362b3f5727125fa00d5c573092027ad59ec0b1f755f5e3d6d3bf,df917167e46258402d03dd96aac89de99fb635219aeb0d8b40f7a45ad708e588,7466b9e92ac09f6a5dd82cc928ebe1ea46d0e74c59f0dd6f937918d132a94618
D-subtree,subtree-745,3,auxiliary subtree case,True,validation/stage1-20261004-0100/subtree.jsonl,746,7e172cc101dd362b3f5727125fa00d5c573092027ad59ec0b1f755f5e3d6d3bf,7d644e295af842d4229ff2dcd8db7108bbb98fcda8b18c54b0df1e4a70066bf8,7466b9e92ac09f6a5dd82cc928ebe1ea46d0e74c59f0dd6f937918d132a94618
D-subtree,subtree-746,101,auxiliary subtree case,True,validation/stage1-20261004-0100/subtree.jsonl,747,7e172cc101dd362b3f5727125fa00d5c573092027ad59ec0b1f755f5e3d6d3bf,5506ffd088850404ba12d6bf44b46ec231ad01f5417de4f33b7da46f6dd06c0c,7466b9e92ac09f6a5dd82cc928ebe1ea46d0e74c59f0dd6f937918d132a94618
D-subtree,subtree-747,102,auxiliary subtree case,True,validation/stage1-20261004-0100/subtree.jsonl,748,7e172cc101dd362b3f5727125fa00d5c573092027ad59ec0b1f755f5e3d6d3bf,f3317232c1b0dc2d86b7766d1c1e9bec913e94a56496dd040ba77d7708812ab0,7466b9e92ac09f6a5dd82cc928ebe1ea46d0e74c59f0dd6f937918d132a94618
D-subtree,subtree-748,103,auxiliary subtree case,True,validation/stage1-20261004-0100/subtree.jsonl,749,7e172cc101dd362b3f5727125fa00d5c573092027ad59ec0b1f755f5e3d6d3bf,a9528820e22806a757f1c77c89b760f06fa63ae699fa6be621e219f61336b35e,7466b9e92ac09f6a5dd82cc928ebe1ea46d0e74c59f0dd6f937918d132a94618
D-subtree,subtree-749,201,auxiliary subtree case,True,validation/stage1-20261004-0100/subtree.jsonl,750,7e172cc101dd362b3f5727125fa00d5c573092027ad59ec0b1f755f5e3d6d3bf,0ad837f7a46353136773adeb23acf783816bedd3cebd569f4faf4e74f4865a3e,7466b9e92ac09f6a5dd82cc928ebe1ea46d0e74c59f0dd6f937918d132a94618
D-subtree,subtree-750,1,auxiliary subtree case,True,validation/stage1-20261004-0100/subtree.jsonl,751,7e172cc101dd362b3f5727125fa00d5c573092027ad59ec0b1f755f5e3d6d3bf,d155768739a49d380e7a938ee76b36141233c2723a13dd45a13c0fd22c19bcaa,7466b9e92ac09f6a5dd82cc928ebe1ea46d0e74c59f0dd6f937918d132a94618
D-subtree,subtree-751,2,auxiliary subtree case,True,validation/stage1-20261004-0100/subtree.jsonl,752,7e172cc101dd362b3f5727125fa00d5c573092027ad59ec0b1f755f5e3d6d3bf,0896520bdf667bbff5b4f0813b855a67f8150b507263e492433bc432ab344550,7466b9e92ac09f6a5dd82cc928ebe1ea46d0e74c59f0dd6f937918d132a94618
D-subtree,subtree-752,3,auxiliary subtree case,True,validation/stage1-20261004-0100/subtree.jsonl,753,7e172cc101dd362b3f5727125fa00d5c573092027ad59ec0b1f755f5e3d6d3bf,8e02e56590fa5bbd7ef2a52fb5daefdd8a37afdf3fa4d89c9e9e6deaf98efde5,7466b9e92ac09f6a5dd82cc928ebe1ea46d0e74c59f0dd6f937918d132a94618
D-subtree,subtree-753,101,auxiliary subtree case,True,validation/stage1-20261004-0100/subtree.jsonl,754,7e172cc101dd362b3f5727125fa00d5c573092027ad59ec0b1f755f5e3d6d3bf,c2bdf7e458ef23d9795a68ca351db7b125f06ebbd1e643768f747cf59c47197b,7466b9e92ac09f6a5dd82cc928ebe1ea46d0e74c59f0dd6f937918d132a94618
D-subtree,subtree-754,102,auxiliary subtree case,True,validation/stage1-20261004-0100/subtree.jsonl,755,7e172cc101dd362b3f5727125fa00d5c573092027ad59ec0b1f755f5e3d6d3bf,a92f7e0eac1c3fbb630e2090f27fce47390ce7646353984c907ad350502f356f,7466b9e92ac09f6a5dd82cc928ebe1ea46d0e74c59f0dd6f937918d132a94618
D-subtree,subtree-755,103,auxiliary subtree case,True,validation/stage1-20261004-0100/subtree.jsonl,756,7e172cc101dd362b3f5727125fa00d5c573092027ad59ec0b1f755f5e3d6d3bf,ee0d58d8fe587391544e60640e9fda3c1e44ce587d85ba7de879f12b4e3bd5f3,7466b9e92ac09f6a5dd82cc928ebe1ea46d0e74c59f0dd6f937918d132a94618
D-subtree,subtree-756,201,auxiliary subtree case,True,validation/stage1-20261004-0100/subtree.jsonl,757,7e172cc101dd362b3f5727125fa00d5c573092027ad59ec0b1f755f5e3d6d3bf,f12962ad5233cf6e3a8f108d8f303fbcaa94e36c1d311e8596a1b8366dd47b1c,7466b9e92ac09f6a5dd82cc928ebe1ea46d0e74c59f0dd6f937918d132a94618
D-subtree,subtree-757,1,auxiliary subtree case,True,validation/stage1-20261004-0100/subtree.jsonl,758,7e172cc101dd362b3f5727125fa00d5c573092027ad59ec0b1f755f5e3d6d3bf,20242afc5285fea3b0e8f25c7160b61e8115bf00533835e7d2b28d3cc9b76fed,7466b9e92ac09f6a5dd82cc928ebe1ea46d0e74c59f0dd6f937918d132a94618
D-subtree,subtree-758,2,auxiliary subtree case,True,validation/stage1-20261004-0100/subtree.jsonl,759,7e172cc101dd362b3f5727125fa00d5c573092027ad59ec0b1f755f5e3d6d3bf,96cce9fdac8565dfcd95661e41143cc48a54eedcac4f7b131729fc7d258a84dd,7466b9e92ac09f6a5dd82cc928ebe1ea46d0e74c59f0dd6f937918d132a94618
D-subtree,subtree-759,3,auxiliary subtree case,True,validation/stage1-20261004-0100/subtree.jsonl,760,7e172cc101dd362b3f5727125fa00d5c573092027ad59ec0b1f755f5e3d6d3bf,68725aa6d6959aa78d6462f68e1a736dc23a7e230f448da06f2ad35e10f820b7,7466b9e92ac09f6a5dd82cc928ebe1ea46d0e74c59f0dd6f937918d132a94618
D-subtree,subtree-760,101,auxiliary subtree case,True,validation/stage1-20261004-0100/subtree.jsonl,761,7e172cc101dd362b3f5727125fa00d5c573092027ad59ec0b1f755f5e3d6d3bf,ecc21ba2a0463ef1ca2e89fa6ebf13f1d84bca0015b0a36379db7d0995285680,7466b9e92ac09f6a5dd82cc928ebe1ea46d0e74c59f0dd6f937918d132a94618
D-subtree,subtree-761,102,auxiliary subtree case,True,validation/stage1-20261004-0100/subtree.jsonl,762,7e172cc101dd362b3f5727125fa00d5c573092027ad59ec0b1f755f5e3d6d3bf,b8399234caf7ba1b7d9152be80c2fd4412d7056e8f6ea3b403a14bd757d0ee55,7466b9e92ac09f6a5dd82cc928ebe1ea46d0e74c59f0dd6f937918d132a94618
D-subtree,subtree-762,103,auxiliary subtree case,True,validation/stage1-20261004-0100/subtree.jsonl,763,7e172cc101dd362b3f5727125fa00d5c573092027ad59ec0b1f755f5e3d6d3bf,31785ce26a2a56b28ac4c46d36d9df93ebd224d913d2422d062e651b95a65592,7466b9e92ac09f6a5dd82cc928ebe1ea46d0e74c59f0dd6f937918d132a94618
D-subtree,subtree-763,201,auxiliary subtree case,True,validation/stage1-20261004-0100/subtree.jsonl,764,7e172cc101dd362b3f5727125fa00d5c573092027ad59ec0b1f755f5e3d6d3bf,ff507a4ddc508a34ce678daeb268b1f5f23a877035f6b75cbcb4fb240b53436d,7466b9e92ac09f6a5dd82cc928ebe1ea46d0e74c59f0dd6f937918d132a94618
D-subtree,subtree-764,1,auxiliary subtree case,True,validation/stage1-20261004-0100/subtree.jsonl,765,7e172cc101dd362b3f5727125fa00d5c573092027ad59ec0b1f755f5e3d6d3bf,a315ebc4e0e4c641f37b20f9bbcf608c83974dfd7f2d8829872a5529769f1535,7466b9e92ac09f6a5dd82cc928ebe1ea46d0e74c59f0dd6f937918d132a94618
D-subtree,subtree-765,2,auxiliary subtree case,True,validation/stage1-20261004-0100/subtree.jsonl,766,7e172cc101dd362b3f5727125fa00d5c573092027ad59ec0b1f755f5e3d6d3bf,85984c60c1477948661cd2d780fdd50266d94f136f2d9449be76690087a9fc64,7466b9e92ac09f6a5dd82cc928ebe1ea46d0e74c59f0dd6f937918d132a94618
D-subtree,subtree-766,3,auxiliary subtree case,True,validation/stage1-20261004-0100/subtree.jsonl,767,7e172cc101dd362b3f5727125fa00d5c573092027ad59ec0b1f755f5e3d6d3bf,12f38c8a052fb5c2594ed0a407bb0dbcbe9ab2ded96ba2e4369f6ab10dc41d52,7466b9e92ac09f6a5dd82cc928ebe1ea46d0e74c59f0dd6f937918d132a94618
D-subtree,subtree-767,101,auxiliary subtree case,True,validation/stage1-20261004-0100/subtree.jsonl,768,7e172cc101dd362b3f5727125fa00d5c573092027ad59ec0b1f755f5e3d6d3bf,b2f26dec4c5ed2f94ccccb71f9e7d28e52e8fdebf50e6e75e7a66ae02d8a5d40,7466b9e92ac09f6a5dd82cc928ebe1ea46d0e74c59f0dd6f937918d132a94618
D-subtree,subtree-768,102,auxiliary subtree case,True,validation/stage1-20261004-0100/subtree.jsonl,769,7e172cc101dd362b3f5727125fa00d5c573092027ad59ec0b1f755f5e3d6d3bf,84c9b583e2a0371413b0f575d689bf69daf87c63f236c927ecb5dd03145024a8,7466b9e92ac09f6a5dd82cc928ebe1ea46d0e74c59f0dd6f937918d132a94618
D-subtree,subtree-769,103,auxiliary subtree case,True,validation/stage1-20261004-0100/subtree.jsonl,770,7e172cc101dd362b3f5727125fa00d5c573092027ad59ec0b1f755f5e3d6d3bf,91437a5cdc848582394a60d0b8469a521a762e5bac88437a89b996c0db558dfd,7466b9e92ac09f6a5dd82cc928ebe1ea46d0e74c59f0dd6f937918d132a94618
D-subtree,subtree-770,201,auxiliary subtree case,True,validation/stage1-20261004-0100/subtree.jsonl,771,7e172cc101dd362b3f5727125fa00d5c573092027ad59ec0b1f755f5e3d6d3bf,7c078c65784a9f91302038c7fd245081cd183191bd6ddf7730e47e92778edfd2,7466b9e92ac09f6a5dd82cc928ebe1ea46d0e74c59f0dd6f937918d132a94618
D-subtree,subtree-771,1,auxiliary subtree case,True,validation/stage1-20261004-0100/subtree.jsonl,772,7e172cc101dd362b3f5727125fa00d5c573092027ad59ec0b1f755f5e3d6d3bf,d7bc9fe80e95fdc1e83d5e6227aa5e13931ea61689a6930e35ee7cb4fc8aa12c,7466b9e92ac09f6a5dd82cc928ebe1ea46d0e74c59f0dd6f937918d132a94618
D-subtree,subtree-772,2,auxiliary subtree case,True,validation/stage1-20261004-0100/subtree.jsonl,773,7e172cc101dd362b3f5727125fa00d5c573092027ad59ec0b1f755f5e3d6d3bf,03e6ddb843736518225410de3dc796396ac5e4a5436b7b0fbc14fbc7e23b4862,7466b9e92ac09f6a5dd82cc928ebe1ea46d0e74c59f0dd6f937918d132a94618
D-subtree,subtree-773,3,auxiliary subtree case,True,validation/stage1-20261004-0100/subtree.jsonl,774,7e172cc101dd362b3f5727125fa00d5c573092027ad59ec0b1f755f5e3d6d3bf,1feba2beee49c4bdd92241063655e91ab64d8d97860bc1be7e4978329938d331,7466b9e92ac09f6a5dd82cc928ebe1ea46d0e74c59f0dd6f937918d132a94618
D-subtree,subtree-774,101,auxiliary subtree case,True,validation/stage1-20261004-0100/subtree.jsonl,775,7e172cc101dd362b3f5727125fa00d5c573092027ad59ec0b1f755f5e3d6d3bf,2fe3f2ff828f3afe035d506b95be61365eda14b935aeed25bf037e1a2af365aa,7466b9e92ac09f6a5dd82cc928ebe1ea46d0e74c59f0dd6f937918d132a94618
D-subtree,subtree-775,102,auxiliary subtree case,True,validation/stage1-20261004-0100/subtree.jsonl,776,7e172cc101dd362b3f5727125fa00d5c573092027ad59ec0b1f755f5e3d6d3bf,be90bd6f665c859ea24c6b8f795d294107f71b5e91ca9b3fddcfdf85148cf1b5,7466b9e92ac09f6a5dd82cc928ebe1ea46d0e74c59f0dd6f937918d132a94618
D-subtree,subtree-776,103,auxiliary subtree case,True,validation/stage1-20261004-0100/subtree.jsonl,777,7e172cc101dd362b3f5727125fa00d5c573092027ad59ec0b1f755f5e3d6d3bf,92212413561ab7005dde2c2dae0446c5f4e5caccc418bbb07e260b8c27b0097c,7466b9e92ac09f6a5dd82cc928ebe1ea46d0e74c59f0dd6f937918d132a94618
D-subtree,subtree-777,201,auxiliary subtree case,True,validation/stage1-20261004-0100/subtree.jsonl,778,7e172cc101dd362b3f5727125fa00d5c573092027ad59ec0b1f755f5e3d6d3bf,f255fc5cd1377ea4c3d71dd808923d8e6cb73b3f1f63667a12d4d3ea3ac81439,7466b9e92ac09f6a5dd82cc928ebe1ea46d0e74c59f0dd6f937918d132a94618
D-subtree,subtree-778,1,auxiliary subtree case,True,validation/stage1-20261004-0100/subtree.jsonl,779,7e172cc101dd362b3f5727125fa00d5c573092027ad59ec0b1f755f5e3d6d3bf,c48bc2e485bf1396d54d776c638c7f882cf3e865947479a5800e4401b7c3d355,7466b9e92ac09f6a5dd82cc928ebe1ea46d0e74c59f0dd6f937918d132a94618
D-subtree,subtree-779,2,auxiliary subtree case,True,validation/stage1-20261004-0100/subtree.jsonl,780,7e172cc101dd362b3f5727125fa00d5c573092027ad59ec0b1f755f5e3d6d3bf,1025ace0a25951463bdbf530e3aa0a2de0ded5bb472816b26db74f02544cc14e,7466b9e92ac09f6a5dd82cc928ebe1ea46d0e74c59f0dd6f937918d132a94618
D-subtree,subtree-780,3,auxiliary subtree case,True,validation/stage1-20261004-0100/subtree.jsonl,781,7e172cc101dd362b3f5727125fa00d5c573092027ad59ec0b1f755f5e3d6d3bf,5069b82faa1680b9a9c182cdfca039dd36d589a0925dd79b589cd09814ddadee,7466b9e92ac09f6a5dd82cc928ebe1ea46d0e74c59f0dd6f937918d132a94618
D-subtree,subtree-781,101,auxiliary subtree case,True,validation/stage1-20261004-0100/subtree.jsonl,782,7e172cc101dd362b3f5727125fa00d5c573092027ad59ec0b1f755f5e3d6d3bf,0c821f8a00a9ee319abbd6fff8c28189039aaeaaa6362a4be40d4caf4af90334,7466b9e92ac09f6a5dd82cc928ebe1ea46d0e74c59f0dd6f937918d132a94618
D-subtree,subtree-782,102,auxiliary subtree case,True,validation/stage1-20261004-0100/subtree.jsonl,783,7e172cc101dd362b3f5727125fa00d5c573092027ad59ec0b1f755f5e3d6d3bf,221193bf8f3fbdbe9939d248a44110610c527489493afc6270b6b4aeb55553d8,7466b9e92ac09f6a5dd82cc928ebe1ea46d0e74c59f0dd6f937918d132a94618
D-subtree,subtree-783,103,auxiliary subtree case,True,validation/stage1-20261004-0100/subtree.jsonl,784,7e172cc101dd362b3f5727125fa00d5c573092027ad59ec0b1f755f5e3d6d3bf,c8e1f7b2377f04e353f721816737bde9e0551645f4b81bbd428a373ab3eab65d,7466b9e92ac09f6a5dd82cc928ebe1ea46d0e74c59f0dd6f937918d132a94618
D-subtree,subtree-784,201,auxiliary subtree case,True,validation/stage1-20261004-0100/subtree.jsonl,785,7e172cc101dd362b3f5727125fa00d5c573092027ad59ec0b1f755f5e3d6d3bf,af502c9afd71794d76e6042759f07283b6f6fc6cc04607dba18a3353229c2a03,7466b9e92ac09f6a5dd82cc928ebe1ea46d0e74c59f0dd6f937918d132a94618
D-subtree,subtree-785,1,auxiliary subtree case,True,validation/stage1-20261004-0100/subtree.jsonl,786,7e172cc101dd362b3f5727125fa00d5c573092027ad59ec0b1f755f5e3d6d3bf,8faaab10a1a60cc056320a53aadc135b04ca8278c9c48dd5b1c5d4303a37d82f,7466b9e92ac09f6a5dd82cc928ebe1ea46d0e74c59f0dd6f937918d132a94618
D-subtree,subtree-786,2,auxiliary subtree case,True,validation/stage1-20261004-0100/subtree.jsonl,787,7e172cc101dd362b3f5727125fa00d5c573092027ad59ec0b1f755f5e3d6d3bf,263e151b70f92fbca6a917bf9588ea75d4ec016346ce0fffceacaeed1a186061,7466b9e92ac09f6a5dd82cc928ebe1ea46d0e74c59f0dd6f937918d132a94618
D-subtree,subtree-787,3,auxiliary subtree case,True,validation/stage1-20261004-0100/subtree.jsonl,788,7e172cc101dd362b3f5727125fa00d5c573092027ad59ec0b1f755f5e3d6d3bf,3054eade93969adddbc175fb59d2b9d71fe9729c6db9505f3c565e0a961e3268,7466b9e92ac09f6a5dd82cc928ebe1ea46d0e74c59f0dd6f937918d132a94618
D-subtree,subtree-788,101,auxiliary subtree case,True,validation/stage1-20261004-0100/subtree.jsonl,789,7e172cc101dd362b3f5727125fa00d5c573092027ad59ec0b1f755f5e3d6d3bf,e79f127da63fd588ef10e69117b95293e4e09b793caa043e5a246d310bf86074,7466b9e92ac09f6a5dd82cc928ebe1ea46d0e74c59f0dd6f937918d132a94618
D-subtree,subtree-789,102,auxiliary subtree case,True,validation/stage1-20261004-0100/subtree.jsonl,790,7e172cc101dd362b3f5727125fa00d5c573092027ad59ec0b1f755f5e3d6d3bf,66304aa0ec66f9d712b1ea5f0828a2395805a6037c540ee540ad2a0fbf1e224a,7466b9e92ac09f6a5dd82cc928ebe1ea46d0e74c59f0dd6f937918d132a94618
D-subtree,subtree-790,103,auxiliary subtree case,True,validation/stage1-20261004-0100/subtree.jsonl,791,7e172cc101dd362b3f5727125fa00d5c573092027ad59ec0b1f755f5e3d6d3bf,a42a9a5ec5246dd6e1bb1db43e614c251b633782b1b606ada0b4d7beb67c20f3,7466b9e92ac09f6a5dd82cc928ebe1ea46d0e74c59f0dd6f937918d132a94618
D-subtree,subtree-791,201,auxiliary subtree case,True,validation/stage1-20261004-0100/subtree.jsonl,792,7e172cc101dd362b3f5727125fa00d5c573092027ad59ec0b1f755f5e3d6d3bf,54727bbf5f9f86ac34e7e4e0cb45dca2f92cf3a07313e1f6822c0df81d32b040,7466b9e92ac09f6a5dd82cc928ebe1ea46d0e74c59f0dd6f937918d132a94618
D-subtree,subtree-792,1,auxiliary subtree case,True,validation/stage1-20261004-0100/subtree.jsonl,793,7e172cc101dd362b3f5727125fa00d5c573092027ad59ec0b1f755f5e3d6d3bf,227c5b5a64582f060ce8e4bc25626bb26deb5da9a8a1f93b30650ac410ab95b8,7466b9e92ac09f6a5dd82cc928ebe1ea46d0e74c59f0dd6f937918d132a94618
D-subtree,subtree-793,2,auxiliary subtree case,True,validation/stage1-20261004-0100/subtree.jsonl,794,7e172cc101dd362b3f5727125fa00d5c573092027ad59ec0b1f755f5e3d6d3bf,e9e725b36e42d4d942c3e53276a5794ee978287d9dcbb98b48698a598f5166cc,7466b9e92ac09f6a5dd82cc928ebe1ea46d0e74c59f0dd6f937918d132a94618
D-subtree,subtree-794,3,auxiliary subtree case,True,validation/stage1-20261004-0100/subtree.jsonl,795,7e172cc101dd362b3f5727125fa00d5c573092027ad59ec0b1f755f5e3d6d3bf,d9a27e35b2d27cf553714148472f3e5063ad102d5dc4b1b956fad0082be40714,7466b9e92ac09f6a5dd82cc928ebe1ea46d0e74c59f0dd6f937918d132a94618
D-subtree,subtree-795,101,auxiliary subtree case,True,validation/stage1-20261004-0100/subtree.jsonl,796,7e172cc101dd362b3f5727125fa00d5c573092027ad59ec0b1f755f5e3d6d3bf,f1f88f04884b0bee721a237a524f56ece9f8e8c42f3c25cf7a563a9882735449,7466b9e92ac09f6a5dd82cc928ebe1ea46d0e74c59f0dd6f937918d132a94618
D-subtree,subtree-796,102,auxiliary subtree case,True,validation/stage1-20261004-0100/subtree.jsonl,797,7e172cc101dd362b3f5727125fa00d5c573092027ad59ec0b1f755f5e3d6d3bf,9f97143860677ebbb284ce54ed48f43ef528219dc577d707c6380757e77a9ac4,7466b9e92ac09f6a5dd82cc928ebe1ea46d0e74c59f0dd6f937918d132a94618
D-subtree,subtree-797,103,auxiliary subtree case,True,validation/stage1-20261004-0100/subtree.jsonl,798,7e172cc101dd362b3f5727125fa00d5c573092027ad59ec0b1f755f5e3d6d3bf,c5b08bdc68e018618b20ad727b7ab622eaf6fcf055ad19a8c3183cd4fa923e20,7466b9e92ac09f6a5dd82cc928ebe1ea46d0e74c59f0dd6f937918d132a94618
D-subtree,subtree-798,201,auxiliary subtree case,True,validation/stage1-20261004-0100/subtree.jsonl,799,7e172cc101dd362b3f5727125fa00d5c573092027ad59ec0b1f755f5e3d6d3bf,ea43ab42ebb714156bd3e0012789bf7f77fc5f75d658db292c39a14a2adc57d4,7466b9e92ac09f6a5dd82cc928ebe1ea46d0e74c59f0dd6f937918d132a94618
D-subtree,subtree-799,1,auxiliary subtree case,True,validation/stage1-20261004-0100/subtree.jsonl,800,7e172cc101dd362b3f5727125fa00d5c573092027ad59ec0b1f755f5e3d6d3bf,bcf7d2f3c3bf0c00c4dfc5620d2a2397a0a66942fd0c971313ab62018aacb4a3,7466b9e92ac09f6a5dd82cc928ebe1ea46d0e74c59f0dd6f937918d132a94618
D-subtree,subtree-800,2,auxiliary subtree case,True,validation/stage1-20261004-0100/subtree.jsonl,801,7e172cc101dd362b3f5727125fa00d5c573092027ad59ec0b1f755f5e3d6d3bf,dc38e50781e2a57077e4309036f912f2d194728b9b5c708fceb68f654b4716a8,7466b9e92ac09f6a5dd82cc928ebe1ea46d0e74c59f0dd6f937918d132a94618
D-subtree,subtree-801,3,auxiliary subtree case,True,validation/stage1-20261004-0100/subtree.jsonl,802,7e172cc101dd362b3f5727125fa00d5c573092027ad59ec0b1f755f5e3d6d3bf,b8e265c0c47df96615429268fc251865c0277242064020ca5adbc0e53e24aefe,7466b9e92ac09f6a5dd82cc928ebe1ea46d0e74c59f0dd6f937918d132a94618
D-subtree,subtree-802,101,auxiliary subtree case,True,validation/stage1-20261004-0100/subtree.jsonl,803,7e172cc101dd362b3f5727125fa00d5c573092027ad59ec0b1f755f5e3d6d3bf,be5d723f2c4ba50b5abc63d11c4d5933cc54d2e4d2aef72084ebe324772e6ca2,7466b9e92ac09f6a5dd82cc928ebe1ea46d0e74c59f0dd6f937918d132a94618
D-subtree,subtree-803,102,auxiliary subtree case,True,validation/stage1-20261004-0100/subtree.jsonl,804,7e172cc101dd362b3f5727125fa00d5c573092027ad59ec0b1f755f5e3d6d3bf,b1df1141d4317c9f21e88a5d92cf62bfe7f3ba443a584689d8cd226f47047945,7466b9e92ac09f6a5dd82cc928ebe1ea46d0e74c59f0dd6f937918d132a94618
D-subtree,subtree-804,103,auxiliary subtree case,True,validation/stage1-20261004-0100/subtree.jsonl,805,7e172cc101dd362b3f5727125fa00d5c573092027ad59ec0b1f755f5e3d6d3bf,e17976284001d3c9cec0300650c930d86c14743a014c14dc7e950191aeefffd9,7466b9e92ac09f6a5dd82cc928ebe1ea46d0e74c59f0dd6f937918d132a94618
D-subtree,subtree-805,201,auxiliary subtree case,True,validation/stage1-20261004-0100/subtree.jsonl,806,7e172cc101dd362b3f5727125fa00d5c573092027ad59ec0b1f755f5e3d6d3bf,a5d1a5e8407caa6c9e43e73f76355a2eaf1cbba07cbf60d864cb3e2ab8204b96,7466b9e92ac09f6a5dd82cc928ebe1ea46d0e74c59f0dd6f937918d132a94618
D-subtree,subtree-806,1,auxiliary subtree case,True,validation/stage1-20261004-0100/subtree.jsonl,807,7e172cc101dd362b3f5727125fa00d5c573092027ad59ec0b1f755f5e3d6d3bf,88d6878a3a08f02288c282553858cb45f05665c5eb7f2d4df7cf7a07232cafc6,7466b9e92ac09f6a5dd82cc928ebe1ea46d0e74c59f0dd6f937918d132a94618
D-subtree,subtree-807,2,auxiliary subtree case,True,validation/stage1-20261004-0100/subtree.jsonl,808,7e172cc101dd362b3f5727125fa00d5c573092027ad59ec0b1f755f5e3d6d3bf,bc64ae8a550be1b1c785edc6d7d8885dc602f0f7afa476fca2ea125040565081,7466b9e92ac09f6a5dd82cc928ebe1ea46d0e74c59f0dd6f937918d132a94618
D-subtree,subtree-808,3,auxiliary subtree case,True,validation/stage1-20261004-0100/subtree.jsonl,809,7e172cc101dd362b3f5727125fa00d5c573092027ad59ec0b1f755f5e3d6d3bf,c062f29c8fd9d91f427ca5436a237cf3f43fbc888b1ff8c4d4c2a06297eb7465,7466b9e92ac09f6a5dd82cc928ebe1ea46d0e74c59f0dd6f937918d132a94618
D-subtree,subtree-809,101,auxiliary subtree case,True,validation/stage1-20261004-0100/subtree.jsonl,810,7e172cc101dd362b3f5727125fa00d5c573092027ad59ec0b1f755f5e3d6d3bf,aa354f10f41e45f1386cf406af96218cfbb1af9f00fdd9c9602cf90f8b5b0028,7466b9e92ac09f6a5dd82cc928ebe1ea46d0e74c59f0dd6f937918d132a94618
D-subtree,subtree-810,102,auxiliary subtree case,True,validation/stage1-20261004-0100/subtree.jsonl,811,7e172cc101dd362b3f5727125fa00d5c573092027ad59ec0b1f755f5e3d6d3bf,2b73368e1bc5668cdb722db4e0617481d7d4902839f512da683b1eba8a992843,7466b9e92ac09f6a5dd82cc928ebe1ea46d0e74c59f0dd6f937918d132a94618
D-subtree,subtree-811,103,auxiliary subtree case,True,validation/stage1-20261004-0100/subtree.jsonl,812,7e172cc101dd362b3f5727125fa00d5c573092027ad59ec0b1f755f5e3d6d3bf,47aeed141095e1dc0d5d97a2493102ba0178788ec613a60d6a1bc5658d2286c2,7466b9e92ac09f6a5dd82cc928ebe1ea46d0e74c59f0dd6f937918d132a94618
D-subtree,subtree-812,201,auxiliary subtree case,True,validation/stage1-20261004-0100/subtree.jsonl,813,7e172cc101dd362b3f5727125fa00d5c573092027ad59ec0b1f755f5e3d6d3bf,5c3fc9810cb74c226228a50bb1fda93764c00c3c017ece147a20520ef84b4cda,7466b9e92ac09f6a5dd82cc928ebe1ea46d0e74c59f0dd6f937918d132a94618
D-subtree,subtree-813,1,auxiliary subtree case,True,validation/stage1-20261004-0100/subtree.jsonl,814,7e172cc101dd362b3f5727125fa00d5c573092027ad59ec0b1f755f5e3d6d3bf,72a766948aded9ee24e21c416e9b450eb422fe3029a92d732569db9f67e80f68,7466b9e92ac09f6a5dd82cc928ebe1ea46d0e74c59f0dd6f937918d132a94618
D-subtree,subtree-814,2,auxiliary subtree case,True,validation/stage1-20261004-0100/subtree.jsonl,815,7e172cc101dd362b3f5727125fa00d5c573092027ad59ec0b1f755f5e3d6d3bf,e26d7e59d8366a718d7d95a9c57c879cec72db32e9e4a009d47b45c599e29068,7466b9e92ac09f6a5dd82cc928ebe1ea46d0e74c59f0dd6f937918d132a94618
D-subtree,subtree-815,3,auxiliary subtree case,True,validation/stage1-20261004-0100/subtree.jsonl,816,7e172cc101dd362b3f5727125fa00d5c573092027ad59ec0b1f755f5e3d6d3bf,72c413a820744ff308a47a7cb9bc1294a0fdb88c7f41d82c3a5d4629dd910bd0,7466b9e92ac09f6a5dd82cc928ebe1ea46d0e74c59f0dd6f937918d132a94618
D-subtree,subtree-816,101,auxiliary subtree case,True,validation/stage1-20261004-0100/subtree.jsonl,817,7e172cc101dd362b3f5727125fa00d5c573092027ad59ec0b1f755f5e3d6d3bf,8e43682ccd2f7a543ddece06f1476b1360b072522f9d4881b932bf78d6d9308c,7466b9e92ac09f6a5dd82cc928ebe1ea46d0e74c59f0dd6f937918d132a94618
D-subtree,subtree-817,102,auxiliary subtree case,True,validation/stage1-20261004-0100/subtree.jsonl,818,7e172cc101dd362b3f5727125fa00d5c573092027ad59ec0b1f755f5e3d6d3bf,923f4f93543120ce3e3a80440b5a0378999cab2ce211e2c4a90eed4f482f7596,7466b9e92ac09f6a5dd82cc928ebe1ea46d0e74c59f0dd6f937918d132a94618
D-subtree,subtree-818,103,auxiliary subtree case,True,validation/stage1-20261004-0100/subtree.jsonl,819,7e172cc101dd362b3f5727125fa00d5c573092027ad59ec0b1f755f5e3d6d3bf,ea5043176ccc3cdc335267854a3f314e2febb3486c8d09e5f786d2e7d015e594,7466b9e92ac09f6a5dd82cc928ebe1ea46d0e74c59f0dd6f937918d132a94618
D-subtree,subtree-819,201,auxiliary subtree case,True,validation/stage1-20261004-0100/subtree.jsonl,820,7e172cc101dd362b3f5727125fa00d5c573092027ad59ec0b1f755f5e3d6d3bf,05ab5cf3314b525b48978b18bfdb001665285738be029008470673f91d306a5a,7466b9e92ac09f6a5dd82cc928ebe1ea46d0e74c59f0dd6f937918d132a94618
D-subtree,subtree-820,1,auxiliary subtree case,True,validation/stage1-20261004-0100/subtree.jsonl,821,7e172cc101dd362b3f5727125fa00d5c573092027ad59ec0b1f755f5e3d6d3bf,a3e1f814c2966a607eaf942c47f8b321c155a16adbcdb7b3de6531caff34c826,7466b9e92ac09f6a5dd82cc928ebe1ea46d0e74c59f0dd6f937918d132a94618
D-subtree,subtree-821,2,auxiliary subtree case,True,validation/stage1-20261004-0100/subtree.jsonl,822,7e172cc101dd362b3f5727125fa00d5c573092027ad59ec0b1f755f5e3d6d3bf,6bbe9958bef0bc2a8ca79ec079039b5fd5e57715bcfcc8779b4911e2c48972f4,7466b9e92ac09f6a5dd82cc928ebe1ea46d0e74c59f0dd6f937918d132a94618
D-subtree,subtree-822,3,auxiliary subtree case,True,validation/stage1-20261004-0100/subtree.jsonl,823,7e172cc101dd362b3f5727125fa00d5c573092027ad59ec0b1f755f5e3d6d3bf,a8bf3aee5c5712b41eefb074cb41f4b3d3f9ef1a7162f0a8914fedef2283163b,7466b9e92ac09f6a5dd82cc928ebe1ea46d0e74c59f0dd6f937918d132a94618
D-subtree,subtree-823,101,auxiliary subtree case,True,validation/stage1-20261004-0100/subtree.jsonl,824,7e172cc101dd362b3f5727125fa00d5c573092027ad59ec0b1f755f5e3d6d3bf,4567d62daf5d896fd9cfc7a5fd08c902b68dd09ad3027bb80b99960a7a5ee735,7466b9e92ac09f6a5dd82cc928ebe1ea46d0e74c59f0dd6f937918d132a94618
D-subtree,subtree-824,102,auxiliary subtree case,True,validation/stage1-20261004-0100/subtree.jsonl,825,7e172cc101dd362b3f5727125fa00d5c573092027ad59ec0b1f755f5e3d6d3bf,a4d643d1a4e67fbf20ae142c1f7c2f722a16f2a645dfdcc3372b233566b45bd7,7466b9e92ac09f6a5dd82cc928ebe1ea46d0e74c59f0dd6f937918d132a94618
D-subtree,subtree-825,103,auxiliary subtree case,True,validation/stage1-20261004-0100/subtree.jsonl,826,7e172cc101dd362b3f5727125fa00d5c573092027ad59ec0b1f755f5e3d6d3bf,f123e3cae28a4b5793e3120629b61f70cb6ad3a2b360f3524ca70ebcb082c7ae,7466b9e92ac09f6a5dd82cc928ebe1ea46d0e74c59f0dd6f937918d132a94618
D-subtree,subtree-826,201,auxiliary subtree case,True,validation/stage1-20261004-0100/subtree.jsonl,827,7e172cc101dd362b3f5727125fa00d5c573092027ad59ec0b1f755f5e3d6d3bf,384aed6549cb8b8ed74f20d6bc412f96bbc14cfe5c35579617c61137d7bf62c1,7466b9e92ac09f6a5dd82cc928ebe1ea46d0e74c59f0dd6f937918d132a94618
D-subtree,subtree-827,1,auxiliary subtree case,True,validation/stage1-20261004-0100/subtree.jsonl,828,7e172cc101dd362b3f5727125fa00d5c573092027ad59ec0b1f755f5e3d6d3bf,24e85fab26ddf49165d881ed50b59e082582609aaf922d56d219d45bef20d3d5,7466b9e92ac09f6a5dd82cc928ebe1ea46d0e74c59f0dd6f937918d132a94618
D-subtree,subtree-828,2,auxiliary subtree case,True,validation/stage1-20261004-0100/subtree.jsonl,829,7e172cc101dd362b3f5727125fa00d5c573092027ad59ec0b1f755f5e3d6d3bf,85774c2ac30304d0a775e8be395e9820e01ee06218fd7199ed1fc0dc2987168d,7466b9e92ac09f6a5dd82cc928ebe1ea46d0e74c59f0dd6f937918d132a94618
D-subtree,subtree-829,3,auxiliary subtree case,True,validation/stage1-20261004-0100/subtree.jsonl,830,7e172cc101dd362b3f5727125fa00d5c573092027ad59ec0b1f755f5e3d6d3bf,eb5318191405bc5443f9d0b9447a41d72bbcb58b14abd607d41ecd57367104f7,7466b9e92ac09f6a5dd82cc928ebe1ea46d0e74c59f0dd6f937918d132a94618
D-subtree,subtree-830,101,auxiliary subtree case,True,validation/stage1-20261004-0100/subtree.jsonl,831,7e172cc101dd362b3f5727125fa00d5c573092027ad59ec0b1f755f5e3d6d3bf,32a7189f2156771e235e27cbc7e93c0c25732c8af0bb7e1dfdc050bae1cf144c,7466b9e92ac09f6a5dd82cc928ebe1ea46d0e74c59f0dd6f937918d132a94618
D-subtree,subtree-831,102,auxiliary subtree case,True,validation/stage1-20261004-0100/subtree.jsonl,832,7e172cc101dd362b3f5727125fa00d5c573092027ad59ec0b1f755f5e3d6d3bf,cc2abc3e7f491dfd002c8028b1c9c8449aebbf309262a369f271b27e13f208ab,7466b9e92ac09f6a5dd82cc928ebe1ea46d0e74c59f0dd6f937918d132a94618
D-subtree,subtree-832,103,auxiliary subtree case,True,validation/stage1-20261004-0100/subtree.jsonl,833,7e172cc101dd362b3f5727125fa00d5c573092027ad59ec0b1f755f5e3d6d3bf,fe866da8e806b98b814ebf67942f1cb4f66a97e3354ae17ec0693f256242b062,7466b9e92ac09f6a5dd82cc928ebe1ea46d0e74c59f0dd6f937918d132a94618
D-subtree,subtree-833,201,auxiliary subtree case,True,validation/stage1-20261004-0100/subtree.jsonl,834,7e172cc101dd362b3f5727125fa00d5c573092027ad59ec0b1f755f5e3d6d3bf,fc27594182adc932eec91f70bfeb5633ab80ce39b58d858844d475e6abb4bcf9,7466b9e92ac09f6a5dd82cc928ebe1ea46d0e74c59f0dd6f937918d132a94618
D-subtree,subtree-834,1,auxiliary subtree case,True,validation/stage1-20261004-0100/subtree.jsonl,835,7e172cc101dd362b3f5727125fa00d5c573092027ad59ec0b1f755f5e3d6d3bf,2cbd0c375eceeeed59a741aa5f8c96f6dbb5b3435aa4b250e25832503eaa5fc1,7466b9e92ac09f6a5dd82cc928ebe1ea46d0e74c59f0dd6f937918d132a94618
D-subtree,subtree-835,2,auxiliary subtree case,True,validation/stage1-20261004-0100/subtree.jsonl,836,7e172cc101dd362b3f5727125fa00d5c573092027ad59ec0b1f755f5e3d6d3bf,4d7efa54e4bbf0673c06735c927ec6a0d5e2db7760114ce97d7dd7bd8ebf745f,7466b9e92ac09f6a5dd82cc928ebe1ea46d0e74c59f0dd6f937918d132a94618
D-subtree,subtree-836,3,auxiliary subtree case,True,validation/stage1-20261004-0100/subtree.jsonl,837,7e172cc101dd362b3f5727125fa00d5c573092027ad59ec0b1f755f5e3d6d3bf,dc1f0906c2d53396a986e274dfbafb4ad7769e3e58c8d2705e9f2981241283d7,7466b9e92ac09f6a5dd82cc928ebe1ea46d0e74c59f0dd6f937918d132a94618
D-subtree,subtree-837,101,auxiliary subtree case,True,validation/stage1-20261004-0100/subtree.jsonl,838,7e172cc101dd362b3f5727125fa00d5c573092027ad59ec0b1f755f5e3d6d3bf,beb736c8115bbc76fb086a5dc078544ebe11904af913e7c12e10cd0faa3d5783,7466b9e92ac09f6a5dd82cc928ebe1ea46d0e74c59f0dd6f937918d132a94618
D-subtree,subtree-838,102,auxiliary subtree case,True,validation/stage1-20261004-0100/subtree.jsonl,839,7e172cc101dd362b3f5727125fa00d5c573092027ad59ec0b1f755f5e3d6d3bf,89fcb574470b85f9b7a7247b20478129fdb4e716a2fa391fd0b5a939c1044063,7466b9e92ac09f6a5dd82cc928ebe1ea46d0e74c59f0dd6f937918d132a94618
D-subtree,subtree-839,103,auxiliary subtree case,True,validation/stage1-20261004-0100/subtree.jsonl,840,7e172cc101dd362b3f5727125fa00d5c573092027ad59ec0b1f755f5e3d6d3bf,3ca6880b6b24edfac580a5d8eb993f1f44a847df635b36fa7d07d356f463650c,7466b9e92ac09f6a5dd82cc928ebe1ea46d0e74c59f0dd6f937918d132a94618
D-subtree,subtree-840,201,auxiliary subtree case,True,validation/stage1-20261004-0100/subtree.jsonl,841,7e172cc101dd362b3f5727125fa00d5c573092027ad59ec0b1f755f5e3d6d3bf,6c09d752d8bea9dc9291df02e0b046a0e94d222750faeb50a0f9a0e151d6d111,7466b9e92ac09f6a5dd82cc928ebe1ea46d0e74c59f0dd6f937918d132a94618
D-subtree,subtree-841,1,auxiliary subtree case,True,validation/stage1-20261004-0100/subtree.jsonl,842,7e172cc101dd362b3f5727125fa00d5c573092027ad59ec0b1f755f5e3d6d3bf,6577796c2adae49d3207e3a71d70d2cbd2d1b24b8334d5887a21e6715dc1c303,7466b9e92ac09f6a5dd82cc928ebe1ea46d0e74c59f0dd6f937918d132a94618
D-subtree,subtree-842,2,auxiliary subtree case,True,validation/stage1-20261004-0100/subtree.jsonl,843,7e172cc101dd362b3f5727125fa00d5c573092027ad59ec0b1f755f5e3d6d3bf,531b925318ad753b6286078002dd1626f05c73864d84f2eb9f7b0a1f373ce28e,7466b9e92ac09f6a5dd82cc928ebe1ea46d0e74c59f0dd6f937918d132a94618
D-subtree,subtree-843,3,auxiliary subtree case,True,validation/stage1-20261004-0100/subtree.jsonl,844,7e172cc101dd362b3f5727125fa00d5c573092027ad59ec0b1f755f5e3d6d3bf,05bff6b7d76df8f7a3c4f9803edb1656ed4ab6495736d014df913520c25df89a,7466b9e92ac09f6a5dd82cc928ebe1ea46d0e74c59f0dd6f937918d132a94618
D-subtree,subtree-844,101,auxiliary subtree case,True,validation/stage1-20261004-0100/subtree.jsonl,845,7e172cc101dd362b3f5727125fa00d5c573092027ad59ec0b1f755f5e3d6d3bf,7ac051adefa90e475faaf7d648905d1d083c6134047233abaf54a1d23a971b16,7466b9e92ac09f6a5dd82cc928ebe1ea46d0e74c59f0dd6f937918d132a94618
D-subtree,subtree-845,102,auxiliary subtree case,True,validation/stage1-20261004-0100/subtree.jsonl,846,7e172cc101dd362b3f5727125fa00d5c573092027ad59ec0b1f755f5e3d6d3bf,a8363640f884de9a8f2c05bae28f4fd8c96b87bde2acbe8a68afae450ec195fb,7466b9e92ac09f6a5dd82cc928ebe1ea46d0e74c59f0dd6f937918d132a94618
D-subtree,subtree-846,103,auxiliary subtree case,True,validation/stage1-20261004-0100/subtree.jsonl,847,7e172cc101dd362b3f5727125fa00d5c573092027ad59ec0b1f755f5e3d6d3bf,937acfa1b292fbd7b40e549ad2be22c99c4d3a92a251cbc1a19cb8f11b90275d,7466b9e92ac09f6a5dd82cc928ebe1ea46d0e74c59f0dd6f937918d132a94618
D-subtree,subtree-847,201,auxiliary subtree case,True,validation/stage1-20261004-0100/subtree.jsonl,848,7e172cc101dd362b3f5727125fa00d5c573092027ad59ec0b1f755f5e3d6d3bf,d6820552fcd28730ba08f4da98ed1b8325a01a0aa02e8b10595f4c5904c3a1a9,7466b9e92ac09f6a5dd82cc928ebe1ea46d0e74c59f0dd6f937918d132a94618
D-subtree,subtree-848,1,auxiliary subtree case,True,validation/stage1-20261004-0100/subtree.jsonl,849,7e172cc101dd362b3f5727125fa00d5c573092027ad59ec0b1f755f5e3d6d3bf,b0398509810cad39ca7fa250b8041bdd730cdcf8b39d93f70c609bdf4a790385,7466b9e92ac09f6a5dd82cc928ebe1ea46d0e74c59f0dd6f937918d132a94618
D-subtree,subtree-849,2,auxiliary subtree case,True,validation/stage1-20261004-0100/subtree.jsonl,850,7e172cc101dd362b3f5727125fa00d5c573092027ad59ec0b1f755f5e3d6d3bf,1bd3b5e8d79c042162244d94205e5779bbe832afee4fe6051ac3ff7f6b78941a,7466b9e92ac09f6a5dd82cc928ebe1ea46d0e74c59f0dd6f937918d132a94618
D-subtree,subtree-850,3,auxiliary subtree case,True,validation/stage1-20261004-0100/subtree.jsonl,851,7e172cc101dd362b3f5727125fa00d5c573092027ad59ec0b1f755f5e3d6d3bf,c9ccb0d937085c7053419c77d560b2cd320ff6611988809135be5e9265cd32ce,7466b9e92ac09f6a5dd82cc928ebe1ea46d0e74c59f0dd6f937918d132a94618
D-subtree,subtree-851,101,auxiliary subtree case,True,validation/stage1-20261004-0100/subtree.jsonl,852,7e172cc101dd362b3f5727125fa00d5c573092027ad59ec0b1f755f5e3d6d3bf,b3dd136fda427b3aba81d67f42c0c34731f650b222b976243b1c6fda21562ef5,7466b9e92ac09f6a5dd82cc928ebe1ea46d0e74c59f0dd6f937918d132a94618
D-subtree,subtree-852,102,auxiliary subtree case,True,validation/stage1-20261004-0100/subtree.jsonl,853,7e172cc101dd362b3f5727125fa00d5c573092027ad59ec0b1f755f5e3d6d3bf,70d5ce738b0beb9d35f2bf98e6d3b83d2d59e011ceafcb57e07dc5c94611d8a6,7466b9e92ac09f6a5dd82cc928ebe1ea46d0e74c59f0dd6f937918d132a94618
D-subtree,subtree-853,103,auxiliary subtree case,True,validation/stage1-20261004-0100/subtree.jsonl,854,7e172cc101dd362b3f5727125fa00d5c573092027ad59ec0b1f755f5e3d6d3bf,742025f5e0b8b27c562742beffbf88ea3ddcd820565d034e38104449709b9a65,7466b9e92ac09f6a5dd82cc928ebe1ea46d0e74c59f0dd6f937918d132a94618
D-subtree,subtree-854,201,auxiliary subtree case,True,validation/stage1-20261004-0100/subtree.jsonl,855,7e172cc101dd362b3f5727125fa00d5c573092027ad59ec0b1f755f5e3d6d3bf,78415518bf5cac54da2f8f65219f75a0597acfaff1f01deca291c35497454e89,7466b9e92ac09f6a5dd82cc928ebe1ea46d0e74c59f0dd6f937918d132a94618
D-subtree,subtree-855,1,auxiliary subtree case,True,validation/stage1-20261004-0100/subtree.jsonl,856,7e172cc101dd362b3f5727125fa00d5c573092027ad59ec0b1f755f5e3d6d3bf,0857cd8fa7c1420b1ea7bd032e7609015b00c54ef042395e2bc8c4f769deff63,7466b9e92ac09f6a5dd82cc928ebe1ea46d0e74c59f0dd6f937918d132a94618
D-subtree,subtree-856,2,auxiliary subtree case,True,validation/stage1-20261004-0100/subtree.jsonl,857,7e172cc101dd362b3f5727125fa00d5c573092027ad59ec0b1f755f5e3d6d3bf,1b1ffe3dcb683cd6cd9e6f3adc7f9da8c275050082063ea61c6181a022842b8a,7466b9e92ac09f6a5dd82cc928ebe1ea46d0e74c59f0dd6f937918d132a94618
D-subtree,subtree-857,3,auxiliary subtree case,True,validation/stage1-20261004-0100/subtree.jsonl,858,7e172cc101dd362b3f5727125fa00d5c573092027ad59ec0b1f755f5e3d6d3bf,daaf104f1dba3985b5ad567e32a4c66bc35a84b8ed0ccb6589bbc7e2d119b15c,7466b9e92ac09f6a5dd82cc928ebe1ea46d0e74c59f0dd6f937918d132a94618
D-subtree,subtree-858,101,auxiliary subtree case,True,validation/stage1-20261004-0100/subtree.jsonl,859,7e172cc101dd362b3f5727125fa00d5c573092027ad59ec0b1f755f5e3d6d3bf,6d4922a0a92ecaa334032983b3a0e5857944a29c742da85a4759f460443a7c8e,7466b9e92ac09f6a5dd82cc928ebe1ea46d0e74c59f0dd6f937918d132a94618
D-subtree,subtree-859,102,auxiliary subtree case,True,validation/stage1-20261004-0100/subtree.jsonl,860,7e172cc101dd362b3f5727125fa00d5c573092027ad59ec0b1f755f5e3d6d3bf,af543ed2206e4bc61e10854c1f1962856abed7a3eef6136a23ca127324bd5c46,7466b9e92ac09f6a5dd82cc928ebe1ea46d0e74c59f0dd6f937918d132a94618
D-subtree,subtree-860,103,auxiliary subtree case,True,validation/stage1-20261004-0100/subtree.jsonl,861,7e172cc101dd362b3f5727125fa00d5c573092027ad59ec0b1f755f5e3d6d3bf,b99a5f903dba07926c96215befe23e1b50ff7dfacce7e6e7246ca3044a47ddd8,7466b9e92ac09f6a5dd82cc928ebe1ea46d0e74c59f0dd6f937918d132a94618
D-subtree,subtree-861,201,auxiliary subtree case,True,validation/stage1-20261004-0100/subtree.jsonl,862,7e172cc101dd362b3f5727125fa00d5c573092027ad59ec0b1f755f5e3d6d3bf,7be580287f93e3d2dd87f16a7f0147d4f7adc15ad99cb3ebe4ceddd9b5d21bcd,7466b9e92ac09f6a5dd82cc928ebe1ea46d0e74c59f0dd6f937918d132a94618
D-subtree,subtree-862,1,auxiliary subtree case,True,validation/stage1-20261004-0100/subtree.jsonl,863,7e172cc101dd362b3f5727125fa00d5c573092027ad59ec0b1f755f5e3d6d3bf,e78499f2fd521386ca70deecc15a48195a2b6ae1fe2333a5ca835edae33fc719,7466b9e92ac09f6a5dd82cc928ebe1ea46d0e74c59f0dd6f937918d132a94618
D-subtree,subtree-863,2,auxiliary subtree case,True,validation/stage1-20261004-0100/subtree.jsonl,864,7e172cc101dd362b3f5727125fa00d5c573092027ad59ec0b1f755f5e3d6d3bf,49effc6985d270676bbf87da73e2cdd190366e7b97dd4dfd15eed6e88a6f3194,7466b9e92ac09f6a5dd82cc928ebe1ea46d0e74c59f0dd6f937918d132a94618
D-subtree,subtree-864,3,auxiliary subtree case,True,validation/stage1-20261004-0100/subtree.jsonl,865,7e172cc101dd362b3f5727125fa00d5c573092027ad59ec0b1f755f5e3d6d3bf,3c0a44f850bbed7c551355592142ce25369b1e5d89e375a5570b67d3b9cac114,7466b9e92ac09f6a5dd82cc928ebe1ea46d0e74c59f0dd6f937918d132a94618
D-subtree,subtree-865,101,auxiliary subtree case,True,validation/stage1-20261004-0100/subtree.jsonl,866,7e172cc101dd362b3f5727125fa00d5c573092027ad59ec0b1f755f5e3d6d3bf,9b85a18c90e706fb59be1527e375701a037058395bf938e41a853863df8255d0,7466b9e92ac09f6a5dd82cc928ebe1ea46d0e74c59f0dd6f937918d132a94618
D-subtree,subtree-866,102,auxiliary subtree case,True,validation/stage1-20261004-0100/subtree.jsonl,867,7e172cc101dd362b3f5727125fa00d5c573092027ad59ec0b1f755f5e3d6d3bf,9e3f24a4ae96417508689a98e4651be45ad2a90ff4199e757f28891dcf777a1e,7466b9e92ac09f6a5dd82cc928ebe1ea46d0e74c59f0dd6f937918d132a94618
D-subtree,subtree-867,103,auxiliary subtree case,True,validation/stage1-20261004-0100/subtree.jsonl,868,7e172cc101dd362b3f5727125fa00d5c573092027ad59ec0b1f755f5e3d6d3bf,2b3a77df3a9c7d8190d3952488a2c6abf8a230f37474d7a7997b14e44dfee57a,7466b9e92ac09f6a5dd82cc928ebe1ea46d0e74c59f0dd6f937918d132a94618
D-subtree,subtree-868,201,auxiliary subtree case,True,validation/stage1-20261004-0100/subtree.jsonl,869,7e172cc101dd362b3f5727125fa00d5c573092027ad59ec0b1f755f5e3d6d3bf,c7c16146ea2b9b112b6778320e85dde0a236eb87eddcdc2f88cf9ed6e5e1f9f0,7466b9e92ac09f6a5dd82cc928ebe1ea46d0e74c59f0dd6f937918d132a94618
D-subtree,subtree-869,1,auxiliary subtree case,True,validation/stage1-20261004-0100/subtree.jsonl,870,7e172cc101dd362b3f5727125fa00d5c573092027ad59ec0b1f755f5e3d6d3bf,b17191c586b9c61c68350a1151b2ca63b5d5e9b10895216256dbc33d38d6b998,7466b9e92ac09f6a5dd82cc928ebe1ea46d0e74c59f0dd6f937918d132a94618
D-subtree,subtree-870,2,auxiliary subtree case,True,validation/stage1-20261004-0100/subtree.jsonl,871,7e172cc101dd362b3f5727125fa00d5c573092027ad59ec0b1f755f5e3d6d3bf,6ca5a9ab4cecb6553748a92cc137e321d5682060eb421e3c1a6e64d241fcec88,7466b9e92ac09f6a5dd82cc928ebe1ea46d0e74c59f0dd6f937918d132a94618
D-subtree,subtree-871,3,auxiliary subtree case,True,validation/stage1-20261004-0100/subtree.jsonl,872,7e172cc101dd362b3f5727125fa00d5c573092027ad59ec0b1f755f5e3d6d3bf,b97cfc073f87c72e37a35d7ff58c4782d5978cb272e1f11824fc3ea0b7cadfa0,7466b9e92ac09f6a5dd82cc928ebe1ea46d0e74c59f0dd6f937918d132a94618
D-subtree,subtree-872,101,auxiliary subtree case,True,validation/stage1-20261004-0100/subtree.jsonl,873,7e172cc101dd362b3f5727125fa00d5c573092027ad59ec0b1f755f5e3d6d3bf,925866f6e620c8995f7dbac0abf5583c4e33b8ef924b3fecec2ce91b30d0f522,7466b9e92ac09f6a5dd82cc928ebe1ea46d0e74c59f0dd6f937918d132a94618
D-subtree,subtree-873,102,auxiliary subtree case,True,validation/stage1-20261004-0100/subtree.jsonl,874,7e172cc101dd362b3f5727125fa00d5c573092027ad59ec0b1f755f5e3d6d3bf,04013d8bbe2dad47ef9cb1a7c950f9e632f9fc424f8511294f1add0db97bbbe3,7466b9e92ac09f6a5dd82cc928ebe1ea46d0e74c59f0dd6f937918d132a94618
D-subtree,subtree-874,103,auxiliary subtree case,True,validation/stage1-20261004-0100/subtree.jsonl,875,7e172cc101dd362b3f5727125fa00d5c573092027ad59ec0b1f755f5e3d6d3bf,9311df4e0d97760a78b25686c1bae2426e9b0a0db09d99b9b234c32b31d9e088,7466b9e92ac09f6a5dd82cc928ebe1ea46d0e74c59f0dd6f937918d132a94618
D-subtree,subtree-875,201,auxiliary subtree case,True,validation/stage1-20261004-0100/subtree.jsonl,876,7e172cc101dd362b3f5727125fa00d5c573092027ad59ec0b1f755f5e3d6d3bf,282899f51e329d009886fb4e5b5afd139b339ccf7df5bf1241aab1052e7433e6,7466b9e92ac09f6a5dd82cc928ebe1ea46d0e74c59f0dd6f937918d132a94618
D-subtree,subtree-876,1,auxiliary subtree case,True,validation/stage1-20261004-0100/subtree.jsonl,877,7e172cc101dd362b3f5727125fa00d5c573092027ad59ec0b1f755f5e3d6d3bf,d7a5518cd7d8bfce854c0546e8ddb4bed6409cf1276a0e7159ead08da80d4d2b,7466b9e92ac09f6a5dd82cc928ebe1ea46d0e74c59f0dd6f937918d132a94618
D-subtree,subtree-877,2,auxiliary subtree case,True,validation/stage1-20261004-0100/subtree.jsonl,878,7e172cc101dd362b3f5727125fa00d5c573092027ad59ec0b1f755f5e3d6d3bf,8c45c43f2228442cb7fbe713e2a512b1baef458e655629b3bb1a96d16e612517,7466b9e92ac09f6a5dd82cc928ebe1ea46d0e74c59f0dd6f937918d132a94618
D-subtree,subtree-878,3,auxiliary subtree case,True,validation/stage1-20261004-0100/subtree.jsonl,879,7e172cc101dd362b3f5727125fa00d5c573092027ad59ec0b1f755f5e3d6d3bf,f7dbacf00ce5802a72c586c136772bb285e3c57ede3766dff4d3661f1de2d505,7466b9e92ac09f6a5dd82cc928ebe1ea46d0e74c59f0dd6f937918d132a94618
D-subtree,subtree-879,101,auxiliary subtree case,True,validation/stage1-20261004-0100/subtree.jsonl,880,7e172cc101dd362b3f5727125fa00d5c573092027ad59ec0b1f755f5e3d6d3bf,16137929f0619a44a548ff8e1a651bdf39868b8320c316201c9a7c370f966ebd,7466b9e92ac09f6a5dd82cc928ebe1ea46d0e74c59f0dd6f937918d132a94618
D-subtree,subtree-880,102,auxiliary subtree case,True,validation/stage1-20261004-0100/subtree.jsonl,881,7e172cc101dd362b3f5727125fa00d5c573092027ad59ec0b1f755f5e3d6d3bf,73f4e36eabce4b4ff0026439dca413d1da2b427b860492906f633434d8bb593d,7466b9e92ac09f6a5dd82cc928ebe1ea46d0e74c59f0dd6f937918d132a94618
D-subtree,subtree-881,103,auxiliary subtree case,True,validation/stage1-20261004-0100/subtree.jsonl,882,7e172cc101dd362b3f5727125fa00d5c573092027ad59ec0b1f755f5e3d6d3bf,78e907ea7806abbd282cdd32749abce69e9424dbf15d68e769be84a699bf3c86,7466b9e92ac09f6a5dd82cc928ebe1ea46d0e74c59f0dd6f937918d132a94618
D-subtree,subtree-882,201,auxiliary subtree case,True,validation/stage1-20261004-0100/subtree.jsonl,883,7e172cc101dd362b3f5727125fa00d5c573092027ad59ec0b1f755f5e3d6d3bf,60c003bf34d2dd3257ad1af1e61356ad229505f847e89234dc99ab047d3f66e6,7466b9e92ac09f6a5dd82cc928ebe1ea46d0e74c59f0dd6f937918d132a94618
D-subtree,subtree-883,1,auxiliary subtree case,True,validation/stage1-20261004-0100/subtree.jsonl,884,7e172cc101dd362b3f5727125fa00d5c573092027ad59ec0b1f755f5e3d6d3bf,393492f2d4c3ef81d6050dae100f9f9edfe433d93ffa979eca20c7325a8cac9d,7466b9e92ac09f6a5dd82cc928ebe1ea46d0e74c59f0dd6f937918d132a94618
D-subtree,subtree-884,2,auxiliary subtree case,True,validation/stage1-20261004-0100/subtree.jsonl,885,7e172cc101dd362b3f5727125fa00d5c573092027ad59ec0b1f755f5e3d6d3bf,a56cb29f267b5d682b3e83f4b7352fdeb07e184bc1d6f58c41ac3ce63d9e0221,7466b9e92ac09f6a5dd82cc928ebe1ea46d0e74c59f0dd6f937918d132a94618
D-subtree,subtree-885,3,auxiliary subtree case,True,validation/stage1-20261004-0100/subtree.jsonl,886,7e172cc101dd362b3f5727125fa00d5c573092027ad59ec0b1f755f5e3d6d3bf,97acc4288a8d8764b0f9a3d211ab8c5b529cee3257ff39b6009e9df8dbe8df94,7466b9e92ac09f6a5dd82cc928ebe1ea46d0e74c59f0dd6f937918d132a94618
D-subtree,subtree-886,101,auxiliary subtree case,True,validation/stage1-20261004-0100/subtree.jsonl,887,7e172cc101dd362b3f5727125fa00d5c573092027ad59ec0b1f755f5e3d6d3bf,7823d17b7ff01bb16f020f75890027f25883aea29074b55c1ae945ed311b74d1,7466b9e92ac09f6a5dd82cc928ebe1ea46d0e74c59f0dd6f937918d132a94618
D-subtree,subtree-887,102,auxiliary subtree case,True,validation/stage1-20261004-0100/subtree.jsonl,888,7e172cc101dd362b3f5727125fa00d5c573092027ad59ec0b1f755f5e3d6d3bf,75e5a9676a0dc473e31a650f1a403b4d4d54b6454f8ddf8333b6060019259a2d,7466b9e92ac09f6a5dd82cc928ebe1ea46d0e74c59f0dd6f937918d132a94618
D-subtree,subtree-888,103,auxiliary subtree case,True,validation/stage1-20261004-0100/subtree.jsonl,889,7e172cc101dd362b3f5727125fa00d5c573092027ad59ec0b1f755f5e3d6d3bf,066df16ed2e051dd0bbd268c1c19e02b77384c9fa8278010116d4a37b3189dde,7466b9e92ac09f6a5dd82cc928ebe1ea46d0e74c59f0dd6f937918d132a94618
D-subtree,subtree-889,201,auxiliary subtree case,True,validation/stage1-20261004-0100/subtree.jsonl,890,7e172cc101dd362b3f5727125fa00d5c573092027ad59ec0b1f755f5e3d6d3bf,6f01a941a8d91613b14dce4dd7b6e2afc21ee27637146b0285b5492b8b27eacf,7466b9e92ac09f6a5dd82cc928ebe1ea46d0e74c59f0dd6f937918d132a94618
D-subtree,subtree-890,1,auxiliary subtree case,True,validation/stage1-20261004-0100/subtree.jsonl,891,7e172cc101dd362b3f5727125fa00d5c573092027ad59ec0b1f755f5e3d6d3bf,a40e61793640ec4b5a6bbe988dbe6cf45970ea43a3bc2f2ab32cee51b5e9357d,7466b9e92ac09f6a5dd82cc928ebe1ea46d0e74c59f0dd6f937918d132a94618
D-subtree,subtree-891,2,auxiliary subtree case,True,validation/stage1-20261004-0100/subtree.jsonl,892,7e172cc101dd362b3f5727125fa00d5c573092027ad59ec0b1f755f5e3d6d3bf,11ead1111566462fc2391561ea64d31f90f2d13ded97352228b4c3dbbc2a1bc7,7466b9e92ac09f6a5dd82cc928ebe1ea46d0e74c59f0dd6f937918d132a94618
D-subtree,subtree-892,3,auxiliary subtree case,True,validation/stage1-20261004-0100/subtree.jsonl,893,7e172cc101dd362b3f5727125fa00d5c573092027ad59ec0b1f755f5e3d6d3bf,e906aa9031eab1f79288b7ae0faa9c40f5c52c43db8e84fce513c2a9cbdd1d96,7466b9e92ac09f6a5dd82cc928ebe1ea46d0e74c59f0dd6f937918d132a94618
D-subtree,subtree-893,101,auxiliary subtree case,True,validation/stage1-20261004-0100/subtree.jsonl,894,7e172cc101dd362b3f5727125fa00d5c573092027ad59ec0b1f755f5e3d6d3bf,c08c1bea70ecdb1daeb328674c014f4dca0d1ca7efc70038b1d85283cb6f4304,7466b9e92ac09f6a5dd82cc928ebe1ea46d0e74c59f0dd6f937918d132a94618
D-subtree,subtree-894,102,auxiliary subtree case,True,validation/stage1-20261004-0100/subtree.jsonl,895,7e172cc101dd362b3f5727125fa00d5c573092027ad59ec0b1f755f5e3d6d3bf,dcc04cac04c4fc816e74757199950a54ed7c345a60f7738131027dae792de0cc,7466b9e92ac09f6a5dd82cc928ebe1ea46d0e74c59f0dd6f937918d132a94618
D-subtree,subtree-895,103,auxiliary subtree case,True,validation/stage1-20261004-0100/subtree.jsonl,896,7e172cc101dd362b3f5727125fa00d5c573092027ad59ec0b1f755f5e3d6d3bf,2bb4d4c5708a30f9b399f3e7ad9d1f05f9f89959c40ab5782659e0672c4b862b,7466b9e92ac09f6a5dd82cc928ebe1ea46d0e74c59f0dd6f937918d132a94618
D-subtree,subtree-896,201,auxiliary subtree case,True,validation/stage1-20261004-0100/subtree.jsonl,897,7e172cc101dd362b3f5727125fa00d5c573092027ad59ec0b1f755f5e3d6d3bf,4b57a466f2f317861035f03ba4005205bf23180ffdf174c4031a72a25196aa24,7466b9e92ac09f6a5dd82cc928ebe1ea46d0e74c59f0dd6f937918d132a94618
D-subtree,subtree-897,1,auxiliary subtree case,True,validation/stage1-20261004-0100/subtree.jsonl,898,7e172cc101dd362b3f5727125fa00d5c573092027ad59ec0b1f755f5e3d6d3bf,a661c68bad5f08fc12dd9fe0a08b84e654d1f0bf17a52e3a66afaf95b0b028ca,7466b9e92ac09f6a5dd82cc928ebe1ea46d0e74c59f0dd6f937918d132a94618
D-subtree,subtree-898,2,auxiliary subtree case,True,validation/stage1-20261004-0100/subtree.jsonl,899,7e172cc101dd362b3f5727125fa00d5c573092027ad59ec0b1f755f5e3d6d3bf,01567df87caaf688883ac00e11fa31ad6ed5e1590eaaa2a6f4a5c58ba90b7d67,7466b9e92ac09f6a5dd82cc928ebe1ea46d0e74c59f0dd6f937918d132a94618
D-subtree,subtree-899,3,auxiliary subtree case,True,validation/stage1-20261004-0100/subtree.jsonl,900,7e172cc101dd362b3f5727125fa00d5c573092027ad59ec0b1f755f5e3d6d3bf,db4eee0a6f20f2e061a6ca6bebfcd40a1a191c655e28b0b3704ed67f21608223,7466b9e92ac09f6a5dd82cc928ebe1ea46d0e74c59f0dd6f937918d132a94618
D-subtree,subtree-900,101,auxiliary subtree case,True,validation/stage1-20261004-0100/subtree.jsonl,901,7e172cc101dd362b3f5727125fa00d5c573092027ad59ec0b1f755f5e3d6d3bf,46a3a9e4f693c6a10d9f433b92a273025b224f282993ba581947a7fc76187dd3,7466b9e92ac09f6a5dd82cc928ebe1ea46d0e74c59f0dd6f937918d132a94618
D-subtree,subtree-901,102,auxiliary subtree case,True,validation/stage1-20261004-0100/subtree.jsonl,902,7e172cc101dd362b3f5727125fa00d5c573092027ad59ec0b1f755f5e3d6d3bf,5217a1e445ec66e4e5e25fc7137ff407aee95f4a30dd0aff459ff450b789ce30,7466b9e92ac09f6a5dd82cc928ebe1ea46d0e74c59f0dd6f937918d132a94618
D-subtree,subtree-902,103,auxiliary subtree case,True,validation/stage1-20261004-0100/subtree.jsonl,903,7e172cc101dd362b3f5727125fa00d5c573092027ad59ec0b1f755f5e3d6d3bf,463cd0c3a3606a79f2840d036e629e5020d1b0eec341a39cfed8c6f7eb2a5b2d,7466b9e92ac09f6a5dd82cc928ebe1ea46d0e74c59f0dd6f937918d132a94618
D-subtree,subtree-903,201,auxiliary subtree case,True,validation/stage1-20261004-0100/subtree.jsonl,904,7e172cc101dd362b3f5727125fa00d5c573092027ad59ec0b1f755f5e3d6d3bf,50217d5492bb93619b411e370a0e0e5ede08d9e80ee8de693e03581b654b3c0a,7466b9e92ac09f6a5dd82cc928ebe1ea46d0e74c59f0dd6f937918d132a94618
D-subtree,subtree-904,1,auxiliary subtree case,True,validation/stage1-20261004-0100/subtree.jsonl,905,7e172cc101dd362b3f5727125fa00d5c573092027ad59ec0b1f755f5e3d6d3bf,4a658c0eff45292609bfa900f29c7ee5f47a95cd1c39343993e6874a4951fe7f,7466b9e92ac09f6a5dd82cc928ebe1ea46d0e74c59f0dd6f937918d132a94618
D-subtree,subtree-905,2,auxiliary subtree case,True,validation/stage1-20261004-0100/subtree.jsonl,906,7e172cc101dd362b3f5727125fa00d5c573092027ad59ec0b1f755f5e3d6d3bf,0798cf30122da181805010a7db01504b1e1cde90c74b9f2ab4b4da1cde007616,7466b9e92ac09f6a5dd82cc928ebe1ea46d0e74c59f0dd6f937918d132a94618
D-subtree,subtree-906,3,auxiliary subtree case,True,validation/stage1-20261004-0100/subtree.jsonl,907,7e172cc101dd362b3f5727125fa00d5c573092027ad59ec0b1f755f5e3d6d3bf,00765600fa8e8ac335d5f63eb014980db0dcfebd859f3f20f83c15941a5413b7,7466b9e92ac09f6a5dd82cc928ebe1ea46d0e74c59f0dd6f937918d132a94618
D-subtree,subtree-907,101,auxiliary subtree case,True,validation/stage1-20261004-0100/subtree.jsonl,908,7e172cc101dd362b3f5727125fa00d5c573092027ad59ec0b1f755f5e3d6d3bf,dd3eab1b4396cd49a5b9a6bd13408cbc0f2203f8ee8ba48d2cf165a295d6ef56,7466b9e92ac09f6a5dd82cc928ebe1ea46d0e74c59f0dd6f937918d132a94618
D-subtree,subtree-908,102,auxiliary subtree case,True,validation/stage1-20261004-0100/subtree.jsonl,909,7e172cc101dd362b3f5727125fa00d5c573092027ad59ec0b1f755f5e3d6d3bf,9397c02cdd16d2ade503f7c7fb1c0eb5f5867daaec44fb023ab1cef362ce5f40,7466b9e92ac09f6a5dd82cc928ebe1ea46d0e74c59f0dd6f937918d132a94618
D-subtree,subtree-909,103,auxiliary subtree case,True,validation/stage1-20261004-0100/subtree.jsonl,910,7e172cc101dd362b3f5727125fa00d5c573092027ad59ec0b1f755f5e3d6d3bf,89552f108bf4a9f970f3a2c3b62ad419705f4a6630b62ced424423ab111ad8d8,7466b9e92ac09f6a5dd82cc928ebe1ea46d0e74c59f0dd6f937918d132a94618
D-subtree,subtree-910,201,auxiliary subtree case,True,validation/stage1-20261004-0100/subtree.jsonl,911,7e172cc101dd362b3f5727125fa00d5c573092027ad59ec0b1f755f5e3d6d3bf,08aac89396bbea16fcb3a7af789216a0787fde5eb414b59bd8bd6897b0d6fc8f,7466b9e92ac09f6a5dd82cc928ebe1ea46d0e74c59f0dd6f937918d132a94618
D-subtree,subtree-911,1,auxiliary subtree case,True,validation/stage1-20261004-0100/subtree.jsonl,912,7e172cc101dd362b3f5727125fa00d5c573092027ad59ec0b1f755f5e3d6d3bf,c8e4af280d37f83a20839b38366af7314f18b6941852d480a41d436c9d3b68e9,7466b9e92ac09f6a5dd82cc928ebe1ea46d0e74c59f0dd6f937918d132a94618
D-subtree,subtree-912,2,auxiliary subtree case,True,validation/stage1-20261004-0100/subtree.jsonl,913,7e172cc101dd362b3f5727125fa00d5c573092027ad59ec0b1f755f5e3d6d3bf,713aa4652c2d265ee5d3ec9d6b4b44609bd5b8d8b1d4c8d177a4e74ba544f44b,7466b9e92ac09f6a5dd82cc928ebe1ea46d0e74c59f0dd6f937918d132a94618
D-subtree,subtree-913,3,auxiliary subtree case,True,validation/stage1-20261004-0100/subtree.jsonl,914,7e172cc101dd362b3f5727125fa00d5c573092027ad59ec0b1f755f5e3d6d3bf,f287a73ec559eddcb192f9bcdf3758a9ef78fd5e49a10ae8b6bdae084874038f,7466b9e92ac09f6a5dd82cc928ebe1ea46d0e74c59f0dd6f937918d132a94618
D-subtree,subtree-914,101,auxiliary subtree case,True,validation/stage1-20261004-0100/subtree.jsonl,915,7e172cc101dd362b3f5727125fa00d5c573092027ad59ec0b1f755f5e3d6d3bf,c659170f061400591bc3dae04c6e2e172f42f0d02eff7df2d30e3b7c8efaf702,7466b9e92ac09f6a5dd82cc928ebe1ea46d0e74c59f0dd6f937918d132a94618
D-subtree,subtree-915,102,auxiliary subtree case,True,validation/stage1-20261004-0100/subtree.jsonl,916,7e172cc101dd362b3f5727125fa00d5c573092027ad59ec0b1f755f5e3d6d3bf,6f21e3a90a948890b3855be3fb3124e66ec023c3356a7d87c725542976d128f0,7466b9e92ac09f6a5dd82cc928ebe1ea46d0e74c59f0dd6f937918d132a94618
D-subtree,subtree-916,103,auxiliary subtree case,True,validation/stage1-20261004-0100/subtree.jsonl,917,7e172cc101dd362b3f5727125fa00d5c573092027ad59ec0b1f755f5e3d6d3bf,6feb261b74fa26ba9f2ed064db41acba01a9e19e9dda9ccd7c07905543f1a6c2,7466b9e92ac09f6a5dd82cc928ebe1ea46d0e74c59f0dd6f937918d132a94618
D-subtree,subtree-917,201,auxiliary subtree case,True,validation/stage1-20261004-0100/subtree.jsonl,918,7e172cc101dd362b3f5727125fa00d5c573092027ad59ec0b1f755f5e3d6d3bf,e8ea94f2c49810cdec9b32e114e7bb4872797fa225cfadabecfbf1fa0d52bd0d,7466b9e92ac09f6a5dd82cc928ebe1ea46d0e74c59f0dd6f937918d132a94618
D-subtree,subtree-918,1,auxiliary subtree case,True,validation/stage1-20261004-0100/subtree.jsonl,919,7e172cc101dd362b3f5727125fa00d5c573092027ad59ec0b1f755f5e3d6d3bf,8c83b518a7e9a26fb9a9d0daa6c817e629242e4d437ae39a03696e6bcf690e89,7466b9e92ac09f6a5dd82cc928ebe1ea46d0e74c59f0dd6f937918d132a94618
D-subtree,subtree-919,2,auxiliary subtree case,True,validation/stage1-20261004-0100/subtree.jsonl,920,7e172cc101dd362b3f5727125fa00d5c573092027ad59ec0b1f755f5e3d6d3bf,31d60162aa9858bbac06c3f7920617809560daf46c7545ad8ac50fd8e8725f5c,7466b9e92ac09f6a5dd82cc928ebe1ea46d0e74c59f0dd6f937918d132a94618
D-subtree,subtree-920,3,auxiliary subtree case,True,validation/stage1-20261004-0100/subtree.jsonl,921,7e172cc101dd362b3f5727125fa00d5c573092027ad59ec0b1f755f5e3d6d3bf,ce8b6f8fa7ffcbb90765b2e7ed8b7c4353c4e70077a64017802aa15b0adae69c,7466b9e92ac09f6a5dd82cc928ebe1ea46d0e74c59f0dd6f937918d132a94618
D-subtree,subtree-921,101,auxiliary subtree case,True,validation/stage1-20261004-0100/subtree.jsonl,922,7e172cc101dd362b3f5727125fa00d5c573092027ad59ec0b1f755f5e3d6d3bf,67499253d28d4852f99ada6c72856f09ad1d82470860dedf597663e9f3227f2e,7466b9e92ac09f6a5dd82cc928ebe1ea46d0e74c59f0dd6f937918d132a94618
D-subtree,subtree-922,102,auxiliary subtree case,True,validation/stage1-20261004-0100/subtree.jsonl,923,7e172cc101dd362b3f5727125fa00d5c573092027ad59ec0b1f755f5e3d6d3bf,3ad417dec6fe1a73f04ae47be4f301f15e04719051b8274af9947b1d0e6b6789,7466b9e92ac09f6a5dd82cc928ebe1ea46d0e74c59f0dd6f937918d132a94618
D-subtree,subtree-923,103,auxiliary subtree case,True,validation/stage1-20261004-0100/subtree.jsonl,924,7e172cc101dd362b3f5727125fa00d5c573092027ad59ec0b1f755f5e3d6d3bf,1c4855522bea0e02c351241b83c69e8c15c2c2e4d28191bd8ce4ba704c1140e9,7466b9e92ac09f6a5dd82cc928ebe1ea46d0e74c59f0dd6f937918d132a94618
D-subtree,subtree-924,201,auxiliary subtree case,True,validation/stage1-20261004-0100/subtree.jsonl,925,7e172cc101dd362b3f5727125fa00d5c573092027ad59ec0b1f755f5e3d6d3bf,d17bbab1317bde298d0fb3556241c5992b81a9118802deaab2469f8347169a1e,7466b9e92ac09f6a5dd82cc928ebe1ea46d0e74c59f0dd6f937918d132a94618
D-subtree,subtree-925,1,auxiliary subtree case,True,validation/stage1-20261004-0100/subtree.jsonl,926,7e172cc101dd362b3f5727125fa00d5c573092027ad59ec0b1f755f5e3d6d3bf,8daf451a20a4df4e6954459860e0e05af062832a6c927d32c786471bec6444b9,7466b9e92ac09f6a5dd82cc928ebe1ea46d0e74c59f0dd6f937918d132a94618
D-subtree,subtree-926,2,auxiliary subtree case,True,validation/stage1-20261004-0100/subtree.jsonl,927,7e172cc101dd362b3f5727125fa00d5c573092027ad59ec0b1f755f5e3d6d3bf,91338b67a15bdb104dfc325e6ce812427ecc0a697e91ddf10d9e381110f4caa4,7466b9e92ac09f6a5dd82cc928ebe1ea46d0e74c59f0dd6f937918d132a94618
D-subtree,subtree-927,3,auxiliary subtree case,True,validation/stage1-20261004-0100/subtree.jsonl,928,7e172cc101dd362b3f5727125fa00d5c573092027ad59ec0b1f755f5e3d6d3bf,da8d1105857fd9e720d7adee6b65d66bcd32fe54d2b3e1cb8c1f8aab98f81384,7466b9e92ac09f6a5dd82cc928ebe1ea46d0e74c59f0dd6f937918d132a94618
D-subtree,subtree-928,101,auxiliary subtree case,True,validation/stage1-20261004-0100/subtree.jsonl,929,7e172cc101dd362b3f5727125fa00d5c573092027ad59ec0b1f755f5e3d6d3bf,73a78e29550218163385a06a4c5d27b37c5e6f944131660f3458845f68c292db,7466b9e92ac09f6a5dd82cc928ebe1ea46d0e74c59f0dd6f937918d132a94618
D-subtree,subtree-929,102,auxiliary subtree case,True,validation/stage1-20261004-0100/subtree.jsonl,930,7e172cc101dd362b3f5727125fa00d5c573092027ad59ec0b1f755f5e3d6d3bf,6a768f8270ffe1acb6ffcbbdcbe71fb4a463754e32215ad6c511af87a319fb43,7466b9e92ac09f6a5dd82cc928ebe1ea46d0e74c59f0dd6f937918d132a94618
D-subtree,subtree-930,103,auxiliary subtree case,True,validation/stage1-20261004-0100/subtree.jsonl,931,7e172cc101dd362b3f5727125fa00d5c573092027ad59ec0b1f755f5e3d6d3bf,cfc2cf0b9f138bde7296b93700d557de586547a650f4b51f383f64bb354efb2c,7466b9e92ac09f6a5dd82cc928ebe1ea46d0e74c59f0dd6f937918d132a94618
D-subtree,subtree-931,201,auxiliary subtree case,True,validation/stage1-20261004-0100/subtree.jsonl,932,7e172cc101dd362b3f5727125fa00d5c573092027ad59ec0b1f755f5e3d6d3bf,85ef7f22696d7fb88600bcd261441d1feeb252f58ee8a8fdf2929d49f495951d,7466b9e92ac09f6a5dd82cc928ebe1ea46d0e74c59f0dd6f937918d132a94618
D-subtree,subtree-932,1,auxiliary subtree case,True,validation/stage1-20261004-0100/subtree.jsonl,933,7e172cc101dd362b3f5727125fa00d5c573092027ad59ec0b1f755f5e3d6d3bf,bac4098317bf3175df271cf3b6698a59476ad1be1d71f43a607c9c20e49b1460,7466b9e92ac09f6a5dd82cc928ebe1ea46d0e74c59f0dd6f937918d132a94618
D-subtree,subtree-933,2,auxiliary subtree case,True,validation/stage1-20261004-0100/subtree.jsonl,934,7e172cc101dd362b3f5727125fa00d5c573092027ad59ec0b1f755f5e3d6d3bf,daa164855c13bf6d61b9c9a74f0d33629a1e0c5b179d62ed5d2078845efb9ae9,7466b9e92ac09f6a5dd82cc928ebe1ea46d0e74c59f0dd6f937918d132a94618
D-subtree,subtree-934,3,auxiliary subtree case,True,validation/stage1-20261004-0100/subtree.jsonl,935,7e172cc101dd362b3f5727125fa00d5c573092027ad59ec0b1f755f5e3d6d3bf,9a9a37890c31cd003556c5fdb11c8a838a4b4310c1714101763d42814e573fbb,7466b9e92ac09f6a5dd82cc928ebe1ea46d0e74c59f0dd6f937918d132a94618
D-subtree,subtree-935,101,auxiliary subtree case,True,validation/stage1-20261004-0100/subtree.jsonl,936,7e172cc101dd362b3f5727125fa00d5c573092027ad59ec0b1f755f5e3d6d3bf,1377569f9ba3c3db2108d5e6bb9fc2dd976bca41c3009a825bba44f30577376a,7466b9e92ac09f6a5dd82cc928ebe1ea46d0e74c59f0dd6f937918d132a94618
D-subtree,subtree-936,102,auxiliary subtree case,True,validation/stage1-20261004-0100/subtree.jsonl,937,7e172cc101dd362b3f5727125fa00d5c573092027ad59ec0b1f755f5e3d6d3bf,1be04a888d605de7f8a95707744c30428a2c06cefef530e4692f78edb66774b2,7466b9e92ac09f6a5dd82cc928ebe1ea46d0e74c59f0dd6f937918d132a94618
D-subtree,subtree-937,103,auxiliary subtree case,True,validation/stage1-20261004-0100/subtree.jsonl,938,7e172cc101dd362b3f5727125fa00d5c573092027ad59ec0b1f755f5e3d6d3bf,2aa2780290bb077056a698d5e8eca85c86c0296b3ef51f59fcea43f7a2371afd,7466b9e92ac09f6a5dd82cc928ebe1ea46d0e74c59f0dd6f937918d132a94618
D-subtree,subtree-938,201,auxiliary subtree case,True,validation/stage1-20261004-0100/subtree.jsonl,939,7e172cc101dd362b3f5727125fa00d5c573092027ad59ec0b1f755f5e3d6d3bf,b663b52674b1e45f21e6c49f9367353bb6da5040fafc43ca017004c6ff166981,7466b9e92ac09f6a5dd82cc928ebe1ea46d0e74c59f0dd6f937918d132a94618
D-subtree,subtree-939,1,auxiliary subtree case,True,validation/stage1-20261004-0100/subtree.jsonl,940,7e172cc101dd362b3f5727125fa00d5c573092027ad59ec0b1f755f5e3d6d3bf,78ee282dbc0e840f6572aaaa417c4ba8744112e4e916186cefc4458425ef15fb,7466b9e92ac09f6a5dd82cc928ebe1ea46d0e74c59f0dd6f937918d132a94618
D-subtree,subtree-940,2,auxiliary subtree case,True,validation/stage1-20261004-0100/subtree.jsonl,941,7e172cc101dd362b3f5727125fa00d5c573092027ad59ec0b1f755f5e3d6d3bf,65ecfb59df34c2a2b3c545cd4384d1d805efa7f604bdb266fd6201b53ff64f4c,7466b9e92ac09f6a5dd82cc928ebe1ea46d0e74c59f0dd6f937918d132a94618
D-subtree,subtree-941,3,auxiliary subtree case,True,validation/stage1-20261004-0100/subtree.jsonl,942,7e172cc101dd362b3f5727125fa00d5c573092027ad59ec0b1f755f5e3d6d3bf,3875854cb80c99d8bcce1dc296525a9618990768c167745a3d3b6e814c6ca0fa,7466b9e92ac09f6a5dd82cc928ebe1ea46d0e74c59f0dd6f937918d132a94618
D-subtree,subtree-942,101,auxiliary subtree case,True,validation/stage1-20261004-0100/subtree.jsonl,943,7e172cc101dd362b3f5727125fa00d5c573092027ad59ec0b1f755f5e3d6d3bf,7c72eb768f083d8f0159ef601bc47cf5efae5a2f5bba8c69de820f3d79f88168,7466b9e92ac09f6a5dd82cc928ebe1ea46d0e74c59f0dd6f937918d132a94618
D-subtree,subtree-943,102,auxiliary subtree case,True,validation/stage1-20261004-0100/subtree.jsonl,944,7e172cc101dd362b3f5727125fa00d5c573092027ad59ec0b1f755f5e3d6d3bf,727e5c30060ed1078f18316a60f7d762b46c358cdfdad20653f2c688ea0ad2f5,7466b9e92ac09f6a5dd82cc928ebe1ea46d0e74c59f0dd6f937918d132a94618
D-subtree,subtree-944,103,auxiliary subtree case,True,validation/stage1-20261004-0100/subtree.jsonl,945,7e172cc101dd362b3f5727125fa00d5c573092027ad59ec0b1f755f5e3d6d3bf,58737571a60cb32433f918b6f28321715a45fbbe28fd3397478c875d4ef6568d,7466b9e92ac09f6a5dd82cc928ebe1ea46d0e74c59f0dd6f937918d132a94618
D-subtree,subtree-945,201,auxiliary subtree case,True,validation/stage1-20261004-0100/subtree.jsonl,946,7e172cc101dd362b3f5727125fa00d5c573092027ad59ec0b1f755f5e3d6d3bf,69cd46ee9064f4d30a996df9f2220b158d7472a8a54afac5ced33f8244169132,7466b9e92ac09f6a5dd82cc928ebe1ea46d0e74c59f0dd6f937918d132a94618
D-subtree,subtree-946,1,auxiliary subtree case,True,validation/stage1-20261004-0100/subtree.jsonl,947,7e172cc101dd362b3f5727125fa00d5c573092027ad59ec0b1f755f5e3d6d3bf,7de3899f9c643b31b7ef3e973bd6926e7cf2ec5ffb43ebe0d29ef203ebea303b,7466b9e92ac09f6a5dd82cc928ebe1ea46d0e74c59f0dd6f937918d132a94618
D-subtree,subtree-947,2,auxiliary subtree case,True,validation/stage1-20261004-0100/subtree.jsonl,948,7e172cc101dd362b3f5727125fa00d5c573092027ad59ec0b1f755f5e3d6d3bf,a819614e10b5ba0e203b448b564815f09c9e134b1dccd175f828f019d9f9df79,7466b9e92ac09f6a5dd82cc928ebe1ea46d0e74c59f0dd6f937918d132a94618
D-subtree,subtree-948,3,auxiliary subtree case,True,validation/stage1-20261004-0100/subtree.jsonl,949,7e172cc101dd362b3f5727125fa00d5c573092027ad59ec0b1f755f5e3d6d3bf,264208ab47ac42d12e0e50f6ab9e8e701bb78add6ba116120657a07db6f27ec0,7466b9e92ac09f6a5dd82cc928ebe1ea46d0e74c59f0dd6f937918d132a94618
D-subtree,subtree-949,101,auxiliary subtree case,True,validation/stage1-20261004-0100/subtree.jsonl,950,7e172cc101dd362b3f5727125fa00d5c573092027ad59ec0b1f755f5e3d6d3bf,8d8feca3cd40f8787375838384b0e5cfb6a2db14a3a5bbf62be93e310903cebb,7466b9e92ac09f6a5dd82cc928ebe1ea46d0e74c59f0dd6f937918d132a94618
D-subtree,subtree-950,102,auxiliary subtree case,True,validation/stage1-20261004-0100/subtree.jsonl,951,7e172cc101dd362b3f5727125fa00d5c573092027ad59ec0b1f755f5e3d6d3bf,da6108744f1e47756b28acd8dca457572dd315a82e6d02c9e55d92fc04a496c8,7466b9e92ac09f6a5dd82cc928ebe1ea46d0e74c59f0dd6f937918d132a94618
D-subtree,subtree-951,103,auxiliary subtree case,True,validation/stage1-20261004-0100/subtree.jsonl,952,7e172cc101dd362b3f5727125fa00d5c573092027ad59ec0b1f755f5e3d6d3bf,af849e5694887b1018c5a41541f82e0603b8908cf2ed6367ce93d8e4c06f286c,7466b9e92ac09f6a5dd82cc928ebe1ea46d0e74c59f0dd6f937918d132a94618
D-subtree,subtree-952,201,auxiliary subtree case,True,validation/stage1-20261004-0100/subtree.jsonl,953,7e172cc101dd362b3f5727125fa00d5c573092027ad59ec0b1f755f5e3d6d3bf,f3369418931adedfc0cf7507f197cf0f2f1d10f674c4f72386f3ea474862a59c,7466b9e92ac09f6a5dd82cc928ebe1ea46d0e74c59f0dd6f937918d132a94618
D-subtree,subtree-953,1,auxiliary subtree case,True,validation/stage1-20261004-0100/subtree.jsonl,954,7e172cc101dd362b3f5727125fa00d5c573092027ad59ec0b1f755f5e3d6d3bf,78f8e5c7ca786c6925289f221ba67d38530857c5cb282f8634f1395aab9964f8,7466b9e92ac09f6a5dd82cc928ebe1ea46d0e74c59f0dd6f937918d132a94618
D-subtree,subtree-954,2,auxiliary subtree case,True,validation/stage1-20261004-0100/subtree.jsonl,955,7e172cc101dd362b3f5727125fa00d5c573092027ad59ec0b1f755f5e3d6d3bf,3dac67dfa9617da9ad3bd9e32061a46d3336662dfa7402285136c8f217425fa1,7466b9e92ac09f6a5dd82cc928ebe1ea46d0e74c59f0dd6f937918d132a94618
D-subtree,subtree-955,3,auxiliary subtree case,True,validation/stage1-20261004-0100/subtree.jsonl,956,7e172cc101dd362b3f5727125fa00d5c573092027ad59ec0b1f755f5e3d6d3bf,b21b53db4cda7179a18b7d3f385c6675c4dabe97884939c0e5a6e3483f0a1f82,7466b9e92ac09f6a5dd82cc928ebe1ea46d0e74c59f0dd6f937918d132a94618
D-subtree,subtree-956,101,auxiliary subtree case,True,validation/stage1-20261004-0100/subtree.jsonl,957,7e172cc101dd362b3f5727125fa00d5c573092027ad59ec0b1f755f5e3d6d3bf,2326415d2848c4d36243977adf05e4140a60e6c891d8dce26a486c4ec4ad431d,7466b9e92ac09f6a5dd82cc928ebe1ea46d0e74c59f0dd6f937918d132a94618
D-subtree,subtree-957,102,auxiliary subtree case,True,validation/stage1-20261004-0100/subtree.jsonl,958,7e172cc101dd362b3f5727125fa00d5c573092027ad59ec0b1f755f5e3d6d3bf,06855103f4709e91b83f77d2bce3bbc43883e8437b3de8c81948e0613145e120,7466b9e92ac09f6a5dd82cc928ebe1ea46d0e74c59f0dd6f937918d132a94618
D-subtree,subtree-958,103,auxiliary subtree case,True,validation/stage1-20261004-0100/subtree.jsonl,959,7e172cc101dd362b3f5727125fa00d5c573092027ad59ec0b1f755f5e3d6d3bf,bbae6fd0fab2a3b8e34714ddb73116dc151519f0cdfe96c47c8209e01d98e890,7466b9e92ac09f6a5dd82cc928ebe1ea46d0e74c59f0dd6f937918d132a94618
D-subtree,subtree-959,201,auxiliary subtree case,True,validation/stage1-20261004-0100/subtree.jsonl,960,7e172cc101dd362b3f5727125fa00d5c573092027ad59ec0b1f755f5e3d6d3bf,0aff9d4b8520070c8d130f1450c6b92c9a1413329788ab3a40870907d99c7d5c,7466b9e92ac09f6a5dd82cc928ebe1ea46d0e74c59f0dd6f937918d132a94618
D-subtree,subtree-960,1,auxiliary subtree case,True,validation/stage1-20261004-0100/subtree.jsonl,961,7e172cc101dd362b3f5727125fa00d5c573092027ad59ec0b1f755f5e3d6d3bf,87a412db4430381c85e3664f026b03c33fc6cc3413ab86fa77756ba4a0ce68a1,7466b9e92ac09f6a5dd82cc928ebe1ea46d0e74c59f0dd6f937918d132a94618
D-subtree,subtree-961,2,auxiliary subtree case,True,validation/stage1-20261004-0100/subtree.jsonl,962,7e172cc101dd362b3f5727125fa00d5c573092027ad59ec0b1f755f5e3d6d3bf,83f95d95bf40e0b76062a871b075f471d16a811bba974f8a73bc354b35eec4c5,7466b9e92ac09f6a5dd82cc928ebe1ea46d0e74c59f0dd6f937918d132a94618
D-subtree,subtree-962,3,auxiliary subtree case,True,validation/stage1-20261004-0100/subtree.jsonl,963,7e172cc101dd362b3f5727125fa00d5c573092027ad59ec0b1f755f5e3d6d3bf,114d8b9dfd17ee16176a6320f92ca69e5f839dddd5b0193177c812498d9f260c,7466b9e92ac09f6a5dd82cc928ebe1ea46d0e74c59f0dd6f937918d132a94618
D-subtree,subtree-963,101,auxiliary subtree case,True,validation/stage1-20261004-0100/subtree.jsonl,964,7e172cc101dd362b3f5727125fa00d5c573092027ad59ec0b1f755f5e3d6d3bf,281aefcf61266cd9de820cf0ff7280120abd7e7ebd96f7f9f41b5f76ae2838ea,7466b9e92ac09f6a5dd82cc928ebe1ea46d0e74c59f0dd6f937918d132a94618
D-subtree,subtree-964,102,auxiliary subtree case,True,validation/stage1-20261004-0100/subtree.jsonl,965,7e172cc101dd362b3f5727125fa00d5c573092027ad59ec0b1f755f5e3d6d3bf,3505408e244fabfa762a2ca9500d0a71f70df735263c6f50f04565272e8d0ad4,7466b9e92ac09f6a5dd82cc928ebe1ea46d0e74c59f0dd6f937918d132a94618
D-subtree,subtree-965,103,auxiliary subtree case,True,validation/stage1-20261004-0100/subtree.jsonl,966,7e172cc101dd362b3f5727125fa00d5c573092027ad59ec0b1f755f5e3d6d3bf,63807ea4ec984720594b0eba5270aabfb7d3b273575af2ac7616874025b1e5c3,7466b9e92ac09f6a5dd82cc928ebe1ea46d0e74c59f0dd6f937918d132a94618
D-subtree,subtree-966,201,auxiliary subtree case,True,validation/stage1-20261004-0100/subtree.jsonl,967,7e172cc101dd362b3f5727125fa00d5c573092027ad59ec0b1f755f5e3d6d3bf,6c8e8c37ba7afa578957c4232121fc95f4337fe32dfa905bfb57a73577cfb554,7466b9e92ac09f6a5dd82cc928ebe1ea46d0e74c59f0dd6f937918d132a94618
D-subtree,subtree-967,1,auxiliary subtree case,True,validation/stage1-20261004-0100/subtree.jsonl,968,7e172cc101dd362b3f5727125fa00d5c573092027ad59ec0b1f755f5e3d6d3bf,75d2ddc22026eb4b1ac935395131d1b0b35518f314a8550cf66f4cb60b69721e,7466b9e92ac09f6a5dd82cc928ebe1ea46d0e74c59f0dd6f937918d132a94618
D-subtree,subtree-968,2,auxiliary subtree case,True,validation/stage1-20261004-0100/subtree.jsonl,969,7e172cc101dd362b3f5727125fa00d5c573092027ad59ec0b1f755f5e3d6d3bf,d43d4a2a1a76df91c3fcba84f8a38858eba8c0775585d3b42ce96febb412e1f2,7466b9e92ac09f6a5dd82cc928ebe1ea46d0e74c59f0dd6f937918d132a94618
D-subtree,subtree-969,3,auxiliary subtree case,True,validation/stage1-20261004-0100/subtree.jsonl,970,7e172cc101dd362b3f5727125fa00d5c573092027ad59ec0b1f755f5e3d6d3bf,aa46f0be728683593e87e27fcd928104a0f548b8c94e413af7784601849fb331,7466b9e92ac09f6a5dd82cc928ebe1ea46d0e74c59f0dd6f937918d132a94618
D-subtree,subtree-970,101,auxiliary subtree case,True,validation/stage1-20261004-0100/subtree.jsonl,971,7e172cc101dd362b3f5727125fa00d5c573092027ad59ec0b1f755f5e3d6d3bf,ce85f84e781841969ff14694fca368316e44ec59da0302f436c1b8a29be72b4e,7466b9e92ac09f6a5dd82cc928ebe1ea46d0e74c59f0dd6f937918d132a94618
D-subtree,subtree-971,102,auxiliary subtree case,True,validation/stage1-20261004-0100/subtree.jsonl,972,7e172cc101dd362b3f5727125fa00d5c573092027ad59ec0b1f755f5e3d6d3bf,4b70aeec6c8e3ed7f035919f1f3fc35c3d17110b0f9aca643534cd87c2c71cd6,7466b9e92ac09f6a5dd82cc928ebe1ea46d0e74c59f0dd6f937918d132a94618
D-subtree,subtree-972,103,auxiliary subtree case,True,validation/stage1-20261004-0100/subtree.jsonl,973,7e172cc101dd362b3f5727125fa00d5c573092027ad59ec0b1f755f5e3d6d3bf,ecfcc6ca8ae01dd46cc5d18ead80e7ed884258647fe8ea806b3d144f8f7bf9b1,7466b9e92ac09f6a5dd82cc928ebe1ea46d0e74c59f0dd6f937918d132a94618
D-subtree,subtree-973,201,auxiliary subtree case,True,validation/stage1-20261004-0100/subtree.jsonl,974,7e172cc101dd362b3f5727125fa00d5c573092027ad59ec0b1f755f5e3d6d3bf,a7d08335b95360075c73b6bdcaf748937b56da23b8b84b4aab959cbaff130aa4,7466b9e92ac09f6a5dd82cc928ebe1ea46d0e74c59f0dd6f937918d132a94618
D-subtree,subtree-974,1,auxiliary subtree case,True,validation/stage1-20261004-0100/subtree.jsonl,975,7e172cc101dd362b3f5727125fa00d5c573092027ad59ec0b1f755f5e3d6d3bf,e18fce60e61313a7a73bd8ef4f693c37bb07905b0d832958abb385432fefecb1,7466b9e92ac09f6a5dd82cc928ebe1ea46d0e74c59f0dd6f937918d132a94618
D-subtree,subtree-975,2,auxiliary subtree case,True,validation/stage1-20261004-0100/subtree.jsonl,976,7e172cc101dd362b3f5727125fa00d5c573092027ad59ec0b1f755f5e3d6d3bf,cb364951f31cd55104d1d9c8a7529ea31f4970ea834cc67bb378fa8fae2e9911,7466b9e92ac09f6a5dd82cc928ebe1ea46d0e74c59f0dd6f937918d132a94618
D-subtree,subtree-976,3,auxiliary subtree case,True,validation/stage1-20261004-0100/subtree.jsonl,977,7e172cc101dd362b3f5727125fa00d5c573092027ad59ec0b1f755f5e3d6d3bf,036907b0ffe980b8a43d8f5327419fba188b58ebecab8a77acfdcc2424f6ee65,7466b9e92ac09f6a5dd82cc928ebe1ea46d0e74c59f0dd6f937918d132a94618
D-subtree,subtree-977,101,auxiliary subtree case,True,validation/stage1-20261004-0100/subtree.jsonl,978,7e172cc101dd362b3f5727125fa00d5c573092027ad59ec0b1f755f5e3d6d3bf,f9019d85ff71cfd32a4b8a6276812af48bde534acab24db5021594e732507837,7466b9e92ac09f6a5dd82cc928ebe1ea46d0e74c59f0dd6f937918d132a94618
D-subtree,subtree-978,102,auxiliary subtree case,True,validation/stage1-20261004-0100/subtree.jsonl,979,7e172cc101dd362b3f5727125fa00d5c573092027ad59ec0b1f755f5e3d6d3bf,edcbc4901d7f16510b81647e1f6c7d436b8f906be4e97e21d0921b1e6099a7be,7466b9e92ac09f6a5dd82cc928ebe1ea46d0e74c59f0dd6f937918d132a94618
D-subtree,subtree-979,103,auxiliary subtree case,True,validation/stage1-20261004-0100/subtree.jsonl,980,7e172cc101dd362b3f5727125fa00d5c573092027ad59ec0b1f755f5e3d6d3bf,28cf771dba3bf691c3d5e1a5c0a9721e5dbb4c8c5b620efe1aff52b9a619c753,7466b9e92ac09f6a5dd82cc928ebe1ea46d0e74c59f0dd6f937918d132a94618
D-subtree,subtree-980,201,auxiliary subtree case,True,validation/stage1-20261004-0100/subtree.jsonl,981,7e172cc101dd362b3f5727125fa00d5c573092027ad59ec0b1f755f5e3d6d3bf,06371c22d4b9709d15db28a2d2028d15723ef268981874a92bcc1db0bcaed089,7466b9e92ac09f6a5dd82cc928ebe1ea46d0e74c59f0dd6f937918d132a94618
D-subtree,subtree-981,1,auxiliary subtree case,True,validation/stage1-20261004-0100/subtree.jsonl,982,7e172cc101dd362b3f5727125fa00d5c573092027ad59ec0b1f755f5e3d6d3bf,6c158e840da604330c60183b3f24f44e09c733a34195892340cc455702d674a1,7466b9e92ac09f6a5dd82cc928ebe1ea46d0e74c59f0dd6f937918d132a94618
D-subtree,subtree-982,2,auxiliary subtree case,True,validation/stage1-20261004-0100/subtree.jsonl,983,7e172cc101dd362b3f5727125fa00d5c573092027ad59ec0b1f755f5e3d6d3bf,85e260a5fbee6c846995b78113f006b810ecdf288e623610d8a98b56a6bf43eb,7466b9e92ac09f6a5dd82cc928ebe1ea46d0e74c59f0dd6f937918d132a94618
D-subtree,subtree-983,3,auxiliary subtree case,True,validation/stage1-20261004-0100/subtree.jsonl,984,7e172cc101dd362b3f5727125fa00d5c573092027ad59ec0b1f755f5e3d6d3bf,ba70042f287f6aafcd9b2327fbec08cf373dae0b4c7be99cd92d6f20134f12f6,7466b9e92ac09f6a5dd82cc928ebe1ea46d0e74c59f0dd6f937918d132a94618
D-subtree,subtree-984,101,auxiliary subtree case,True,validation/stage1-20261004-0100/subtree.jsonl,985,7e172cc101dd362b3f5727125fa00d5c573092027ad59ec0b1f755f5e3d6d3bf,b0f1586085535d7dca1f300a01f4f005a0a0d2e9268352c78dc3de73fc447846,7466b9e92ac09f6a5dd82cc928ebe1ea46d0e74c59f0dd6f937918d132a94618
D-subtree,subtree-985,102,auxiliary subtree case,True,validation/stage1-20261004-0100/subtree.jsonl,986,7e172cc101dd362b3f5727125fa00d5c573092027ad59ec0b1f755f5e3d6d3bf,0f6d6b6c6a5b21ac2b961fb7797c1cc95adbe841292f745029e575cb307943eb,7466b9e92ac09f6a5dd82cc928ebe1ea46d0e74c59f0dd6f937918d132a94618
D-subtree,subtree-986,103,auxiliary subtree case,True,validation/stage1-20261004-0100/subtree.jsonl,987,7e172cc101dd362b3f5727125fa00d5c573092027ad59ec0b1f755f5e3d6d3bf,8f7ec89496922ff26990afc471403b561e2d3ddbf2e94e798c23c1970c24cf0c,7466b9e92ac09f6a5dd82cc928ebe1ea46d0e74c59f0dd6f937918d132a94618
D-subtree,subtree-987,201,auxiliary subtree case,True,validation/stage1-20261004-0100/subtree.jsonl,988,7e172cc101dd362b3f5727125fa00d5c573092027ad59ec0b1f755f5e3d6d3bf,2c465df11d4046b15f89b0d56221db758489ab3e82b64987050135f000518477,7466b9e92ac09f6a5dd82cc928ebe1ea46d0e74c59f0dd6f937918d132a94618
D-subtree,subtree-988,1,auxiliary subtree case,True,validation/stage1-20261004-0100/subtree.jsonl,989,7e172cc101dd362b3f5727125fa00d5c573092027ad59ec0b1f755f5e3d6d3bf,45bdd9efbe6fbf15968026b18009eac53eb681d386010fb7486b9b92fecf48f1,7466b9e92ac09f6a5dd82cc928ebe1ea46d0e74c59f0dd6f937918d132a94618
D-subtree,subtree-989,2,auxiliary subtree case,True,validation/stage1-20261004-0100/subtree.jsonl,990,7e172cc101dd362b3f5727125fa00d5c573092027ad59ec0b1f755f5e3d6d3bf,d183ae4bedc3c04a2ce10c3d1d13cf553196ea457c24bd899a29ed44e29e5f94,7466b9e92ac09f6a5dd82cc928ebe1ea46d0e74c59f0dd6f937918d132a94618
D-subtree,subtree-990,3,auxiliary subtree case,True,validation/stage1-20261004-0100/subtree.jsonl,991,7e172cc101dd362b3f5727125fa00d5c573092027ad59ec0b1f755f5e3d6d3bf,e79130627fe6c28291e4db5bf95efdd4694d5737e4a35fb43771e1717053411c,7466b9e92ac09f6a5dd82cc928ebe1ea46d0e74c59f0dd6f937918d132a94618
D-subtree,subtree-991,101,auxiliary subtree case,True,validation/stage1-20261004-0100/subtree.jsonl,992,7e172cc101dd362b3f5727125fa00d5c573092027ad59ec0b1f755f5e3d6d3bf,ebbc6b5ae7dd56f5517dc8ff1015b4eaf5f45f9cf31d09423edc9e77dc4e20c7,7466b9e92ac09f6a5dd82cc928ebe1ea46d0e74c59f0dd6f937918d132a94618
D-subtree,subtree-992,102,auxiliary subtree case,True,validation/stage1-20261004-0100/subtree.jsonl,993,7e172cc101dd362b3f5727125fa00d5c573092027ad59ec0b1f755f5e3d6d3bf,774163ca54fd5a47dab7b9b782556d8818b2bda0893c233dcbdf59e65c963903,7466b9e92ac09f6a5dd82cc928ebe1ea46d0e74c59f0dd6f937918d132a94618
D-subtree,subtree-993,103,auxiliary subtree case,True,validation/stage1-20261004-0100/subtree.jsonl,994,7e172cc101dd362b3f5727125fa00d5c573092027ad59ec0b1f755f5e3d6d3bf,dd7acd6541b4abbe50fa5c257b3ede9434856b1e7d5d7b8fe37b745dd5f9be91,7466b9e92ac09f6a5dd82cc928ebe1ea46d0e74c59f0dd6f937918d132a94618
D-subtree,subtree-994,201,auxiliary subtree case,True,validation/stage1-20261004-0100/subtree.jsonl,995,7e172cc101dd362b3f5727125fa00d5c573092027ad59ec0b1f755f5e3d6d3bf,46819df0d26483bf80549b1b192d141e9cdbebd41129fdff567e207446f31895,7466b9e92ac09f6a5dd82cc928ebe1ea46d0e74c59f0dd6f937918d132a94618
D-subtree,subtree-995,1,auxiliary subtree case,True,validation/stage1-20261004-0100/subtree.jsonl,996,7e172cc101dd362b3f5727125fa00d5c573092027ad59ec0b1f755f5e3d6d3bf,dca16f99531f7db3826fe2dd2809d126893d53211198b5728016e9a1bab1de36,7466b9e92ac09f6a5dd82cc928ebe1ea46d0e74c59f0dd6f937918d132a94618
D-subtree,subtree-996,2,auxiliary subtree case,True,validation/stage1-20261004-0100/subtree.jsonl,997,7e172cc101dd362b3f5727125fa00d5c573092027ad59ec0b1f755f5e3d6d3bf,f7d0e020e910d39fad77920fac32356abf18f74509767e7fdaae49a8ab75ac8e,7466b9e92ac09f6a5dd82cc928ebe1ea46d0e74c59f0dd6f937918d132a94618
D-subtree,subtree-997,3,auxiliary subtree case,True,validation/stage1-20261004-0100/subtree.jsonl,998,7e172cc101dd362b3f5727125fa00d5c573092027ad59ec0b1f755f5e3d6d3bf,c1ee6711439fc1aa889c7cb8b839bb81840de26f8e001724f7c6d6e8c7076aa4,7466b9e92ac09f6a5dd82cc928ebe1ea46d0e74c59f0dd6f937918d132a94618
D-subtree,subtree-998,101,auxiliary subtree case,True,validation/stage1-20261004-0100/subtree.jsonl,999,7e172cc101dd362b3f5727125fa00d5c573092027ad59ec0b1f755f5e3d6d3bf,1071dd07dbeca1b1b1421e75275005f378a99e9fad9f796e13c3e78ae1e4f24a,7466b9e92ac09f6a5dd82cc928ebe1ea46d0e74c59f0dd6f937918d132a94618
D-subtree,subtree-999,102,auxiliary subtree case,True,validation/stage1-20261004-0100/subtree.jsonl,1000,7e172cc101dd362b3f5727125fa00d5c573092027ad59ec0b1f755f5e3d6d3bf,556a0b573e34c678a864f9e13c3304cd114786997e9b3fa05c6c4ae2b26f85f4,7466b9e92ac09f6a5dd82cc928ebe1ea46d0e74c59f0dd6f937918d132a94618
