case_id,pid,operation,threads,message_encoding,cache_t,field,predicted,observed,matches,source,source_line,source_sha256,input_sha256,counter_build_sha256
counter-build-probe,201,subtree,1,,,compress,3,3,True,validation/stage1-20261004-0100/exact-counts.jsonl,1,db6e998d9b222d86e512c19a5819bb666e827c721d756b5702ba5a04d24f613f,df97cc597e41154c9a695ffc7608e5f572997c51ffd0e08c605ddc098b688582,8a69d882741c9042875045579f06172e194eedd707668175ecbe6420d5aea72c
counter-build-probe,201,subtree,1,,,f,1,1,True,validation/stage1-20261004-0100/exact-counts.jsonl,1,db6e998d9b222d86e512c19a5819bb666e827c721d756b5702ba5a04d24f613f,df97cc597e41154c9a695ffc7608e5f572997c51ffd0e08c605ddc098b688582,8a69d882741c9042875045579f06172e194eedd707668175ecbe6420d5aea72c
counter-build-probe,201,subtree,1,,,h,0,0,True,validation/stage1-20261004-0100/exact-counts.jsonl,1,db6e998d9b222d86e512c19a5819bb666e827c721d756b5702ba5a04d24f613f,df97cc597e41154c9a695ffc7608e5f572997c51ffd0e08c605ddc098b688582,8a69d882741c9042875045579f06172e194eedd707668175ecbe6420d5aea72c
counter-build-probe,201,subtree,1,,,h_msg,0,0,True,validation/stage1-20261004-0100/exact-counts.jsonl,1,db6e998d9b222d86e512c19a5819bb666e827c721d756b5702ba5a04d24f613f,df97cc597e41154c9a695ffc7608e5f572997c51ffd0e08c605ddc098b688582,8a69d882741c9042875045579f06172e194eedd707668175ecbe6420d5aea72c
counter-build-probe,201,subtree,1,,,prf,1,1,True,validation/stage1-20261004-0100/exact-counts.jsonl,1,db6e998d9b222d86e512c19a5819bb666e827c721d756b5702ba5a04d24f613f,df97cc597e41154c9a695ffc7608e5f572997c51ffd0e08c605ddc098b688582,8a69d882741c9042875045579f06172e194eedd707668175ecbe6420d5aea72c
counter-build-probe,201,subtree,1,,,prf_msg,0,0,True,validation/stage1-20261004-0100/exact-counts.jsonl,1,db6e998d9b222d86e512c19a5819bb666e827c721d756b5702ba5a04d24f613f,df97cc597e41154c9a695ffc7608e5f572997c51ffd0e08c605ddc098b688582,8a69d882741c9042875045579f06172e194eedd707668175ecbe6420d5aea72c
counter-build-probe,201,subtree,1,,,t,0,0,True,validation/stage1-20261004-0100/exact-counts.jsonl,1,db6e998d9b222d86e512c19a5819bb666e827c721d756b5702ba5a04d24f613f,df97cc597e41154c9a695ffc7608e5f572997c51ffd0e08c605ddc098b688582,8a69d882741c9042875045579f06172e194eedd707668175ecbe6420d5aea72c
pid201/key0/keygen/t1,201,keygen,1,,,compress,297984,297984,True,validation/stage1-20261004-0100/exact-counts.jsonl,2,db6e998d9b222d86e512c19a5819bb666e827c721d756b5702ba5a04d24f613f,edcd055bec12e0dea2cee8591cd6799660408c7eaec7ccf453c7c0be1c55503a,8a69d882741c9042875045579f06172e194eedd707668175ecbe6420d5aea72c
pid201/key0/keygen/t1,201,keygen,1,,,f,208896,208896,True,validation/stage1-20261004-0100/exact-counts.jsonl,2,db6e998d9b222d86e512c19a5819bb666e827c721d756b5702ba5a04d24f613f,edcd055bec12e0dea2cee8591cd6799660408c7eaec7ccf453c7c0be1c55503a,8a69d882741c9042875045579f06172e194eedd707668175ecbe6420d5aea72c
pid201/key0/keygen/t1,201,keygen,1,,,h,1023,1023,True,validation/stage1-20261004-0100/exact-counts.jsonl,2,db6e998d9b222d86e512c19a5819bb666e827c721d756b5702ba5a04d24f613f,edcd055bec12e0dea2cee8591cd6799660408c7eaec7ccf453c7c0be1c55503a,8a69d882741c9042875045579f06172e194eedd707668175ecbe6420d5aea72c
pid201/key0/keygen/t1,201,keygen,1,,,h_msg,0,0,True,validation/stage1-20261004-0100/exact-counts.jsonl,2,db6e998d9b222d86e512c19a5819bb666e827c721d756b5702ba5a04d24f613f,edcd055bec12e0dea2cee8591cd6799660408c7eaec7ccf453c7c0be1c55503a,8a69d882741c9042875045579f06172e194eedd707668175ecbe6420d5aea72c
pid201/key0/keygen/t1,201,keygen,1,,,prf,69632,69632,True,validation/stage1-20261004-0100/exact-counts.jsonl,2,db6e998d9b222d86e512c19a5819bb666e827c721d756b5702ba5a04d24f613f,edcd055bec12e0dea2cee8591cd6799660408c7eaec7ccf453c7c0be1c55503a,8a69d882741c9042875045579f06172e194eedd707668175ecbe6420d5aea72c
pid201/key0/keygen/t1,201,keygen,1,,,prf_msg,0,0,True,validation/stage1-20261004-0100/exact-counts.jsonl,2,db6e998d9b222d86e512c19a5819bb666e827c721d756b5702ba5a04d24f613f,edcd055bec12e0dea2cee8591cd6799660408c7eaec7ccf453c7c0be1c55503a,8a69d882741c9042875045579f06172e194eedd707668175ecbe6420d5aea72c
pid201/key0/keygen/t1,201,keygen,1,,,t,1024,1024,True,validation/stage1-20261004-0100/exact-counts.jsonl,2,db6e998d9b222d86e512c19a5819bb666e827c721d756b5702ba5a04d24f613f,edcd055bec12e0dea2cee8591cd6799660408c7eaec7ccf453c7c0be1c55503a,8a69d882741c9042875045579f06172e194eedd707668175ecbe6420d5aea72c
pid201/key0/keygen/t4,201,keygen,4,,,compress,297984,297984,True,validation/stage1-20261004-0100/exact-counts.jsonl,3,db6e998d9b222d86e512c19a5819bb666e827c721d756b5702ba5a04d24f613f,edcd055bec12e0dea2cee8591cd6799660408c7eaec7ccf453c7c0be1c55503a,8a69d882741c9042875045579f06172e194eedd707668175ecbe6420d5aea72c
pid201/key0/keygen/t4,201,keygen,4,,,f,208896,208896,True,validation/stage1-20261004-0100/exact-counts.jsonl,3,db6e998d9b222d86e512c19a5819bb666e827c721d756b5702ba5a04d24f613f,edcd055bec12e0dea2cee8591cd6799660408c7eaec7ccf453c7c0be1c55503a,8a69d882741c9042875045579f06172e194eedd707668175ecbe6420d5aea72c
pid201/key0/keygen/t4,201,keygen,4,,,h,1023,1023,True,validation/stage1-20261004-0100/exact-counts.jsonl,3,db6e998d9b222d86e512c19a5819bb666e827c721d756b5702ba5a04d24f613f,edcd055bec12e0dea2cee8591cd6799660408c7eaec7ccf453c7c0be1c55503a,8a69d882741c9042875045579f06172e194eedd707668175ecbe6420d5aea72c
pid201/key0/keygen/t4,201,keygen,4,,,h_msg,0,0,True,validation/stage1-20261004-0100/exact-counts.jsonl,3,db6e998d9b222d86e512c19a5819bb666e827c721d756b5702ba5a04d24f613f,edcd055bec12e0dea2cee8591cd6799660408c7eaec7ccf453c7c0be1c55503a,8a69d882741c9042875045579f06172e194eedd707668175ecbe6420d5aea72c
pid201/key0/keygen/t4,201,keygen,4,,,prf,69632,69632,True,validation/stage1-20261004-0100/exact-counts.jsonl,3,db6e998d9b222d86e512c19a5819bb666e827c721d756b5702ba5a04d24f613f,edcd055bec12e0dea2cee8591cd6799660408c7eaec7ccf453c7c0be1c55503a,8a69d882741c9042875045579f06172e194eedd707668175ecbe6420d5aea72c
pid201/key0/keygen/t4,201,keygen,4,,,prf_msg,0,0,True,validation/stage1-20261004-0100/exact-counts.jsonl,3,db6e998d9b222d86e512c19a5819bb666e827c721d756b5702ba5a04d24f613f,edcd055bec12e0dea2cee8591cd6799660408c7eaec7ccf453c7c0be1c55503a,8a69d882741c9042875045579f06172e194eedd707668175ecbe6420d5aea72c
pid201/key0/keygen/t4,201,keygen,4,,,t,1024,1024,True,validation/stage1-20261004-0100/exact-counts.jsonl,3,db6e998d9b222d86e512c19a5819bb666e827c721d756b5702ba5a04d24f613f,edcd055bec12e0dea2cee8591cd6799660408c7eaec7ccf453c7c0be1c55503a,8a69d882741c9042875045579f06172e194eedd707668175ecbe6420d5aea72c
toy/subtree/fors/z0/auth0/t1,201,subtree,1,,,compress,3,3,True,validation/stage1-20261004-0100/exact-counts.jsonl,4,db6e998d9b222d86e512c19a5819bb666e827c721d756b5702ba5a04d24f613f,0e497b765609539f26cd9bca94e800f1aa5a6f23c35e073231f42d84e25f5f07,8a69d882741c9042875045579f06172e194eedd707668175ecbe6420d5aea72c
toy/subtree/fors/z0/auth0/t1,201,subtree,1,,,f,1,1,True,validation/stage1-20261004-0100/exact-counts.jsonl,4,db6e998d9b222d86e512c19a5819bb666e827c721d756b5702ba5a04d24f613f,0e497b765609539f26cd9bca94e800f1aa5a6f23c35e073231f42d84e25f5f07,8a69d882741c9042875045579f06172e194eedd707668175ecbe6420d5aea72c
toy/subtree/fors/z0/auth0/t1,201,subtree,1,,,h,0,0,True,validation/stage1-20261004-0100/exact-counts.jsonl,4,db6e998d9b222d86e512c19a5819bb666e827c721d756b5702ba5a04d24f613f,0e497b765609539f26cd9bca94e800f1aa5a6f23c35e073231f42d84e25f5f07,8a69d882741c9042875045579f06172e194eedd707668175ecbe6420d5aea72c
toy/subtree/fors/z0/auth0/t1,201,subtree,1,,,h_msg,0,0,True,validation/stage1-20261004-0100/exact-counts.jsonl,4,db6e998d9b222d86e512c19a5819bb666e827c721d756b5702ba5a04d24f613f,0e497b765609539f26cd9bca94e800f1aa5a6f23c35e073231f42d84e25f5f07,8a69d882741c9042875045579f06172e194eedd707668175ecbe6420d5aea72c
toy/subtree/fors/z0/auth0/t1,201,subtree,1,,,prf,1,1,True,validation/stage1-20261004-0100/exact-counts.jsonl,4,db6e998d9b222d86e512c19a5819bb666e827c721d756b5702ba5a04d24f613f,0e497b765609539f26cd9bca94e800f1aa5a6f23c35e073231f42d84e25f5f07,8a69d882741c9042875045579f06172e194eedd707668175ecbe6420d5aea72c
toy/subtree/fors/z0/auth0/t1,201,subtree,1,,,prf_msg,0,0,True,validation/stage1-20261004-0100/exact-counts.jsonl,4,db6e998d9b222d86e512c19a5819bb666e827c721d756b5702ba5a04d24f613f,0e497b765609539f26cd9bca94e800f1aa5a6f23c35e073231f42d84e25f5f07,8a69d882741c9042875045579f06172e194eedd707668175ecbe6420d5aea72c
toy/subtree/fors/z0/auth0/t1,201,subtree,1,,,t,0,0,True,validation/stage1-20261004-0100/exact-counts.jsonl,4,db6e998d9b222d86e512c19a5819bb666e827c721d756b5702ba5a04d24f613f,0e497b765609539f26cd9bca94e800f1aa5a6f23c35e073231f42d84e25f5f07,8a69d882741c9042875045579f06172e194eedd707668175ecbe6420d5aea72c
toy/subtree/fors/z0/auth1/t1,201,subtree,1,,,compress,3,3,True,validation/stage1-20261004-0100/exact-counts.jsonl,5,db6e998d9b222d86e512c19a5819bb666e827c721d756b5702ba5a04d24f613f,0de2e0d3ab098b6cb53b5bfa7eeaf9beb16c3611fd93f311a00b1e55061d68b4,8a69d882741c9042875045579f06172e194eedd707668175ecbe6420d5aea72c
toy/subtree/fors/z0/auth1/t1,201,subtree,1,,,f,1,1,True,validation/stage1-20261004-0100/exact-counts.jsonl,5,db6e998d9b222d86e512c19a5819bb666e827c721d756b5702ba5a04d24f613f,0de2e0d3ab098b6cb53b5bfa7eeaf9beb16c3611fd93f311a00b1e55061d68b4,8a69d882741c9042875045579f06172e194eedd707668175ecbe6420d5aea72c
toy/subtree/fors/z0/auth1/t1,201,subtree,1,,,h,0,0,True,validation/stage1-20261004-0100/exact-counts.jsonl,5,db6e998d9b222d86e512c19a5819bb666e827c721d756b5702ba5a04d24f613f,0de2e0d3ab098b6cb53b5bfa7eeaf9beb16c3611fd93f311a00b1e55061d68b4,8a69d882741c9042875045579f06172e194eedd707668175ecbe6420d5aea72c
toy/subtree/fors/z0/auth1/t1,201,subtree,1,,,h_msg,0,0,True,validation/stage1-20261004-0100/exact-counts.jsonl,5,db6e998d9b222d86e512c19a5819bb666e827c721d756b5702ba5a04d24f613f,0de2e0d3ab098b6cb53b5bfa7eeaf9beb16c3611fd93f311a00b1e55061d68b4,8a69d882741c9042875045579f06172e194eedd707668175ecbe6420d5aea72c
toy/subtree/fors/z0/auth1/t1,201,subtree,1,,,prf,1,1,True,validation/stage1-20261004-0100/exact-counts.jsonl,5,db6e998d9b222d86e512c19a5819bb666e827c721d756b5702ba5a04d24f613f,0de2e0d3ab098b6cb53b5bfa7eeaf9beb16c3611fd93f311a00b1e55061d68b4,8a69d882741c9042875045579f06172e194eedd707668175ecbe6420d5aea72c
toy/subtree/fors/z0/auth1/t1,201,subtree,1,,,prf_msg,0,0,True,validation/stage1-20261004-0100/exact-counts.jsonl,5,db6e998d9b222d86e512c19a5819bb666e827c721d756b5702ba5a04d24f613f,0de2e0d3ab098b6cb53b5bfa7eeaf9beb16c3611fd93f311a00b1e55061d68b4,8a69d882741c9042875045579f06172e194eedd707668175ecbe6420d5aea72c
toy/subtree/fors/z0/auth1/t1,201,subtree,1,,,t,0,0,True,validation/stage1-20261004-0100/exact-counts.jsonl,5,db6e998d9b222d86e512c19a5819bb666e827c721d756b5702ba5a04d24f613f,0de2e0d3ab098b6cb53b5bfa7eeaf9beb16c3611fd93f311a00b1e55061d68b4,8a69d882741c9042875045579f06172e194eedd707668175ecbe6420d5aea72c
toy/subtree/fors/z4/auth0/t1,201,subtree,1,,,compress,48,48,True,validation/stage1-20261004-0100/exact-counts.jsonl,6,db6e998d9b222d86e512c19a5819bb666e827c721d756b5702ba5a04d24f613f,a699f3c24f0447d48e389e6a6bd1c4de82362d8f40a690da87396237ee31d0e0,8a69d882741c9042875045579f06172e194eedd707668175ecbe6420d5aea72c
toy/subtree/fors/z4/auth0/t1,201,subtree,1,,,f,16,16,True,validation/stage1-20261004-0100/exact-counts.jsonl,6,db6e998d9b222d86e512c19a5819bb666e827c721d756b5702ba5a04d24f613f,a699f3c24f0447d48e389e6a6bd1c4de82362d8f40a690da87396237ee31d0e0,8a69d882741c9042875045579f06172e194eedd707668175ecbe6420d5aea72c
toy/subtree/fors/z4/auth0/t1,201,subtree,1,,,h,15,15,True,validation/stage1-20261004-0100/exact-counts.jsonl,6,db6e998d9b222d86e512c19a5819bb666e827c721d756b5702ba5a04d24f613f,a699f3c24f0447d48e389e6a6bd1c4de82362d8f40a690da87396237ee31d0e0,8a69d882741c9042875045579f06172e194eedd707668175ecbe6420d5aea72c
toy/subtree/fors/z4/auth0/t1,201,subtree,1,,,h_msg,0,0,True,validation/stage1-20261004-0100/exact-counts.jsonl,6,db6e998d9b222d86e512c19a5819bb666e827c721d756b5702ba5a04d24f613f,a699f3c24f0447d48e389e6a6bd1c4de82362d8f40a690da87396237ee31d0e0,8a69d882741c9042875045579f06172e194eedd707668175ecbe6420d5aea72c
toy/subtree/fors/z4/auth0/t1,201,subtree,1,,,prf,16,16,True,validation/stage1-20261004-0100/exact-counts.jsonl,6,db6e998d9b222d86e512c19a5819bb666e827c721d756b5702ba5a04d24f613f,a699f3c24f0447d48e389e6a6bd1c4de82362d8f40a690da87396237ee31d0e0,8a69d882741c9042875045579f06172e194eedd707668175ecbe6420d5aea72c
toy/subtree/fors/z4/auth0/t1,201,subtree,1,,,prf_msg,0,0,True,validation/stage1-20261004-0100/exact-counts.jsonl,6,db6e998d9b222d86e512c19a5819bb666e827c721d756b5702ba5a04d24f613f,a699f3c24f0447d48e389e6a6bd1c4de82362d8f40a690da87396237ee31d0e0,8a69d882741c9042875045579f06172e194eedd707668175ecbe6420d5aea72c
toy/subtree/fors/z4/auth0/t1,201,subtree,1,,,t,0,0,True,validation/stage1-20261004-0100/exact-counts.jsonl,6,db6e998d9b222d86e512c19a5819bb666e827c721d756b5702ba5a04d24f613f,a699f3c24f0447d48e389e6a6bd1c4de82362d8f40a690da87396237ee31d0e0,8a69d882741c9042875045579f06172e194eedd707668175ecbe6420d5aea72c
toy/subtree/fors/z4/auth1/t1,201,subtree,1,,,compress,48,48,True,validation/stage1-20261004-0100/exact-counts.jsonl,7,db6e998d9b222d86e512c19a5819bb666e827c721d756b5702ba5a04d24f613f,f87279a8f3da7b1290353640f340235e84c890821f8ce8a6d181b11681425734,8a69d882741c9042875045579f06172e194eedd707668175ecbe6420d5aea72c
toy/subtree/fors/z4/auth1/t1,201,subtree,1,,,f,16,16,True,validation/stage1-20261004-0100/exact-counts.jsonl,7,db6e998d9b222d86e512c19a5819bb666e827c721d756b5702ba5a04d24f613f,f87279a8f3da7b1290353640f340235e84c890821f8ce8a6d181b11681425734,8a69d882741c9042875045579f06172e194eedd707668175ecbe6420d5aea72c
toy/subtree/fors/z4/auth1/t1,201,subtree,1,,,h,15,15,True,validation/stage1-20261004-0100/exact-counts.jsonl,7,db6e998d9b222d86e512c19a5819bb666e827c721d756b5702ba5a04d24f613f,f87279a8f3da7b1290353640f340235e84c890821f8ce8a6d181b11681425734,8a69d882741c9042875045579f06172e194eedd707668175ecbe6420d5aea72c
toy/subtree/fors/z4/auth1/t1,201,subtree,1,,,h_msg,0,0,True,validation/stage1-20261004-0100/exact-counts.jsonl,7,db6e998d9b222d86e512c19a5819bb666e827c721d756b5702ba5a04d24f613f,f87279a8f3da7b1290353640f340235e84c890821f8ce8a6d181b11681425734,8a69d882741c9042875045579f06172e194eedd707668175ecbe6420d5aea72c
toy/subtree/fors/z4/auth1/t1,201,subtree,1,,,prf,16,16,True,validation/stage1-20261004-0100/exact-counts.jsonl,7,db6e998d9b222d86e512c19a5819bb666e827c721d756b5702ba5a04d24f613f,f87279a8f3da7b1290353640f340235e84c890821f8ce8a6d181b11681425734,8a69d882741c9042875045579f06172e194eedd707668175ecbe6420d5aea72c
toy/subtree/fors/z4/auth1/t1,201,subtree,1,,,prf_msg,0,0,True,validation/stage1-20261004-0100/exact-counts.jsonl,7,db6e998d9b222d86e512c19a5819bb666e827c721d756b5702ba5a04d24f613f,f87279a8f3da7b1290353640f340235e84c890821f8ce8a6d181b11681425734,8a69d882741c9042875045579f06172e194eedd707668175ecbe6420d5aea72c
toy/subtree/fors/z4/auth1/t1,201,subtree,1,,,t,0,0,True,validation/stage1-20261004-0100/exact-counts.jsonl,7,db6e998d9b222d86e512c19a5819bb666e827c721d756b5702ba5a04d24f613f,f87279a8f3da7b1290353640f340235e84c890821f8ce8a6d181b11681425734,8a69d882741c9042875045579f06172e194eedd707668175ecbe6420d5aea72c
toy/subtree/fors/z5/auth0/t1,201,subtree,1,,,compress,96,96,True,validation/stage1-20261004-0100/exact-counts.jsonl,8,db6e998d9b222d86e512c19a5819bb666e827c721d756b5702ba5a04d24f613f,2db8aaa4dec702fc76329a1b476ccbc076d5693c80a458e337f86607d7ba2a80,8a69d882741c9042875045579f06172e194eedd707668175ecbe6420d5aea72c
toy/subtree/fors/z5/auth0/t1,201,subtree,1,,,f,32,32,True,validation/stage1-20261004-0100/exact-counts.jsonl,8,db6e998d9b222d86e512c19a5819bb666e827c721d756b5702ba5a04d24f613f,2db8aaa4dec702fc76329a1b476ccbc076d5693c80a458e337f86607d7ba2a80,8a69d882741c9042875045579f06172e194eedd707668175ecbe6420d5aea72c
toy/subtree/fors/z5/auth0/t1,201,subtree,1,,,h,31,31,True,validation/stage1-20261004-0100/exact-counts.jsonl,8,db6e998d9b222d86e512c19a5819bb666e827c721d756b5702ba5a04d24f613f,2db8aaa4dec702fc76329a1b476ccbc076d5693c80a458e337f86607d7ba2a80,8a69d882741c9042875045579f06172e194eedd707668175ecbe6420d5aea72c
toy/subtree/fors/z5/auth0/t1,201,subtree,1,,,h_msg,0,0,True,validation/stage1-20261004-0100/exact-counts.jsonl,8,db6e998d9b222d86e512c19a5819bb666e827c721d756b5702ba5a04d24f613f,2db8aaa4dec702fc76329a1b476ccbc076d5693c80a458e337f86607d7ba2a80,8a69d882741c9042875045579f06172e194eedd707668175ecbe6420d5aea72c
toy/subtree/fors/z5/auth0/t1,201,subtree,1,,,prf,32,32,True,validation/stage1-20261004-0100/exact-counts.jsonl,8,db6e998d9b222d86e512c19a5819bb666e827c721d756b5702ba5a04d24f613f,2db8aaa4dec702fc76329a1b476ccbc076d5693c80a458e337f86607d7ba2a80,8a69d882741c9042875045579f06172e194eedd707668175ecbe6420d5aea72c
toy/subtree/fors/z5/auth0/t1,201,subtree,1,,,prf_msg,0,0,True,validation/stage1-20261004-0100/exact-counts.jsonl,8,db6e998d9b222d86e512c19a5819bb666e827c721d756b5702ba5a04d24f613f,2db8aaa4dec702fc76329a1b476ccbc076d5693c80a458e337f86607d7ba2a80,8a69d882741c9042875045579f06172e194eedd707668175ecbe6420d5aea72c
toy/subtree/fors/z5/auth0/t1,201,subtree,1,,,t,0,0,True,validation/stage1-20261004-0100/exact-counts.jsonl,8,db6e998d9b222d86e512c19a5819bb666e827c721d756b5702ba5a04d24f613f,2db8aaa4dec702fc76329a1b476ccbc076d5693c80a458e337f86607d7ba2a80,8a69d882741c9042875045579f06172e194eedd707668175ecbe6420d5aea72c
toy/subtree/fors/z5/auth1/t1,201,subtree,1,,,compress,96,96,True,validation/stage1-20261004-0100/exact-counts.jsonl,9,db6e998d9b222d86e512c19a5819bb666e827c721d756b5702ba5a04d24f613f,501abdd20f7d6a7879429dabb30767c641a823fba3690a69612ed6392c249ecc,8a69d882741c9042875045579f06172e194eedd707668175ecbe6420d5aea72c
toy/subtree/fors/z5/auth1/t1,201,subtree,1,,,f,32,32,True,validation/stage1-20261004-0100/exact-counts.jsonl,9,db6e998d9b222d86e512c19a5819bb666e827c721d756b5702ba5a04d24f613f,501abdd20f7d6a7879429dabb30767c641a823fba3690a69612ed6392c249ecc,8a69d882741c9042875045579f06172e194eedd707668175ecbe6420d5aea72c
toy/subtree/fors/z5/auth1/t1,201,subtree,1,,,h,31,31,True,validation/stage1-20261004-0100/exact-counts.jsonl,9,db6e998d9b222d86e512c19a5819bb666e827c721d756b5702ba5a04d24f613f,501abdd20f7d6a7879429dabb30767c641a823fba3690a69612ed6392c249ecc,8a69d882741c9042875045579f06172e194eedd707668175ecbe6420d5aea72c
toy/subtree/fors/z5/auth1/t1,201,subtree,1,,,h_msg,0,0,True,validation/stage1-20261004-0100/exact-counts.jsonl,9,db6e998d9b222d86e512c19a5819bb666e827c721d756b5702ba5a04d24f613f,501abdd20f7d6a7879429dabb30767c641a823fba3690a69612ed6392c249ecc,8a69d882741c9042875045579f06172e194eedd707668175ecbe6420d5aea72c
toy/subtree/fors/z5/auth1/t1,201,subtree,1,,,prf,32,32,True,validation/stage1-20261004-0100/exact-counts.jsonl,9,db6e998d9b222d86e512c19a5819bb666e827c721d756b5702ba5a04d24f613f,501abdd20f7d6a7879429dabb30767c641a823fba3690a69612ed6392c249ecc,8a69d882741c9042875045579f06172e194eedd707668175ecbe6420d5aea72c
toy/subtree/fors/z5/auth1/t1,201,subtree,1,,,prf_msg,0,0,True,validation/stage1-20261004-0100/exact-counts.jsonl,9,db6e998d9b222d86e512c19a5819bb666e827c721d756b5702ba5a04d24f613f,501abdd20f7d6a7879429dabb30767c641a823fba3690a69612ed6392c249ecc,8a69d882741c9042875045579f06172e194eedd707668175ecbe6420d5aea72c
toy/subtree/fors/z5/auth1/t1,201,subtree,1,,,t,0,0,True,validation/stage1-20261004-0100/exact-counts.jsonl,9,db6e998d9b222d86e512c19a5819bb666e827c721d756b5702ba5a04d24f613f,501abdd20f7d6a7879429dabb30767c641a823fba3690a69612ed6392c249ecc,8a69d882741c9042875045579f06172e194eedd707668175ecbe6420d5aea72c
toy/subtree/fors/z10/auth0/t1,201,subtree,1,,,compress,3072,3072,True,validation/stage1-20261004-0100/exact-counts.jsonl,10,db6e998d9b222d86e512c19a5819bb666e827c721d756b5702ba5a04d24f613f,4bd89f8cc604522476c9a641d80c4c0eda42766a8a35feae8b1c437537fac913,8a69d882741c9042875045579f06172e194eedd707668175ecbe6420d5aea72c
toy/subtree/fors/z10/auth0/t1,201,subtree,1,,,f,1024,1024,True,validation/stage1-20261004-0100/exact-counts.jsonl,10,db6e998d9b222d86e512c19a5819bb666e827c721d756b5702ba5a04d24f613f,4bd89f8cc604522476c9a641d80c4c0eda42766a8a35feae8b1c437537fac913,8a69d882741c9042875045579f06172e194eedd707668175ecbe6420d5aea72c
toy/subtree/fors/z10/auth0/t1,201,subtree,1,,,h,1023,1023,True,validation/stage1-20261004-0100/exact-counts.jsonl,10,db6e998d9b222d86e512c19a5819bb666e827c721d756b5702ba5a04d24f613f,4bd89f8cc604522476c9a641d80c4c0eda42766a8a35feae8b1c437537fac913,8a69d882741c9042875045579f06172e194eedd707668175ecbe6420d5aea72c
toy/subtree/fors/z10/auth0/t1,201,subtree,1,,,h_msg,0,0,True,validation/stage1-20261004-0100/exact-counts.jsonl,10,db6e998d9b222d86e512c19a5819bb666e827c721d756b5702ba5a04d24f613f,4bd89f8cc604522476c9a641d80c4c0eda42766a8a35feae8b1c437537fac913,8a69d882741c9042875045579f06172e194eedd707668175ecbe6420d5aea72c
toy/subtree/fors/z10/auth0/t1,201,subtree,1,,,prf,1024,1024,True,validation/stage1-20261004-0100/exact-counts.jsonl,10,db6e998d9b222d86e512c19a5819bb666e827c721d756b5702ba5a04d24f613f,4bd89f8cc604522476c9a641d80c4c0eda42766a8a35feae8b1c437537fac913,8a69d882741c9042875045579f06172e194eedd707668175ecbe6420d5aea72c
toy/subtree/fors/z10/auth0/t1,201,subtree,1,,,prf_msg,0,0,True,validation/stage1-20261004-0100/exact-counts.jsonl,10,db6e998d9b222d86e512c19a5819bb666e827c721d756b5702ba5a04d24f613f,4bd89f8cc604522476c9a641d80c4c0eda42766a8a35feae8b1c437537fac913,8a69d882741c9042875045579f06172e194eedd707668175ecbe6420d5aea72c
toy/subtree/fors/z10/auth0/t1,201,subtree,1,,,t,0,0,True,validation/stage1-20261004-0100/exact-counts.jsonl,10,db6e998d9b222d86e512c19a5819bb666e827c721d756b5702ba5a04d24f613f,4bd89f8cc604522476c9a641d80c4c0eda42766a8a35feae8b1c437537fac913,8a69d882741c9042875045579f06172e194eedd707668175ecbe6420d5aea72c
toy/subtree/fors/z10/auth1/t1,201,subtree,1,,,compress,3072,3072,True,validation/stage1-20261004-0100/exact-counts.jsonl,11,db6e998d9b222d86e512c19a5819bb666e827c721d756b5702ba5a04d24f613f,166f6a5a2fbfd3fc2247f196b5f1ca45ff312796df67f13a14dbd3ae48177d1f,8a69d882741c9042875045579f06172e194eedd707668175ecbe6420d5aea72c
toy/subtree/fors/z10/auth1/t1,201,subtree,1,,,f,1024,1024,True,validation/stage1-20261004-0100/exact-counts.jsonl,11,db6e998d9b222d86e512c19a5819bb666e827c721d756b5702ba5a04d24f613f,166f6a5a2fbfd3fc2247f196b5f1ca45ff312796df67f13a14dbd3ae48177d1f,8a69d882741c9042875045579f06172e194eedd707668175ecbe6420d5aea72c
toy/subtree/fors/z10/auth1/t1,201,subtree,1,,,h,1023,1023,True,validation/stage1-20261004-0100/exact-counts.jsonl,11,db6e998d9b222d86e512c19a5819bb666e827c721d756b5702ba5a04d24f613f,166f6a5a2fbfd3fc2247f196b5f1ca45ff312796df67f13a14dbd3ae48177d1f,8a69d882741c9042875045579f06172e194eedd707668175ecbe6420d5aea72c
toy/subtree/fors/z10/auth1/t1,201,subtree,1,,,h_msg,0,0,True,validation/stage1-20261004-0100/exact-counts.jsonl,11,db6e998d9b222d86e512c19a5819bb666e827c721d756b5702ba5a04d24f613f,166f6a5a2fbfd3fc2247f196b5f1ca45ff312796df67f13a14dbd3ae48177d1f,8a69d882741c9042875045579f06172e194eedd707668175ecbe6420d5aea72c
toy/subtree/fors/z10/auth1/t1,201,subtree,1,,,prf,1024,1024,True,validation/stage1-20261004-0100/exact-counts.jsonl,11,db6e998d9b222d86e512c19a5819bb666e827c721d756b5702ba5a04d24f613f,166f6a5a2fbfd3fc2247f196b5f1ca45ff312796df67f13a14dbd3ae48177d1f,8a69d882741c9042875045579f06172e194eedd707668175ecbe6420d5aea72c
toy/subtree/fors/z10/auth1/t1,201,subtree,1,,,prf_msg,0,0,True,validation/stage1-20261004-0100/exact-counts.jsonl,11,db6e998d9b222d86e512c19a5819bb666e827c721d756b5702ba5a04d24f613f,166f6a5a2fbfd3fc2247f196b5f1ca45ff312796df67f13a14dbd3ae48177d1f,8a69d882741c9042875045579f06172e194eedd707668175ecbe6420d5aea72c
toy/subtree/fors/z10/auth1/t1,201,subtree,1,,,t,0,0,True,validation/stage1-20261004-0100/exact-counts.jsonl,11,db6e998d9b222d86e512c19a5819bb666e827c721d756b5702ba5a04d24f613f,166f6a5a2fbfd3fc2247f196b5f1ca45ff312796df67f13a14dbd3ae48177d1f,8a69d882741c9042875045579f06172e194eedd707668175ecbe6420d5aea72c
toy/subtree/wots/z0/auth0/t1,201,subtree,1,,,compress,291,291,True,validation/stage1-20261004-0100/exact-counts.jsonl,12,db6e998d9b222d86e512c19a5819bb666e827c721d756b5702ba5a04d24f613f,0cb03b18326304a1e1c370e73e3c3c04df3c576160fc4f5c756a559809ba201f,8a69d882741c9042875045579f06172e194eedd707668175ecbe6420d5aea72c
toy/subtree/wots/z0/auth0/t1,201,subtree,1,,,f,204,204,True,validation/stage1-20261004-0100/exact-counts.jsonl,12,db6e998d9b222d86e512c19a5819bb666e827c721d756b5702ba5a04d24f613f,0cb03b18326304a1e1c370e73e3c3c04df3c576160fc4f5c756a559809ba201f,8a69d882741c9042875045579f06172e194eedd707668175ecbe6420d5aea72c
toy/subtree/wots/z0/auth0/t1,201,subtree,1,,,h,0,0,True,validation/stage1-20261004-0100/exact-counts.jsonl,12,db6e998d9b222d86e512c19a5819bb666e827c721d756b5702ba5a04d24f613f,0cb03b18326304a1e1c370e73e3c3c04df3c576160fc4f5c756a559809ba201f,8a69d882741c9042875045579f06172e194eedd707668175ecbe6420d5aea72c
toy/subtree/wots/z0/auth0/t1,201,subtree,1,,,h_msg,0,0,True,validation/stage1-20261004-0100/exact-counts.jsonl,12,db6e998d9b222d86e512c19a5819bb666e827c721d756b5702ba5a04d24f613f,0cb03b18326304a1e1c370e73e3c3c04df3c576160fc4f5c756a559809ba201f,8a69d882741c9042875045579f06172e194eedd707668175ecbe6420d5aea72c
toy/subtree/wots/z0/auth0/t1,201,subtree,1,,,prf,68,68,True,validation/stage1-20261004-0100/exact-counts.jsonl,12,db6e998d9b222d86e512c19a5819bb666e827c721d756b5702ba5a04d24f613f,0cb03b18326304a1e1c370e73e3c3c04df3c576160fc4f5c756a559809ba201f,8a69d882741c9042875045579f06172e194eedd707668175ecbe6420d5aea72c
toy/subtree/wots/z0/auth0/t1,201,subtree,1,,,prf_msg,0,0,True,validation/stage1-20261004-0100/exact-counts.jsonl,12,db6e998d9b222d86e512c19a5819bb666e827c721d756b5702ba5a04d24f613f,0cb03b18326304a1e1c370e73e3c3c04df3c576160fc4f5c756a559809ba201f,8a69d882741c9042875045579f06172e194eedd707668175ecbe6420d5aea72c
toy/subtree/wots/z0/auth0/t1,201,subtree,1,,,t,1,1,True,validation/stage1-20261004-0100/exact-counts.jsonl,12,db6e998d9b222d86e512c19a5819bb666e827c721d756b5702ba5a04d24f613f,0cb03b18326304a1e1c370e73e3c3c04df3c576160fc4f5c756a559809ba201f,8a69d882741c9042875045579f06172e194eedd707668175ecbe6420d5aea72c
toy/subtree/wots/z0/auth1/t1,201,subtree,1,,,compress,291,291,True,validation/stage1-20261004-0100/exact-counts.jsonl,13,db6e998d9b222d86e512c19a5819bb666e827c721d756b5702ba5a04d24f613f,9aa68414e09fdb7fa049911cba7bce8aedb7f340598511d8c8f76af8b78249df,8a69d882741c9042875045579f06172e194eedd707668175ecbe6420d5aea72c
toy/subtree/wots/z0/auth1/t1,201,subtree,1,,,f,204,204,True,validation/stage1-20261004-0100/exact-counts.jsonl,13,db6e998d9b222d86e512c19a5819bb666e827c721d756b5702ba5a04d24f613f,9aa68414e09fdb7fa049911cba7bce8aedb7f340598511d8c8f76af8b78249df,8a69d882741c9042875045579f06172e194eedd707668175ecbe6420d5aea72c
toy/subtree/wots/z0/auth1/t1,201,subtree,1,,,h,0,0,True,validation/stage1-20261004-0100/exact-counts.jsonl,13,db6e998d9b222d86e512c19a5819bb666e827c721d756b5702ba5a04d24f613f,9aa68414e09fdb7fa049911cba7bce8aedb7f340598511d8c8f76af8b78249df,8a69d882741c9042875045579f06172e194eedd707668175ecbe6420d5aea72c
toy/subtree/wots/z0/auth1/t1,201,subtree,1,,,h_msg,0,0,True,validation/stage1-20261004-0100/exact-counts.jsonl,13,db6e998d9b222d86e512c19a5819bb666e827c721d756b5702ba5a04d24f613f,9aa68414e09fdb7fa049911cba7bce8aedb7f340598511d8c8f76af8b78249df,8a69d882741c9042875045579f06172e194eedd707668175ecbe6420d5aea72c
toy/subtree/wots/z0/auth1/t1,201,subtree,1,,,prf,68,68,True,validation/stage1-20261004-0100/exact-counts.jsonl,13,db6e998d9b222d86e512c19a5819bb666e827c721d756b5702ba5a04d24f613f,9aa68414e09fdb7fa049911cba7bce8aedb7f340598511d8c8f76af8b78249df,8a69d882741c9042875045579f06172e194eedd707668175ecbe6420d5aea72c
toy/subtree/wots/z0/auth1/t1,201,subtree,1,,,prf_msg,0,0,True,validation/stage1-20261004-0100/exact-counts.jsonl,13,db6e998d9b222d86e512c19a5819bb666e827c721d756b5702ba5a04d24f613f,9aa68414e09fdb7fa049911cba7bce8aedb7f340598511d8c8f76af8b78249df,8a69d882741c9042875045579f06172e194eedd707668175ecbe6420d5aea72c
toy/subtree/wots/z0/auth1/t1,201,subtree,1,,,t,1,1,True,validation/stage1-20261004-0100/exact-counts.jsonl,13,db6e998d9b222d86e512c19a5819bb666e827c721d756b5702ba5a04d24f613f,9aa68414e09fdb7fa049911cba7bce8aedb7f340598511d8c8f76af8b78249df,8a69d882741c9042875045579f06172e194eedd707668175ecbe6420d5aea72c
toy/subtree/wots/z4/auth0/t1,201,subtree,1,,,compress,4656,4656,True,validation/stage1-20261004-0100/exact-counts.jsonl,14,db6e998d9b222d86e512c19a5819bb666e827c721d756b5702ba5a04d24f613f,d86c3592e0e7bf2be724c5a2634445a7f1cefcf0ca103ed95b46143910100978,8a69d882741c9042875045579f06172e194eedd707668175ecbe6420d5aea72c
toy/subtree/wots/z4/auth0/t1,201,subtree,1,,,f,3264,3264,True,validation/stage1-20261004-0100/exact-counts.jsonl,14,db6e998d9b222d86e512c19a5819bb666e827c721d756b5702ba5a04d24f613f,d86c3592e0e7bf2be724c5a2634445a7f1cefcf0ca103ed95b46143910100978,8a69d882741c9042875045579f06172e194eedd707668175ecbe6420d5aea72c
toy/subtree/wots/z4/auth0/t1,201,subtree,1,,,h,15,15,True,validation/stage1-20261004-0100/exact-counts.jsonl,14,db6e998d9b222d86e512c19a5819bb666e827c721d756b5702ba5a04d24f613f,d86c3592e0e7bf2be724c5a2634445a7f1cefcf0ca103ed95b46143910100978,8a69d882741c9042875045579f06172e194eedd707668175ecbe6420d5aea72c
toy/subtree/wots/z4/auth0/t1,201,subtree,1,,,h_msg,0,0,True,validation/stage1-20261004-0100/exact-counts.jsonl,14,db6e998d9b222d86e512c19a5819bb666e827c721d756b5702ba5a04d24f613f,d86c3592e0e7bf2be724c5a2634445a7f1cefcf0ca103ed95b46143910100978,8a69d882741c9042875045579f06172e194eedd707668175ecbe6420d5aea72c
toy/subtree/wots/z4/auth0/t1,201,subtree,1,,,prf,1088,1088,True,validation/stage1-20261004-0100/exact-counts.jsonl,14,db6e998d9b222d86e512c19a5819bb666e827c721d756b5702ba5a04d24f613f,d86c3592e0e7bf2be724c5a2634445a7f1cefcf0ca103ed95b46143910100978,8a69d882741c9042875045579f06172e194eedd707668175ecbe6420d5aea72c
toy/subtree/wots/z4/auth0/t1,201,subtree,1,,,prf_msg,0,0,True,validation/stage1-20261004-0100/exact-counts.jsonl,14,db6e998d9b222d86e512c19a5819bb666e827c721d756b5702ba5a04d24f613f,d86c3592e0e7bf2be724c5a2634445a7f1cefcf0ca103ed95b46143910100978,8a69d882741c9042875045579f06172e194eedd707668175ecbe6420d5aea72c
toy/subtree/wots/z4/auth0/t1,201,subtree,1,,,t,16,16,True,validation/stage1-20261004-0100/exact-counts.jsonl,14,db6e998d9b222d86e512c19a5819bb666e827c721d756b5702ba5a04d24f613f,d86c3592e0e7bf2be724c5a2634445a7f1cefcf0ca103ed95b46143910100978,8a69d882741c9042875045579f06172e194eedd707668175ecbe6420d5aea72c
toy/subtree/wots/z4/auth1/t1,201,subtree,1,,,compress,4656,4656,True,validation/stage1-20261004-0100/exact-counts.jsonl,15,db6e998d9b222d86e512c19a5819bb666e827c721d756b5702ba5a04d24f613f,13ae7cf83cd7fec53d4f65f49c885f0d38bf83cc2bbb7675eb1e41ebbb4342ad,8a69d882741c9042875045579f06172e194eedd707668175ecbe6420d5aea72c
toy/subtree/wots/z4/auth1/t1,201,subtree,1,,,f,3264,3264,True,validation/stage1-20261004-0100/exact-counts.jsonl,15,db6e998d9b222d86e512c19a5819bb666e827c721d756b5702ba5a04d24f613f,13ae7cf83cd7fec53d4f65f49c885f0d38bf83cc2bbb7675eb1e41ebbb4342ad,8a69d882741c9042875045579f06172e194eedd707668175ecbe6420d5aea72c
toy/subtree/wots/z4/auth1/t1,201,subtree,1,,,h,15,15,True,validation/stage1-20261004-0100/exact-counts.jsonl,15,db6e998d9b222d86e512c19a5819bb666e827c721d756b5702ba5a04d24f613f,13ae7cf83cd7fec53d4f65f49c885f0d38bf83cc2bbb7675eb1e41ebbb4342ad,8a69d882741c9042875045579f06172e194eedd707668175ecbe6420d5aea72c
toy/subtree/wots/z4/auth1/t1,201,subtree,1,,,h_msg,0,0,True,validation/stage1-20261004-0100/exact-counts.jsonl,15,db6e998d9b222d86e512c19a5819bb666e827c721d756b5702ba5a04d24f613f,13ae7cf83cd7fec53d4f65f49c885f0d38bf83cc2bbb7675eb1e41ebbb4342ad,8a69d882741c9042875045579f06172e194eedd707668175ecbe6420d5aea72c
toy/subtree/wots/z4/auth1/t1,201,subtree,1,,,prf,1088,1088,True,validation/stage1-20261004-0100/exact-counts.jsonl,15,db6e998d9b222d86e512c19a5819bb666e827c721d756b5702ba5a04d24f613f,13ae7cf83cd7fec53d4f65f49c885f0d38bf83cc2bbb7675eb1e41ebbb4342ad,8a69d882741c9042875045579f06172e194eedd707668175ecbe6420d5aea72c
toy/subtree/wots/z4/auth1/t1,201,subtree,1,,,prf_msg,0,0,True,validation/stage1-20261004-0100/exact-counts.jsonl,15,db6e998d9b222d86e512c19a5819bb666e827c721d756b5702ba5a04d24f613f,13ae7cf83cd7fec53d4f65f49c885f0d38bf83cc2bbb7675eb1e41ebbb4342ad,8a69d882741c9042875045579f06172e194eedd707668175ecbe6420d5aea72c
toy/subtree/wots/z4/auth1/t1,201,subtree,1,,,t,16,16,True,validation/stage1-20261004-0100/exact-counts.jsonl,15,db6e998d9b222d86e512c19a5819bb666e827c721d756b5702ba5a04d24f613f,13ae7cf83cd7fec53d4f65f49c885f0d38bf83cc2bbb7675eb1e41ebbb4342ad,8a69d882741c9042875045579f06172e194eedd707668175ecbe6420d5aea72c
toy/subtree/wots/z5/auth0/t1,201,subtree,1,,,compress,9312,9312,True,validation/stage1-20261004-0100/exact-counts.jsonl,16,db6e998d9b222d86e512c19a5819bb666e827c721d756b5702ba5a04d24f613f,cbc861426a1efb239dd0f16ac6cc83d862ffc9e613a4b60c384ff499031ec17b,8a69d882741c9042875045579f06172e194eedd707668175ecbe6420d5aea72c
toy/subtree/wots/z5/auth0/t1,201,subtree,1,,,f,6528,6528,True,validation/stage1-20261004-0100/exact-counts.jsonl,16,db6e998d9b222d86e512c19a5819bb666e827c721d756b5702ba5a04d24f613f,cbc861426a1efb239dd0f16ac6cc83d862ffc9e613a4b60c384ff499031ec17b,8a69d882741c9042875045579f06172e194eedd707668175ecbe6420d5aea72c
toy/subtree/wots/z5/auth0/t1,201,subtree,1,,,h,31,31,True,validation/stage1-20261004-0100/exact-counts.jsonl,16,db6e998d9b222d86e512c19a5819bb666e827c721d756b5702ba5a04d24f613f,cbc861426a1efb239dd0f16ac6cc83d862ffc9e613a4b60c384ff499031ec17b,8a69d882741c9042875045579f06172e194eedd707668175ecbe6420d5aea72c
toy/subtree/wots/z5/auth0/t1,201,subtree,1,,,h_msg,0,0,True,validation/stage1-20261004-0100/exact-counts.jsonl,16,db6e998d9b222d86e512c19a5819bb666e827c721d756b5702ba5a04d24f613f,cbc861426a1efb239dd0f16ac6cc83d862ffc9e613a4b60c384ff499031ec17b,8a69d882741c9042875045579f06172e194eedd707668175ecbe6420d5aea72c
toy/subtree/wots/z5/auth0/t1,201,subtree,1,,,prf,2176,2176,True,validation/stage1-20261004-0100/exact-counts.jsonl,16,db6e998d9b222d86e512c19a5819bb666e827c721d756b5702ba5a04d24f613f,cbc861426a1efb239dd0f16ac6cc83d862ffc9e613a4b60c384ff499031ec17b,8a69d882741c9042875045579f06172e194eedd707668175ecbe6420d5aea72c
toy/subtree/wots/z5/auth0/t1,201,subtree,1,,,prf_msg,0,0,True,validation/stage1-20261004-0100/exact-counts.jsonl,16,db6e998d9b222d86e512c19a5819bb666e827c721d756b5702ba5a04d24f613f,cbc861426a1efb239dd0f16ac6cc83d862ffc9e613a4b60c384ff499031ec17b,8a69d882741c9042875045579f06172e194eedd707668175ecbe6420d5aea72c
toy/subtree/wots/z5/auth0/t1,201,subtree,1,,,t,32,32,True,validation/stage1-20261004-0100/exact-counts.jsonl,16,db6e998d9b222d86e512c19a5819bb666e827c721d756b5702ba5a04d24f613f,cbc861426a1efb239dd0f16ac6cc83d862ffc9e613a4b60c384ff499031ec17b,8a69d882741c9042875045579f06172e194eedd707668175ecbe6420d5aea72c
toy/subtree/wots/z5/auth1/t1,201,subtree,1,,,compress,9312,9312,True,validation/stage1-20261004-0100/exact-counts.jsonl,17,db6e998d9b222d86e512c19a5819bb666e827c721d756b5702ba5a04d24f613f,385d1e2d0f0ac0f375b14eca416524876b362a25735bee59049bc9d1306db55b,8a69d882741c9042875045579f06172e194eedd707668175ecbe6420d5aea72c
toy/subtree/wots/z5/auth1/t1,201,subtree,1,,,f,6528,6528,True,validation/stage1-20261004-0100/exact-counts.jsonl,17,db6e998d9b222d86e512c19a5819bb666e827c721d756b5702ba5a04d24f613f,385d1e2d0f0ac0f375b14eca416524876b362a25735bee59049bc9d1306db55b,8a69d882741c9042875045579f06172e194eedd707668175ecbe6420d5aea72c
toy/subtree/wots/z5/auth1/t1,201,subtree,1,,,h,31,31,True,validation/stage1-20261004-0100/exact-counts.jsonl,17,db6e998d9b222d86e512c19a5819bb666e827c721d756b5702ba5a04d24f613f,385d1e2d0f0ac0f375b14eca416524876b362a25735bee59049bc9d1306db55b,8a69d882741c9042875045579f06172e194eedd707668175ecbe6420d5aea72c
toy/subtree/wots/z5/auth1/t1,201,subtree,1,,,h_msg,0,0,True,validation/stage1-20261004-0100/exact-counts.jsonl,17,db6e998d9b222d86e512c19a5819bb666e827c721d756b5702ba5a04d24f613f,385d1e2d0f0ac0f375b14eca416524876b362a25735bee59049bc9d1306db55b,8a69d882741c9042875045579f06172e194eedd707668175ecbe6420d5aea72c
toy/subtree/wots/z5/auth1/t1,201,subtree,1,,,prf,2176,2176,True,validation/stage1-20261004-0100/exact-counts.jsonl,17,db6e998d9b222d86e512c19a5819bb666e827c721d756b5702ba5a04d24f613f,385d1e2d0f0ac0f375b14eca416524876b362a25735bee59049bc9d1306db55b,8a69d882741c9042875045579f06172e194eedd707668175ecbe6420d5aea72c
toy/subtree/wots/z5/auth1/t1,201,subtree,1,,,prf_msg,0,0,True,validation/stage1-20261004-0100/exact-counts.jsonl,17,db6e998d9b222d86e512c19a5819bb666e827c721d756b5702ba5a04d24f613f,385d1e2d0f0ac0f375b14eca416524876b362a25735bee59049bc9d1306db55b,8a69d882741c9042875045579f06172e194eedd707668175ecbe6420d5aea72c
toy/subtree/wots/z5/auth1/t1,201,subtree,1,,,t,32,32,True,validation/stage1-20261004-0100/exact-counts.jsonl,17,db6e998d9b222d86e512c19a5819bb666e827c721d756b5702ba5a04d24f613f,385d1e2d0f0ac0f375b14eca416524876b362a25735bee59049bc9d1306db55b,8a69d882741c9042875045579f06172e194eedd707668175ecbe6420d5aea72c
toy/subtree/wots/z10/auth0/t1,201,subtree,1,,,compress,297984,297984,True,validation/stage1-20261004-0100/exact-counts.jsonl,18,db6e998d9b222d86e512c19a5819bb666e827c721d756b5702ba5a04d24f613f,63964576d14c1c676ad483342d5f3b0ce4fdf7e1dc509df2b03b4f8a1413da90,8a69d882741c9042875045579f06172e194eedd707668175ecbe6420d5aea72c
toy/subtree/wots/z10/auth0/t1,201,subtree,1,,,f,208896,208896,True,validation/stage1-20261004-0100/exact-counts.jsonl,18,db6e998d9b222d86e512c19a5819bb666e827c721d756b5702ba5a04d24f613f,63964576d14c1c676ad483342d5f3b0ce4fdf7e1dc509df2b03b4f8a1413da90,8a69d882741c9042875045579f06172e194eedd707668175ecbe6420d5aea72c
toy/subtree/wots/z10/auth0/t1,201,subtree,1,,,h,1023,1023,True,validation/stage1-20261004-0100/exact-counts.jsonl,18,db6e998d9b222d86e512c19a5819bb666e827c721d756b5702ba5a04d24f613f,63964576d14c1c676ad483342d5f3b0ce4fdf7e1dc509df2b03b4f8a1413da90,8a69d882741c9042875045579f06172e194eedd707668175ecbe6420d5aea72c
toy/subtree/wots/z10/auth0/t1,201,subtree,1,,,h_msg,0,0,True,validation/stage1-20261004-0100/exact-counts.jsonl,18,db6e998d9b222d86e512c19a5819bb666e827c721d756b5702ba5a04d24f613f,63964576d14c1c676ad483342d5f3b0ce4fdf7e1dc509df2b03b4f8a1413da90,8a69d882741c9042875045579f06172e194eedd707668175ecbe6420d5aea72c
toy/subtree/wots/z10/auth0/t1,201,subtree,1,,,prf,69632,69632,True,validation/stage1-20261004-0100/exact-counts.jsonl,18,db6e998d9b222d86e512c19a5819bb666e827c721d756b5702ba5a04d24f613f,63964576d14c1c676ad483342d5f3b0ce4fdf7e1dc509df2b03b4f8a1413da90,8a69d882741c9042875045579f06172e194eedd707668175ecbe6420d5aea72c
toy/subtree/wots/z10/auth0/t1,201,subtree,1,,,prf_msg,0,0,True,validation/stage1-20261004-0100/exact-counts.jsonl,18,db6e998d9b222d86e512c19a5819bb666e827c721d756b5702ba5a04d24f613f,63964576d14c1c676ad483342d5f3b0ce4fdf7e1dc509df2b03b4f8a1413da90,8a69d882741c9042875045579f06172e194eedd707668175ecbe6420d5aea72c
toy/subtree/wots/z10/auth0/t1,201,subtree,1,,,t,1024,1024,True,validation/stage1-20261004-0100/exact-counts.jsonl,18,db6e998d9b222d86e512c19a5819bb666e827c721d756b5702ba5a04d24f613f,63964576d14c1c676ad483342d5f3b0ce4fdf7e1dc509df2b03b4f8a1413da90,8a69d882741c9042875045579f06172e194eedd707668175ecbe6420d5aea72c
toy/subtree/wots/z10/auth1/t1,201,subtree,1,,,compress,297984,297984,True,validation/stage1-20261004-0100/exact-counts.jsonl,19,db6e998d9b222d86e512c19a5819bb666e827c721d756b5702ba5a04d24f613f,ec4dab2e8a5709d047ad8a8d2661f4f43d69401f18f9b693fedb8ac91839a812,8a69d882741c9042875045579f06172e194eedd707668175ecbe6420d5aea72c
toy/subtree/wots/z10/auth1/t1,201,subtree,1,,,f,208896,208896,True,validation/stage1-20261004-0100/exact-counts.jsonl,19,db6e998d9b222d86e512c19a5819bb666e827c721d756b5702ba5a04d24f613f,ec4dab2e8a5709d047ad8a8d2661f4f43d69401f18f9b693fedb8ac91839a812,8a69d882741c9042875045579f06172e194eedd707668175ecbe6420d5aea72c
toy/subtree/wots/z10/auth1/t1,201,subtree,1,,,h,1023,1023,True,validation/stage1-20261004-0100/exact-counts.jsonl,19,db6e998d9b222d86e512c19a5819bb666e827c721d756b5702ba5a04d24f613f,ec4dab2e8a5709d047ad8a8d2661f4f43d69401f18f9b693fedb8ac91839a812,8a69d882741c9042875045579f06172e194eedd707668175ecbe6420d5aea72c
toy/subtree/wots/z10/auth1/t1,201,subtree,1,,,h_msg,0,0,True,validation/stage1-20261004-0100/exact-counts.jsonl,19,db6e998d9b222d86e512c19a5819bb666e827c721d756b5702ba5a04d24f613f,ec4dab2e8a5709d047ad8a8d2661f4f43d69401f18f9b693fedb8ac91839a812,8a69d882741c9042875045579f06172e194eedd707668175ecbe6420d5aea72c
toy/subtree/wots/z10/auth1/t1,201,subtree,1,,,prf,69632,69632,True,validation/stage1-20261004-0100/exact-counts.jsonl,19,db6e998d9b222d86e512c19a5819bb666e827c721d756b5702ba5a04d24f613f,ec4dab2e8a5709d047ad8a8d2661f4f43d69401f18f9b693fedb8ac91839a812,8a69d882741c9042875045579f06172e194eedd707668175ecbe6420d5aea72c
toy/subtree/wots/z10/auth1/t1,201,subtree,1,,,prf_msg,0,0,True,validation/stage1-20261004-0100/exact-counts.jsonl,19,db6e998d9b222d86e512c19a5819bb666e827c721d756b5702ba5a04d24f613f,ec4dab2e8a5709d047ad8a8d2661f4f43d69401f18f9b693fedb8ac91839a812,8a69d882741c9042875045579f06172e194eedd707668175ecbe6420d5aea72c
toy/subtree/wots/z10/auth1/t1,201,subtree,1,,,t,1024,1024,True,validation/stage1-20261004-0100/exact-counts.jsonl,19,db6e998d9b222d86e512c19a5819bb666e827c721d756b5702ba5a04d24f613f,ec4dab2e8a5709d047ad8a8d2661f4f43d69401f18f9b693fedb8ac91839a812,8a69d882741c9042875045579f06172e194eedd707668175ecbe6420d5aea72c
toy/subtree/fors/z0/auth0/t4,201,subtree,4,,,compress,3,3,True,validation/stage1-20261004-0100/exact-counts.jsonl,20,db6e998d9b222d86e512c19a5819bb666e827c721d756b5702ba5a04d24f613f,0e497b765609539f26cd9bca94e800f1aa5a6f23c35e073231f42d84e25f5f07,8a69d882741c9042875045579f06172e194eedd707668175ecbe6420d5aea72c
toy/subtree/fors/z0/auth0/t4,201,subtree,4,,,f,1,1,True,validation/stage1-20261004-0100/exact-counts.jsonl,20,db6e998d9b222d86e512c19a5819bb666e827c721d756b5702ba5a04d24f613f,0e497b765609539f26cd9bca94e800f1aa5a6f23c35e073231f42d84e25f5f07,8a69d882741c9042875045579f06172e194eedd707668175ecbe6420d5aea72c
toy/subtree/fors/z0/auth0/t4,201,subtree,4,,,h,0,0,True,validation/stage1-20261004-0100/exact-counts.jsonl,20,db6e998d9b222d86e512c19a5819bb666e827c721d756b5702ba5a04d24f613f,0e497b765609539f26cd9bca94e800f1aa5a6f23c35e073231f42d84e25f5f07,8a69d882741c9042875045579f06172e194eedd707668175ecbe6420d5aea72c
toy/subtree/fors/z0/auth0/t4,201,subtree,4,,,h_msg,0,0,True,validation/stage1-20261004-0100/exact-counts.jsonl,20,db6e998d9b222d86e512c19a5819bb666e827c721d756b5702ba5a04d24f613f,0e497b765609539f26cd9bca94e800f1aa5a6f23c35e073231f42d84e25f5f07,8a69d882741c9042875045579f06172e194eedd707668175ecbe6420d5aea72c
toy/subtree/fors/z0/auth0/t4,201,subtree,4,,,prf,1,1,True,validation/stage1-20261004-0100/exact-counts.jsonl,20,db6e998d9b222d86e512c19a5819bb666e827c721d756b5702ba5a04d24f613f,0e497b765609539f26cd9bca94e800f1aa5a6f23c35e073231f42d84e25f5f07,8a69d882741c9042875045579f06172e194eedd707668175ecbe6420d5aea72c
toy/subtree/fors/z0/auth0/t4,201,subtree,4,,,prf_msg,0,0,True,validation/stage1-20261004-0100/exact-counts.jsonl,20,db6e998d9b222d86e512c19a5819bb666e827c721d756b5702ba5a04d24f613f,0e497b765609539f26cd9bca94e800f1aa5a6f23c35e073231f42d84e25f5f07,8a69d882741c9042875045579f06172e194eedd707668175ecbe6420d5aea72c
toy/subtree/fors/z0/auth0/t4,201,subtree,4,,,t,0,0,True,validation/stage1-20261004-0100/exact-counts.jsonl,20,db6e998d9b222d86e512c19a5819bb666e827c721d756b5702ba5a04d24f613f,0e497b765609539f26cd9bca94e800f1aa5a6f23c35e073231f42d84e25f5f07,8a69d882741c9042875045579f06172e194eedd707668175ecbe6420d5aea72c
toy/subtree/fors/z0/auth1/t4,201,subtree,4,,,compress,3,3,True,validation/stage1-20261004-0100/exact-counts.jsonl,21,db6e998d9b222d86e512c19a5819bb666e827c721d756b5702ba5a04d24f613f,0de2e0d3ab098b6cb53b5bfa7eeaf9beb16c3611fd93f311a00b1e55061d68b4,8a69d882741c9042875045579f06172e194eedd707668175ecbe6420d5aea72c
toy/subtree/fors/z0/auth1/t4,201,subtree,4,,,f,1,1,True,validation/stage1-20261004-0100/exact-counts.jsonl,21,db6e998d9b222d86e512c19a5819bb666e827c721d756b5702ba5a04d24f613f,0de2e0d3ab098b6cb53b5bfa7eeaf9beb16c3611fd93f311a00b1e55061d68b4,8a69d882741c9042875045579f06172e194eedd707668175ecbe6420d5aea72c
toy/subtree/fors/z0/auth1/t4,201,subtree,4,,,h,0,0,True,validation/stage1-20261004-0100/exact-counts.jsonl,21,db6e998d9b222d86e512c19a5819bb666e827c721d756b5702ba5a04d24f613f,0de2e0d3ab098b6cb53b5bfa7eeaf9beb16c3611fd93f311a00b1e55061d68b4,8a69d882741c9042875045579f06172e194eedd707668175ecbe6420d5aea72c
toy/subtree/fors/z0/auth1/t4,201,subtree,4,,,h_msg,0,0,True,validation/stage1-20261004-0100/exact-counts.jsonl,21,db6e998d9b222d86e512c19a5819bb666e827c721d756b5702ba5a04d24f613f,0de2e0d3ab098b6cb53b5bfa7eeaf9beb16c3611fd93f311a00b1e55061d68b4,8a69d882741c9042875045579f06172e194eedd707668175ecbe6420d5aea72c
toy/subtree/fors/z0/auth1/t4,201,subtree,4,,,prf,1,1,True,validation/stage1-20261004-0100/exact-counts.jsonl,21,db6e998d9b222d86e512c19a5819bb666e827c721d756b5702ba5a04d24f613f,0de2e0d3ab098b6cb53b5bfa7eeaf9beb16c3611fd93f311a00b1e55061d68b4,8a69d882741c9042875045579f06172e194eedd707668175ecbe6420d5aea72c
toy/subtree/fors/z0/auth1/t4,201,subtree,4,,,prf_msg,0,0,True,validation/stage1-20261004-0100/exact-counts.jsonl,21,db6e998d9b222d86e512c19a5819bb666e827c721d756b5702ba5a04d24f613f,0de2e0d3ab098b6cb53b5bfa7eeaf9beb16c3611fd93f311a00b1e55061d68b4,8a69d882741c9042875045579f06172e194eedd707668175ecbe6420d5aea72c
toy/subtree/fors/z0/auth1/t4,201,subtree,4,,,t,0,0,True,validation/stage1-20261004-0100/exact-counts.jsonl,21,db6e998d9b222d86e512c19a5819bb666e827c721d756b5702ba5a04d24f613f,0de2e0d3ab098b6cb53b5bfa7eeaf9beb16c3611fd93f311a00b1e55061d68b4,8a69d882741c9042875045579f06172e194eedd707668175ecbe6420d5aea72c
toy/subtree/fors/z4/auth0/t4,201,subtree,4,,,compress,48,48,True,validation/stage1-20261004-0100/exact-counts.jsonl,22,db6e998d9b222d86e512c19a5819bb666e827c721d756b5702ba5a04d24f613f,a699f3c24f0447d48e389e6a6bd1c4de82362d8f40a690da87396237ee31d0e0,8a69d882741c9042875045579f06172e194eedd707668175ecbe6420d5aea72c
toy/subtree/fors/z4/auth0/t4,201,subtree,4,,,f,16,16,True,validation/stage1-20261004-0100/exact-counts.jsonl,22,db6e998d9b222d86e512c19a5819bb666e827c721d756b5702ba5a04d24f613f,a699f3c24f0447d48e389e6a6bd1c4de82362d8f40a690da87396237ee31d0e0,8a69d882741c9042875045579f06172e194eedd707668175ecbe6420d5aea72c
toy/subtree/fors/z4/auth0/t4,201,subtree,4,,,h,15,15,True,validation/stage1-20261004-0100/exact-counts.jsonl,22,db6e998d9b222d86e512c19a5819bb666e827c721d756b5702ba5a04d24f613f,a699f3c24f0447d48e389e6a6bd1c4de82362d8f40a690da87396237ee31d0e0,8a69d882741c9042875045579f06172e194eedd707668175ecbe6420d5aea72c
toy/subtree/fors/z4/auth0/t4,201,subtree,4,,,h_msg,0,0,True,validation/stage1-20261004-0100/exact-counts.jsonl,22,db6e998d9b222d86e512c19a5819bb666e827c721d756b5702ba5a04d24f613f,a699f3c24f0447d48e389e6a6bd1c4de82362d8f40a690da87396237ee31d0e0,8a69d882741c9042875045579f06172e194eedd707668175ecbe6420d5aea72c
toy/subtree/fors/z4/auth0/t4,201,subtree,4,,,prf,16,16,True,validation/stage1-20261004-0100/exact-counts.jsonl,22,db6e998d9b222d86e512c19a5819bb666e827c721d756b5702ba5a04d24f613f,a699f3c24f0447d48e389e6a6bd1c4de82362d8f40a690da87396237ee31d0e0,8a69d882741c9042875045579f06172e194eedd707668175ecbe6420d5aea72c
toy/subtree/fors/z4/auth0/t4,201,subtree,4,,,prf_msg,0,0,True,validation/stage1-20261004-0100/exact-counts.jsonl,22,db6e998d9b222d86e512c19a5819bb666e827c721d756b5702ba5a04d24f613f,a699f3c24f0447d48e389e6a6bd1c4de82362d8f40a690da87396237ee31d0e0,8a69d882741c9042875045579f06172e194eedd707668175ecbe6420d5aea72c
toy/subtree/fors/z4/auth0/t4,201,subtree,4,,,t,0,0,True,validation/stage1-20261004-0100/exact-counts.jsonl,22,db6e998d9b222d86e512c19a5819bb666e827c721d756b5702ba5a04d24f613f,a699f3c24f0447d48e389e6a6bd1c4de82362d8f40a690da87396237ee31d0e0,8a69d882741c9042875045579f06172e194eedd707668175ecbe6420d5aea72c
toy/subtree/fors/z4/auth1/t4,201,subtree,4,,,compress,48,48,True,validation/stage1-20261004-0100/exact-counts.jsonl,23,db6e998d9b222d86e512c19a5819bb666e827c721d756b5702ba5a04d24f613f,f87279a8f3da7b1290353640f340235e84c890821f8ce8a6d181b11681425734,8a69d882741c9042875045579f06172e194eedd707668175ecbe6420d5aea72c
toy/subtree/fors/z4/auth1/t4,201,subtree,4,,,f,16,16,True,validation/stage1-20261004-0100/exact-counts.jsonl,23,db6e998d9b222d86e512c19a5819bb666e827c721d756b5702ba5a04d24f613f,f87279a8f3da7b1290353640f340235e84c890821f8ce8a6d181b11681425734,8a69d882741c9042875045579f06172e194eedd707668175ecbe6420d5aea72c
toy/subtree/fors/z4/auth1/t4,201,subtree,4,,,h,15,15,True,validation/stage1-20261004-0100/exact-counts.jsonl,23,db6e998d9b222d86e512c19a5819bb666e827c721d756b5702ba5a04d24f613f,f87279a8f3da7b1290353640f340235e84c890821f8ce8a6d181b11681425734,8a69d882741c9042875045579f06172e194eedd707668175ecbe6420d5aea72c
toy/subtree/fors/z4/auth1/t4,201,subtree,4,,,h_msg,0,0,True,validation/stage1-20261004-0100/exact-counts.jsonl,23,db6e998d9b222d86e512c19a5819bb666e827c721d756b5702ba5a04d24f613f,f87279a8f3da7b1290353640f340235e84c890821f8ce8a6d181b11681425734,8a69d882741c9042875045579f06172e194eedd707668175ecbe6420d5aea72c
toy/subtree/fors/z4/auth1/t4,201,subtree,4,,,prf,16,16,True,validation/stage1-20261004-0100/exact-counts.jsonl,23,db6e998d9b222d86e512c19a5819bb666e827c721d756b5702ba5a04d24f613f,f87279a8f3da7b1290353640f340235e84c890821f8ce8a6d181b11681425734,8a69d882741c9042875045579f06172e194eedd707668175ecbe6420d5aea72c
toy/subtree/fors/z4/auth1/t4,201,subtree,4,,,prf_msg,0,0,True,validation/stage1-20261004-0100/exact-counts.jsonl,23,db6e998d9b222d86e512c19a5819bb666e827c721d756b5702ba5a04d24f613f,f87279a8f3da7b1290353640f340235e84c890821f8ce8a6d181b11681425734,8a69d882741c9042875045579f06172e194eedd707668175ecbe6420d5aea72c
toy/subtree/fors/z4/auth1/t4,201,subtree,4,,,t,0,0,True,validation/stage1-20261004-0100/exact-counts.jsonl,23,db6e998d9b222d86e512c19a5819bb666e827c721d756b5702ba5a04d24f613f,f87279a8f3da7b1290353640f340235e84c890821f8ce8a6d181b11681425734,8a69d882741c9042875045579f06172e194eedd707668175ecbe6420d5aea72c
toy/subtree/fors/z5/auth0/t4,201,subtree,4,,,compress,96,96,True,validation/stage1-20261004-0100/exact-counts.jsonl,24,db6e998d9b222d86e512c19a5819bb666e827c721d756b5702ba5a04d24f613f,2db8aaa4dec702fc76329a1b476ccbc076d5693c80a458e337f86607d7ba2a80,8a69d882741c9042875045579f06172e194eedd707668175ecbe6420d5aea72c
toy/subtree/fors/z5/auth0/t4,201,subtree,4,,,f,32,32,True,validation/stage1-20261004-0100/exact-counts.jsonl,24,db6e998d9b222d86e512c19a5819bb666e827c721d756b5702ba5a04d24f613f,2db8aaa4dec702fc76329a1b476ccbc076d5693c80a458e337f86607d7ba2a80,8a69d882741c9042875045579f06172e194eedd707668175ecbe6420d5aea72c
toy/subtree/fors/z5/auth0/t4,201,subtree,4,,,h,31,31,True,validation/stage1-20261004-0100/exact-counts.jsonl,24,db6e998d9b222d86e512c19a5819bb666e827c721d756b5702ba5a04d24f613f,2db8aaa4dec702fc76329a1b476ccbc076d5693c80a458e337f86607d7ba2a80,8a69d882741c9042875045579f06172e194eedd707668175ecbe6420d5aea72c
toy/subtree/fors/z5/auth0/t4,201,subtree,4,,,h_msg,0,0,True,validation/stage1-20261004-0100/exact-counts.jsonl,24,db6e998d9b222d86e512c19a5819bb666e827c721d756b5702ba5a04d24f613f,2db8aaa4dec702fc76329a1b476ccbc076d5693c80a458e337f86607d7ba2a80,8a69d882741c9042875045579f06172e194eedd707668175ecbe6420d5aea72c
toy/subtree/fors/z5/auth0/t4,201,subtree,4,,,prf,32,32,True,validation/stage1-20261004-0100/exact-counts.jsonl,24,db6e998d9b222d86e512c19a5819bb666e827c721d756b5702ba5a04d24f613f,2db8aaa4dec702fc76329a1b476ccbc076d5693c80a458e337f86607d7ba2a80,8a69d882741c9042875045579f06172e194eedd707668175ecbe6420d5aea72c
toy/subtree/fors/z5/auth0/t4,201,subtree,4,,,prf_msg,0,0,True,validation/stage1-20261004-0100/exact-counts.jsonl,24,db6e998d9b222d86e512c19a5819bb666e827c721d756b5702ba5a04d24f613f,2db8aaa4dec702fc76329a1b476ccbc076d5693c80a458e337f86607d7ba2a80,8a69d882741c9042875045579f06172e194eedd707668175ecbe6420d5aea72c
toy/subtree/fors/z5/auth0/t4,201,subtree,4,,,t,0,0,True,validation/stage1-20261004-0100/exact-counts.jsonl,24,db6e998d9b222d86e512c19a5819bb666e827c721d756b5702ba5a04d24f613f,2db8aaa4dec702fc76329a1b476ccbc076d5693c80a458e337f86607d7ba2a80,8a69d882741c9042875045579f06172e194eedd707668175ecbe6420d5aea72c
toy/subtree/fors/z5/auth1/t4,201,subtree,4,,,compress,96,96,True,validation/stage1-20261004-0100/exact-counts.jsonl,25,db6e998d9b222d86e512c19a5819bb666e827c721d756b5702ba5a04d24f613f,501abdd20f7d6a7879429dabb30767c641a823fba3690a69612ed6392c249ecc,8a69d882741c9042875045579f06172e194eedd707668175ecbe6420d5aea72c
toy/subtree/fors/z5/auth1/t4,201,subtree,4,,,f,32,32,True,validation/stage1-20261004-0100/exact-counts.jsonl,25,db6e998d9b222d86e512c19a5819bb666e827c721d756b5702ba5a04d24f613f,501abdd20f7d6a7879429dabb30767c641a823fba3690a69612ed6392c249ecc,8a69d882741c9042875045579f06172e194eedd707668175ecbe6420d5aea72c
toy/subtree/fors/z5/auth1/t4,201,subtree,4,,,h,31,31,True,validation/stage1-20261004-0100/exact-counts.jsonl,25,db6e998d9b222d86e512c19a5819bb666e827c721d756b5702ba5a04d24f613f,501abdd20f7d6a7879429dabb30767c641a823fba3690a69612ed6392c249ecc,8a69d882741c9042875045579f06172e194eedd707668175ecbe6420d5aea72c
toy/subtree/fors/z5/auth1/t4,201,subtree,4,,,h_msg,0,0,True,validation/stage1-20261004-0100/exact-counts.jsonl,25,db6e998d9b222d86e512c19a5819bb666e827c721d756b5702ba5a04d24f613f,501abdd20f7d6a7879429dabb30767c641a823fba3690a69612ed6392c249ecc,8a69d882741c9042875045579f06172e194eedd707668175ecbe6420d5aea72c
toy/subtree/fors/z5/auth1/t4,201,subtree,4,,,prf,32,32,True,validation/stage1-20261004-0100/exact-counts.jsonl,25,db6e998d9b222d86e512c19a5819bb666e827c721d756b5702ba5a04d24f613f,501abdd20f7d6a7879429dabb30767c641a823fba3690a69612ed6392c249ecc,8a69d882741c9042875045579f06172e194eedd707668175ecbe6420d5aea72c
toy/subtree/fors/z5/auth1/t4,201,subtree,4,,,prf_msg,0,0,True,validation/stage1-20261004-0100/exact-counts.jsonl,25,db6e998d9b222d86e512c19a5819bb666e827c721d756b5702ba5a04d24f613f,501abdd20f7d6a7879429dabb30767c641a823fba3690a69612ed6392c249ecc,8a69d882741c9042875045579f06172e194eedd707668175ecbe6420d5aea72c
toy/subtree/fors/z5/auth1/t4,201,subtree,4,,,t,0,0,True,validation/stage1-20261004-0100/exact-counts.jsonl,25,db6e998d9b222d86e512c19a5819bb666e827c721d756b5702ba5a04d24f613f,501abdd20f7d6a7879429dabb30767c641a823fba3690a69612ed6392c249ecc,8a69d882741c9042875045579f06172e194eedd707668175ecbe6420d5aea72c
toy/subtree/fors/z10/auth0/t4,201,subtree,4,,,compress,3072,3072,True,validation/stage1-20261004-0100/exact-counts.jsonl,26,db6e998d9b222d86e512c19a5819bb666e827c721d756b5702ba5a04d24f613f,4bd89f8cc604522476c9a641d80c4c0eda42766a8a35feae8b1c437537fac913,8a69d882741c9042875045579f06172e194eedd707668175ecbe6420d5aea72c
toy/subtree/fors/z10/auth0/t4,201,subtree,4,,,f,1024,1024,True,validation/stage1-20261004-0100/exact-counts.jsonl,26,db6e998d9b222d86e512c19a5819bb666e827c721d756b5702ba5a04d24f613f,4bd89f8cc604522476c9a641d80c4c0eda42766a8a35feae8b1c437537fac913,8a69d882741c9042875045579f06172e194eedd707668175ecbe6420d5aea72c
toy/subtree/fors/z10/auth0/t4,201,subtree,4,,,h,1023,1023,True,validation/stage1-20261004-0100/exact-counts.jsonl,26,db6e998d9b222d86e512c19a5819bb666e827c721d756b5702ba5a04d24f613f,4bd89f8cc604522476c9a641d80c4c0eda42766a8a35feae8b1c437537fac913,8a69d882741c9042875045579f06172e194eedd707668175ecbe6420d5aea72c
toy/subtree/fors/z10/auth0/t4,201,subtree,4,,,h_msg,0,0,True,validation/stage1-20261004-0100/exact-counts.jsonl,26,db6e998d9b222d86e512c19a5819bb666e827c721d756b5702ba5a04d24f613f,4bd89f8cc604522476c9a641d80c4c0eda42766a8a35feae8b1c437537fac913,8a69d882741c9042875045579f06172e194eedd707668175ecbe6420d5aea72c
toy/subtree/fors/z10/auth0/t4,201,subtree,4,,,prf,1024,1024,True,validation/stage1-20261004-0100/exact-counts.jsonl,26,db6e998d9b222d86e512c19a5819bb666e827c721d756b5702ba5a04d24f613f,4bd89f8cc604522476c9a641d80c4c0eda42766a8a35feae8b1c437537fac913,8a69d882741c9042875045579f06172e194eedd707668175ecbe6420d5aea72c
toy/subtree/fors/z10/auth0/t4,201,subtree,4,,,prf_msg,0,0,True,validation/stage1-20261004-0100/exact-counts.jsonl,26,db6e998d9b222d86e512c19a5819bb666e827c721d756b5702ba5a04d24f613f,4bd89f8cc604522476c9a641d80c4c0eda42766a8a35feae8b1c437537fac913,8a69d882741c9042875045579f06172e194eedd707668175ecbe6420d5aea72c
toy/subtree/fors/z10/auth0/t4,201,subtree,4,,,t,0,0,True,validation/stage1-20261004-0100/exact-counts.jsonl,26,db6e998d9b222d86e512c19a5819bb666e827c721d756b5702ba5a04d24f613f,4bd89f8cc604522476c9a641d80c4c0eda42766a8a35feae8b1c437537fac913,8a69d882741c9042875045579f06172e194eedd707668175ecbe6420d5aea72c
toy/subtree/fors/z10/auth1/t4,201,subtree,4,,,compress,3072,3072,True,validation/stage1-20261004-0100/exact-counts.jsonl,27,db6e998d9b222d86e512c19a5819bb666e827c721d756b5702ba5a04d24f613f,166f6a5a2fbfd3fc2247f196b5f1ca45ff312796df67f13a14dbd3ae48177d1f,8a69d882741c9042875045579f06172e194eedd707668175ecbe6420d5aea72c
toy/subtree/fors/z10/auth1/t4,201,subtree,4,,,f,1024,1024,True,validation/stage1-20261004-0100/exact-counts.jsonl,27,db6e998d9b222d86e512c19a5819bb666e827c721d756b5702ba5a04d24f613f,166f6a5a2fbfd3fc2247f196b5f1ca45ff312796df67f13a14dbd3ae48177d1f,8a69d882741c9042875045579f06172e194eedd707668175ecbe6420d5aea72c
toy/subtree/fors/z10/auth1/t4,201,subtree,4,,,h,1023,1023,True,validation/stage1-20261004-0100/exact-counts.jsonl,27,db6e998d9b222d86e512c19a5819bb666e827c721d756b5702ba5a04d24f613f,166f6a5a2fbfd3fc2247f196b5f1ca45ff312796df67f13a14dbd3ae48177d1f,8a69d882741c9042875045579f06172e194eedd707668175ecbe6420d5aea72c
toy/subtree/fors/z10/auth1/t4,201,subtree,4,,,h_msg,0,0,True,validation/stage1-20261004-0100/exact-counts.jsonl,27,db6e998d9b222d86e512c19a5819bb666e827c721d756b5702ba5a04d24f613f,166f6a5a2fbfd3fc2247f196b5f1ca45ff312796df67f13a14dbd3ae48177d1f,8a69d882741c9042875045579f06172e194eedd707668175ecbe6420d5aea72c
toy/subtree/fors/z10/auth1/t4,201,subtree,4,,,prf,1024,1024,True,validation/stage1-20261004-0100/exact-counts.jsonl,27,db6e998d9b222d86e512c19a5819bb666e827c721d756b5702ba5a04d24f613f,166f6a5a2fbfd3fc2247f196b5f1ca45ff312796df67f13a14dbd3ae48177d1f,8a69d882741c9042875045579f06172e194eedd707668175ecbe6420d5aea72c
toy/subtree/fors/z10/auth1/t4,201,subtree,4,,,prf_msg,0,0,True,validation/stage1-20261004-0100/exact-counts.jsonl,27,db6e998d9b222d86e512c19a5819bb666e827c721d756b5702ba5a04d24f613f,166f6a5a2fbfd3fc2247f196b5f1ca45ff312796df67f13a14dbd3ae48177d1f,8a69d882741c9042875045579f06172e194eedd707668175ecbe6420d5aea72c
toy/subtree/fors/z10/auth1/t4,201,subtree,4,,,t,0,0,True,validation/stage1-20261004-0100/exact-counts.jsonl,27,db6e998d9b222d86e512c19a5819bb666e827c721d756b5702ba5a04d24f613f,166f6a5a2fbfd3fc2247f196b5f1ca45ff312796df67f13a14dbd3ae48177d1f,8a69d882741c9042875045579f06172e194eedd707668175ecbe6420d5aea72c
toy/subtree/wots/z0/auth0/t4,201,subtree,4,,,compress,291,291,True,validation/stage1-20261004-0100/exact-counts.jsonl,28,db6e998d9b222d86e512c19a5819bb666e827c721d756b5702ba5a04d24f613f,0cb03b18326304a1e1c370e73e3c3c04df3c576160fc4f5c756a559809ba201f,8a69d882741c9042875045579f06172e194eedd707668175ecbe6420d5aea72c
toy/subtree/wots/z0/auth0/t4,201,subtree,4,,,f,204,204,True,validation/stage1-20261004-0100/exact-counts.jsonl,28,db6e998d9b222d86e512c19a5819bb666e827c721d756b5702ba5a04d24f613f,0cb03b18326304a1e1c370e73e3c3c04df3c576160fc4f5c756a559809ba201f,8a69d882741c9042875045579f06172e194eedd707668175ecbe6420d5aea72c
toy/subtree/wots/z0/auth0/t4,201,subtree,4,,,h,0,0,True,validation/stage1-20261004-0100/exact-counts.jsonl,28,db6e998d9b222d86e512c19a5819bb666e827c721d756b5702ba5a04d24f613f,0cb03b18326304a1e1c370e73e3c3c04df3c576160fc4f5c756a559809ba201f,8a69d882741c9042875045579f06172e194eedd707668175ecbe6420d5aea72c
toy/subtree/wots/z0/auth0/t4,201,subtree,4,,,h_msg,0,0,True,validation/stage1-20261004-0100/exact-counts.jsonl,28,db6e998d9b222d86e512c19a5819bb666e827c721d756b5702ba5a04d24f613f,0cb03b18326304a1e1c370e73e3c3c04df3c576160fc4f5c756a559809ba201f,8a69d882741c9042875045579f06172e194eedd707668175ecbe6420d5aea72c
toy/subtree/wots/z0/auth0/t4,201,subtree,4,,,prf,68,68,True,validation/stage1-20261004-0100/exact-counts.jsonl,28,db6e998d9b222d86e512c19a5819bb666e827c721d756b5702ba5a04d24f613f,0cb03b18326304a1e1c370e73e3c3c04df3c576160fc4f5c756a559809ba201f,8a69d882741c9042875045579f06172e194eedd707668175ecbe6420d5aea72c
toy/subtree/wots/z0/auth0/t4,201,subtree,4,,,prf_msg,0,0,True,validation/stage1-20261004-0100/exact-counts.jsonl,28,db6e998d9b222d86e512c19a5819bb666e827c721d756b5702ba5a04d24f613f,0cb03b18326304a1e1c370e73e3c3c04df3c576160fc4f5c756a559809ba201f,8a69d882741c9042875045579f06172e194eedd707668175ecbe6420d5aea72c
toy/subtree/wots/z0/auth0/t4,201,subtree,4,,,t,1,1,True,validation/stage1-20261004-0100/exact-counts.jsonl,28,db6e998d9b222d86e512c19a5819bb666e827c721d756b5702ba5a04d24f613f,0cb03b18326304a1e1c370e73e3c3c04df3c576160fc4f5c756a559809ba201f,8a69d882741c9042875045579f06172e194eedd707668175ecbe6420d5aea72c
toy/subtree/wots/z0/auth1/t4,201,subtree,4,,,compress,291,291,True,validation/stage1-20261004-0100/exact-counts.jsonl,29,db6e998d9b222d86e512c19a5819bb666e827c721d756b5702ba5a04d24f613f,9aa68414e09fdb7fa049911cba7bce8aedb7f340598511d8c8f76af8b78249df,8a69d882741c9042875045579f06172e194eedd707668175ecbe6420d5aea72c
toy/subtree/wots/z0/auth1/t4,201,subtree,4,,,f,204,204,True,validation/stage1-20261004-0100/exact-counts.jsonl,29,db6e998d9b222d86e512c19a5819bb666e827c721d756b5702ba5a04d24f613f,9aa68414e09fdb7fa049911cba7bce8aedb7f340598511d8c8f76af8b78249df,8a69d882741c9042875045579f06172e194eedd707668175ecbe6420d5aea72c
toy/subtree/wots/z0/auth1/t4,201,subtree,4,,,h,0,0,True,validation/stage1-20261004-0100/exact-counts.jsonl,29,db6e998d9b222d86e512c19a5819bb666e827c721d756b5702ba5a04d24f613f,9aa68414e09fdb7fa049911cba7bce8aedb7f340598511d8c8f76af8b78249df,8a69d882741c9042875045579f06172e194eedd707668175ecbe6420d5aea72c
toy/subtree/wots/z0/auth1/t4,201,subtree,4,,,h_msg,0,0,True,validation/stage1-20261004-0100/exact-counts.jsonl,29,db6e998d9b222d86e512c19a5819bb666e827c721d756b5702ba5a04d24f613f,9aa68414e09fdb7fa049911cba7bce8aedb7f340598511d8c8f76af8b78249df,8a69d882741c9042875045579f06172e194eedd707668175ecbe6420d5aea72c
toy/subtree/wots/z0/auth1/t4,201,subtree,4,,,prf,68,68,True,validation/stage1-20261004-0100/exact-counts.jsonl,29,db6e998d9b222d86e512c19a5819bb666e827c721d756b5702ba5a04d24f613f,9aa68414e09fdb7fa049911cba7bce8aedb7f340598511d8c8f76af8b78249df,8a69d882741c9042875045579f06172e194eedd707668175ecbe6420d5aea72c
toy/subtree/wots/z0/auth1/t4,201,subtree,4,,,prf_msg,0,0,True,validation/stage1-20261004-0100/exact-counts.jsonl,29,db6e998d9b222d86e512c19a5819bb666e827c721d756b5702ba5a04d24f613f,9aa68414e09fdb7fa049911cba7bce8aedb7f340598511d8c8f76af8b78249df,8a69d882741c9042875045579f06172e194eedd707668175ecbe6420d5aea72c
toy/subtree/wots/z0/auth1/t4,201,subtree,4,,,t,1,1,True,validation/stage1-20261004-0100/exact-counts.jsonl,29,db6e998d9b222d86e512c19a5819bb666e827c721d756b5702ba5a04d24f613f,9aa68414e09fdb7fa049911cba7bce8aedb7f340598511d8c8f76af8b78249df,8a69d882741c9042875045579f06172e194eedd707668175ecbe6420d5aea72c
toy/subtree/wots/z4/auth0/t4,201,subtree,4,,,compress,4656,4656,True,validation/stage1-20261004-0100/exact-counts.jsonl,30,db6e998d9b222d86e512c19a5819bb666e827c721d756b5702ba5a04d24f613f,d86c3592e0e7bf2be724c5a2634445a7f1cefcf0ca103ed95b46143910100978,8a69d882741c9042875045579f06172e194eedd707668175ecbe6420d5aea72c
toy/subtree/wots/z4/auth0/t4,201,subtree,4,,,f,3264,3264,True,validation/stage1-20261004-0100/exact-counts.jsonl,30,db6e998d9b222d86e512c19a5819bb666e827c721d756b5702ba5a04d24f613f,d86c3592e0e7bf2be724c5a2634445a7f1cefcf0ca103ed95b46143910100978,8a69d882741c9042875045579f06172e194eedd707668175ecbe6420d5aea72c
toy/subtree/wots/z4/auth0/t4,201,subtree,4,,,h,15,15,True,validation/stage1-20261004-0100/exact-counts.jsonl,30,db6e998d9b222d86e512c19a5819bb666e827c721d756b5702ba5a04d24f613f,d86c3592e0e7bf2be724c5a2634445a7f1cefcf0ca103ed95b46143910100978,8a69d882741c9042875045579f06172e194eedd707668175ecbe6420d5aea72c
toy/subtree/wots/z4/auth0/t4,201,subtree,4,,,h_msg,0,0,True,validation/stage1-20261004-0100/exact-counts.jsonl,30,db6e998d9b222d86e512c19a5819bb666e827c721d756b5702ba5a04d24f613f,d86c3592e0e7bf2be724c5a2634445a7f1cefcf0ca103ed95b46143910100978,8a69d882741c9042875045579f06172e194eedd707668175ecbe6420d5aea72c
toy/subtree/wots/z4/auth0/t4,201,subtree,4,,,prf,1088,1088,True,validation/stage1-20261004-0100/exact-counts.jsonl,30,db6e998d9b222d86e512c19a5819bb666e827c721d756b5702ba5a04d24f613f,d86c3592e0e7bf2be724c5a2634445a7f1cefcf0ca103ed95b46143910100978,8a69d882741c9042875045579f06172e194eedd707668175ecbe6420d5aea72c
toy/subtree/wots/z4/auth0/t4,201,subtree,4,,,prf_msg,0,0,True,validation/stage1-20261004-0100/exact-counts.jsonl,30,db6e998d9b222d86e512c19a5819bb666e827c721d756b5702ba5a04d24f613f,d86c3592e0e7bf2be724c5a2634445a7f1cefcf0ca103ed95b46143910100978,8a69d882741c9042875045579f06172e194eedd707668175ecbe6420d5aea72c
toy/subtree/wots/z4/auth0/t4,201,subtree,4,,,t,16,16,True,validation/stage1-20261004-0100/exact-counts.jsonl,30,db6e998d9b222d86e512c19a5819bb666e827c721d756b5702ba5a04d24f613f,d86c3592e0e7bf2be724c5a2634445a7f1cefcf0ca103ed95b46143910100978,8a69d882741c9042875045579f06172e194eedd707668175ecbe6420d5aea72c
toy/subtree/wots/z4/auth1/t4,201,subtree,4,,,compress,4656,4656,True,validation/stage1-20261004-0100/exact-counts.jsonl,31,db6e998d9b222d86e512c19a5819bb666e827c721d756b5702ba5a04d24f613f,13ae7cf83cd7fec53d4f65f49c885f0d38bf83cc2bbb7675eb1e41ebbb4342ad,8a69d882741c9042875045579f06172e194eedd707668175ecbe6420d5aea72c
toy/subtree/wots/z4/auth1/t4,201,subtree,4,,,f,3264,3264,True,validation/stage1-20261004-0100/exact-counts.jsonl,31,db6e998d9b222d86e512c19a5819bb666e827c721d756b5702ba5a04d24f613f,13ae7cf83cd7fec53d4f65f49c885f0d38bf83cc2bbb7675eb1e41ebbb4342ad,8a69d882741c9042875045579f06172e194eedd707668175ecbe6420d5aea72c
toy/subtree/wots/z4/auth1/t4,201,subtree,4,,,h,15,15,True,validation/stage1-20261004-0100/exact-counts.jsonl,31,db6e998d9b222d86e512c19a5819bb666e827c721d756b5702ba5a04d24f613f,13ae7cf83cd7fec53d4f65f49c885f0d38bf83cc2bbb7675eb1e41ebbb4342ad,8a69d882741c9042875045579f06172e194eedd707668175ecbe6420d5aea72c
toy/subtree/wots/z4/auth1/t4,201,subtree,4,,,h_msg,0,0,True,validation/stage1-20261004-0100/exact-counts.jsonl,31,db6e998d9b222d86e512c19a5819bb666e827c721d756b5702ba5a04d24f613f,13ae7cf83cd7fec53d4f65f49c885f0d38bf83cc2bbb7675eb1e41ebbb4342ad,8a69d882741c9042875045579f06172e194eedd707668175ecbe6420d5aea72c
toy/subtree/wots/z4/auth1/t4,201,subtree,4,,,prf,1088,1088,True,validation/stage1-20261004-0100/exact-counts.jsonl,31,db6e998d9b222d86e512c19a5819bb666e827c721d756b5702ba5a04d24f613f,13ae7cf83cd7fec53d4f65f49c885f0d38bf83cc2bbb7675eb1e41ebbb4342ad,8a69d882741c9042875045579f06172e194eedd707668175ecbe6420d5aea72c
toy/subtree/wots/z4/auth1/t4,201,subtree,4,,,prf_msg,0,0,True,validation/stage1-20261004-0100/exact-counts.jsonl,31,db6e998d9b222d86e512c19a5819bb666e827c721d756b5702ba5a04d24f613f,13ae7cf83cd7fec53d4f65f49c885f0d38bf83cc2bbb7675eb1e41ebbb4342ad,8a69d882741c9042875045579f06172e194eedd707668175ecbe6420d5aea72c
toy/subtree/wots/z4/auth1/t4,201,subtree,4,,,t,16,16,True,validation/stage1-20261004-0100/exact-counts.jsonl,31,db6e998d9b222d86e512c19a5819bb666e827c721d756b5702ba5a04d24f613f,13ae7cf83cd7fec53d4f65f49c885f0d38bf83cc2bbb7675eb1e41ebbb4342ad,8a69d882741c9042875045579f06172e194eedd707668175ecbe6420d5aea72c
toy/subtree/wots/z5/auth0/t4,201,subtree,4,,,compress,9312,9312,True,validation/stage1-20261004-0100/exact-counts.jsonl,32,db6e998d9b222d86e512c19a5819bb666e827c721d756b5702ba5a04d24f613f,cbc861426a1efb239dd0f16ac6cc83d862ffc9e613a4b60c384ff499031ec17b,8a69d882741c9042875045579f06172e194eedd707668175ecbe6420d5aea72c
toy/subtree/wots/z5/auth0/t4,201,subtree,4,,,f,6528,6528,True,validation/stage1-20261004-0100/exact-counts.jsonl,32,db6e998d9b222d86e512c19a5819bb666e827c721d756b5702ba5a04d24f613f,cbc861426a1efb239dd0f16ac6cc83d862ffc9e613a4b60c384ff499031ec17b,8a69d882741c9042875045579f06172e194eedd707668175ecbe6420d5aea72c
toy/subtree/wots/z5/auth0/t4,201,subtree,4,,,h,31,31,True,validation/stage1-20261004-0100/exact-counts.jsonl,32,db6e998d9b222d86e512c19a5819bb666e827c721d756b5702ba5a04d24f613f,cbc861426a1efb239dd0f16ac6cc83d862ffc9e613a4b60c384ff499031ec17b,8a69d882741c9042875045579f06172e194eedd707668175ecbe6420d5aea72c
toy/subtree/wots/z5/auth0/t4,201,subtree,4,,,h_msg,0,0,True,validation/stage1-20261004-0100/exact-counts.jsonl,32,db6e998d9b222d86e512c19a5819bb666e827c721d756b5702ba5a04d24f613f,cbc861426a1efb239dd0f16ac6cc83d862ffc9e613a4b60c384ff499031ec17b,8a69d882741c9042875045579f06172e194eedd707668175ecbe6420d5aea72c
toy/subtree/wots/z5/auth0/t4,201,subtree,4,,,prf,2176,2176,True,validation/stage1-20261004-0100/exact-counts.jsonl,32,db6e998d9b222d86e512c19a5819bb666e827c721d756b5702ba5a04d24f613f,cbc861426a1efb239dd0f16ac6cc83d862ffc9e613a4b60c384ff499031ec17b,8a69d882741c9042875045579f06172e194eedd707668175ecbe6420d5aea72c
toy/subtree/wots/z5/auth0/t4,201,subtree,4,,,prf_msg,0,0,True,validation/stage1-20261004-0100/exact-counts.jsonl,32,db6e998d9b222d86e512c19a5819bb666e827c721d756b5702ba5a04d24f613f,cbc861426a1efb239dd0f16ac6cc83d862ffc9e613a4b60c384ff499031ec17b,8a69d882741c9042875045579f06172e194eedd707668175ecbe6420d5aea72c
toy/subtree/wots/z5/auth0/t4,201,subtree,4,,,t,32,32,True,validation/stage1-20261004-0100/exact-counts.jsonl,32,db6e998d9b222d86e512c19a5819bb666e827c721d756b5702ba5a04d24f613f,cbc861426a1efb239dd0f16ac6cc83d862ffc9e613a4b60c384ff499031ec17b,8a69d882741c9042875045579f06172e194eedd707668175ecbe6420d5aea72c
toy/subtree/wots/z5/auth1/t4,201,subtree,4,,,compress,9312,9312,True,validation/stage1-20261004-0100/exact-counts.jsonl,33,db6e998d9b222d86e512c19a5819bb666e827c721d756b5702ba5a04d24f613f,385d1e2d0f0ac0f375b14eca416524876b362a25735bee59049bc9d1306db55b,8a69d882741c9042875045579f06172e194eedd707668175ecbe6420d5aea72c
toy/subtree/wots/z5/auth1/t4,201,subtree,4,,,f,6528,6528,True,validation/stage1-20261004-0100/exact-counts.jsonl,33,db6e998d9b222d86e512c19a5819bb666e827c721d756b5702ba5a04d24f613f,385d1e2d0f0ac0f375b14eca416524876b362a25735bee59049bc9d1306db55b,8a69d882741c9042875045579f06172e194eedd707668175ecbe6420d5aea72c
toy/subtree/wots/z5/auth1/t4,201,subtree,4,,,h,31,31,True,validation/stage1-20261004-0100/exact-counts.jsonl,33,db6e998d9b222d86e512c19a5819bb666e827c721d756b5702ba5a04d24f613f,385d1e2d0f0ac0f375b14eca416524876b362a25735bee59049bc9d1306db55b,8a69d882741c9042875045579f06172e194eedd707668175ecbe6420d5aea72c
toy/subtree/wots/z5/auth1/t4,201,subtree,4,,,h_msg,0,0,True,validation/stage1-20261004-0100/exact-counts.jsonl,33,db6e998d9b222d86e512c19a5819bb666e827c721d756b5702ba5a04d24f613f,385d1e2d0f0ac0f375b14eca416524876b362a25735bee59049bc9d1306db55b,8a69d882741c9042875045579f06172e194eedd707668175ecbe6420d5aea72c
toy/subtree/wots/z5/auth1/t4,201,subtree,4,,,prf,2176,2176,True,validation/stage1-20261004-0100/exact-counts.jsonl,33,db6e998d9b222d86e512c19a5819bb666e827c721d756b5702ba5a04d24f613f,385d1e2d0f0ac0f375b14eca416524876b362a25735bee59049bc9d1306db55b,8a69d882741c9042875045579f06172e194eedd707668175ecbe6420d5aea72c
toy/subtree/wots/z5/auth1/t4,201,subtree,4,,,prf_msg,0,0,True,validation/stage1-20261004-0100/exact-counts.jsonl,33,db6e998d9b222d86e512c19a5819bb666e827c721d756b5702ba5a04d24f613f,385d1e2d0f0ac0f375b14eca416524876b362a25735bee59049bc9d1306db55b,8a69d882741c9042875045579f06172e194eedd707668175ecbe6420d5aea72c
toy/subtree/wots/z5/auth1/t4,201,subtree,4,,,t,32,32,True,validation/stage1-20261004-0100/exact-counts.jsonl,33,db6e998d9b222d86e512c19a5819bb666e827c721d756b5702ba5a04d24f613f,385d1e2d0f0ac0f375b14eca416524876b362a25735bee59049bc9d1306db55b,8a69d882741c9042875045579f06172e194eedd707668175ecbe6420d5aea72c
toy/subtree/wots/z10/auth0/t4,201,subtree,4,,,compress,297984,297984,True,validation/stage1-20261004-0100/exact-counts.jsonl,34,db6e998d9b222d86e512c19a5819bb666e827c721d756b5702ba5a04d24f613f,63964576d14c1c676ad483342d5f3b0ce4fdf7e1dc509df2b03b4f8a1413da90,8a69d882741c9042875045579f06172e194eedd707668175ecbe6420d5aea72c
toy/subtree/wots/z10/auth0/t4,201,subtree,4,,,f,208896,208896,True,validation/stage1-20261004-0100/exact-counts.jsonl,34,db6e998d9b222d86e512c19a5819bb666e827c721d756b5702ba5a04d24f613f,63964576d14c1c676ad483342d5f3b0ce4fdf7e1dc509df2b03b4f8a1413da90,8a69d882741c9042875045579f06172e194eedd707668175ecbe6420d5aea72c
toy/subtree/wots/z10/auth0/t4,201,subtree,4,,,h,1023,1023,True,validation/stage1-20261004-0100/exact-counts.jsonl,34,db6e998d9b222d86e512c19a5819bb666e827c721d756b5702ba5a04d24f613f,63964576d14c1c676ad483342d5f3b0ce4fdf7e1dc509df2b03b4f8a1413da90,8a69d882741c9042875045579f06172e194eedd707668175ecbe6420d5aea72c
toy/subtree/wots/z10/auth0/t4,201,subtree,4,,,h_msg,0,0,True,validation/stage1-20261004-0100/exact-counts.jsonl,34,db6e998d9b222d86e512c19a5819bb666e827c721d756b5702ba5a04d24f613f,63964576d14c1c676ad483342d5f3b0ce4fdf7e1dc509df2b03b4f8a1413da90,8a69d882741c9042875045579f06172e194eedd707668175ecbe6420d5aea72c
toy/subtree/wots/z10/auth0/t4,201,subtree,4,,,prf,69632,69632,True,validation/stage1-20261004-0100/exact-counts.jsonl,34,db6e998d9b222d86e512c19a5819bb666e827c721d756b5702ba5a04d24f613f,63964576d14c1c676ad483342d5f3b0ce4fdf7e1dc509df2b03b4f8a1413da90,8a69d882741c9042875045579f06172e194eedd707668175ecbe6420d5aea72c
toy/subtree/wots/z10/auth0/t4,201,subtree,4,,,prf_msg,0,0,True,validation/stage1-20261004-0100/exact-counts.jsonl,34,db6e998d9b222d86e512c19a5819bb666e827c721d756b5702ba5a04d24f613f,63964576d14c1c676ad483342d5f3b0ce4fdf7e1dc509df2b03b4f8a1413da90,8a69d882741c9042875045579f06172e194eedd707668175ecbe6420d5aea72c
toy/subtree/wots/z10/auth0/t4,201,subtree,4,,,t,1024,1024,True,validation/stage1-20261004-0100/exact-counts.jsonl,34,db6e998d9b222d86e512c19a5819bb666e827c721d756b5702ba5a04d24f613f,63964576d14c1c676ad483342d5f3b0ce4fdf7e1dc509df2b03b4f8a1413da90,8a69d882741c9042875045579f06172e194eedd707668175ecbe6420d5aea72c
toy/subtree/wots/z10/auth1/t4,201,subtree,4,,,compress,297984,297984,True,validation/stage1-20261004-0100/exact-counts.jsonl,35,db6e998d9b222d86e512c19a5819bb666e827c721d756b5702ba5a04d24f613f,ec4dab2e8a5709d047ad8a8d2661f4f43d69401f18f9b693fedb8ac91839a812,8a69d882741c9042875045579f06172e194eedd707668175ecbe6420d5aea72c
toy/subtree/wots/z10/auth1/t4,201,subtree,4,,,f,208896,208896,True,validation/stage1-20261004-0100/exact-counts.jsonl,35,db6e998d9b222d86e512c19a5819bb666e827c721d756b5702ba5a04d24f613f,ec4dab2e8a5709d047ad8a8d2661f4f43d69401f18f9b693fedb8ac91839a812,8a69d882741c9042875045579f06172e194eedd707668175ecbe6420d5aea72c
toy/subtree/wots/z10/auth1/t4,201,subtree,4,,,h,1023,1023,True,validation/stage1-20261004-0100/exact-counts.jsonl,35,db6e998d9b222d86e512c19a5819bb666e827c721d756b5702ba5a04d24f613f,ec4dab2e8a5709d047ad8a8d2661f4f43d69401f18f9b693fedb8ac91839a812,8a69d882741c9042875045579f06172e194eedd707668175ecbe6420d5aea72c
toy/subtree/wots/z10/auth1/t4,201,subtree,4,,,h_msg,0,0,True,validation/stage1-20261004-0100/exact-counts.jsonl,35,db6e998d9b222d86e512c19a5819bb666e827c721d756b5702ba5a04d24f613f,ec4dab2e8a5709d047ad8a8d2661f4f43d69401f18f9b693fedb8ac91839a812,8a69d882741c9042875045579f06172e194eedd707668175ecbe6420d5aea72c
toy/subtree/wots/z10/auth1/t4,201,subtree,4,,,prf,69632,69632,True,validation/stage1-20261004-0100/exact-counts.jsonl,35,db6e998d9b222d86e512c19a5819bb666e827c721d756b5702ba5a04d24f613f,ec4dab2e8a5709d047ad8a8d2661f4f43d69401f18f9b693fedb8ac91839a812,8a69d882741c9042875045579f06172e194eedd707668175ecbe6420d5aea72c
toy/subtree/wots/z10/auth1/t4,201,subtree,4,,,prf_msg,0,0,True,validation/stage1-20261004-0100/exact-counts.jsonl,35,db6e998d9b222d86e512c19a5819bb666e827c721d756b5702ba5a04d24f613f,ec4dab2e8a5709d047ad8a8d2661f4f43d69401f18f9b693fedb8ac91839a812,8a69d882741c9042875045579f06172e194eedd707668175ecbe6420d5aea72c
toy/subtree/wots/z10/auth1/t4,201,subtree,4,,,t,1024,1024,True,validation/stage1-20261004-0100/exact-counts.jsonl,35,db6e998d9b222d86e512c19a5819bb666e827c721d756b5702ba5a04d24f613f,ec4dab2e8a5709d047ad8a8d2661f4f43d69401f18f9b693fedb8ac91839a812,8a69d882741c9042875045579f06172e194eedd707668175ecbe6420d5aea72c
pid201/key1/keygen/t1,201,keygen,1,,,compress,297984,297984,True,validation/stage1-20261004-0100/exact-counts.jsonl,36,db6e998d9b222d86e512c19a5819bb666e827c721d756b5702ba5a04d24f613f,c19aa5d466d1863a9453103f709037084c214f4e30eb5bf65c62c13bbb4ebe18,8a69d882741c9042875045579f06172e194eedd707668175ecbe6420d5aea72c
pid201/key1/keygen/t1,201,keygen,1,,,f,208896,208896,True,validation/stage1-20261004-0100/exact-counts.jsonl,36,db6e998d9b222d86e512c19a5819bb666e827c721d756b5702ba5a04d24f613f,c19aa5d466d1863a9453103f709037084c214f4e30eb5bf65c62c13bbb4ebe18,8a69d882741c9042875045579f06172e194eedd707668175ecbe6420d5aea72c
pid201/key1/keygen/t1,201,keygen,1,,,h,1023,1023,True,validation/stage1-20261004-0100/exact-counts.jsonl,36,db6e998d9b222d86e512c19a5819bb666e827c721d756b5702ba5a04d24f613f,c19aa5d466d1863a9453103f709037084c214f4e30eb5bf65c62c13bbb4ebe18,8a69d882741c9042875045579f06172e194eedd707668175ecbe6420d5aea72c
pid201/key1/keygen/t1,201,keygen,1,,,h_msg,0,0,True,validation/stage1-20261004-0100/exact-counts.jsonl,36,db6e998d9b222d86e512c19a5819bb666e827c721d756b5702ba5a04d24f613f,c19aa5d466d1863a9453103f709037084c214f4e30eb5bf65c62c13bbb4ebe18,8a69d882741c9042875045579f06172e194eedd707668175ecbe6420d5aea72c
pid201/key1/keygen/t1,201,keygen,1,,,prf,69632,69632,True,validation/stage1-20261004-0100/exact-counts.jsonl,36,db6e998d9b222d86e512c19a5819bb666e827c721d756b5702ba5a04d24f613f,c19aa5d466d1863a9453103f709037084c214f4e30eb5bf65c62c13bbb4ebe18,8a69d882741c9042875045579f06172e194eedd707668175ecbe6420d5aea72c
pid201/key1/keygen/t1,201,keygen,1,,,prf_msg,0,0,True,validation/stage1-20261004-0100/exact-counts.jsonl,36,db6e998d9b222d86e512c19a5819bb666e827c721d756b5702ba5a04d24f613f,c19aa5d466d1863a9453103f709037084c214f4e30eb5bf65c62c13bbb4ebe18,8a69d882741c9042875045579f06172e194eedd707668175ecbe6420d5aea72c
pid201/key1/keygen/t1,201,keygen,1,,,t,1024,1024,True,validation/stage1-20261004-0100/exact-counts.jsonl,36,db6e998d9b222d86e512c19a5819bb666e827c721d756b5702ba5a04d24f613f,c19aa5d466d1863a9453103f709037084c214f4e30eb5bf65c62c13bbb4ebe18,8a69d882741c9042875045579f06172e194eedd707668175ecbe6420d5aea72c
toy/cache-build/t0/threads1,201,cache_build,1,,0,compress,297984,297984,True,validation/stage1-20261004-0100/exact-counts.jsonl,37,db6e998d9b222d86e512c19a5819bb666e827c721d756b5702ba5a04d24f613f,4250658273855abe02518860913c31a55fb0fb8d515f15ecff40f7b208902554,8a69d882741c9042875045579f06172e194eedd707668175ecbe6420d5aea72c
toy/cache-build/t0/threads1,201,cache_build,1,,0,f,208896,208896,True,validation/stage1-20261004-0100/exact-counts.jsonl,37,db6e998d9b222d86e512c19a5819bb666e827c721d756b5702ba5a04d24f613f,4250658273855abe02518860913c31a55fb0fb8d515f15ecff40f7b208902554,8a69d882741c9042875045579f06172e194eedd707668175ecbe6420d5aea72c
toy/cache-build/t0/threads1,201,cache_build,1,,0,h,1023,1023,True,validation/stage1-20261004-0100/exact-counts.jsonl,37,db6e998d9b222d86e512c19a5819bb666e827c721d756b5702ba5a04d24f613f,4250658273855abe02518860913c31a55fb0fb8d515f15ecff40f7b208902554,8a69d882741c9042875045579f06172e194eedd707668175ecbe6420d5aea72c
toy/cache-build/t0/threads1,201,cache_build,1,,0,h_msg,0,0,True,validation/stage1-20261004-0100/exact-counts.jsonl,37,db6e998d9b222d86e512c19a5819bb666e827c721d756b5702ba5a04d24f613f,4250658273855abe02518860913c31a55fb0fb8d515f15ecff40f7b208902554,8a69d882741c9042875045579f06172e194eedd707668175ecbe6420d5aea72c
toy/cache-build/t0/threads1,201,cache_build,1,,0,prf,69632,69632,True,validation/stage1-20261004-0100/exact-counts.jsonl,37,db6e998d9b222d86e512c19a5819bb666e827c721d756b5702ba5a04d24f613f,4250658273855abe02518860913c31a55fb0fb8d515f15ecff40f7b208902554,8a69d882741c9042875045579f06172e194eedd707668175ecbe6420d5aea72c
toy/cache-build/t0/threads1,201,cache_build,1,,0,prf_msg,0,0,True,validation/stage1-20261004-0100/exact-counts.jsonl,37,db6e998d9b222d86e512c19a5819bb666e827c721d756b5702ba5a04d24f613f,4250658273855abe02518860913c31a55fb0fb8d515f15ecff40f7b208902554,8a69d882741c9042875045579f06172e194eedd707668175ecbe6420d5aea72c
toy/cache-build/t0/threads1,201,cache_build,1,,0,t,1024,1024,True,validation/stage1-20261004-0100/exact-counts.jsonl,37,db6e998d9b222d86e512c19a5819bb666e827c721d756b5702ba5a04d24f613f,4250658273855abe02518860913c31a55fb0fb8d515f15ecff40f7b208902554,8a69d882741c9042875045579f06172e194eedd707668175ecbe6420d5aea72c
toy/cache-save/t0/threads1,201,cache_save,1,,0,compress,0,0,True,validation/stage1-20261004-0100/exact-counts.jsonl,38,db6e998d9b222d86e512c19a5819bb666e827c721d756b5702ba5a04d24f613f,40c4ae009784dcb8a95e58ba0a4691df29ff4b114baa15c85ed87812002f4c41,8a69d882741c9042875045579f06172e194eedd707668175ecbe6420d5aea72c
toy/cache-save/t0/threads1,201,cache_save,1,,0,f,0,0,True,validation/stage1-20261004-0100/exact-counts.jsonl,38,db6e998d9b222d86e512c19a5819bb666e827c721d756b5702ba5a04d24f613f,40c4ae009784dcb8a95e58ba0a4691df29ff4b114baa15c85ed87812002f4c41,8a69d882741c9042875045579f06172e194eedd707668175ecbe6420d5aea72c
toy/cache-save/t0/threads1,201,cache_save,1,,0,h,0,0,True,validation/stage1-20261004-0100/exact-counts.jsonl,38,db6e998d9b222d86e512c19a5819bb666e827c721d756b5702ba5a04d24f613f,40c4ae009784dcb8a95e58ba0a4691df29ff4b114baa15c85ed87812002f4c41,8a69d882741c9042875045579f06172e194eedd707668175ecbe6420d5aea72c
toy/cache-save/t0/threads1,201,cache_save,1,,0,h_msg,0,0,True,validation/stage1-20261004-0100/exact-counts.jsonl,38,db6e998d9b222d86e512c19a5819bb666e827c721d756b5702ba5a04d24f613f,40c4ae009784dcb8a95e58ba0a4691df29ff4b114baa15c85ed87812002f4c41,8a69d882741c9042875045579f06172e194eedd707668175ecbe6420d5aea72c
toy/cache-save/t0/threads1,201,cache_save,1,,0,prf,0,0,True,validation/stage1-20261004-0100/exact-counts.jsonl,38,db6e998d9b222d86e512c19a5819bb666e827c721d756b5702ba5a04d24f613f,40c4ae009784dcb8a95e58ba0a4691df29ff4b114baa15c85ed87812002f4c41,8a69d882741c9042875045579f06172e194eedd707668175ecbe6420d5aea72c
toy/cache-save/t0/threads1,201,cache_save,1,,0,prf_msg,0,0,True,validation/stage1-20261004-0100/exact-counts.jsonl,38,db6e998d9b222d86e512c19a5819bb666e827c721d756b5702ba5a04d24f613f,40c4ae009784dcb8a95e58ba0a4691df29ff4b114baa15c85ed87812002f4c41,8a69d882741c9042875045579f06172e194eedd707668175ecbe6420d5aea72c
toy/cache-save/t0/threads1,201,cache_save,1,,0,t,0,0,True,validation/stage1-20261004-0100/exact-counts.jsonl,38,db6e998d9b222d86e512c19a5819bb666e827c721d756b5702ba5a04d24f613f,40c4ae009784dcb8a95e58ba0a4691df29ff4b114baa15c85ed87812002f4c41,8a69d882741c9042875045579f06172e194eedd707668175ecbe6420d5aea72c
toy/cache-load/t0/threads1,201,cache_load,1,,0,compress,1024,1024,True,validation/stage1-20261004-0100/exact-counts.jsonl,39,db6e998d9b222d86e512c19a5819bb666e827c721d756b5702ba5a04d24f613f,c4529ca89b83a8082c78f391be9417b2938fb564abcdec69749d1b78962d9073,8a69d882741c9042875045579f06172e194eedd707668175ecbe6420d5aea72c
toy/cache-load/t0/threads1,201,cache_load,1,,0,f,0,0,True,validation/stage1-20261004-0100/exact-counts.jsonl,39,db6e998d9b222d86e512c19a5819bb666e827c721d756b5702ba5a04d24f613f,c4529ca89b83a8082c78f391be9417b2938fb564abcdec69749d1b78962d9073,8a69d882741c9042875045579f06172e194eedd707668175ecbe6420d5aea72c
toy/cache-load/t0/threads1,201,cache_load,1,,0,h,1023,1023,True,validation/stage1-20261004-0100/exact-counts.jsonl,39,db6e998d9b222d86e512c19a5819bb666e827c721d756b5702ba5a04d24f613f,c4529ca89b83a8082c78f391be9417b2938fb564abcdec69749d1b78962d9073,8a69d882741c9042875045579f06172e194eedd707668175ecbe6420d5aea72c
toy/cache-load/t0/threads1,201,cache_load,1,,0,h_msg,0,0,True,validation/stage1-20261004-0100/exact-counts.jsonl,39,db6e998d9b222d86e512c19a5819bb666e827c721d756b5702ba5a04d24f613f,c4529ca89b83a8082c78f391be9417b2938fb564abcdec69749d1b78962d9073,8a69d882741c9042875045579f06172e194eedd707668175ecbe6420d5aea72c
toy/cache-load/t0/threads1,201,cache_load,1,,0,prf,0,0,True,validation/stage1-20261004-0100/exact-counts.jsonl,39,db6e998d9b222d86e512c19a5819bb666e827c721d756b5702ba5a04d24f613f,c4529ca89b83a8082c78f391be9417b2938fb564abcdec69749d1b78962d9073,8a69d882741c9042875045579f06172e194eedd707668175ecbe6420d5aea72c
toy/cache-load/t0/threads1,201,cache_load,1,,0,prf_msg,0,0,True,validation/stage1-20261004-0100/exact-counts.jsonl,39,db6e998d9b222d86e512c19a5819bb666e827c721d756b5702ba5a04d24f613f,c4529ca89b83a8082c78f391be9417b2938fb564abcdec69749d1b78962d9073,8a69d882741c9042875045579f06172e194eedd707668175ecbe6420d5aea72c
toy/cache-load/t0/threads1,201,cache_load,1,,0,t,0,0,True,validation/stage1-20261004-0100/exact-counts.jsonl,39,db6e998d9b222d86e512c19a5819bb666e827c721d756b5702ba5a04d24f613f,c4529ca89b83a8082c78f391be9417b2938fb564abcdec69749d1b78962d9073,8a69d882741c9042875045579f06172e194eedd707668175ecbe6420d5aea72c
toy/cache-build/t5/threads1,201,cache_build,1,,5,compress,297984,297984,True,validation/stage1-20261004-0100/exact-counts.jsonl,40,db6e998d9b222d86e512c19a5819bb666e827c721d756b5702ba5a04d24f613f,2266420cbbee0f86e032b674b8f5e85ef5c55e286da6689c3f9abc9db5337665,8a69d882741c9042875045579f06172e194eedd707668175ecbe6420d5aea72c
toy/cache-build/t5/threads1,201,cache_build,1,,5,f,208896,208896,True,validation/stage1-20261004-0100/exact-counts.jsonl,40,db6e998d9b222d86e512c19a5819bb666e827c721d756b5702ba5a04d24f613f,2266420cbbee0f86e032b674b8f5e85ef5c55e286da6689c3f9abc9db5337665,8a69d882741c9042875045579f06172e194eedd707668175ecbe6420d5aea72c
toy/cache-build/t5/threads1,201,cache_build,1,,5,h,1023,1023,True,validation/stage1-20261004-0100/exact-counts.jsonl,40,db6e998d9b222d86e512c19a5819bb666e827c721d756b5702ba5a04d24f613f,2266420cbbee0f86e032b674b8f5e85ef5c55e286da6689c3f9abc9db5337665,8a69d882741c9042875045579f06172e194eedd707668175ecbe6420d5aea72c
toy/cache-build/t5/threads1,201,cache_build,1,,5,h_msg,0,0,True,validation/stage1-20261004-0100/exact-counts.jsonl,40,db6e998d9b222d86e512c19a5819bb666e827c721d756b5702ba5a04d24f613f,2266420cbbee0f86e032b674b8f5e85ef5c55e286da6689c3f9abc9db5337665,8a69d882741c9042875045579f06172e194eedd707668175ecbe6420d5aea72c
toy/cache-build/t5/threads1,201,cache_build,1,,5,prf,69632,69632,True,validation/stage1-20261004-0100/exact-counts.jsonl,40,db6e998d9b222d86e512c19a5819bb666e827c721d756b5702ba5a04d24f613f,2266420cbbee0f86e032b674b8f5e85ef5c55e286da6689c3f9abc9db5337665,8a69d882741c9042875045579f06172e194eedd707668175ecbe6420d5aea72c
toy/cache-build/t5/threads1,201,cache_build,1,,5,prf_msg,0,0,True,validation/stage1-20261004-0100/exact-counts.jsonl,40,db6e998d9b222d86e512c19a5819bb666e827c721d756b5702ba5a04d24f613f,2266420cbbee0f86e032b674b8f5e85ef5c55e286da6689c3f9abc9db5337665,8a69d882741c9042875045579f06172e194eedd707668175ecbe6420d5aea72c
toy/cache-build/t5/threads1,201,cache_build,1,,5,t,1024,1024,True,validation/stage1-20261004-0100/exact-counts.jsonl,40,db6e998d9b222d86e512c19a5819bb666e827c721d756b5702ba5a04d24f613f,2266420cbbee0f86e032b674b8f5e85ef5c55e286da6689c3f9abc9db5337665,8a69d882741c9042875045579f06172e194eedd707668175ecbe6420d5aea72c
toy/cache-save/t5/threads1,201,cache_save,1,,5,compress,0,0,True,validation/stage1-20261004-0100/exact-counts.jsonl,41,db6e998d9b222d86e512c19a5819bb666e827c721d756b5702ba5a04d24f613f,82f95e327bbf67184e19afdaa5e55b41f2124737f4d305e124c6b5775e6ccb61,8a69d882741c9042875045579f06172e194eedd707668175ecbe6420d5aea72c
toy/cache-save/t5/threads1,201,cache_save,1,,5,f,0,0,True,validation/stage1-20261004-0100/exact-counts.jsonl,41,db6e998d9b222d86e512c19a5819bb666e827c721d756b5702ba5a04d24f613f,82f95e327bbf67184e19afdaa5e55b41f2124737f4d305e124c6b5775e6ccb61,8a69d882741c9042875045579f06172e194eedd707668175ecbe6420d5aea72c
toy/cache-save/t5/threads1,201,cache_save,1,,5,h,0,0,True,validation/stage1-20261004-0100/exact-counts.jsonl,41,db6e998d9b222d86e512c19a5819bb666e827c721d756b5702ba5a04d24f613f,82f95e327bbf67184e19afdaa5e55b41f2124737f4d305e124c6b5775e6ccb61,8a69d882741c9042875045579f06172e194eedd707668175ecbe6420d5aea72c
toy/cache-save/t5/threads1,201,cache_save,1,,5,h_msg,0,0,True,validation/stage1-20261004-0100/exact-counts.jsonl,41,db6e998d9b222d86e512c19a5819bb666e827c721d756b5702ba5a04d24f613f,82f95e327bbf67184e19afdaa5e55b41f2124737f4d305e124c6b5775e6ccb61,8a69d882741c9042875045579f06172e194eedd707668175ecbe6420d5aea72c
toy/cache-save/t5/threads1,201,cache_save,1,,5,prf,0,0,True,validation/stage1-20261004-0100/exact-counts.jsonl,41,db6e998d9b222d86e512c19a5819bb666e827c721d756b5702ba5a04d24f613f,82f95e327bbf67184e19afdaa5e55b41f2124737f4d305e124c6b5775e6ccb61,8a69d882741c9042875045579f06172e194eedd707668175ecbe6420d5aea72c
toy/cache-save/t5/threads1,201,cache_save,1,,5,prf_msg,0,0,True,validation/stage1-20261004-0100/exact-counts.jsonl,41,db6e998d9b222d86e512c19a5819bb666e827c721d756b5702ba5a04d24f613f,82f95e327bbf67184e19afdaa5e55b41f2124737f4d305e124c6b5775e6ccb61,8a69d882741c9042875045579f06172e194eedd707668175ecbe6420d5aea72c
toy/cache-save/t5/threads1,201,cache_save,1,,5,t,0,0,True,validation/stage1-20261004-0100/exact-counts.jsonl,41,db6e998d9b222d86e512c19a5819bb666e827c721d756b5702ba5a04d24f613f,82f95e327bbf67184e19afdaa5e55b41f2124737f4d305e124c6b5775e6ccb61,8a69d882741c9042875045579f06172e194eedd707668175ecbe6420d5aea72c
toy/cache-load/t5/threads1,201,cache_load,1,,5,compress,32,32,True,validation/stage1-20261004-0100/exact-counts.jsonl,42,db6e998d9b222d86e512c19a5819bb666e827c721d756b5702ba5a04d24f613f,4a5c266a34d80e8cf82d541af0ccf8053f842ee7ec9dd173421a0d0c8eaba5f4,8a69d882741c9042875045579f06172e194eedd707668175ecbe6420d5aea72c
toy/cache-load/t5/threads1,201,cache_load,1,,5,f,0,0,True,validation/stage1-20261004-0100/exact-counts.jsonl,42,db6e998d9b222d86e512c19a5819bb666e827c721d756b5702ba5a04d24f613f,4a5c266a34d80e8cf82d541af0ccf8053f842ee7ec9dd173421a0d0c8eaba5f4,8a69d882741c9042875045579f06172e194eedd707668175ecbe6420d5aea72c
toy/cache-load/t5/threads1,201,cache_load,1,,5,h,31,31,True,validation/stage1-20261004-0100/exact-counts.jsonl,42,db6e998d9b222d86e512c19a5819bb666e827c721d756b5702ba5a04d24f613f,4a5c266a34d80e8cf82d541af0ccf8053f842ee7ec9dd173421a0d0c8eaba5f4,8a69d882741c9042875045579f06172e194eedd707668175ecbe6420d5aea72c
toy/cache-load/t5/threads1,201,cache_load,1,,5,h_msg,0,0,True,validation/stage1-20261004-0100/exact-counts.jsonl,42,db6e998d9b222d86e512c19a5819bb666e827c721d756b5702ba5a04d24f613f,4a5c266a34d80e8cf82d541af0ccf8053f842ee7ec9dd173421a0d0c8eaba5f4,8a69d882741c9042875045579f06172e194eedd707668175ecbe6420d5aea72c
toy/cache-load/t5/threads1,201,cache_load,1,,5,prf,0,0,True,validation/stage1-20261004-0100/exact-counts.jsonl,42,db6e998d9b222d86e512c19a5819bb666e827c721d756b5702ba5a04d24f613f,4a5c266a34d80e8cf82d541af0ccf8053f842ee7ec9dd173421a0d0c8eaba5f4,8a69d882741c9042875045579f06172e194eedd707668175ecbe6420d5aea72c
toy/cache-load/t5/threads1,201,cache_load,1,,5,prf_msg,0,0,True,validation/stage1-20261004-0100/exact-counts.jsonl,42,db6e998d9b222d86e512c19a5819bb666e827c721d756b5702ba5a04d24f613f,4a5c266a34d80e8cf82d541af0ccf8053f842ee7ec9dd173421a0d0c8eaba5f4,8a69d882741c9042875045579f06172e194eedd707668175ecbe6420d5aea72c
toy/cache-load/t5/threads1,201,cache_load,1,,5,t,0,0,True,validation/stage1-20261004-0100/exact-counts.jsonl,42,db6e998d9b222d86e512c19a5819bb666e827c721d756b5702ba5a04d24f613f,4a5c266a34d80e8cf82d541af0ccf8053f842ee7ec9dd173421a0d0c8eaba5f4,8a69d882741c9042875045579f06172e194eedd707668175ecbe6420d5aea72c
toy/cache-build/t10/threads1,201,cache_build,1,,10,compress,297984,297984,True,validation/stage1-20261004-0100/exact-counts.jsonl,43,db6e998d9b222d86e512c19a5819bb666e827c721d756b5702ba5a04d24f613f,43f660222fd3975ec19028453ba7b3ad3b58d678cd5d5cf1744969c80475a828,8a69d882741c9042875045579f06172e194eedd707668175ecbe6420d5aea72c
toy/cache-build/t10/threads1,201,cache_build,1,,10,f,208896,208896,True,validation/stage1-20261004-0100/exact-counts.jsonl,43,db6e998d9b222d86e512c19a5819bb666e827c721d756b5702ba5a04d24f613f,43f660222fd3975ec19028453ba7b3ad3b58d678cd5d5cf1744969c80475a828,8a69d882741c9042875045579f06172e194eedd707668175ecbe6420d5aea72c
toy/cache-build/t10/threads1,201,cache_build,1,,10,h,1023,1023,True,validation/stage1-20261004-0100/exact-counts.jsonl,43,db6e998d9b222d86e512c19a5819bb666e827c721d756b5702ba5a04d24f613f,43f660222fd3975ec19028453ba7b3ad3b58d678cd5d5cf1744969c80475a828,8a69d882741c9042875045579f06172e194eedd707668175ecbe6420d5aea72c
toy/cache-build/t10/threads1,201,cache_build,1,,10,h_msg,0,0,True,validation/stage1-20261004-0100/exact-counts.jsonl,43,db6e998d9b222d86e512c19a5819bb666e827c721d756b5702ba5a04d24f613f,43f660222fd3975ec19028453ba7b3ad3b58d678cd5d5cf1744969c80475a828,8a69d882741c9042875045579f06172e194eedd707668175ecbe6420d5aea72c
toy/cache-build/t10/threads1,201,cache_build,1,,10,prf,69632,69632,True,validation/stage1-20261004-0100/exact-counts.jsonl,43,db6e998d9b222d86e512c19a5819bb666e827c721d756b5702ba5a04d24f613f,43f660222fd3975ec19028453ba7b3ad3b58d678cd5d5cf1744969c80475a828,8a69d882741c9042875045579f06172e194eedd707668175ecbe6420d5aea72c
toy/cache-build/t10/threads1,201,cache_build,1,,10,prf_msg,0,0,True,validation/stage1-20261004-0100/exact-counts.jsonl,43,db6e998d9b222d86e512c19a5819bb666e827c721d756b5702ba5a04d24f613f,43f660222fd3975ec19028453ba7b3ad3b58d678cd5d5cf1744969c80475a828,8a69d882741c9042875045579f06172e194eedd707668175ecbe6420d5aea72c
toy/cache-build/t10/threads1,201,cache_build,1,,10,t,1024,1024,True,validation/stage1-20261004-0100/exact-counts.jsonl,43,db6e998d9b222d86e512c19a5819bb666e827c721d756b5702ba5a04d24f613f,43f660222fd3975ec19028453ba7b3ad3b58d678cd5d5cf1744969c80475a828,8a69d882741c9042875045579f06172e194eedd707668175ecbe6420d5aea72c
toy/cache-save/t10/threads1,201,cache_save,1,,10,compress,0,0,True,validation/stage1-20261004-0100/exact-counts.jsonl,44,db6e998d9b222d86e512c19a5819bb666e827c721d756b5702ba5a04d24f613f,d32004b92d09b6715550c407a1d8c86d8a1ed38159d863d1b0276d81e925b2da,8a69d882741c9042875045579f06172e194eedd707668175ecbe6420d5aea72c
toy/cache-save/t10/threads1,201,cache_save,1,,10,f,0,0,True,validation/stage1-20261004-0100/exact-counts.jsonl,44,db6e998d9b222d86e512c19a5819bb666e827c721d756b5702ba5a04d24f613f,d32004b92d09b6715550c407a1d8c86d8a1ed38159d863d1b0276d81e925b2da,8a69d882741c9042875045579f06172e194eedd707668175ecbe6420d5aea72c
toy/cache-save/t10/threads1,201,cache_save,1,,10,h,0,0,True,validation/stage1-20261004-0100/exact-counts.jsonl,44,db6e998d9b222d86e512c19a5819bb666e827c721d756b5702ba5a04d24f613f,d32004b92d09b6715550c407a1d8c86d8a1ed38159d863d1b0276d81e925b2da,8a69d882741c9042875045579f06172e194eedd707668175ecbe6420d5aea72c
toy/cache-save/t10/threads1,201,cache_save,1,,10,h_msg,0,0,True,validation/stage1-20261004-0100/exact-counts.jsonl,44,db6e998d9b222d86e512c19a5819bb666e827c721d756b5702ba5a04d24f613f,d32004b92d09b6715550c407a1d8c86d8a1ed38159d863d1b0276d81e925b2da,8a69d882741c9042875045579f06172e194eedd707668175ecbe6420d5aea72c
toy/cache-save/t10/threads1,201,cache_save,1,,10,prf,0,0,True,validation/stage1-20261004-0100/exact-counts.jsonl,44,db6e998d9b222d86e512c19a5819bb666e827c721d756b5702ba5a04d24f613f,d32004b92d09b6715550c407a1d8c86d8a1ed38159d863d1b0276d81e925b2da,8a69d882741c9042875045579f06172e194eedd707668175ecbe6420d5aea72c
toy/cache-save/t10/threads1,201,cache_save,1,,10,prf_msg,0,0,True,validation/stage1-20261004-0100/exact-counts.jsonl,44,db6e998d9b222d86e512c19a5819bb666e827c721d756b5702ba5a04d24f613f,d32004b92d09b6715550c407a1d8c86d8a1ed38159d863d1b0276d81e925b2da,8a69d882741c9042875045579f06172e194eedd707668175ecbe6420d5aea72c
toy/cache-save/t10/threads1,201,cache_save,1,,10,t,0,0,True,validation/stage1-20261004-0100/exact-counts.jsonl,44,db6e998d9b222d86e512c19a5819bb666e827c721d756b5702ba5a04d24f613f,d32004b92d09b6715550c407a1d8c86d8a1ed38159d863d1b0276d81e925b2da,8a69d882741c9042875045579f06172e194eedd707668175ecbe6420d5aea72c
toy/cache-load/t10/threads1,201,cache_load,1,,10,compress,1,1,True,validation/stage1-20261004-0100/exact-counts.jsonl,45,db6e998d9b222d86e512c19a5819bb666e827c721d756b5702ba5a04d24f613f,02de1ab0e90be320592146b6a452f954ab555a918519505a6e22615f5ddc8057,8a69d882741c9042875045579f06172e194eedd707668175ecbe6420d5aea72c
toy/cache-load/t10/threads1,201,cache_load,1,,10,f,0,0,True,validation/stage1-20261004-0100/exact-counts.jsonl,45,db6e998d9b222d86e512c19a5819bb666e827c721d756b5702ba5a04d24f613f,02de1ab0e90be320592146b6a452f954ab555a918519505a6e22615f5ddc8057,8a69d882741c9042875045579f06172e194eedd707668175ecbe6420d5aea72c
toy/cache-load/t10/threads1,201,cache_load,1,,10,h,0,0,True,validation/stage1-20261004-0100/exact-counts.jsonl,45,db6e998d9b222d86e512c19a5819bb666e827c721d756b5702ba5a04d24f613f,02de1ab0e90be320592146b6a452f954ab555a918519505a6e22615f5ddc8057,8a69d882741c9042875045579f06172e194eedd707668175ecbe6420d5aea72c
toy/cache-load/t10/threads1,201,cache_load,1,,10,h_msg,0,0,True,validation/stage1-20261004-0100/exact-counts.jsonl,45,db6e998d9b222d86e512c19a5819bb666e827c721d756b5702ba5a04d24f613f,02de1ab0e90be320592146b6a452f954ab555a918519505a6e22615f5ddc8057,8a69d882741c9042875045579f06172e194eedd707668175ecbe6420d5aea72c
toy/cache-load/t10/threads1,201,cache_load,1,,10,prf,0,0,True,validation/stage1-20261004-0100/exact-counts.jsonl,45,db6e998d9b222d86e512c19a5819bb666e827c721d756b5702ba5a04d24f613f,02de1ab0e90be320592146b6a452f954ab555a918519505a6e22615f5ddc8057,8a69d882741c9042875045579f06172e194eedd707668175ecbe6420d5aea72c
toy/cache-load/t10/threads1,201,cache_load,1,,10,prf_msg,0,0,True,validation/stage1-20261004-0100/exact-counts.jsonl,45,db6e998d9b222d86e512c19a5819bb666e827c721d756b5702ba5a04d24f613f,02de1ab0e90be320592146b6a452f954ab555a918519505a6e22615f5ddc8057,8a69d882741c9042875045579f06172e194eedd707668175ecbe6420d5aea72c
toy/cache-load/t10/threads1,201,cache_load,1,,10,t,0,0,True,validation/stage1-20261004-0100/exact-counts.jsonl,45,db6e998d9b222d86e512c19a5819bb666e827c721d756b5702ba5a04d24f613f,02de1ab0e90be320592146b6a452f954ab555a918519505a6e22615f5ddc8057,8a69d882741c9042875045579f06172e194eedd707668175ecbe6420d5aea72c
pid201/internal-mp-0/none/t1/sign,201,sign,1,internal,,compress,316277,316277,True,validation/stage1-20261004-0100/exact-counts.jsonl,46,db6e998d9b222d86e512c19a5819bb666e827c721d756b5702ba5a04d24f613f,bd2fbd173c0374326a0d5922816364ec1d0415a2d04bfc4d8810c4c2cee89dc0,8a69d882741c9042875045579f06172e194eedd707668175ecbe6420d5aea72c
pid201/internal-mp-0/none/t1/sign,201,sign,1,internal,,f,214920,214920,True,validation/stage1-20261004-0100/exact-counts.jsonl,46,db6e998d9b222d86e512c19a5819bb666e827c721d756b5702ba5a04d24f613f,bd2fbd173c0374326a0d5922816364ec1d0415a2d04bfc4d8810c4c2cee89dc0,8a69d882741c9042875045579f06172e194eedd707668175ecbe6420d5aea72c
pid201/internal-mp-0/none/t1/sign,201,sign,1,internal,,h,7151,7151,True,validation/stage1-20261004-0100/exact-counts.jsonl,46,db6e998d9b222d86e512c19a5819bb666e827c721d756b5702ba5a04d24f613f,bd2fbd173c0374326a0d5922816364ec1d0415a2d04bfc4d8810c4c2cee89dc0,8a69d882741c9042875045579f06172e194eedd707668175ecbe6420d5aea72c
pid201/internal-mp-0/none/t1/sign,201,sign,1,internal,,h_msg,1,1,True,validation/stage1-20261004-0100/exact-counts.jsonl,46,db6e998d9b222d86e512c19a5819bb666e827c721d756b5702ba5a04d24f613f,bd2fbd173c0374326a0d5922816364ec1d0415a2d04bfc4d8810c4c2cee89dc0,8a69d882741c9042875045579f06172e194eedd707668175ecbe6420d5aea72c
pid201/internal-mp-0/none/t1/sign,201,sign,1,internal,,prf,75782,75782,True,validation/stage1-20261004-0100/exact-counts.jsonl,46,db6e998d9b222d86e512c19a5819bb666e827c721d756b5702ba5a04d24f613f,bd2fbd173c0374326a0d5922816364ec1d0415a2d04bfc4d8810c4c2cee89dc0,8a69d882741c9042875045579f06172e194eedd707668175ecbe6420d5aea72c
pid201/internal-mp-0/none/t1/sign,201,sign,1,internal,,prf_msg,1,1,True,validation/stage1-20261004-0100/exact-counts.jsonl,46,db6e998d9b222d86e512c19a5819bb666e827c721d756b5702ba5a04d24f613f,bd2fbd173c0374326a0d5922816364ec1d0415a2d04bfc4d8810c4c2cee89dc0,8a69d882741c9042875045579f06172e194eedd707668175ecbe6420d5aea72c
pid201/internal-mp-0/none/t1/sign,201,sign,1,internal,,t,1024,1024,True,validation/stage1-20261004-0100/exact-counts.jsonl,46,db6e998d9b222d86e512c19a5819bb666e827c721d756b5702ba5a04d24f613f,bd2fbd173c0374326a0d5922816364ec1d0415a2d04bfc4d8810c4c2cee89dc0,8a69d882741c9042875045579f06172e194eedd707668175ecbe6420d5aea72c
pid201/internal-mp-0/none/t1/verify,201,verify,1,internal,,compress,220,220,True,validation/stage1-20261004-0100/exact-counts.jsonl,47,db6e998d9b222d86e512c19a5819bb666e827c721d756b5702ba5a04d24f613f,320c970049534ebcf804fda93782157fd81d27b70734597009703da275f5a551,8a69d882741c9042875045579f06172e194eedd707668175ecbe6420d5aea72c
pid201/internal-mp-0/none/t1/verify,201,verify,1,internal,,f,126,126,True,validation/stage1-20261004-0100/exact-counts.jsonl,47,db6e998d9b222d86e512c19a5819bb666e827c721d756b5702ba5a04d24f613f,320c970049534ebcf804fda93782157fd81d27b70734597009703da275f5a551,8a69d882741c9042875045579f06172e194eedd707668175ecbe6420d5aea72c
pid201/internal-mp-0/none/t1/verify,201,verify,1,internal,,h,70,70,True,validation/stage1-20261004-0100/exact-counts.jsonl,47,db6e998d9b222d86e512c19a5819bb666e827c721d756b5702ba5a04d24f613f,320c970049534ebcf804fda93782157fd81d27b70734597009703da275f5a551,8a69d882741c9042875045579f06172e194eedd707668175ecbe6420d5aea72c
pid201/internal-mp-0/none/t1/verify,201,verify,1,internal,,h_msg,1,1,True,validation/stage1-20261004-0100/exact-counts.jsonl,47,db6e998d9b222d86e512c19a5819bb666e827c721d756b5702ba5a04d24f613f,320c970049534ebcf804fda93782157fd81d27b70734597009703da275f5a551,8a69d882741c9042875045579f06172e194eedd707668175ecbe6420d5aea72c
pid201/internal-mp-0/none/t1/verify,201,verify,1,internal,,prf,0,0,True,validation/stage1-20261004-0100/exact-counts.jsonl,47,db6e998d9b222d86e512c19a5819bb666e827c721d756b5702ba5a04d24f613f,320c970049534ebcf804fda93782157fd81d27b70734597009703da275f5a551,8a69d882741c9042875045579f06172e194eedd707668175ecbe6420d5aea72c
pid201/internal-mp-0/none/t1/verify,201,verify,1,internal,,prf_msg,0,0,True,validation/stage1-20261004-0100/exact-counts.jsonl,47,db6e998d9b222d86e512c19a5819bb666e827c721d756b5702ba5a04d24f613f,320c970049534ebcf804fda93782157fd81d27b70734597009703da275f5a551,8a69d882741c9042875045579f06172e194eedd707668175ecbe6420d5aea72c
pid201/internal-mp-0/none/t1/verify,201,verify,1,internal,,t,2,2,True,validation/stage1-20261004-0100/exact-counts.jsonl,47,db6e998d9b222d86e512c19a5819bb666e827c721d756b5702ba5a04d24f613f,320c970049534ebcf804fda93782157fd81d27b70734597009703da275f5a551,8a69d882741c9042875045579f06172e194eedd707668175ecbe6420d5aea72c
pid201/internal-mp-1/none/t1/sign,201,sign,1,internal,,compress,316304,316304,True,validation/stage1-20261004-0100/exact-counts.jsonl,48,db6e998d9b222d86e512c19a5819bb666e827c721d756b5702ba5a04d24f613f,2d994ba88a59e59fe3feb137cdcd4f4526a7556ad7977cbf4733ddac0cbae699,8a69d882741c9042875045579f06172e194eedd707668175ecbe6420d5aea72c
pid201/internal-mp-1/none/t1/sign,201,sign,1,internal,,f,214947,214947,True,validation/stage1-20261004-0100/exact-counts.jsonl,48,db6e998d9b222d86e512c19a5819bb666e827c721d756b5702ba5a04d24f613f,2d994ba88a59e59fe3feb137cdcd4f4526a7556ad7977cbf4733ddac0cbae699,8a69d882741c9042875045579f06172e194eedd707668175ecbe6420d5aea72c
pid201/internal-mp-1/none/t1/sign,201,sign,1,internal,,h,7151,7151,True,validation/stage1-20261004-0100/exact-counts.jsonl,48,db6e998d9b222d86e512c19a5819bb666e827c721d756b5702ba5a04d24f613f,2d994ba88a59e59fe3feb137cdcd4f4526a7556ad7977cbf4733ddac0cbae699,8a69d882741c9042875045579f06172e194eedd707668175ecbe6420d5aea72c
pid201/internal-mp-1/none/t1/sign,201,sign,1,internal,,h_msg,1,1,True,validation/stage1-20261004-0100/exact-counts.jsonl,48,db6e998d9b222d86e512c19a5819bb666e827c721d756b5702ba5a04d24f613f,2d994ba88a59e59fe3feb137cdcd4f4526a7556ad7977cbf4733ddac0cbae699,8a69d882741c9042875045579f06172e194eedd707668175ecbe6420d5aea72c
pid201/internal-mp-1/none/t1/sign,201,sign,1,internal,,prf,75782,75782,True,validation/stage1-20261004-0100/exact-counts.jsonl,48,db6e998d9b222d86e512c19a5819bb666e827c721d756b5702ba5a04d24f613f,2d994ba88a59e59fe3feb137cdcd4f4526a7556ad7977cbf4733ddac0cbae699,8a69d882741c9042875045579f06172e194eedd707668175ecbe6420d5aea72c
pid201/internal-mp-1/none/t1/sign,201,sign,1,internal,,prf_msg,1,1,True,validation/stage1-20261004-0100/exact-counts.jsonl,48,db6e998d9b222d86e512c19a5819bb666e827c721d756b5702ba5a04d24f613f,2d994ba88a59e59fe3feb137cdcd4f4526a7556ad7977cbf4733ddac0cbae699,8a69d882741c9042875045579f06172e194eedd707668175ecbe6420d5aea72c
pid201/internal-mp-1/none/t1/sign,201,sign,1,internal,,t,1024,1024,True,validation/stage1-20261004-0100/exact-counts.jsonl,48,db6e998d9b222d86e512c19a5819bb666e827c721d756b5702ba5a04d24f613f,2d994ba88a59e59fe3feb137cdcd4f4526a7556ad7977cbf4733ddac0cbae699,8a69d882741c9042875045579f06172e194eedd707668175ecbe6420d5aea72c
pid201/internal-mp-1/none/t1/verify,201,verify,1,internal,,compress,193,193,True,validation/stage1-20261004-0100/exact-counts.jsonl,49,db6e998d9b222d86e512c19a5819bb666e827c721d756b5702ba5a04d24f613f,a612eedb86df50850a93c23cac08d2cd5e3ed8fbc5036ab8a9d8852ae13b415b,8a69d882741c9042875045579f06172e194eedd707668175ecbe6420d5aea72c
pid201/internal-mp-1/none/t1/verify,201,verify,1,internal,,f,99,99,True,validation/stage1-20261004-0100/exact-counts.jsonl,49,db6e998d9b222d86e512c19a5819bb666e827c721d756b5702ba5a04d24f613f,a612eedb86df50850a93c23cac08d2cd5e3ed8fbc5036ab8a9d8852ae13b415b,8a69d882741c9042875045579f06172e194eedd707668175ecbe6420d5aea72c
pid201/internal-mp-1/none/t1/verify,201,verify,1,internal,,h,70,70,True,validation/stage1-20261004-0100/exact-counts.jsonl,49,db6e998d9b222d86e512c19a5819bb666e827c721d756b5702ba5a04d24f613f,a612eedb86df50850a93c23cac08d2cd5e3ed8fbc5036ab8a9d8852ae13b415b,8a69d882741c9042875045579f06172e194eedd707668175ecbe6420d5aea72c
pid201/internal-mp-1/none/t1/verify,201,verify,1,internal,,h_msg,1,1,True,validation/stage1-20261004-0100/exact-counts.jsonl,49,db6e998d9b222d86e512c19a5819bb666e827c721d756b5702ba5a04d24f613f,a612eedb86df50850a93c23cac08d2cd5e3ed8fbc5036ab8a9d8852ae13b415b,8a69d882741c9042875045579f06172e194eedd707668175ecbe6420d5aea72c
pid201/internal-mp-1/none/t1/verify,201,verify,1,internal,,prf,0,0,True,validation/stage1-20261004-0100/exact-counts.jsonl,49,db6e998d9b222d86e512c19a5819bb666e827c721d756b5702ba5a04d24f613f,a612eedb86df50850a93c23cac08d2cd5e3ed8fbc5036ab8a9d8852ae13b415b,8a69d882741c9042875045579f06172e194eedd707668175ecbe6420d5aea72c
pid201/internal-mp-1/none/t1/verify,201,verify,1,internal,,prf_msg,0,0,True,validation/stage1-20261004-0100/exact-counts.jsonl,49,db6e998d9b222d86e512c19a5819bb666e827c721d756b5702ba5a04d24f613f,a612eedb86df50850a93c23cac08d2cd5e3ed8fbc5036ab8a9d8852ae13b415b,8a69d882741c9042875045579f06172e194eedd707668175ecbe6420d5aea72c
pid201/internal-mp-1/none/t1/verify,201,verify,1,internal,,t,2,2,True,validation/stage1-20261004-0100/exact-counts.jsonl,49,db6e998d9b222d86e512c19a5819bb666e827c721d756b5702ba5a04d24f613f,a612eedb86df50850a93c23cac08d2cd5e3ed8fbc5036ab8a9d8852ae13b415b,8a69d882741c9042875045579f06172e194eedd707668175ecbe6420d5aea72c
pid201/internal-mp-7/none/t1/sign,201,sign,1,internal,,compress,316289,316289,True,validation/stage1-20261004-0100/exact-counts.jsonl,50,db6e998d9b222d86e512c19a5819bb666e827c721d756b5702ba5a04d24f613f,d8cede0fa36b72b93c1ee5d82aba7894c6cf209d985060a7f39326ea1fb9f4f8,8a69d882741c9042875045579f06172e194eedd707668175ecbe6420d5aea72c
pid201/internal-mp-7/none/t1/sign,201,sign,1,internal,,f,214932,214932,True,validation/stage1-20261004-0100/exact-counts.jsonl,50,db6e998d9b222d86e512c19a5819bb666e827c721d756b5702ba5a04d24f613f,d8cede0fa36b72b93c1ee5d82aba7894c6cf209d985060a7f39326ea1fb9f4f8,8a69d882741c9042875045579f06172e194eedd707668175ecbe6420d5aea72c
pid201/internal-mp-7/none/t1/sign,201,sign,1,internal,,h,7151,7151,True,validation/stage1-20261004-0100/exact-counts.jsonl,50,db6e998d9b222d86e512c19a5819bb666e827c721d756b5702ba5a04d24f613f,d8cede0fa36b72b93c1ee5d82aba7894c6cf209d985060a7f39326ea1fb9f4f8,8a69d882741c9042875045579f06172e194eedd707668175ecbe6420d5aea72c
pid201/internal-mp-7/none/t1/sign,201,sign,1,internal,,h_msg,1,1,True,validation/stage1-20261004-0100/exact-counts.jsonl,50,db6e998d9b222d86e512c19a5819bb666e827c721d756b5702ba5a04d24f613f,d8cede0fa36b72b93c1ee5d82aba7894c6cf209d985060a7f39326ea1fb9f4f8,8a69d882741c9042875045579f06172e194eedd707668175ecbe6420d5aea72c
pid201/internal-mp-7/none/t1/sign,201,sign,1,internal,,prf,75782,75782,True,validation/stage1-20261004-0100/exact-counts.jsonl,50,db6e998d9b222d86e512c19a5819bb666e827c721d756b5702ba5a04d24f613f,d8cede0fa36b72b93c1ee5d82aba7894c6cf209d985060a7f39326ea1fb9f4f8,8a69d882741c9042875045579f06172e194eedd707668175ecbe6420d5aea72c
pid201/internal-mp-7/none/t1/sign,201,sign,1,internal,,prf_msg,1,1,True,validation/stage1-20261004-0100/exact-counts.jsonl,50,db6e998d9b222d86e512c19a5819bb666e827c721d756b5702ba5a04d24f613f,d8cede0fa36b72b93c1ee5d82aba7894c6cf209d985060a7f39326ea1fb9f4f8,8a69d882741c9042875045579f06172e194eedd707668175ecbe6420d5aea72c
pid201/internal-mp-7/none/t1/sign,201,sign,1,internal,,t,1024,1024,True,validation/stage1-20261004-0100/exact-counts.jsonl,50,db6e998d9b222d86e512c19a5819bb666e827c721d756b5702ba5a04d24f613f,d8cede0fa36b72b93c1ee5d82aba7894c6cf209d985060a7f39326ea1fb9f4f8,8a69d882741c9042875045579f06172e194eedd707668175ecbe6420d5aea72c
pid201/internal-mp-7/none/t1/verify,201,verify,1,internal,,compress,208,208,True,validation/stage1-20261004-0100/exact-counts.jsonl,51,db6e998d9b222d86e512c19a5819bb666e827c721d756b5702ba5a04d24f613f,e1e4acf83793c2fd17410152519ebc3bc48ba8415f2b2ce42c1964d97d905ebb,8a69d882741c9042875045579f06172e194eedd707668175ecbe6420d5aea72c
pid201/internal-mp-7/none/t1/verify,201,verify,1,internal,,f,114,114,True,validation/stage1-20261004-0100/exact-counts.jsonl,51,db6e998d9b222d86e512c19a5819bb666e827c721d756b5702ba5a04d24f613f,e1e4acf83793c2fd17410152519ebc3bc48ba8415f2b2ce42c1964d97d905ebb,8a69d882741c9042875045579f06172e194eedd707668175ecbe6420d5aea72c
pid201/internal-mp-7/none/t1/verify,201,verify,1,internal,,h,70,70,True,validation/stage1-20261004-0100/exact-counts.jsonl,51,db6e998d9b222d86e512c19a5819bb666e827c721d756b5702ba5a04d24f613f,e1e4acf83793c2fd17410152519ebc3bc48ba8415f2b2ce42c1964d97d905ebb,8a69d882741c9042875045579f06172e194eedd707668175ecbe6420d5aea72c
pid201/internal-mp-7/none/t1/verify,201,verify,1,internal,,h_msg,1,1,True,validation/stage1-20261004-0100/exact-counts.jsonl,51,db6e998d9b222d86e512c19a5819bb666e827c721d756b5702ba5a04d24f613f,e1e4acf83793c2fd17410152519ebc3bc48ba8415f2b2ce42c1964d97d905ebb,8a69d882741c9042875045579f06172e194eedd707668175ecbe6420d5aea72c
pid201/internal-mp-7/none/t1/verify,201,verify,1,internal,,prf,0,0,True,validation/stage1-20261004-0100/exact-counts.jsonl,51,db6e998d9b222d86e512c19a5819bb666e827c721d756b5702ba5a04d24f613f,e1e4acf83793c2fd17410152519ebc3bc48ba8415f2b2ce42c1964d97d905ebb,8a69d882741c9042875045579f06172e194eedd707668175ecbe6420d5aea72c
pid201/internal-mp-7/none/t1/verify,201,verify,1,internal,,prf_msg,0,0,True,validation/stage1-20261004-0100/exact-counts.jsonl,51,db6e998d9b222d86e512c19a5819bb666e827c721d756b5702ba5a04d24f613f,e1e4acf83793c2fd17410152519ebc3bc48ba8415f2b2ce42c1964d97d905ebb,8a69d882741c9042875045579f06172e194eedd707668175ecbe6420d5aea72c
pid201/internal-mp-7/none/t1/verify,201,verify,1,internal,,t,2,2,True,validation/stage1-20261004-0100/exact-counts.jsonl,51,db6e998d9b222d86e512c19a5819bb666e827c721d756b5702ba5a04d24f613f,e1e4acf83793c2fd17410152519ebc3bc48ba8415f2b2ce42c1964d97d905ebb,8a69d882741c9042875045579f06172e194eedd707668175ecbe6420d5aea72c
pid201/internal-mp-8/none/t1/sign,201,sign,1,internal,,compress,316299,316299,True,validation/stage1-20261004-0100/exact-counts.jsonl,52,db6e998d9b222d86e512c19a5819bb666e827c721d756b5702ba5a04d24f613f,ded014cebc5aec8ff931ab84a0f9b32a464a5353d86bcc17bc536acfda58b0f5,8a69d882741c9042875045579f06172e194eedd707668175ecbe6420d5aea72c
pid201/internal-mp-8/none/t1/sign,201,sign,1,internal,,f,214941,214941,True,validation/stage1-20261004-0100/exact-counts.jsonl,52,db6e998d9b222d86e512c19a5819bb666e827c721d756b5702ba5a04d24f613f,ded014cebc5aec8ff931ab84a0f9b32a464a5353d86bcc17bc536acfda58b0f5,8a69d882741c9042875045579f06172e194eedd707668175ecbe6420d5aea72c
pid201/internal-mp-8/none/t1/sign,201,sign,1,internal,,h,7151,7151,True,validation/stage1-20261004-0100/exact-counts.jsonl,52,db6e998d9b222d86e512c19a5819bb666e827c721d756b5702ba5a04d24f613f,ded014cebc5aec8ff931ab84a0f9b32a464a5353d86bcc17bc536acfda58b0f5,8a69d882741c9042875045579f06172e194eedd707668175ecbe6420d5aea72c
pid201/internal-mp-8/none/t1/sign,201,sign,1,internal,,h_msg,1,1,True,validation/stage1-20261004-0100/exact-counts.jsonl,52,db6e998d9b222d86e512c19a5819bb666e827c721d756b5702ba5a04d24f613f,ded014cebc5aec8ff931ab84a0f9b32a464a5353d86bcc17bc536acfda58b0f5,8a69d882741c9042875045579f06172e194eedd707668175ecbe6420d5aea72c
pid201/internal-mp-8/none/t1/sign,201,sign,1,internal,,prf,75782,75782,True,validation/stage1-20261004-0100/exact-counts.jsonl,52,db6e998d9b222d86e512c19a5819bb666e827c721d756b5702ba5a04d24f613f,ded014cebc5aec8ff931ab84a0f9b32a464a5353d86bcc17bc536acfda58b0f5,8a69d882741c9042875045579f06172e194eedd707668175ecbe6420d5aea72c
pid201/internal-mp-8/none/t1/sign,201,sign,1,internal,,prf_msg,1,1,True,validation/stage1-20261004-0100/exact-counts.jsonl,52,db6e998d9b222d86e512c19a5819bb666e827c721d756b5702ba5a04d24f613f,ded014cebc5aec8ff931ab84a0f9b32a464a5353d86bcc17bc536acfda58b0f5,8a69d882741c9042875045579f06172e194eedd707668175ecbe6420d5aea72c
pid201/internal-mp-8/none/t1/sign,201,sign,1,internal,,t,1024,1024,True,validation/stage1-20261004-0100/exact-counts.jsonl,52,db6e998d9b222d86e512c19a5819bb666e827c721d756b5702ba5a04d24f613f,ded014cebc5aec8ff931ab84a0f9b32a464a5353d86bcc17bc536acfda58b0f5,8a69d882741c9042875045579f06172e194eedd707668175ecbe6420d5aea72c
pid201/internal-mp-8/none/t1/verify,201,verify,1,internal,,compress,200,200,True,validation/stage1-20261004-0100/exact-counts.jsonl,53,db6e998d9b222d86e512c19a5819bb666e827c721d756b5702ba5a04d24f613f,75805df036db719ff9756fbd21e88a36a634484a8fc67fa1183b08425535167f,8a69d882741c9042875045579f06172e194eedd707668175ecbe6420d5aea72c
pid201/internal-mp-8/none/t1/verify,201,verify,1,internal,,f,105,105,True,validation/stage1-20261004-0100/exact-counts.jsonl,53,db6e998d9b222d86e512c19a5819bb666e827c721d756b5702ba5a04d24f613f,75805df036db719ff9756fbd21e88a36a634484a8fc67fa1183b08425535167f,8a69d882741c9042875045579f06172e194eedd707668175ecbe6420d5aea72c
pid201/internal-mp-8/none/t1/verify,201,verify,1,internal,,h,70,70,True,validation/stage1-20261004-0100/exact-counts.jsonl,53,db6e998d9b222d86e512c19a5819bb666e827c721d756b5702ba5a04d24f613f,75805df036db719ff9756fbd21e88a36a634484a8fc67fa1183b08425535167f,8a69d882741c9042875045579f06172e194eedd707668175ecbe6420d5aea72c
pid201/internal-mp-8/none/t1/verify,201,verify,1,internal,,h_msg,1,1,True,validation/stage1-20261004-0100/exact-counts.jsonl,53,db6e998d9b222d86e512c19a5819bb666e827c721d756b5702ba5a04d24f613f,75805df036db719ff9756fbd21e88a36a634484a8fc67fa1183b08425535167f,8a69d882741c9042875045579f06172e194eedd707668175ecbe6420d5aea72c
pid201/internal-mp-8/none/t1/verify,201,verify,1,internal,,prf,0,0,True,validation/stage1-20261004-0100/exact-counts.jsonl,53,db6e998d9b222d86e512c19a5819bb666e827c721d756b5702ba5a04d24f613f,75805df036db719ff9756fbd21e88a36a634484a8fc67fa1183b08425535167f,8a69d882741c9042875045579f06172e194eedd707668175ecbe6420d5aea72c
pid201/internal-mp-8/none/t1/verify,201,verify,1,internal,,prf_msg,0,0,True,validation/stage1-20261004-0100/exact-counts.jsonl,53,db6e998d9b222d86e512c19a5819bb666e827c721d756b5702ba5a04d24f613f,75805df036db719ff9756fbd21e88a36a634484a8fc67fa1183b08425535167f,8a69d882741c9042875045579f06172e194eedd707668175ecbe6420d5aea72c
pid201/internal-mp-8/none/t1/verify,201,verify,1,internal,,t,2,2,True,validation/stage1-20261004-0100/exact-counts.jsonl,53,db6e998d9b222d86e512c19a5819bb666e827c721d756b5702ba5a04d24f613f,75805df036db719ff9756fbd21e88a36a634484a8fc67fa1183b08425535167f,8a69d882741c9042875045579f06172e194eedd707668175ecbe6420d5aea72c
pid201/internal-mp-39/none/t1/sign,201,sign,1,internal,,compress,316305,316305,True,validation/stage1-20261004-0100/exact-counts.jsonl,54,db6e998d9b222d86e512c19a5819bb666e827c721d756b5702ba5a04d24f613f,3b9c6a843eefb524477fb2f073a47654877be89fdf8fca64eeb933700b85dba9,8a69d882741c9042875045579f06172e194eedd707668175ecbe6420d5aea72c
pid201/internal-mp-39/none/t1/sign,201,sign,1,internal,,f,214947,214947,True,validation/stage1-20261004-0100/exact-counts.jsonl,54,db6e998d9b222d86e512c19a5819bb666e827c721d756b5702ba5a04d24f613f,3b9c6a843eefb524477fb2f073a47654877be89fdf8fca64eeb933700b85dba9,8a69d882741c9042875045579f06172e194eedd707668175ecbe6420d5aea72c
pid201/internal-mp-39/none/t1/sign,201,sign,1,internal,,h,7151,7151,True,validation/stage1-20261004-0100/exact-counts.jsonl,54,db6e998d9b222d86e512c19a5819bb666e827c721d756b5702ba5a04d24f613f,3b9c6a843eefb524477fb2f073a47654877be89fdf8fca64eeb933700b85dba9,8a69d882741c9042875045579f06172e194eedd707668175ecbe6420d5aea72c
pid201/internal-mp-39/none/t1/sign,201,sign,1,internal,,h_msg,1,1,True,validation/stage1-20261004-0100/exact-counts.jsonl,54,db6e998d9b222d86e512c19a5819bb666e827c721d756b5702ba5a04d24f613f,3b9c6a843eefb524477fb2f073a47654877be89fdf8fca64eeb933700b85dba9,8a69d882741c9042875045579f06172e194eedd707668175ecbe6420d5aea72c
pid201/internal-mp-39/none/t1/sign,201,sign,1,internal,,prf,75782,75782,True,validation/stage1-20261004-0100/exact-counts.jsonl,54,db6e998d9b222d86e512c19a5819bb666e827c721d756b5702ba5a04d24f613f,3b9c6a843eefb524477fb2f073a47654877be89fdf8fca64eeb933700b85dba9,8a69d882741c9042875045579f06172e194eedd707668175ecbe6420d5aea72c
pid201/internal-mp-39/none/t1/sign,201,sign,1,internal,,prf_msg,1,1,True,validation/stage1-20261004-0100/exact-counts.jsonl,54,db6e998d9b222d86e512c19a5819bb666e827c721d756b5702ba5a04d24f613f,3b9c6a843eefb524477fb2f073a47654877be89fdf8fca64eeb933700b85dba9,8a69d882741c9042875045579f06172e194eedd707668175ecbe6420d5aea72c
pid201/internal-mp-39/none/t1/sign,201,sign,1,internal,,t,1024,1024,True,validation/stage1-20261004-0100/exact-counts.jsonl,54,db6e998d9b222d86e512c19a5819bb666e827c721d756b5702ba5a04d24f613f,3b9c6a843eefb524477fb2f073a47654877be89fdf8fca64eeb933700b85dba9,8a69d882741c9042875045579f06172e194eedd707668175ecbe6420d5aea72c
pid201/internal-mp-39/none/t1/verify,201,verify,1,internal,,compress,194,194,True,validation/stage1-20261004-0100/exact-counts.jsonl,55,db6e998d9b222d86e512c19a5819bb666e827c721d756b5702ba5a04d24f613f,8a96ff3ff58991109484c1ac4c2ad84db9d07886195d30bff16ee839057980d8,8a69d882741c9042875045579f06172e194eedd707668175ecbe6420d5aea72c
pid201/internal-mp-39/none/t1/verify,201,verify,1,internal,,f,99,99,True,validation/stage1-20261004-0100/exact-counts.jsonl,55,db6e998d9b222d86e512c19a5819bb666e827c721d756b5702ba5a04d24f613f,8a96ff3ff58991109484c1ac4c2ad84db9d07886195d30bff16ee839057980d8,8a69d882741c9042875045579f06172e194eedd707668175ecbe6420d5aea72c
pid201/internal-mp-39/none/t1/verify,201,verify,1,internal,,h,70,70,True,validation/stage1-20261004-0100/exact-counts.jsonl,55,db6e998d9b222d86e512c19a5819bb666e827c721d756b5702ba5a04d24f613f,8a96ff3ff58991109484c1ac4c2ad84db9d07886195d30bff16ee839057980d8,8a69d882741c9042875045579f06172e194eedd707668175ecbe6420d5aea72c
pid201/internal-mp-39/none/t1/verify,201,verify,1,internal,,h_msg,1,1,True,validation/stage1-20261004-0100/exact-counts.jsonl,55,db6e998d9b222d86e512c19a5819bb666e827c721d756b5702ba5a04d24f613f,8a96ff3ff58991109484c1ac4c2ad84db9d07886195d30bff16ee839057980d8,8a69d882741c9042875045579f06172e194eedd707668175ecbe6420d5aea72c
pid201/internal-mp-39/none/t1/verify,201,verify,1,internal,,prf,0,0,True,validation/stage1-20261004-0100/exact-counts.jsonl,55,db6e998d9b222d86e512c19a5819bb666e827c721d756b5702ba5a04d24f613f,8a96ff3ff58991109484c1ac4c2ad84db9d07886195d30bff16ee839057980d8,8a69d882741c9042875045579f06172e194eedd707668175ecbe6420d5aea72c
pid201/internal-mp-39/none/t1/verify,201,verify,1,internal,,prf_msg,0,0,True,validation/stage1-20261004-0100/exact-counts.jsonl,55,db6e998d9b222d86e512c19a5819bb666e827c721d756b5702ba5a04d24f613f,8a96ff3ff58991109484c1ac4c2ad84db9d07886195d30bff16ee839057980d8,8a69d882741c9042875045579f06172e194eedd707668175ecbe6420d5aea72c
pid201/internal-mp-39/none/t1/verify,201,verify,1,internal,,t,2,2,True,validation/stage1-20261004-0100/exact-counts.jsonl,55,db6e998d9b222d86e512c19a5819bb666e827c721d756b5702ba5a04d24f613f,8a96ff3ff58991109484c1ac4c2ad84db9d07886195d30bff16ee839057980d8,8a69d882741c9042875045579f06172e194eedd707668175ecbe6420d5aea72c
pid201/internal-mp-40/none/t1/sign,201,sign,1,internal,,compress,316309,316309,True,validation/stage1-20261004-0100/exact-counts.jsonl,56,db6e998d9b222d86e512c19a5819bb666e827c721d756b5702ba5a04d24f613f,f9fa9b92cf802a1d25d9655d8cb873a8ae6fcf6e7d7f608884587bbfc2805835,8a69d882741c9042875045579f06172e194eedd707668175ecbe6420d5aea72c
pid201/internal-mp-40/none/t1/sign,201,sign,1,internal,,f,214950,214950,True,validation/stage1-20261004-0100/exact-counts.jsonl,56,db6e998d9b222d86e512c19a5819bb666e827c721d756b5702ba5a04d24f613f,f9fa9b92cf802a1d25d9655d8cb873a8ae6fcf6e7d7f608884587bbfc2805835,8a69d882741c9042875045579f06172e194eedd707668175ecbe6420d5aea72c
pid201/internal-mp-40/none/t1/sign,201,sign,1,internal,,h,7151,7151,True,validation/stage1-20261004-0100/exact-counts.jsonl,56,db6e998d9b222d86e512c19a5819bb666e827c721d756b5702ba5a04d24f613f,f9fa9b92cf802a1d25d9655d8cb873a8ae6fcf6e7d7f608884587bbfc2805835,8a69d882741c9042875045579f06172e194eedd707668175ecbe6420d5aea72c
pid201/internal-mp-40/none/t1/sign,201,sign,1,internal,,h_msg,1,1,True,validation/stage1-20261004-0100/exact-counts.jsonl,56,db6e998d9b222d86e512c19a5819bb666e827c721d756b5702ba5a04d24f613f,f9fa9b92cf802a1d25d9655d8cb873a8ae6fcf6e7d7f608884587bbfc2805835,8a69d882741c9042875045579f06172e194eedd707668175ecbe6420d5aea72c
pid201/internal-mp-40/none/t1/sign,201,sign,1,internal,,prf,75782,75782,True,validation/stage1-20261004-0100/exact-counts.jsonl,56,db6e998d9b222d86e512c19a5819bb666e827c721d756b5702ba5a04d24f613f,f9fa9b92cf802a1d25d9655d8cb873a8ae6fcf6e7d7f608884587bbfc2805835,8a69d882741c9042875045579f06172e194eedd707668175ecbe6420d5aea72c
pid201/internal-mp-40/none/t1/sign,201,sign,1,internal,,prf_msg,1,1,True,validation/stage1-20261004-0100/exact-counts.jsonl,56,db6e998d9b222d86e512c19a5819bb666e827c721d756b5702ba5a04d24f613f,f9fa9b92cf802a1d25d9655d8cb873a8ae6fcf6e7d7f608884587bbfc2805835,8a69d882741c9042875045579f06172e194eedd707668175ecbe6420d5aea72c
pid201/internal-mp-40/none/t1/sign,201,sign,1,internal,,t,1024,1024,True,validation/stage1-20261004-0100/exact-counts.jsonl,56,db6e998d9b222d86e512c19a5819bb666e827c721d756b5702ba5a04d24f613f,f9fa9b92cf802a1d25d9655d8cb873a8ae6fcf6e7d7f608884587bbfc2805835,8a69d882741c9042875045579f06172e194eedd707668175ecbe6420d5aea72c
pid201/internal-mp-40/none/t1/verify,201,verify,1,internal,,compress,191,191,True,validation/stage1-20261004-0100/exact-counts.jsonl,57,db6e998d9b222d86e512c19a5819bb666e827c721d756b5702ba5a04d24f613f,6a619f7c741c2a76542e5a25fd9927e6b59c8bbb5757803fb22a52ba23958f92,8a69d882741c9042875045579f06172e194eedd707668175ecbe6420d5aea72c
pid201/internal-mp-40/none/t1/verify,201,verify,1,internal,,f,96,96,True,validation/stage1-20261004-0100/exact-counts.jsonl,57,db6e998d9b222d86e512c19a5819bb666e827c721d756b5702ba5a04d24f613f,6a619f7c741c2a76542e5a25fd9927e6b59c8bbb5757803fb22a52ba23958f92,8a69d882741c9042875045579f06172e194eedd707668175ecbe6420d5aea72c
pid201/internal-mp-40/none/t1/verify,201,verify,1,internal,,h,70,70,True,validation/stage1-20261004-0100/exact-counts.jsonl,57,db6e998d9b222d86e512c19a5819bb666e827c721d756b5702ba5a04d24f613f,6a619f7c741c2a76542e5a25fd9927e6b59c8bbb5757803fb22a52ba23958f92,8a69d882741c9042875045579f06172e194eedd707668175ecbe6420d5aea72c
pid201/internal-mp-40/none/t1/verify,201,verify,1,internal,,h_msg,1,1,True,validation/stage1-20261004-0100/exact-counts.jsonl,57,db6e998d9b222d86e512c19a5819bb666e827c721d756b5702ba5a04d24f613f,6a619f7c741c2a76542e5a25fd9927e6b59c8bbb5757803fb22a52ba23958f92,8a69d882741c9042875045579f06172e194eedd707668175ecbe6420d5aea72c
pid201/internal-mp-40/none/t1/verify,201,verify,1,internal,,prf,0,0,True,validation/stage1-20261004-0100/exact-counts.jsonl,57,db6e998d9b222d86e512c19a5819bb666e827c721d756b5702ba5a04d24f613f,6a619f7c741c2a76542e5a25fd9927e6b59c8bbb5757803fb22a52ba23958f92,8a69d882741c9042875045579f06172e194eedd707668175ecbe6420d5aea72c
pid201/internal-mp-40/none/t1/verify,201,verify,1,internal,,prf_msg,0,0,True,validation/stage1-20261004-0100/exact-counts.jsonl,57,db6e998d9b222d86e512c19a5819bb666e827c721d756b5702ba5a04d24f613f,6a619f7c741c2a76542e5a25fd9927e6b59c8bbb5757803fb22a52ba23958f92,8a69d882741c9042875045579f06172e194eedd707668175ecbe6420d5aea72c
pid201/internal-mp-40/none/t1/verify,201,verify,1,internal,,t,2,2,True,validation/stage1-20261004-0100/exact-counts.jsonl,57,db6e998d9b222d86e512c19a5819bb666e827c721d756b5702ba5a04d24f613f,6a619f7c741c2a76542e5a25fd9927e6b59c8bbb5757803fb22a52ba23958f92,8a69d882741c9042875045579f06172e194eedd707668175ecbe6420d5aea72c
pid201/internal-mp-47/none/t1/sign,201,sign,1,internal,,compress,316303,316303,True,validation/stage1-20261004-0100/exact-counts.jsonl,58,db6e998d9b222d86e512c19a5819bb666e827c721d756b5702ba5a04d24f613f,b23a5e619c79da3e9bdfa00d451e78d9e83ed708073fd4cb36786e082b2adf82,8a69d882741c9042875045579f06172e194eedd707668175ecbe6420d5aea72c
pid201/internal-mp-47/none/t1/sign,201,sign,1,internal,,f,214944,214944,True,validation/stage1-20261004-0100/exact-counts.jsonl,58,db6e998d9b222d86e512c19a5819bb666e827c721d756b5702ba5a04d24f613f,b23a5e619c79da3e9bdfa00d451e78d9e83ed708073fd4cb36786e082b2adf82,8a69d882741c9042875045579f06172e194eedd707668175ecbe6420d5aea72c
pid201/internal-mp-47/none/t1/sign,201,sign,1,internal,,h,7151,7151,True,validation/stage1-20261004-0100/exact-counts.jsonl,58,db6e998d9b222d86e512c19a5819bb666e827c721d756b5702ba5a04d24f613f,b23a5e619c79da3e9bdfa00d451e78d9e83ed708073fd4cb36786e082b2adf82,8a69d882741c9042875045579f06172e194eedd707668175ecbe6420d5aea72c
pid201/internal-mp-47/none/t1/sign,201,sign,1,internal,,h_msg,1,1,True,validation/stage1-20261004-0100/exact-counts.jsonl,58,db6e998d9b222d86e512c19a5819bb666e827c721d756b5702ba5a04d24f613f,b23a5e619c79da3e9bdfa00d451e78d9e83ed708073fd4cb36786e082b2adf82,8a69d882741c9042875045579f06172e194eedd707668175ecbe6420d5aea72c
pid201/internal-mp-47/none/t1/sign,201,sign,1,internal,,prf,75782,75782,True,validation/stage1-20261004-0100/exact-counts.jsonl,58,db6e998d9b222d86e512c19a5819bb666e827c721d756b5702ba5a04d24f613f,b23a5e619c79da3e9bdfa00d451e78d9e83ed708073fd4cb36786e082b2adf82,8a69d882741c9042875045579f06172e194eedd707668175ecbe6420d5aea72c
pid201/internal-mp-47/none/t1/sign,201,sign,1,internal,,prf_msg,1,1,True,validation/stage1-20261004-0100/exact-counts.jsonl,58,db6e998d9b222d86e512c19a5819bb666e827c721d756b5702ba5a04d24f613f,b23a5e619c79da3e9bdfa00d451e78d9e83ed708073fd4cb36786e082b2adf82,8a69d882741c9042875045579f06172e194eedd707668175ecbe6420d5aea72c
pid201/internal-mp-47/none/t1/sign,201,sign,1,internal,,t,1024,1024,True,validation/stage1-20261004-0100/exact-counts.jsonl,58,db6e998d9b222d86e512c19a5819bb666e827c721d756b5702ba5a04d24f613f,b23a5e619c79da3e9bdfa00d451e78d9e83ed708073fd4cb36786e082b2adf82,8a69d882741c9042875045579f06172e194eedd707668175ecbe6420d5aea72c
pid201/internal-mp-47/none/t1/verify,201,verify,1,internal,,compress,197,197,True,validation/stage1-20261004-0100/exact-counts.jsonl,59,db6e998d9b222d86e512c19a5819bb666e827c721d756b5702ba5a04d24f613f,3fd8b8821341a1b20f86135785998ea4c49277db31cfafbf53c46a7d1ab008b4,8a69d882741c9042875045579f06172e194eedd707668175ecbe6420d5aea72c
pid201/internal-mp-47/none/t1/verify,201,verify,1,internal,,f,102,102,True,validation/stage1-20261004-0100/exact-counts.jsonl,59,db6e998d9b222d86e512c19a5819bb666e827c721d756b5702ba5a04d24f613f,3fd8b8821341a1b20f86135785998ea4c49277db31cfafbf53c46a7d1ab008b4,8a69d882741c9042875045579f06172e194eedd707668175ecbe6420d5aea72c
pid201/internal-mp-47/none/t1/verify,201,verify,1,internal,,h,70,70,True,validation/stage1-20261004-0100/exact-counts.jsonl,59,db6e998d9b222d86e512c19a5819bb666e827c721d756b5702ba5a04d24f613f,3fd8b8821341a1b20f86135785998ea4c49277db31cfafbf53c46a7d1ab008b4,8a69d882741c9042875045579f06172e194eedd707668175ecbe6420d5aea72c
pid201/internal-mp-47/none/t1/verify,201,verify,1,internal,,h_msg,1,1,True,validation/stage1-20261004-0100/exact-counts.jsonl,59,db6e998d9b222d86e512c19a5819bb666e827c721d756b5702ba5a04d24f613f,3fd8b8821341a1b20f86135785998ea4c49277db31cfafbf53c46a7d1ab008b4,8a69d882741c9042875045579f06172e194eedd707668175ecbe6420d5aea72c
pid201/internal-mp-47/none/t1/verify,201,verify,1,internal,,prf,0,0,True,validation/stage1-20261004-0100/exact-counts.jsonl,59,db6e998d9b222d86e512c19a5819bb666e827c721d756b5702ba5a04d24f613f,3fd8b8821341a1b20f86135785998ea4c49277db31cfafbf53c46a7d1ab008b4,8a69d882741c9042875045579f06172e194eedd707668175ecbe6420d5aea72c
pid201/internal-mp-47/none/t1/verify,201,verify,1,internal,,prf_msg,0,0,True,validation/stage1-20261004-0100/exact-counts.jsonl,59,db6e998d9b222d86e512c19a5819bb666e827c721d756b5702ba5a04d24f613f,3fd8b8821341a1b20f86135785998ea4c49277db31cfafbf53c46a7d1ab008b4,8a69d882741c9042875045579f06172e194eedd707668175ecbe6420d5aea72c
pid201/internal-mp-47/none/t1/verify,201,verify,1,internal,,t,2,2,True,validation/stage1-20261004-0100/exact-counts.jsonl,59,db6e998d9b222d86e512c19a5819bb666e827c721d756b5702ba5a04d24f613f,3fd8b8821341a1b20f86135785998ea4c49277db31cfafbf53c46a7d1ab008b4,8a69d882741c9042875045579f06172e194eedd707668175ecbe6420d5aea72c
pid201/internal-mp-48/none/t1/sign,201,sign,1,internal,,compress,316285,316285,True,validation/stage1-20261004-0100/exact-counts.jsonl,60,db6e998d9b222d86e512c19a5819bb666e827c721d756b5702ba5a04d24f613f,70ab10a1158571eea2782a99bbb3336d97134f05a3f7144ce0b1bcdce2b3becb,8a69d882741c9042875045579f06172e194eedd707668175ecbe6420d5aea72c
pid201/internal-mp-48/none/t1/sign,201,sign,1,internal,,f,214926,214926,True,validation/stage1-20261004-0100/exact-counts.jsonl,60,db6e998d9b222d86e512c19a5819bb666e827c721d756b5702ba5a04d24f613f,70ab10a1158571eea2782a99bbb3336d97134f05a3f7144ce0b1bcdce2b3becb,8a69d882741c9042875045579f06172e194eedd707668175ecbe6420d5aea72c
pid201/internal-mp-48/none/t1/sign,201,sign,1,internal,,h,7151,7151,True,validation/stage1-20261004-0100/exact-counts.jsonl,60,db6e998d9b222d86e512c19a5819bb666e827c721d756b5702ba5a04d24f613f,70ab10a1158571eea2782a99bbb3336d97134f05a3f7144ce0b1bcdce2b3becb,8a69d882741c9042875045579f06172e194eedd707668175ecbe6420d5aea72c
pid201/internal-mp-48/none/t1/sign,201,sign,1,internal,,h_msg,1,1,True,validation/stage1-20261004-0100/exact-counts.jsonl,60,db6e998d9b222d86e512c19a5819bb666e827c721d756b5702ba5a04d24f613f,70ab10a1158571eea2782a99bbb3336d97134f05a3f7144ce0b1bcdce2b3becb,8a69d882741c9042875045579f06172e194eedd707668175ecbe6420d5aea72c
pid201/internal-mp-48/none/t1/sign,201,sign,1,internal,,prf,75782,75782,True,validation/stage1-20261004-0100/exact-counts.jsonl,60,db6e998d9b222d86e512c19a5819bb666e827c721d756b5702ba5a04d24f613f,70ab10a1158571eea2782a99bbb3336d97134f05a3f7144ce0b1bcdce2b3becb,8a69d882741c9042875045579f06172e194eedd707668175ecbe6420d5aea72c
pid201/internal-mp-48/none/t1/sign,201,sign,1,internal,,prf_msg,1,1,True,validation/stage1-20261004-0100/exact-counts.jsonl,60,db6e998d9b222d86e512c19a5819bb666e827c721d756b5702ba5a04d24f613f,70ab10a1158571eea2782a99bbb3336d97134f05a3f7144ce0b1bcdce2b3becb,8a69d882741c9042875045579f06172e194eedd707668175ecbe6420d5aea72c
pid201/internal-mp-48/none/t1/sign,201,sign,1,internal,,t,1024,1024,True,validation/stage1-20261004-0100/exact-counts.jsonl,60,db6e998d9b222d86e512c19a5819bb666e827c721d756b5702ba5a04d24f613f,70ab10a1158571eea2782a99bbb3336d97134f05a3f7144ce0b1bcdce2b3becb,8a69d882741c9042875045579f06172e194eedd707668175ecbe6420d5aea72c
pid201/internal-mp-48/none/t1/verify,201,verify,1,internal,,compress,215,215,True,validation/stage1-20261004-0100/exact-counts.jsonl,61,db6e998d9b222d86e512c19a5819bb666e827c721d756b5702ba5a04d24f613f,2786e98bbee51d4ced396a1e6a7f6b5a7dc358e2a34c271da22fc185f657f2e5,8a69d882741c9042875045579f06172e194eedd707668175ecbe6420d5aea72c
pid201/internal-mp-48/none/t1/verify,201,verify,1,internal,,f,120,120,True,validation/stage1-20261004-0100/exact-counts.jsonl,61,db6e998d9b222d86e512c19a5819bb666e827c721d756b5702ba5a04d24f613f,2786e98bbee51d4ced396a1e6a7f6b5a7dc358e2a34c271da22fc185f657f2e5,8a69d882741c9042875045579f06172e194eedd707668175ecbe6420d5aea72c
pid201/internal-mp-48/none/t1/verify,201,verify,1,internal,,h,70,70,True,validation/stage1-20261004-0100/exact-counts.jsonl,61,db6e998d9b222d86e512c19a5819bb666e827c721d756b5702ba5a04d24f613f,2786e98bbee51d4ced396a1e6a7f6b5a7dc358e2a34c271da22fc185f657f2e5,8a69d882741c9042875045579f06172e194eedd707668175ecbe6420d5aea72c
pid201/internal-mp-48/none/t1/verify,201,verify,1,internal,,h_msg,1,1,True,validation/stage1-20261004-0100/exact-counts.jsonl,61,db6e998d9b222d86e512c19a5819bb666e827c721d756b5702ba5a04d24f613f,2786e98bbee51d4ced396a1e6a7f6b5a7dc358e2a34c271da22fc185f657f2e5,8a69d882741c9042875045579f06172e194eedd707668175ecbe6420d5aea72c
pid201/internal-mp-48/none/t1/verify,201,verify,1,internal,,prf,0,0,True,validation/stage1-20261004-0100/exact-counts.jsonl,61,db6e998d9b222d86e512c19a5819bb666e827c721d756b5702ba5a04d24f613f,2786e98bbee51d4ced396a1e6a7f6b5a7dc358e2a34c271da22fc185f657f2e5,8a69d882741c9042875045579f06172e194eedd707668175ecbe6420d5aea72c
pid201/internal-mp-48/none/t1/verify,201,verify,1,internal,,prf_msg,0,0,True,validation/stage1-20261004-0100/exact-counts.jsonl,61,db6e998d9b222d86e512c19a5819bb666e827c721d756b5702ba5a04d24f613f,2786e98bbee51d4ced396a1e6a7f6b5a7dc358e2a34c271da22fc185f657f2e5,8a69d882741c9042875045579f06172e194eedd707668175ecbe6420d5aea72c
pid201/internal-mp-48/none/t1/verify,201,verify,1,internal,,t,2,2,True,validation/stage1-20261004-0100/exact-counts.jsonl,61,db6e998d9b222d86e512c19a5819bb666e827c721d756b5702ba5a04d24f613f,2786e98bbee51d4ced396a1e6a7f6b5a7dc358e2a34c271da22fc185f657f2e5,8a69d882741c9042875045579f06172e194eedd707668175ecbe6420d5aea72c
pid201/internal-mp-55/none/t1/sign,201,sign,1,internal,,compress,316291,316291,True,validation/stage1-20261004-0100/exact-counts.jsonl,62,db6e998d9b222d86e512c19a5819bb666e827c721d756b5702ba5a04d24f613f,fe4c45c83c627f3f89c90e054262fe3b493d2472e2250f3030b0ec633e5dcc58,8a69d882741c9042875045579f06172e194eedd707668175ecbe6420d5aea72c
pid201/internal-mp-55/none/t1/sign,201,sign,1,internal,,f,214932,214932,True,validation/stage1-20261004-0100/exact-counts.jsonl,62,db6e998d9b222d86e512c19a5819bb666e827c721d756b5702ba5a04d24f613f,fe4c45c83c627f3f89c90e054262fe3b493d2472e2250f3030b0ec633e5dcc58,8a69d882741c9042875045579f06172e194eedd707668175ecbe6420d5aea72c
pid201/internal-mp-55/none/t1/sign,201,sign,1,internal,,h,7151,7151,True,validation/stage1-20261004-0100/exact-counts.jsonl,62,db6e998d9b222d86e512c19a5819bb666e827c721d756b5702ba5a04d24f613f,fe4c45c83c627f3f89c90e054262fe3b493d2472e2250f3030b0ec633e5dcc58,8a69d882741c9042875045579f06172e194eedd707668175ecbe6420d5aea72c
pid201/internal-mp-55/none/t1/sign,201,sign,1,internal,,h_msg,1,1,True,validation/stage1-20261004-0100/exact-counts.jsonl,62,db6e998d9b222d86e512c19a5819bb666e827c721d756b5702ba5a04d24f613f,fe4c45c83c627f3f89c90e054262fe3b493d2472e2250f3030b0ec633e5dcc58,8a69d882741c9042875045579f06172e194eedd707668175ecbe6420d5aea72c
pid201/internal-mp-55/none/t1/sign,201,sign,1,internal,,prf,75782,75782,True,validation/stage1-20261004-0100/exact-counts.jsonl,62,db6e998d9b222d86e512c19a5819bb666e827c721d756b5702ba5a04d24f613f,fe4c45c83c627f3f89c90e054262fe3b493d2472e2250f3030b0ec633e5dcc58,8a69d882741c9042875045579f06172e194eedd707668175ecbe6420d5aea72c
pid201/internal-mp-55/none/t1/sign,201,sign,1,internal,,prf_msg,1,1,True,validation/stage1-20261004-0100/exact-counts.jsonl,62,db6e998d9b222d86e512c19a5819bb666e827c721d756b5702ba5a04d24f613f,fe4c45c83c627f3f89c90e054262fe3b493d2472e2250f3030b0ec633e5dcc58,8a69d882741c9042875045579f06172e194eedd707668175ecbe6420d5aea72c
pid201/internal-mp-55/none/t1/sign,201,sign,1,internal,,t,1024,1024,True,validation/stage1-20261004-0100/exact-counts.jsonl,62,db6e998d9b222d86e512c19a5819bb666e827c721d756b5702ba5a04d24f613f,fe4c45c83c627f3f89c90e054262fe3b493d2472e2250f3030b0ec633e5dcc58,8a69d882741c9042875045579f06172e194eedd707668175ecbe6420d5aea72c
pid201/internal-mp-55/none/t1/verify,201,verify,1,internal,,compress,209,209,True,validation/stage1-20261004-0100/exact-counts.jsonl,63,db6e998d9b222d86e512c19a5819bb666e827c721d756b5702ba5a04d24f613f,eebb7741dce03398cd6f0da4d6ca8603f591b61104ec6c61ec8a346b0c6aca47,8a69d882741c9042875045579f06172e194eedd707668175ecbe6420d5aea72c
pid201/internal-mp-55/none/t1/verify,201,verify,1,internal,,f,114,114,True,validation/stage1-20261004-0100/exact-counts.jsonl,63,db6e998d9b222d86e512c19a5819bb666e827c721d756b5702ba5a04d24f613f,eebb7741dce03398cd6f0da4d6ca8603f591b61104ec6c61ec8a346b0c6aca47,8a69d882741c9042875045579f06172e194eedd707668175ecbe6420d5aea72c
pid201/internal-mp-55/none/t1/verify,201,verify,1,internal,,h,70,70,True,validation/stage1-20261004-0100/exact-counts.jsonl,63,db6e998d9b222d86e512c19a5819bb666e827c721d756b5702ba5a04d24f613f,eebb7741dce03398cd6f0da4d6ca8603f591b61104ec6c61ec8a346b0c6aca47,8a69d882741c9042875045579f06172e194eedd707668175ecbe6420d5aea72c
pid201/internal-mp-55/none/t1/verify,201,verify,1,internal,,h_msg,1,1,True,validation/stage1-20261004-0100/exact-counts.jsonl,63,db6e998d9b222d86e512c19a5819bb666e827c721d756b5702ba5a04d24f613f,eebb7741dce03398cd6f0da4d6ca8603f591b61104ec6c61ec8a346b0c6aca47,8a69d882741c9042875045579f06172e194eedd707668175ecbe6420d5aea72c
pid201/internal-mp-55/none/t1/verify,201,verify,1,internal,,prf,0,0,True,validation/stage1-20261004-0100/exact-counts.jsonl,63,db6e998d9b222d86e512c19a5819bb666e827c721d756b5702ba5a04d24f613f,eebb7741dce03398cd6f0da4d6ca8603f591b61104ec6c61ec8a346b0c6aca47,8a69d882741c9042875045579f06172e194eedd707668175ecbe6420d5aea72c
pid201/internal-mp-55/none/t1/verify,201,verify,1,internal,,prf_msg,0,0,True,validation/stage1-20261004-0100/exact-counts.jsonl,63,db6e998d9b222d86e512c19a5819bb666e827c721d756b5702ba5a04d24f613f,eebb7741dce03398cd6f0da4d6ca8603f591b61104ec6c61ec8a346b0c6aca47,8a69d882741c9042875045579f06172e194eedd707668175ecbe6420d5aea72c
pid201/internal-mp-55/none/t1/verify,201,verify,1,internal,,t,2,2,True,validation/stage1-20261004-0100/exact-counts.jsonl,63,db6e998d9b222d86e512c19a5819bb666e827c721d756b5702ba5a04d24f613f,eebb7741dce03398cd6f0da4d6ca8603f591b61104ec6c61ec8a346b0c6aca47,8a69d882741c9042875045579f06172e194eedd707668175ecbe6420d5aea72c
pid201/internal-mp-56/none/t1/sign,201,sign,1,internal,,compress,316309,316309,True,validation/stage1-20261004-0100/exact-counts.jsonl,64,db6e998d9b222d86e512c19a5819bb666e827c721d756b5702ba5a04d24f613f,016b07af6f98b9ec7d27dddf357e8ae8b304a65a8d7adfcd80ce1a15a37c0e0a,8a69d882741c9042875045579f06172e194eedd707668175ecbe6420d5aea72c
pid201/internal-mp-56/none/t1/sign,201,sign,1,internal,,f,214950,214950,True,validation/stage1-20261004-0100/exact-counts.jsonl,64,db6e998d9b222d86e512c19a5819bb666e827c721d756b5702ba5a04d24f613f,016b07af6f98b9ec7d27dddf357e8ae8b304a65a8d7adfcd80ce1a15a37c0e0a,8a69d882741c9042875045579f06172e194eedd707668175ecbe6420d5aea72c
pid201/internal-mp-56/none/t1/sign,201,sign,1,internal,,h,7151,7151,True,validation/stage1-20261004-0100/exact-counts.jsonl,64,db6e998d9b222d86e512c19a5819bb666e827c721d756b5702ba5a04d24f613f,016b07af6f98b9ec7d27dddf357e8ae8b304a65a8d7adfcd80ce1a15a37c0e0a,8a69d882741c9042875045579f06172e194eedd707668175ecbe6420d5aea72c
pid201/internal-mp-56/none/t1/sign,201,sign,1,internal,,h_msg,1,1,True,validation/stage1-20261004-0100/exact-counts.jsonl,64,db6e998d9b222d86e512c19a5819bb666e827c721d756b5702ba5a04d24f613f,016b07af6f98b9ec7d27dddf357e8ae8b304a65a8d7adfcd80ce1a15a37c0e0a,8a69d882741c9042875045579f06172e194eedd707668175ecbe6420d5aea72c
pid201/internal-mp-56/none/t1/sign,201,sign,1,internal,,prf,75782,75782,True,validation/stage1-20261004-0100/exact-counts.jsonl,64,db6e998d9b222d86e512c19a5819bb666e827c721d756b5702ba5a04d24f613f,016b07af6f98b9ec7d27dddf357e8ae8b304a65a8d7adfcd80ce1a15a37c0e0a,8a69d882741c9042875045579f06172e194eedd707668175ecbe6420d5aea72c
pid201/internal-mp-56/none/t1/sign,201,sign,1,internal,,prf_msg,1,1,True,validation/stage1-20261004-0100/exact-counts.jsonl,64,db6e998d9b222d86e512c19a5819bb666e827c721d756b5702ba5a04d24f613f,016b07af6f98b9ec7d27dddf357e8ae8b304a65a8d7adfcd80ce1a15a37c0e0a,8a69d882741c9042875045579f06172e194eedd707668175ecbe6420d5aea72c
pid201/internal-mp-56/none/t1/sign,201,sign,1,internal,,t,1024,1024,True,validation/stage1-20261004-0100/exact-counts.jsonl,64,db6e998d9b222d86e512c19a5819bb666e827c721d756b5702ba5a04d24f613f,016b07af6f98b9ec7d27dddf357e8ae8b304a65a8d7adfcd80ce1a15a37c0e0a,8a69d882741c9042875045579f06172e194eedd707668175ecbe6420d5aea72c
pid201/internal-mp-56/none/t1/verify,201,verify,1,internal,,compress,191,191,True,validation/stage1-20261004-0100/exact-counts.jsonl,65,db6e998d9b222d86e512c19a5819bb666e827c721d756b5702ba5a04d24f613f,379e19329ddec9ce6224f9f0b10dcd80c350890110e1ed4884ad6a9eda8b9a69,8a69d882741c9042875045579f06172e194eedd707668175ecbe6420d5aea72c
pid201/internal-mp-56/none/t1/verify,201,verify,1,internal,,f,96,96,True,validation/stage1-20261004-0100/exact-counts.jsonl,65,db6e998d9b222d86e512c19a5819bb666e827c721d756b5702ba5a04d24f613f,379e19329ddec9ce6224f9f0b10dcd80c350890110e1ed4884ad6a9eda8b9a69,8a69d882741c9042875045579f06172e194eedd707668175ecbe6420d5aea72c
pid201/internal-mp-56/none/t1/verify,201,verify,1,internal,,h,70,70,True,validation/stage1-20261004-0100/exact-counts.jsonl,65,db6e998d9b222d86e512c19a5819bb666e827c721d756b5702ba5a04d24f613f,379e19329ddec9ce6224f9f0b10dcd80c350890110e1ed4884ad6a9eda8b9a69,8a69d882741c9042875045579f06172e194eedd707668175ecbe6420d5aea72c
pid201/internal-mp-56/none/t1/verify,201,verify,1,internal,,h_msg,1,1,True,validation/stage1-20261004-0100/exact-counts.jsonl,65,db6e998d9b222d86e512c19a5819bb666e827c721d756b5702ba5a04d24f613f,379e19329ddec9ce6224f9f0b10dcd80c350890110e1ed4884ad6a9eda8b9a69,8a69d882741c9042875045579f06172e194eedd707668175ecbe6420d5aea72c
pid201/internal-mp-56/none/t1/verify,201,verify,1,internal,,prf,0,0,True,validation/stage1-20261004-0100/exact-counts.jsonl,65,db6e998d9b222d86e512c19a5819bb666e827c721d756b5702ba5a04d24f613f,379e19329ddec9ce6224f9f0b10dcd80c350890110e1ed4884ad6a9eda8b9a69,8a69d882741c9042875045579f06172e194eedd707668175ecbe6420d5aea72c
pid201/internal-mp-56/none/t1/verify,201,verify,1,internal,,prf_msg,0,0,True,validation/stage1-20261004-0100/exact-counts.jsonl,65,db6e998d9b222d86e512c19a5819bb666e827c721d756b5702ba5a04d24f613f,379e19329ddec9ce6224f9f0b10dcd80c350890110e1ed4884ad6a9eda8b9a69,8a69d882741c9042875045579f06172e194eedd707668175ecbe6420d5aea72c
pid201/internal-mp-56/none/t1/verify,201,verify,1,internal,,t,2,2,True,validation/stage1-20261004-0100/exact-counts.jsonl,65,db6e998d9b222d86e512c19a5819bb666e827c721d756b5702ba5a04d24f613f,379e19329ddec9ce6224f9f0b10dcd80c350890110e1ed4884ad6a9eda8b9a69,8a69d882741c9042875045579f06172e194eedd707668175ecbe6420d5aea72c
pid201/internal-mp-63/none/t1/sign,201,sign,1,internal,,compress,316294,316294,True,validation/stage1-20261004-0100/exact-counts.jsonl,66,db6e998d9b222d86e512c19a5819bb666e827c721d756b5702ba5a04d24f613f,7d8942507fabc6633642665009d16a9845680c1938ad95c9f4faf8c59c1c8f8a,8a69d882741c9042875045579f06172e194eedd707668175ecbe6420d5aea72c
pid201/internal-mp-63/none/t1/sign,201,sign,1,internal,,f,214935,214935,True,validation/stage1-20261004-0100/exact-counts.jsonl,66,db6e998d9b222d86e512c19a5819bb666e827c721d756b5702ba5a04d24f613f,7d8942507fabc6633642665009d16a9845680c1938ad95c9f4faf8c59c1c8f8a,8a69d882741c9042875045579f06172e194eedd707668175ecbe6420d5aea72c
pid201/internal-mp-63/none/t1/sign,201,sign,1,internal,,h,7151,7151,True,validation/stage1-20261004-0100/exact-counts.jsonl,66,db6e998d9b222d86e512c19a5819bb666e827c721d756b5702ba5a04d24f613f,7d8942507fabc6633642665009d16a9845680c1938ad95c9f4faf8c59c1c8f8a,8a69d882741c9042875045579f06172e194eedd707668175ecbe6420d5aea72c
pid201/internal-mp-63/none/t1/sign,201,sign,1,internal,,h_msg,1,1,True,validation/stage1-20261004-0100/exact-counts.jsonl,66,db6e998d9b222d86e512c19a5819bb666e827c721d756b5702ba5a04d24f613f,7d8942507fabc6633642665009d16a9845680c1938ad95c9f4faf8c59c1c8f8a,8a69d882741c9042875045579f06172e194eedd707668175ecbe6420d5aea72c
pid201/internal-mp-63/none/t1/sign,201,sign,1,internal,,prf,75782,75782,True,validation/stage1-20261004-0100/exact-counts.jsonl,66,db6e998d9b222d86e512c19a5819bb666e827c721d756b5702ba5a04d24f613f,7d8942507fabc6633642665009d16a9845680c1938ad95c9f4faf8c59c1c8f8a,8a69d882741c9042875045579f06172e194eedd707668175ecbe6420d5aea72c
pid201/internal-mp-63/none/t1/sign,201,sign,1,internal,,prf_msg,1,1,True,validation/stage1-20261004-0100/exact-counts.jsonl,66,db6e998d9b222d86e512c19a5819bb666e827c721d756b5702ba5a04d24f613f,7d8942507fabc6633642665009d16a9845680c1938ad95c9f4faf8c59c1c8f8a,8a69d882741c9042875045579f06172e194eedd707668175ecbe6420d5aea72c
pid201/internal-mp-63/none/t1/sign,201,sign,1,internal,,t,1024,1024,True,validation/stage1-20261004-0100/exact-counts.jsonl,66,db6e998d9b222d86e512c19a5819bb666e827c721d756b5702ba5a04d24f613f,7d8942507fabc6633642665009d16a9845680c1938ad95c9f4faf8c59c1c8f8a,8a69d882741c9042875045579f06172e194eedd707668175ecbe6420d5aea72c
pid201/internal-mp-63/none/t1/verify,201,verify,1,internal,,compress,206,206,True,validation/stage1-20261004-0100/exact-counts.jsonl,67,db6e998d9b222d86e512c19a5819bb666e827c721d756b5702ba5a04d24f613f,f5f35a17acea479ac32d680fad2becd4b45bf0e7856542727ef96b5274b1bbfc,8a69d882741c9042875045579f06172e194eedd707668175ecbe6420d5aea72c
pid201/internal-mp-63/none/t1/verify,201,verify,1,internal,,f,111,111,True,validation/stage1-20261004-0100/exact-counts.jsonl,67,db6e998d9b222d86e512c19a5819bb666e827c721d756b5702ba5a04d24f613f,f5f35a17acea479ac32d680fad2becd4b45bf0e7856542727ef96b5274b1bbfc,8a69d882741c9042875045579f06172e194eedd707668175ecbe6420d5aea72c
pid201/internal-mp-63/none/t1/verify,201,verify,1,internal,,h,70,70,True,validation/stage1-20261004-0100/exact-counts.jsonl,67,db6e998d9b222d86e512c19a5819bb666e827c721d756b5702ba5a04d24f613f,f5f35a17acea479ac32d680fad2becd4b45bf0e7856542727ef96b5274b1bbfc,8a69d882741c9042875045579f06172e194eedd707668175ecbe6420d5aea72c
pid201/internal-mp-63/none/t1/verify,201,verify,1,internal,,h_msg,1,1,True,validation/stage1-20261004-0100/exact-counts.jsonl,67,db6e998d9b222d86e512c19a5819bb666e827c721d756b5702ba5a04d24f613f,f5f35a17acea479ac32d680fad2becd4b45bf0e7856542727ef96b5274b1bbfc,8a69d882741c9042875045579f06172e194eedd707668175ecbe6420d5aea72c
pid201/internal-mp-63/none/t1/verify,201,verify,1,internal,,prf,0,0,True,validation/stage1-20261004-0100/exact-counts.jsonl,67,db6e998d9b222d86e512c19a5819bb666e827c721d756b5702ba5a04d24f613f,f5f35a17acea479ac32d680fad2becd4b45bf0e7856542727ef96b5274b1bbfc,8a69d882741c9042875045579f06172e194eedd707668175ecbe6420d5aea72c
pid201/internal-mp-63/none/t1/verify,201,verify,1,internal,,prf_msg,0,0,True,validation/stage1-20261004-0100/exact-counts.jsonl,67,db6e998d9b222d86e512c19a5819bb666e827c721d756b5702ba5a04d24f613f,f5f35a17acea479ac32d680fad2becd4b45bf0e7856542727ef96b5274b1bbfc,8a69d882741c9042875045579f06172e194eedd707668175ecbe6420d5aea72c
pid201/internal-mp-63/none/t1/verify,201,verify,1,internal,,t,2,2,True,validation/stage1-20261004-0100/exact-counts.jsonl,67,db6e998d9b222d86e512c19a5819bb666e827c721d756b5702ba5a04d24f613f,f5f35a17acea479ac32d680fad2becd4b45bf0e7856542727ef96b5274b1bbfc,8a69d882741c9042875045579f06172e194eedd707668175ecbe6420d5aea72c
pid201/internal-mp-64/none/t1/sign,201,sign,1,internal,,compress,316294,316294,True,validation/stage1-20261004-0100/exact-counts.jsonl,68,db6e998d9b222d86e512c19a5819bb666e827c721d756b5702ba5a04d24f613f,68a78fbf54605002abd83e698226da6a8d60cb8ef23dd65b1250d554761fb3f7,8a69d882741c9042875045579f06172e194eedd707668175ecbe6420d5aea72c
pid201/internal-mp-64/none/t1/sign,201,sign,1,internal,,f,214935,214935,True,validation/stage1-20261004-0100/exact-counts.jsonl,68,db6e998d9b222d86e512c19a5819bb666e827c721d756b5702ba5a04d24f613f,68a78fbf54605002abd83e698226da6a8d60cb8ef23dd65b1250d554761fb3f7,8a69d882741c9042875045579f06172e194eedd707668175ecbe6420d5aea72c
pid201/internal-mp-64/none/t1/sign,201,sign,1,internal,,h,7151,7151,True,validation/stage1-20261004-0100/exact-counts.jsonl,68,db6e998d9b222d86e512c19a5819bb666e827c721d756b5702ba5a04d24f613f,68a78fbf54605002abd83e698226da6a8d60cb8ef23dd65b1250d554761fb3f7,8a69d882741c9042875045579f06172e194eedd707668175ecbe6420d5aea72c
pid201/internal-mp-64/none/t1/sign,201,sign,1,internal,,h_msg,1,1,True,validation/stage1-20261004-0100/exact-counts.jsonl,68,db6e998d9b222d86e512c19a5819bb666e827c721d756b5702ba5a04d24f613f,68a78fbf54605002abd83e698226da6a8d60cb8ef23dd65b1250d554761fb3f7,8a69d882741c9042875045579f06172e194eedd707668175ecbe6420d5aea72c
pid201/internal-mp-64/none/t1/sign,201,sign,1,internal,,prf,75782,75782,True,validation/stage1-20261004-0100/exact-counts.jsonl,68,db6e998d9b222d86e512c19a5819bb666e827c721d756b5702ba5a04d24f613f,68a78fbf54605002abd83e698226da6a8d60cb8ef23dd65b1250d554761fb3f7,8a69d882741c9042875045579f06172e194eedd707668175ecbe6420d5aea72c
pid201/internal-mp-64/none/t1/sign,201,sign,1,internal,,prf_msg,1,1,True,validation/stage1-20261004-0100/exact-counts.jsonl,68,db6e998d9b222d86e512c19a5819bb666e827c721d756b5702ba5a04d24f613f,68a78fbf54605002abd83e698226da6a8d60cb8ef23dd65b1250d554761fb3f7,8a69d882741c9042875045579f06172e194eedd707668175ecbe6420d5aea72c
pid201/internal-mp-64/none/t1/sign,201,sign,1,internal,,t,1024,1024,True,validation/stage1-20261004-0100/exact-counts.jsonl,68,db6e998d9b222d86e512c19a5819bb666e827c721d756b5702ba5a04d24f613f,68a78fbf54605002abd83e698226da6a8d60cb8ef23dd65b1250d554761fb3f7,8a69d882741c9042875045579f06172e194eedd707668175ecbe6420d5aea72c
pid201/internal-mp-64/none/t1/verify,201,verify,1,internal,,compress,206,206,True,validation/stage1-20261004-0100/exact-counts.jsonl,69,db6e998d9b222d86e512c19a5819bb666e827c721d756b5702ba5a04d24f613f,908432a0a8df70bf310f7198b3aa9978c0b7b751f03fa7f2b973f5a4df08baab,8a69d882741c9042875045579f06172e194eedd707668175ecbe6420d5aea72c
pid201/internal-mp-64/none/t1/verify,201,verify,1,internal,,f,111,111,True,validation/stage1-20261004-0100/exact-counts.jsonl,69,db6e998d9b222d86e512c19a5819bb666e827c721d756b5702ba5a04d24f613f,908432a0a8df70bf310f7198b3aa9978c0b7b751f03fa7f2b973f5a4df08baab,8a69d882741c9042875045579f06172e194eedd707668175ecbe6420d5aea72c
pid201/internal-mp-64/none/t1/verify,201,verify,1,internal,,h,70,70,True,validation/stage1-20261004-0100/exact-counts.jsonl,69,db6e998d9b222d86e512c19a5819bb666e827c721d756b5702ba5a04d24f613f,908432a0a8df70bf310f7198b3aa9978c0b7b751f03fa7f2b973f5a4df08baab,8a69d882741c9042875045579f06172e194eedd707668175ecbe6420d5aea72c
pid201/internal-mp-64/none/t1/verify,201,verify,1,internal,,h_msg,1,1,True,validation/stage1-20261004-0100/exact-counts.jsonl,69,db6e998d9b222d86e512c19a5819bb666e827c721d756b5702ba5a04d24f613f,908432a0a8df70bf310f7198b3aa9978c0b7b751f03fa7f2b973f5a4df08baab,8a69d882741c9042875045579f06172e194eedd707668175ecbe6420d5aea72c
pid201/internal-mp-64/none/t1/verify,201,verify,1,internal,,prf,0,0,True,validation/stage1-20261004-0100/exact-counts.jsonl,69,db6e998d9b222d86e512c19a5819bb666e827c721d756b5702ba5a04d24f613f,908432a0a8df70bf310f7198b3aa9978c0b7b751f03fa7f2b973f5a4df08baab,8a69d882741c9042875045579f06172e194eedd707668175ecbe6420d5aea72c
pid201/internal-mp-64/none/t1/verify,201,verify,1,internal,,prf_msg,0,0,True,validation/stage1-20261004-0100/exact-counts.jsonl,69,db6e998d9b222d86e512c19a5819bb666e827c721d756b5702ba5a04d24f613f,908432a0a8df70bf310f7198b3aa9978c0b7b751f03fa7f2b973f5a4df08baab,8a69d882741c9042875045579f06172e194eedd707668175ecbe6420d5aea72c
pid201/internal-mp-64/none/t1/verify,201,verify,1,internal,,t,2,2,True,validation/stage1-20261004-0100/exact-counts.jsonl,69,db6e998d9b222d86e512c19a5819bb666e827c721d756b5702ba5a04d24f613f,908432a0a8df70bf310f7198b3aa9978c0b7b751f03fa7f2b973f5a4df08baab,8a69d882741c9042875045579f06172e194eedd707668175ecbe6420d5aea72c
pid201/internal-mp-257/none/t1/sign,201,sign,1,internal,,compress,316312,316312,True,validation/stage1-20261004-0100/exact-counts.jsonl,70,db6e998d9b222d86e512c19a5819bb666e827c721d756b5702ba5a04d24f613f,4c253b116b67799d2b86a29ae3909033f756042f88f95c7d27dd21766c4d7971,8a69d882741c9042875045579f06172e194eedd707668175ecbe6420d5aea72c
pid201/internal-mp-257/none/t1/sign,201,sign,1,internal,,f,214947,214947,True,validation/stage1-20261004-0100/exact-counts.jsonl,70,db6e998d9b222d86e512c19a5819bb666e827c721d756b5702ba5a04d24f613f,4c253b116b67799d2b86a29ae3909033f756042f88f95c7d27dd21766c4d7971,8a69d882741c9042875045579f06172e194eedd707668175ecbe6420d5aea72c
pid201/internal-mp-257/none/t1/sign,201,sign,1,internal,,h,7151,7151,True,validation/stage1-20261004-0100/exact-counts.jsonl,70,db6e998d9b222d86e512c19a5819bb666e827c721d756b5702ba5a04d24f613f,4c253b116b67799d2b86a29ae3909033f756042f88f95c7d27dd21766c4d7971,8a69d882741c9042875045579f06172e194eedd707668175ecbe6420d5aea72c
pid201/internal-mp-257/none/t1/sign,201,sign,1,internal,,h_msg,1,1,True,validation/stage1-20261004-0100/exact-counts.jsonl,70,db6e998d9b222d86e512c19a5819bb666e827c721d756b5702ba5a04d24f613f,4c253b116b67799d2b86a29ae3909033f756042f88f95c7d27dd21766c4d7971,8a69d882741c9042875045579f06172e194eedd707668175ecbe6420d5aea72c
pid201/internal-mp-257/none/t1/sign,201,sign,1,internal,,prf,75782,75782,True,validation/stage1-20261004-0100/exact-counts.jsonl,70,db6e998d9b222d86e512c19a5819bb666e827c721d756b5702ba5a04d24f613f,4c253b116b67799d2b86a29ae3909033f756042f88f95c7d27dd21766c4d7971,8a69d882741c9042875045579f06172e194eedd707668175ecbe6420d5aea72c
pid201/internal-mp-257/none/t1/sign,201,sign,1,internal,,prf_msg,1,1,True,validation/stage1-20261004-0100/exact-counts.jsonl,70,db6e998d9b222d86e512c19a5819bb666e827c721d756b5702ba5a04d24f613f,4c253b116b67799d2b86a29ae3909033f756042f88f95c7d27dd21766c4d7971,8a69d882741c9042875045579f06172e194eedd707668175ecbe6420d5aea72c
pid201/internal-mp-257/none/t1/sign,201,sign,1,internal,,t,1024,1024,True,validation/stage1-20261004-0100/exact-counts.jsonl,70,db6e998d9b222d86e512c19a5819bb666e827c721d756b5702ba5a04d24f613f,4c253b116b67799d2b86a29ae3909033f756042f88f95c7d27dd21766c4d7971,8a69d882741c9042875045579f06172e194eedd707668175ecbe6420d5aea72c
pid201/internal-mp-257/none/t1/verify,201,verify,1,internal,,compress,197,197,True,validation/stage1-20261004-0100/exact-counts.jsonl,71,db6e998d9b222d86e512c19a5819bb666e827c721d756b5702ba5a04d24f613f,0e9ae44326ed14b765bcc13d64a8f7ccbfe735adb24408c85aab5ec7ad00eb54,8a69d882741c9042875045579f06172e194eedd707668175ecbe6420d5aea72c
pid201/internal-mp-257/none/t1/verify,201,verify,1,internal,,f,99,99,True,validation/stage1-20261004-0100/exact-counts.jsonl,71,db6e998d9b222d86e512c19a5819bb666e827c721d756b5702ba5a04d24f613f,0e9ae44326ed14b765bcc13d64a8f7ccbfe735adb24408c85aab5ec7ad00eb54,8a69d882741c9042875045579f06172e194eedd707668175ecbe6420d5aea72c
pid201/internal-mp-257/none/t1/verify,201,verify,1,internal,,h,70,70,True,validation/stage1-20261004-0100/exact-counts.jsonl,71,db6e998d9b222d86e512c19a5819bb666e827c721d756b5702ba5a04d24f613f,0e9ae44326ed14b765bcc13d64a8f7ccbfe735adb24408c85aab5ec7ad00eb54,8a69d882741c9042875045579f06172e194eedd707668175ecbe6420d5aea72c
pid201/internal-mp-257/none/t1/verify,201,verify,1,internal,,h_msg,1,1,True,validation/stage1-20261004-0100/exact-counts.jsonl,71,db6e998d9b222d86e512c19a5819bb666e827c721d756b5702ba5a04d24f613f,0e9ae44326ed14b765bcc13d64a8f7ccbfe735adb24408c85aab5ec7ad00eb54,8a69d882741c9042875045579f06172e194eedd707668175ecbe6420d5aea72c
pid201/internal-mp-257/none/t1/verify,201,verify,1,internal,,prf,0,0,True,validation/stage1-20261004-0100/exact-counts.jsonl,71,db6e998d9b222d86e512c19a5819bb666e827c721d756b5702ba5a04d24f613f,0e9ae44326ed14b765bcc13d64a8f7ccbfe735adb24408c85aab5ec7ad00eb54,8a69d882741c9042875045579f06172e194eedd707668175ecbe6420d5aea72c
pid201/internal-mp-257/none/t1/verify,201,verify,1,internal,,prf_msg,0,0,True,validation/stage1-20261004-0100/exact-counts.jsonl,71,db6e998d9b222d86e512c19a5819bb666e827c721d756b5702ba5a04d24f613f,0e9ae44326ed14b765bcc13d64a8f7ccbfe735adb24408c85aab5ec7ad00eb54,8a69d882741c9042875045579f06172e194eedd707668175ecbe6420d5aea72c
pid201/internal-mp-257/none/t1/verify,201,verify,1,internal,,t,2,2,True,validation/stage1-20261004-0100/exact-counts.jsonl,71,db6e998d9b222d86e512c19a5819bb666e827c721d756b5702ba5a04d24f613f,0e9ae44326ed14b765bcc13d64a8f7ccbfe735adb24408c85aab5ec7ad00eb54,8a69d882741c9042875045579f06172e194eedd707668175ecbe6420d5aea72c
pid201/pure-context-0/none/t1/sign,201,sign,1,pure,,compress,316301,316301,True,validation/stage1-20261004-0100/exact-counts.jsonl,72,db6e998d9b222d86e512c19a5819bb666e827c721d756b5702ba5a04d24f613f,d6a87c5dd3c536d25f7902c9608abc69d73c6d12da73fc1f0f63418eaba40861,8a69d882741c9042875045579f06172e194eedd707668175ecbe6420d5aea72c
pid201/pure-context-0/none/t1/sign,201,sign,1,pure,,f,214944,214944,True,validation/stage1-20261004-0100/exact-counts.jsonl,72,db6e998d9b222d86e512c19a5819bb666e827c721d756b5702ba5a04d24f613f,d6a87c5dd3c536d25f7902c9608abc69d73c6d12da73fc1f0f63418eaba40861,8a69d882741c9042875045579f06172e194eedd707668175ecbe6420d5aea72c
pid201/pure-context-0/none/t1/sign,201,sign,1,pure,,h,7151,7151,True,validation/stage1-20261004-0100/exact-counts.jsonl,72,db6e998d9b222d86e512c19a5819bb666e827c721d756b5702ba5a04d24f613f,d6a87c5dd3c536d25f7902c9608abc69d73c6d12da73fc1f0f63418eaba40861,8a69d882741c9042875045579f06172e194eedd707668175ecbe6420d5aea72c
pid201/pure-context-0/none/t1/sign,201,sign,1,pure,,h_msg,1,1,True,validation/stage1-20261004-0100/exact-counts.jsonl,72,db6e998d9b222d86e512c19a5819bb666e827c721d756b5702ba5a04d24f613f,d6a87c5dd3c536d25f7902c9608abc69d73c6d12da73fc1f0f63418eaba40861,8a69d882741c9042875045579f06172e194eedd707668175ecbe6420d5aea72c
pid201/pure-context-0/none/t1/sign,201,sign,1,pure,,prf,75782,75782,True,validation/stage1-20261004-0100/exact-counts.jsonl,72,db6e998d9b222d86e512c19a5819bb666e827c721d756b5702ba5a04d24f613f,d6a87c5dd3c536d25f7902c9608abc69d73c6d12da73fc1f0f63418eaba40861,8a69d882741c9042875045579f06172e194eedd707668175ecbe6420d5aea72c
pid201/pure-context-0/none/t1/sign,201,sign,1,pure,,prf_msg,1,1,True,validation/stage1-20261004-0100/exact-counts.jsonl,72,db6e998d9b222d86e512c19a5819bb666e827c721d756b5702ba5a04d24f613f,d6a87c5dd3c536d25f7902c9608abc69d73c6d12da73fc1f0f63418eaba40861,8a69d882741c9042875045579f06172e194eedd707668175ecbe6420d5aea72c
pid201/pure-context-0/none/t1/sign,201,sign,1,pure,,t,1024,1024,True,validation/stage1-20261004-0100/exact-counts.jsonl,72,db6e998d9b222d86e512c19a5819bb666e827c721d756b5702ba5a04d24f613f,d6a87c5dd3c536d25f7902c9608abc69d73c6d12da73fc1f0f63418eaba40861,8a69d882741c9042875045579f06172e194eedd707668175ecbe6420d5aea72c
pid201/pure-context-0/none/t1/verify,201,verify,1,pure,,compress,196,196,True,validation/stage1-20261004-0100/exact-counts.jsonl,73,db6e998d9b222d86e512c19a5819bb666e827c721d756b5702ba5a04d24f613f,1a23b09b1b725b1bdb736666b1f9a61f8539434ade5629c495d44b8d670e7168,8a69d882741c9042875045579f06172e194eedd707668175ecbe6420d5aea72c
pid201/pure-context-0/none/t1/verify,201,verify,1,pure,,f,102,102,True,validation/stage1-20261004-0100/exact-counts.jsonl,73,db6e998d9b222d86e512c19a5819bb666e827c721d756b5702ba5a04d24f613f,1a23b09b1b725b1bdb736666b1f9a61f8539434ade5629c495d44b8d670e7168,8a69d882741c9042875045579f06172e194eedd707668175ecbe6420d5aea72c
pid201/pure-context-0/none/t1/verify,201,verify,1,pure,,h,70,70,True,validation/stage1-20261004-0100/exact-counts.jsonl,73,db6e998d9b222d86e512c19a5819bb666e827c721d756b5702ba5a04d24f613f,1a23b09b1b725b1bdb736666b1f9a61f8539434ade5629c495d44b8d670e7168,8a69d882741c9042875045579f06172e194eedd707668175ecbe6420d5aea72c
pid201/pure-context-0/none/t1/verify,201,verify,1,pure,,h_msg,1,1,True,validation/stage1-20261004-0100/exact-counts.jsonl,73,db6e998d9b222d86e512c19a5819bb666e827c721d756b5702ba5a04d24f613f,1a23b09b1b725b1bdb736666b1f9a61f8539434ade5629c495d44b8d670e7168,8a69d882741c9042875045579f06172e194eedd707668175ecbe6420d5aea72c
pid201/pure-context-0/none/t1/verify,201,verify,1,pure,,prf,0,0,True,validation/stage1-20261004-0100/exact-counts.jsonl,73,db6e998d9b222d86e512c19a5819bb666e827c721d756b5702ba5a04d24f613f,1a23b09b1b725b1bdb736666b1f9a61f8539434ade5629c495d44b8d670e7168,8a69d882741c9042875045579f06172e194eedd707668175ecbe6420d5aea72c
pid201/pure-context-0/none/t1/verify,201,verify,1,pure,,prf_msg,0,0,True,validation/stage1-20261004-0100/exact-counts.jsonl,73,db6e998d9b222d86e512c19a5819bb666e827c721d756b5702ba5a04d24f613f,1a23b09b1b725b1bdb736666b1f9a61f8539434ade5629c495d44b8d670e7168,8a69d882741c9042875045579f06172e194eedd707668175ecbe6420d5aea72c
pid201/pure-context-0/none/t1/verify,201,verify,1,pure,,t,2,2,True,validation/stage1-20261004-0100/exact-counts.jsonl,73,db6e998d9b222d86e512c19a5819bb666e827c721d756b5702ba5a04d24f613f,1a23b09b1b725b1bdb736666b1f9a61f8539434ade5629c495d44b8d670e7168,8a69d882741c9042875045579f06172e194eedd707668175ecbe6420d5aea72c
pid201/pure-context-255/none/t1/sign,201,sign,1,pure,,compress,316302,316302,True,validation/stage1-20261004-0100/exact-counts.jsonl,74,db6e998d9b222d86e512c19a5819bb666e827c721d756b5702ba5a04d24f613f,eeb64bb6bdae26b09754714082d31406c6c2881409f60bc640ef6b84624847ba,8a69d882741c9042875045579f06172e194eedd707668175ecbe6420d5aea72c
pid201/pure-context-255/none/t1/sign,201,sign,1,pure,,f,214935,214935,True,validation/stage1-20261004-0100/exact-counts.jsonl,74,db6e998d9b222d86e512c19a5819bb666e827c721d756b5702ba5a04d24f613f,eeb64bb6bdae26b09754714082d31406c6c2881409f60bc640ef6b84624847ba,8a69d882741c9042875045579f06172e194eedd707668175ecbe6420d5aea72c
pid201/pure-context-255/none/t1/sign,201,sign,1,pure,,h,7151,7151,True,validation/stage1-20261004-0100/exact-counts.jsonl,74,db6e998d9b222d86e512c19a5819bb666e827c721d756b5702ba5a04d24f613f,eeb64bb6bdae26b09754714082d31406c6c2881409f60bc640ef6b84624847ba,8a69d882741c9042875045579f06172e194eedd707668175ecbe6420d5aea72c
pid201/pure-context-255/none/t1/sign,201,sign,1,pure,,h_msg,1,1,True,validation/stage1-20261004-0100/exact-counts.jsonl,74,db6e998d9b222d86e512c19a5819bb666e827c721d756b5702ba5a04d24f613f,eeb64bb6bdae26b09754714082d31406c6c2881409f60bc640ef6b84624847ba,8a69d882741c9042875045579f06172e194eedd707668175ecbe6420d5aea72c
pid201/pure-context-255/none/t1/sign,201,sign,1,pure,,prf,75782,75782,True,validation/stage1-20261004-0100/exact-counts.jsonl,74,db6e998d9b222d86e512c19a5819bb666e827c721d756b5702ba5a04d24f613f,eeb64bb6bdae26b09754714082d31406c6c2881409f60bc640ef6b84624847ba,8a69d882741c9042875045579f06172e194eedd707668175ecbe6420d5aea72c
pid201/pure-context-255/none/t1/sign,201,sign,1,pure,,prf_msg,1,1,True,validation/stage1-20261004-0100/exact-counts.jsonl,74,db6e998d9b222d86e512c19a5819bb666e827c721d756b5702ba5a04d24f613f,eeb64bb6bdae26b09754714082d31406c6c2881409f60bc640ef6b84624847ba,8a69d882741c9042875045579f06172e194eedd707668175ecbe6420d5aea72c
pid201/pure-context-255/none/t1/sign,201,sign,1,pure,,t,1024,1024,True,validation/stage1-20261004-0100/exact-counts.jsonl,74,db6e998d9b222d86e512c19a5819bb666e827c721d756b5702ba5a04d24f613f,eeb64bb6bdae26b09754714082d31406c6c2881409f60bc640ef6b84624847ba,8a69d882741c9042875045579f06172e194eedd707668175ecbe6420d5aea72c
pid201/pure-context-255/none/t1/verify,201,verify,1,pure,,compress,210,210,True,validation/stage1-20261004-0100/exact-counts.jsonl,75,db6e998d9b222d86e512c19a5819bb666e827c721d756b5702ba5a04d24f613f,aca72d06e64b01118c999125b195496a4c24dc390f5f19818b2a238e0cc8aba8,8a69d882741c9042875045579f06172e194eedd707668175ecbe6420d5aea72c
pid201/pure-context-255/none/t1/verify,201,verify,1,pure,,f,111,111,True,validation/stage1-20261004-0100/exact-counts.jsonl,75,db6e998d9b222d86e512c19a5819bb666e827c721d756b5702ba5a04d24f613f,aca72d06e64b01118c999125b195496a4c24dc390f5f19818b2a238e0cc8aba8,8a69d882741c9042875045579f06172e194eedd707668175ecbe6420d5aea72c
pid201/pure-context-255/none/t1/verify,201,verify,1,pure,,h,70,70,True,validation/stage1-20261004-0100/exact-counts.jsonl,75,db6e998d9b222d86e512c19a5819bb666e827c721d756b5702ba5a04d24f613f,aca72d06e64b01118c999125b195496a4c24dc390f5f19818b2a238e0cc8aba8,8a69d882741c9042875045579f06172e194eedd707668175ecbe6420d5aea72c
pid201/pure-context-255/none/t1/verify,201,verify,1,pure,,h_msg,1,1,True,validation/stage1-20261004-0100/exact-counts.jsonl,75,db6e998d9b222d86e512c19a5819bb666e827c721d756b5702ba5a04d24f613f,aca72d06e64b01118c999125b195496a4c24dc390f5f19818b2a238e0cc8aba8,8a69d882741c9042875045579f06172e194eedd707668175ecbe6420d5aea72c
pid201/pure-context-255/none/t1/verify,201,verify,1,pure,,prf,0,0,True,validation/stage1-20261004-0100/exact-counts.jsonl,75,db6e998d9b222d86e512c19a5819bb666e827c721d756b5702ba5a04d24f613f,aca72d06e64b01118c999125b195496a4c24dc390f5f19818b2a238e0cc8aba8,8a69d882741c9042875045579f06172e194eedd707668175ecbe6420d5aea72c
pid201/pure-context-255/none/t1/verify,201,verify,1,pure,,prf_msg,0,0,True,validation/stage1-20261004-0100/exact-counts.jsonl,75,db6e998d9b222d86e512c19a5819bb666e827c721d756b5702ba5a04d24f613f,aca72d06e64b01118c999125b195496a4c24dc390f5f19818b2a238e0cc8aba8,8a69d882741c9042875045579f06172e194eedd707668175ecbe6420d5aea72c
pid201/pure-context-255/none/t1/verify,201,verify,1,pure,,t,2,2,True,validation/stage1-20261004-0100/exact-counts.jsonl,75,db6e998d9b222d86e512c19a5819bb666e827c721d756b5702ba5a04d24f613f,aca72d06e64b01118c999125b195496a4c24dc390f5f19818b2a238e0cc8aba8,8a69d882741c9042875045579f06172e194eedd707668175ecbe6420d5aea72c
pid201/internal-mp-0/loaded-t0/t1/sign,201,sign,1,internal,0,compress,18594,18594,True,validation/stage1-20261004-0100/exact-counts.jsonl,76,db6e998d9b222d86e512c19a5819bb666e827c721d756b5702ba5a04d24f613f,bd2fbd173c0374326a0d5922816364ec1d0415a2d04bfc4d8810c4c2cee89dc0,8a69d882741c9042875045579f06172e194eedd707668175ecbe6420d5aea72c
pid201/internal-mp-0/loaded-t0/t1/sign,201,sign,1,internal,0,f,6228,6228,True,validation/stage1-20261004-0100/exact-counts.jsonl,76,db6e998d9b222d86e512c19a5819bb666e827c721d756b5702ba5a04d24f613f,bd2fbd173c0374326a0d5922816364ec1d0415a2d04bfc4d8810c4c2cee89dc0,8a69d882741c9042875045579f06172e194eedd707668175ecbe6420d5aea72c
pid201/internal-mp-0/loaded-t0/t1/sign,201,sign,1,internal,0,h,6138,6138,True,validation/stage1-20261004-0100/exact-counts.jsonl,76,db6e998d9b222d86e512c19a5819bb666e827c721d756b5702ba5a04d24f613f,bd2fbd173c0374326a0d5922816364ec1d0415a2d04bfc4d8810c4c2cee89dc0,8a69d882741c9042875045579f06172e194eedd707668175ecbe6420d5aea72c
pid201/internal-mp-0/loaded-t0/t1/sign,201,sign,1,internal,0,h_msg,1,1,True,validation/stage1-20261004-0100/exact-counts.jsonl,76,db6e998d9b222d86e512c19a5819bb666e827c721d756b5702ba5a04d24f613f,bd2fbd173c0374326a0d5922816364ec1d0415a2d04bfc4d8810c4c2cee89dc0,8a69d882741c9042875045579f06172e194eedd707668175ecbe6420d5aea72c
pid201/internal-mp-0/loaded-t0/t1/sign,201,sign,1,internal,0,prf,6218,6218,True,validation/stage1-20261004-0100/exact-counts.jsonl,76,db6e998d9b222d86e512c19a5819bb666e827c721d756b5702ba5a04d24f613f,bd2fbd173c0374326a0d5922816364ec1d0415a2d04bfc4d8810c4c2cee89dc0,8a69d882741c9042875045579f06172e194eedd707668175ecbe6420d5aea72c
pid201/internal-mp-0/loaded-t0/t1/sign,201,sign,1,internal,0,prf_msg,1,1,True,validation/stage1-20261004-0100/exact-counts.jsonl,76,db6e998d9b222d86e512c19a5819bb666e827c721d756b5702ba5a04d24f613f,bd2fbd173c0374326a0d5922816364ec1d0415a2d04bfc4d8810c4c2cee89dc0,8a69d882741c9042875045579f06172e194eedd707668175ecbe6420d5aea72c
pid201/internal-mp-0/loaded-t0/t1/sign,201,sign,1,internal,0,t,1,1,True,validation/stage1-20261004-0100/exact-counts.jsonl,76,db6e998d9b222d86e512c19a5819bb666e827c721d756b5702ba5a04d24f613f,bd2fbd173c0374326a0d5922816364ec1d0415a2d04bfc4d8810c4c2cee89dc0,8a69d882741c9042875045579f06172e194eedd707668175ecbe6420d5aea72c
pid201/internal-mp-0/loaded-t0/t1/verify,201,verify,1,internal,0,compress,220,220,True,validation/stage1-20261004-0100/exact-counts.jsonl,77,db6e998d9b222d86e512c19a5819bb666e827c721d756b5702ba5a04d24f613f,320c970049534ebcf804fda93782157fd81d27b70734597009703da275f5a551,8a69d882741c9042875045579f06172e194eedd707668175ecbe6420d5aea72c
pid201/internal-mp-0/loaded-t0/t1/verify,201,verify,1,internal,0,f,126,126,True,validation/stage1-20261004-0100/exact-counts.jsonl,77,db6e998d9b222d86e512c19a5819bb666e827c721d756b5702ba5a04d24f613f,320c970049534ebcf804fda93782157fd81d27b70734597009703da275f5a551,8a69d882741c9042875045579f06172e194eedd707668175ecbe6420d5aea72c
pid201/internal-mp-0/loaded-t0/t1/verify,201,verify,1,internal,0,h,70,70,True,validation/stage1-20261004-0100/exact-counts.jsonl,77,db6e998d9b222d86e512c19a5819bb666e827c721d756b5702ba5a04d24f613f,320c970049534ebcf804fda93782157fd81d27b70734597009703da275f5a551,8a69d882741c9042875045579f06172e194eedd707668175ecbe6420d5aea72c
pid201/internal-mp-0/loaded-t0/t1/verify,201,verify,1,internal,0,h_msg,1,1,True,validation/stage1-20261004-0100/exact-counts.jsonl,77,db6e998d9b222d86e512c19a5819bb666e827c721d756b5702ba5a04d24f613f,320c970049534ebcf804fda93782157fd81d27b70734597009703da275f5a551,8a69d882741c9042875045579f06172e194eedd707668175ecbe6420d5aea72c
pid201/internal-mp-0/loaded-t0/t1/verify,201,verify,1,internal,0,prf,0,0,True,validation/stage1-20261004-0100/exact-counts.jsonl,77,db6e998d9b222d86e512c19a5819bb666e827c721d756b5702ba5a04d24f613f,320c970049534ebcf804fda93782157fd81d27b70734597009703da275f5a551,8a69d882741c9042875045579f06172e194eedd707668175ecbe6420d5aea72c
pid201/internal-mp-0/loaded-t0/t1/verify,201,verify,1,internal,0,prf_msg,0,0,True,validation/stage1-20261004-0100/exact-counts.jsonl,77,db6e998d9b222d86e512c19a5819bb666e827c721d756b5702ba5a04d24f613f,320c970049534ebcf804fda93782157fd81d27b70734597009703da275f5a551,8a69d882741c9042875045579f06172e194eedd707668175ecbe6420d5aea72c
pid201/internal-mp-0/loaded-t0/t1/verify,201,verify,1,internal,0,t,2,2,True,validation/stage1-20261004-0100/exact-counts.jsonl,77,db6e998d9b222d86e512c19a5819bb666e827c721d756b5702ba5a04d24f613f,320c970049534ebcf804fda93782157fd81d27b70734597009703da275f5a551,8a69d882741c9042875045579f06172e194eedd707668175ecbe6420d5aea72c
pid201/internal-mp-1/loaded-t0/t1/sign,201,sign,1,internal,0,compress,18621,18621,True,validation/stage1-20261004-0100/exact-counts.jsonl,78,db6e998d9b222d86e512c19a5819bb666e827c721d756b5702ba5a04d24f613f,2d994ba88a59e59fe3feb137cdcd4f4526a7556ad7977cbf4733ddac0cbae699,8a69d882741c9042875045579f06172e194eedd707668175ecbe6420d5aea72c
pid201/internal-mp-1/loaded-t0/t1/sign,201,sign,1,internal,0,f,6255,6255,True,validation/stage1-20261004-0100/exact-counts.jsonl,78,db6e998d9b222d86e512c19a5819bb666e827c721d756b5702ba5a04d24f613f,2d994ba88a59e59fe3feb137cdcd4f4526a7556ad7977cbf4733ddac0cbae699,8a69d882741c9042875045579f06172e194eedd707668175ecbe6420d5aea72c
pid201/internal-mp-1/loaded-t0/t1/sign,201,sign,1,internal,0,h,6138,6138,True,validation/stage1-20261004-0100/exact-counts.jsonl,78,db6e998d9b222d86e512c19a5819bb666e827c721d756b5702ba5a04d24f613f,2d994ba88a59e59fe3feb137cdcd4f4526a7556ad7977cbf4733ddac0cbae699,8a69d882741c9042875045579f06172e194eedd707668175ecbe6420d5aea72c
pid201/internal-mp-1/loaded-t0/t1/sign,201,sign,1,internal,0,h_msg,1,1,True,validation/stage1-20261004-0100/exact-counts.jsonl,78,db6e998d9b222d86e512c19a5819bb666e827c721d756b5702ba5a04d24f613f,2d994ba88a59e59fe3feb137cdcd4f4526a7556ad7977cbf4733ddac0cbae699,8a69d882741c9042875045579f06172e194eedd707668175ecbe6420d5aea72c
pid201/internal-mp-1/loaded-t0/t1/sign,201,sign,1,internal,0,prf,6218,6218,True,validation/stage1-20261004-0100/exact-counts.jsonl,78,db6e998d9b222d86e512c19a5819bb666e827c721d756b5702ba5a04d24f613f,2d994ba88a59e59fe3feb137cdcd4f4526a7556ad7977cbf4733ddac0cbae699,8a69d882741c9042875045579f06172e194eedd707668175ecbe6420d5aea72c
pid201/internal-mp-1/loaded-t0/t1/sign,201,sign,1,internal,0,prf_msg,1,1,True,validation/stage1-20261004-0100/exact-counts.jsonl,78,db6e998d9b222d86e512c19a5819bb666e827c721d756b5702ba5a04d24f613f,2d994ba88a59e59fe3feb137cdcd4f4526a7556ad7977cbf4733ddac0cbae699,8a69d882741c9042875045579f06172e194eedd707668175ecbe6420d5aea72c
pid201/internal-mp-1/loaded-t0/t1/sign,201,sign,1,internal,0,t,1,1,True,validation/stage1-20261004-0100/exact-counts.jsonl,78,db6e998d9b222d86e512c19a5819bb666e827c721d756b5702ba5a04d24f613f,2d994ba88a59e59fe3feb137cdcd4f4526a7556ad7977cbf4733ddac0cbae699,8a69d882741c9042875045579f06172e194eedd707668175ecbe6420d5aea72c
pid201/internal-mp-1/loaded-t0/t1/verify,201,verify,1,internal,0,compress,193,193,True,validation/stage1-20261004-0100/exact-counts.jsonl,79,db6e998d9b222d86e512c19a5819bb666e827c721d756b5702ba5a04d24f613f,a612eedb86df50850a93c23cac08d2cd5e3ed8fbc5036ab8a9d8852ae13b415b,8a69d882741c9042875045579f06172e194eedd707668175ecbe6420d5aea72c
pid201/internal-mp-1/loaded-t0/t1/verify,201,verify,1,internal,0,f,99,99,True,validation/stage1-20261004-0100/exact-counts.jsonl,79,db6e998d9b222d86e512c19a5819bb666e827c721d756b5702ba5a04d24f613f,a612eedb86df50850a93c23cac08d2cd5e3ed8fbc5036ab8a9d8852ae13b415b,8a69d882741c9042875045579f06172e194eedd707668175ecbe6420d5aea72c
pid201/internal-mp-1/loaded-t0/t1/verify,201,verify,1,internal,0,h,70,70,True,validation/stage1-20261004-0100/exact-counts.jsonl,79,db6e998d9b222d86e512c19a5819bb666e827c721d756b5702ba5a04d24f613f,a612eedb86df50850a93c23cac08d2cd5e3ed8fbc5036ab8a9d8852ae13b415b,8a69d882741c9042875045579f06172e194eedd707668175ecbe6420d5aea72c
pid201/internal-mp-1/loaded-t0/t1/verify,201,verify,1,internal,0,h_msg,1,1,True,validation/stage1-20261004-0100/exact-counts.jsonl,79,db6e998d9b222d86e512c19a5819bb666e827c721d756b5702ba5a04d24f613f,a612eedb86df50850a93c23cac08d2cd5e3ed8fbc5036ab8a9d8852ae13b415b,8a69d882741c9042875045579f06172e194eedd707668175ecbe6420d5aea72c
pid201/internal-mp-1/loaded-t0/t1/verify,201,verify,1,internal,0,prf,0,0,True,validation/stage1-20261004-0100/exact-counts.jsonl,79,db6e998d9b222d86e512c19a5819bb666e827c721d756b5702ba5a04d24f613f,a612eedb86df50850a93c23cac08d2cd5e3ed8fbc5036ab8a9d8852ae13b415b,8a69d882741c9042875045579f06172e194eedd707668175ecbe6420d5aea72c
pid201/internal-mp-1/loaded-t0/t1/verify,201,verify,1,internal,0,prf_msg,0,0,True,validation/stage1-20261004-0100/exact-counts.jsonl,79,db6e998d9b222d86e512c19a5819bb666e827c721d756b5702ba5a04d24f613f,a612eedb86df50850a93c23cac08d2cd5e3ed8fbc5036ab8a9d8852ae13b415b,8a69d882741c9042875045579f06172e194eedd707668175ecbe6420d5aea72c
pid201/internal-mp-1/loaded-t0/t1/verify,201,verify,1,internal,0,t,2,2,True,validation/stage1-20261004-0100/exact-counts.jsonl,79,db6e998d9b222d86e512c19a5819bb666e827c721d756b5702ba5a04d24f613f,a612eedb86df50850a93c23cac08d2cd5e3ed8fbc5036ab8a9d8852ae13b415b,8a69d882741c9042875045579f06172e194eedd707668175ecbe6420d5aea72c
pid201/internal-mp-7/loaded-t0/t1/sign,201,sign,1,internal,0,compress,18606,18606,True,validation/stage1-20261004-0100/exact-counts.jsonl,80,db6e998d9b222d86e512c19a5819bb666e827c721d756b5702ba5a04d24f613f,d8cede0fa36b72b93c1ee5d82aba7894c6cf209d985060a7f39326ea1fb9f4f8,8a69d882741c9042875045579f06172e194eedd707668175ecbe6420d5aea72c
pid201/internal-mp-7/loaded-t0/t1/sign,201,sign,1,internal,0,f,6240,6240,True,validation/stage1-20261004-0100/exact-counts.jsonl,80,db6e998d9b222d86e512c19a5819bb666e827c721d756b5702ba5a04d24f613f,d8cede0fa36b72b93c1ee5d82aba7894c6cf209d985060a7f39326ea1fb9f4f8,8a69d882741c9042875045579f06172e194eedd707668175ecbe6420d5aea72c
pid201/internal-mp-7/loaded-t0/t1/sign,201,sign,1,internal,0,h,6138,6138,True,validation/stage1-20261004-0100/exact-counts.jsonl,80,db6e998d9b222d86e512c19a5819bb666e827c721d756b5702ba5a04d24f613f,d8cede0fa36b72b93c1ee5d82aba7894c6cf209d985060a7f39326ea1fb9f4f8,8a69d882741c9042875045579f06172e194eedd707668175ecbe6420d5aea72c
pid201/internal-mp-7/loaded-t0/t1/sign,201,sign,1,internal,0,h_msg,1,1,True,validation/stage1-20261004-0100/exact-counts.jsonl,80,db6e998d9b222d86e512c19a5819bb666e827c721d756b5702ba5a04d24f613f,d8cede0fa36b72b93c1ee5d82aba7894c6cf209d985060a7f39326ea1fb9f4f8,8a69d882741c9042875045579f06172e194eedd707668175ecbe6420d5aea72c
pid201/internal-mp-7/loaded-t0/t1/sign,201,sign,1,internal,0,prf,6218,6218,True,validation/stage1-20261004-0100/exact-counts.jsonl,80,db6e998d9b222d86e512c19a5819bb666e827c721d756b5702ba5a04d24f613f,d8cede0fa36b72b93c1ee5d82aba7894c6cf209d985060a7f39326ea1fb9f4f8,8a69d882741c9042875045579f06172e194eedd707668175ecbe6420d5aea72c
pid201/internal-mp-7/loaded-t0/t1/sign,201,sign,1,internal,0,prf_msg,1,1,True,validation/stage1-20261004-0100/exact-counts.jsonl,80,db6e998d9b222d86e512c19a5819bb666e827c721d756b5702ba5a04d24f613f,d8cede0fa36b72b93c1ee5d82aba7894c6cf209d985060a7f39326ea1fb9f4f8,8a69d882741c9042875045579f06172e194eedd707668175ecbe6420d5aea72c
pid201/internal-mp-7/loaded-t0/t1/sign,201,sign,1,internal,0,t,1,1,True,validation/stage1-20261004-0100/exact-counts.jsonl,80,db6e998d9b222d86e512c19a5819bb666e827c721d756b5702ba5a04d24f613f,d8cede0fa36b72b93c1ee5d82aba7894c6cf209d985060a7f39326ea1fb9f4f8,8a69d882741c9042875045579f06172e194eedd707668175ecbe6420d5aea72c
pid201/internal-mp-7/loaded-t0/t1/verify,201,verify,1,internal,0,compress,208,208,True,validation/stage1-20261004-0100/exact-counts.jsonl,81,db6e998d9b222d86e512c19a5819bb666e827c721d756b5702ba5a04d24f613f,e1e4acf83793c2fd17410152519ebc3bc48ba8415f2b2ce42c1964d97d905ebb,8a69d882741c9042875045579f06172e194eedd707668175ecbe6420d5aea72c
pid201/internal-mp-7/loaded-t0/t1/verify,201,verify,1,internal,0,f,114,114,True,validation/stage1-20261004-0100/exact-counts.jsonl,81,db6e998d9b222d86e512c19a5819bb666e827c721d756b5702ba5a04d24f613f,e1e4acf83793c2fd17410152519ebc3bc48ba8415f2b2ce42c1964d97d905ebb,8a69d882741c9042875045579f06172e194eedd707668175ecbe6420d5aea72c
pid201/internal-mp-7/loaded-t0/t1/verify,201,verify,1,internal,0,h,70,70,True,validation/stage1-20261004-0100/exact-counts.jsonl,81,db6e998d9b222d86e512c19a5819bb666e827c721d756b5702ba5a04d24f613f,e1e4acf83793c2fd17410152519ebc3bc48ba8415f2b2ce42c1964d97d905ebb,8a69d882741c9042875045579f06172e194eedd707668175ecbe6420d5aea72c
pid201/internal-mp-7/loaded-t0/t1/verify,201,verify,1,internal,0,h_msg,1,1,True,validation/stage1-20261004-0100/exact-counts.jsonl,81,db6e998d9b222d86e512c19a5819bb666e827c721d756b5702ba5a04d24f613f,e1e4acf83793c2fd17410152519ebc3bc48ba8415f2b2ce42c1964d97d905ebb,8a69d882741c9042875045579f06172e194eedd707668175ecbe6420d5aea72c
pid201/internal-mp-7/loaded-t0/t1/verify,201,verify,1,internal,0,prf,0,0,True,validation/stage1-20261004-0100/exact-counts.jsonl,81,db6e998d9b222d86e512c19a5819bb666e827c721d756b5702ba5a04d24f613f,e1e4acf83793c2fd17410152519ebc3bc48ba8415f2b2ce42c1964d97d905ebb,8a69d882741c9042875045579f06172e194eedd707668175ecbe6420d5aea72c
pid201/internal-mp-7/loaded-t0/t1/verify,201,verify,1,internal,0,prf_msg,0,0,True,validation/stage1-20261004-0100/exact-counts.jsonl,81,db6e998d9b222d86e512c19a5819bb666e827c721d756b5702ba5a04d24f613f,e1e4acf83793c2fd17410152519ebc3bc48ba8415f2b2ce42c1964d97d905ebb,8a69d882741c9042875045579f06172e194eedd707668175ecbe6420d5aea72c
pid201/internal-mp-7/loaded-t0/t1/verify,201,verify,1,internal,0,t,2,2,True,validation/stage1-20261004-0100/exact-counts.jsonl,81,db6e998d9b222d86e512c19a5819bb666e827c721d756b5702ba5a04d24f613f,e1e4acf83793c2fd17410152519ebc3bc48ba8415f2b2ce42c1964d97d905ebb,8a69d882741c9042875045579f06172e194eedd707668175ecbe6420d5aea72c
pid201/internal-mp-8/loaded-t0/t1/sign,201,sign,1,internal,0,compress,18616,18616,True,validation/stage1-20261004-0100/exact-counts.jsonl,82,db6e998d9b222d86e512c19a5819bb666e827c721d756b5702ba5a04d24f613f,ded014cebc5aec8ff931ab84a0f9b32a464a5353d86bcc17bc536acfda58b0f5,8a69d882741c9042875045579f06172e194eedd707668175ecbe6420d5aea72c
pid201/internal-mp-8/loaded-t0/t1/sign,201,sign,1,internal,0,f,6249,6249,True,validation/stage1-20261004-0100/exact-counts.jsonl,82,db6e998d9b222d86e512c19a5819bb666e827c721d756b5702ba5a04d24f613f,ded014cebc5aec8ff931ab84a0f9b32a464a5353d86bcc17bc536acfda58b0f5,8a69d882741c9042875045579f06172e194eedd707668175ecbe6420d5aea72c
pid201/internal-mp-8/loaded-t0/t1/sign,201,sign,1,internal,0,h,6138,6138,True,validation/stage1-20261004-0100/exact-counts.jsonl,82,db6e998d9b222d86e512c19a5819bb666e827c721d756b5702ba5a04d24f613f,ded014cebc5aec8ff931ab84a0f9b32a464a5353d86bcc17bc536acfda58b0f5,8a69d882741c9042875045579f06172e194eedd707668175ecbe6420d5aea72c
pid201/internal-mp-8/loaded-t0/t1/sign,201,sign,1,internal,0,h_msg,1,1,True,validation/stage1-20261004-0100/exact-counts.jsonl,82,db6e998d9b222d86e512c19a5819bb666e827c721d756b5702ba5a04d24f613f,ded014cebc5aec8ff931ab84a0f9b32a464a5353d86bcc17bc536acfda58b0f5,8a69d882741c9042875045579f06172e194eedd707668175ecbe6420d5aea72c
pid201/internal-mp-8/loaded-t0/t1/sign,201,sign,1,internal,0,prf,6218,6218,True,validation/stage1-20261004-0100/exact-counts.jsonl,82,db6e998d9b222d86e512c19a5819bb666e827c721d756b5702ba5a04d24f613f,ded014cebc5aec8ff931ab84a0f9b32a464a5353d86bcc17bc536acfda58b0f5,8a69d882741c9042875045579f06172e194eedd707668175ecbe6420d5aea72c
pid201/internal-mp-8/loaded-t0/t1/sign,201,sign,1,internal,0,prf_msg,1,1,True,validation/stage1-20261004-0100/exact-counts.jsonl,82,db6e998d9b222d86e512c19a5819bb666e827c721d756b5702ba5a04d24f613f,ded014cebc5aec8ff931ab84a0f9b32a464a5353d86bcc17bc536acfda58b0f5,8a69d882741c9042875045579f06172e194eedd707668175ecbe6420d5aea72c
pid201/internal-mp-8/loaded-t0/t1/sign,201,sign,1,internal,0,t,1,1,True,validation/stage1-20261004-0100/exact-counts.jsonl,82,db6e998d9b222d86e512c19a5819bb666e827c721d756b5702ba5a04d24f613f,ded014cebc5aec8ff931ab84a0f9b32a464a5353d86bcc17bc536acfda58b0f5,8a69d882741c9042875045579f06172e194eedd707668175ecbe6420d5aea72c
pid201/internal-mp-8/loaded-t0/t1/verify,201,verify,1,internal,0,compress,200,200,True,validation/stage1-20261004-0100/exact-counts.jsonl,83,db6e998d9b222d86e512c19a5819bb666e827c721d756b5702ba5a04d24f613f,75805df036db719ff9756fbd21e88a36a634484a8fc67fa1183b08425535167f,8a69d882741c9042875045579f06172e194eedd707668175ecbe6420d5aea72c
pid201/internal-mp-8/loaded-t0/t1/verify,201,verify,1,internal,0,f,105,105,True,validation/stage1-20261004-0100/exact-counts.jsonl,83,db6e998d9b222d86e512c19a5819bb666e827c721d756b5702ba5a04d24f613f,75805df036db719ff9756fbd21e88a36a634484a8fc67fa1183b08425535167f,8a69d882741c9042875045579f06172e194eedd707668175ecbe6420d5aea72c
pid201/internal-mp-8/loaded-t0/t1/verify,201,verify,1,internal,0,h,70,70,True,validation/stage1-20261004-0100/exact-counts.jsonl,83,db6e998d9b222d86e512c19a5819bb666e827c721d756b5702ba5a04d24f613f,75805df036db719ff9756fbd21e88a36a634484a8fc67fa1183b08425535167f,8a69d882741c9042875045579f06172e194eedd707668175ecbe6420d5aea72c
pid201/internal-mp-8/loaded-t0/t1/verify,201,verify,1,internal,0,h_msg,1,1,True,validation/stage1-20261004-0100/exact-counts.jsonl,83,db6e998d9b222d86e512c19a5819bb666e827c721d756b5702ba5a04d24f613f,75805df036db719ff9756fbd21e88a36a634484a8fc67fa1183b08425535167f,8a69d882741c9042875045579f06172e194eedd707668175ecbe6420d5aea72c
pid201/internal-mp-8/loaded-t0/t1/verify,201,verify,1,internal,0,prf,0,0,True,validation/stage1-20261004-0100/exact-counts.jsonl,83,db6e998d9b222d86e512c19a5819bb666e827c721d756b5702ba5a04d24f613f,75805df036db719ff9756fbd21e88a36a634484a8fc67fa1183b08425535167f,8a69d882741c9042875045579f06172e194eedd707668175ecbe6420d5aea72c
pid201/internal-mp-8/loaded-t0/t1/verify,201,verify,1,internal,0,prf_msg,0,0,True,validation/stage1-20261004-0100/exact-counts.jsonl,83,db6e998d9b222d86e512c19a5819bb666e827c721d756b5702ba5a04d24f613f,75805df036db719ff9756fbd21e88a36a634484a8fc67fa1183b08425535167f,8a69d882741c9042875045579f06172e194eedd707668175ecbe6420d5aea72c
pid201/internal-mp-8/loaded-t0/t1/verify,201,verify,1,internal,0,t,2,2,True,validation/stage1-20261004-0100/exact-counts.jsonl,83,db6e998d9b222d86e512c19a5819bb666e827c721d756b5702ba5a04d24f613f,75805df036db719ff9756fbd21e88a36a634484a8fc67fa1183b08425535167f,8a69d882741c9042875045579f06172e194eedd707668175ecbe6420d5aea72c
pid201/internal-mp-39/loaded-t0/t1/sign,201,sign,1,internal,0,compress,18622,18622,True,validation/stage1-20261004-0100/exact-counts.jsonl,84,db6e998d9b222d86e512c19a5819bb666e827c721d756b5702ba5a04d24f613f,3b9c6a843eefb524477fb2f073a47654877be89fdf8fca64eeb933700b85dba9,8a69d882741c9042875045579f06172e194eedd707668175ecbe6420d5aea72c
pid201/internal-mp-39/loaded-t0/t1/sign,201,sign,1,internal,0,f,6255,6255,True,validation/stage1-20261004-0100/exact-counts.jsonl,84,db6e998d9b222d86e512c19a5819bb666e827c721d756b5702ba5a04d24f613f,3b9c6a843eefb524477fb2f073a47654877be89fdf8fca64eeb933700b85dba9,8a69d882741c9042875045579f06172e194eedd707668175ecbe6420d5aea72c
pid201/internal-mp-39/loaded-t0/t1/sign,201,sign,1,internal,0,h,6138,6138,True,validation/stage1-20261004-0100/exact-counts.jsonl,84,db6e998d9b222d86e512c19a5819bb666e827c721d756b5702ba5a04d24f613f,3b9c6a843eefb524477fb2f073a47654877be89fdf8fca64eeb933700b85dba9,8a69d882741c9042875045579f06172e194eedd707668175ecbe6420d5aea72c
pid201/internal-mp-39/loaded-t0/t1/sign,201,sign,1,internal,0,h_msg,1,1,True,validation/stage1-20261004-0100/exact-counts.jsonl,84,db6e998d9b222d86e512c19a5819bb666e827c721d756b5702ba5a04d24f613f,3b9c6a843eefb524477fb2f073a47654877be89fdf8fca64eeb933700b85dba9,8a69d882741c9042875045579f06172e194eedd707668175ecbe6420d5aea72c
pid201/internal-mp-39/loaded-t0/t1/sign,201,sign,1,internal,0,prf,6218,6218,True,validation/stage1-20261004-0100/exact-counts.jsonl,84,db6e998d9b222d86e512c19a5819bb666e827c721d756b5702ba5a04d24f613f,3b9c6a843eefb524477fb2f073a47654877be89fdf8fca64eeb933700b85dba9,8a69d882741c9042875045579f06172e194eedd707668175ecbe6420d5aea72c
pid201/internal-mp-39/loaded-t0/t1/sign,201,sign,1,internal,0,prf_msg,1,1,True,validation/stage1-20261004-0100/exact-counts.jsonl,84,db6e998d9b222d86e512c19a5819bb666e827c721d756b5702ba5a04d24f613f,3b9c6a843eefb524477fb2f073a47654877be89fdf8fca64eeb933700b85dba9,8a69d882741c9042875045579f06172e194eedd707668175ecbe6420d5aea72c
pid201/internal-mp-39/loaded-t0/t1/sign,201,sign,1,internal,0,t,1,1,True,validation/stage1-20261004-0100/exact-counts.jsonl,84,db6e998d9b222d86e512c19a5819bb666e827c721d756b5702ba5a04d24f613f,3b9c6a843eefb524477fb2f073a47654877be89fdf8fca64eeb933700b85dba9,8a69d882741c9042875045579f06172e194eedd707668175ecbe6420d5aea72c
pid201/internal-mp-39/loaded-t0/t1/verify,201,verify,1,internal,0,compress,194,194,True,validation/stage1-20261004-0100/exact-counts.jsonl,85,db6e998d9b222d86e512c19a5819bb666e827c721d756b5702ba5a04d24f613f,8a96ff3ff58991109484c1ac4c2ad84db9d07886195d30bff16ee839057980d8,8a69d882741c9042875045579f06172e194eedd707668175ecbe6420d5aea72c
pid201/internal-mp-39/loaded-t0/t1/verify,201,verify,1,internal,0,f,99,99,True,validation/stage1-20261004-0100/exact-counts.jsonl,85,db6e998d9b222d86e512c19a5819bb666e827c721d756b5702ba5a04d24f613f,8a96ff3ff58991109484c1ac4c2ad84db9d07886195d30bff16ee839057980d8,8a69d882741c9042875045579f06172e194eedd707668175ecbe6420d5aea72c
pid201/internal-mp-39/loaded-t0/t1/verify,201,verify,1,internal,0,h,70,70,True,validation/stage1-20261004-0100/exact-counts.jsonl,85,db6e998d9b222d86e512c19a5819bb666e827c721d756b5702ba5a04d24f613f,8a96ff3ff58991109484c1ac4c2ad84db9d07886195d30bff16ee839057980d8,8a69d882741c9042875045579f06172e194eedd707668175ecbe6420d5aea72c
pid201/internal-mp-39/loaded-t0/t1/verify,201,verify,1,internal,0,h_msg,1,1,True,validation/stage1-20261004-0100/exact-counts.jsonl,85,db6e998d9b222d86e512c19a5819bb666e827c721d756b5702ba5a04d24f613f,8a96ff3ff58991109484c1ac4c2ad84db9d07886195d30bff16ee839057980d8,8a69d882741c9042875045579f06172e194eedd707668175ecbe6420d5aea72c
pid201/internal-mp-39/loaded-t0/t1/verify,201,verify,1,internal,0,prf,0,0,True,validation/stage1-20261004-0100/exact-counts.jsonl,85,db6e998d9b222d86e512c19a5819bb666e827c721d756b5702ba5a04d24f613f,8a96ff3ff58991109484c1ac4c2ad84db9d07886195d30bff16ee839057980d8,8a69d882741c9042875045579f06172e194eedd707668175ecbe6420d5aea72c
pid201/internal-mp-39/loaded-t0/t1/verify,201,verify,1,internal,0,prf_msg,0,0,True,validation/stage1-20261004-0100/exact-counts.jsonl,85,db6e998d9b222d86e512c19a5819bb666e827c721d756b5702ba5a04d24f613f,8a96ff3ff58991109484c1ac4c2ad84db9d07886195d30bff16ee839057980d8,8a69d882741c9042875045579f06172e194eedd707668175ecbe6420d5aea72c
pid201/internal-mp-39/loaded-t0/t1/verify,201,verify,1,internal,0,t,2,2,True,validation/stage1-20261004-0100/exact-counts.jsonl,85,db6e998d9b222d86e512c19a5819bb666e827c721d756b5702ba5a04d24f613f,8a96ff3ff58991109484c1ac4c2ad84db9d07886195d30bff16ee839057980d8,8a69d882741c9042875045579f06172e194eedd707668175ecbe6420d5aea72c
pid201/internal-mp-40/loaded-t0/t1/sign,201,sign,1,internal,0,compress,18626,18626,True,validation/stage1-20261004-0100/exact-counts.jsonl,86,db6e998d9b222d86e512c19a5819bb666e827c721d756b5702ba5a04d24f613f,f9fa9b92cf802a1d25d9655d8cb873a8ae6fcf6e7d7f608884587bbfc2805835,8a69d882741c9042875045579f06172e194eedd707668175ecbe6420d5aea72c
pid201/internal-mp-40/loaded-t0/t1/sign,201,sign,1,internal,0,f,6258,6258,True,validation/stage1-20261004-0100/exact-counts.jsonl,86,db6e998d9b222d86e512c19a5819bb666e827c721d756b5702ba5a04d24f613f,f9fa9b92cf802a1d25d9655d8cb873a8ae6fcf6e7d7f608884587bbfc2805835,8a69d882741c9042875045579f06172e194eedd707668175ecbe6420d5aea72c
pid201/internal-mp-40/loaded-t0/t1/sign,201,sign,1,internal,0,h,6138,6138,True,validation/stage1-20261004-0100/exact-counts.jsonl,86,db6e998d9b222d86e512c19a5819bb666e827c721d756b5702ba5a04d24f613f,f9fa9b92cf802a1d25d9655d8cb873a8ae6fcf6e7d7f608884587bbfc2805835,8a69d882741c9042875045579f06172e194eedd707668175ecbe6420d5aea72c
pid201/internal-mp-40/loaded-t0/t1/sign,201,sign,1,internal,0,h_msg,1,1,True,validation/stage1-20261004-0100/exact-counts.jsonl,86,db6e998d9b222d86e512c19a5819bb666e827c721d756b5702ba5a04d24f613f,f9fa9b92cf802a1d25d9655d8cb873a8ae6fcf6e7d7f608884587bbfc2805835,8a69d882741c9042875045579f06172e194eedd707668175ecbe6420d5aea72c
pid201/internal-mp-40/loaded-t0/t1/sign,201,sign,1,internal,0,prf,6218,6218,True,validation/stage1-20261004-0100/exact-counts.jsonl,86,db6e998d9b222d86e512c19a5819bb666e827c721d756b5702ba5a04d24f613f,f9fa9b92cf802a1d25d9655d8cb873a8ae6fcf6e7d7f608884587bbfc2805835,8a69d882741c9042875045579f06172e194eedd707668175ecbe6420d5aea72c
pid201/internal-mp-40/loaded-t0/t1/sign,201,sign,1,internal,0,prf_msg,1,1,True,validation/stage1-20261004-0100/exact-counts.jsonl,86,db6e998d9b222d86e512c19a5819bb666e827c721d756b5702ba5a04d24f613f,f9fa9b92cf802a1d25d9655d8cb873a8ae6fcf6e7d7f608884587bbfc2805835,8a69d882741c9042875045579f06172e194eedd707668175ecbe6420d5aea72c
pid201/internal-mp-40/loaded-t0/t1/sign,201,sign,1,internal,0,t,1,1,True,validation/stage1-20261004-0100/exact-counts.jsonl,86,db6e998d9b222d86e512c19a5819bb666e827c721d756b5702ba5a04d24f613f,f9fa9b92cf802a1d25d9655d8cb873a8ae6fcf6e7d7f608884587bbfc2805835,8a69d882741c9042875045579f06172e194eedd707668175ecbe6420d5aea72c
pid201/internal-mp-40/loaded-t0/t1/verify,201,verify,1,internal,0,compress,191,191,True,validation/stage1-20261004-0100/exact-counts.jsonl,87,db6e998d9b222d86e512c19a5819bb666e827c721d756b5702ba5a04d24f613f,6a619f7c741c2a76542e5a25fd9927e6b59c8bbb5757803fb22a52ba23958f92,8a69d882741c9042875045579f06172e194eedd707668175ecbe6420d5aea72c
pid201/internal-mp-40/loaded-t0/t1/verify,201,verify,1,internal,0,f,96,96,True,validation/stage1-20261004-0100/exact-counts.jsonl,87,db6e998d9b222d86e512c19a5819bb666e827c721d756b5702ba5a04d24f613f,6a619f7c741c2a76542e5a25fd9927e6b59c8bbb5757803fb22a52ba23958f92,8a69d882741c9042875045579f06172e194eedd707668175ecbe6420d5aea72c
pid201/internal-mp-40/loaded-t0/t1/verify,201,verify,1,internal,0,h,70,70,True,validation/stage1-20261004-0100/exact-counts.jsonl,87,db6e998d9b222d86e512c19a5819bb666e827c721d756b5702ba5a04d24f613f,6a619f7c741c2a76542e5a25fd9927e6b59c8bbb5757803fb22a52ba23958f92,8a69d882741c9042875045579f06172e194eedd707668175ecbe6420d5aea72c
pid201/internal-mp-40/loaded-t0/t1/verify,201,verify,1,internal,0,h_msg,1,1,True,validation/stage1-20261004-0100/exact-counts.jsonl,87,db6e998d9b222d86e512c19a5819bb666e827c721d756b5702ba5a04d24f613f,6a619f7c741c2a76542e5a25fd9927e6b59c8bbb5757803fb22a52ba23958f92,8a69d882741c9042875045579f06172e194eedd707668175ecbe6420d5aea72c
pid201/internal-mp-40/loaded-t0/t1/verify,201,verify,1,internal,0,prf,0,0,True,validation/stage1-20261004-0100/exact-counts.jsonl,87,db6e998d9b222d86e512c19a5819bb666e827c721d756b5702ba5a04d24f613f,6a619f7c741c2a76542e5a25fd9927e6b59c8bbb5757803fb22a52ba23958f92,8a69d882741c9042875045579f06172e194eedd707668175ecbe6420d5aea72c
pid201/internal-mp-40/loaded-t0/t1/verify,201,verify,1,internal,0,prf_msg,0,0,True,validation/stage1-20261004-0100/exact-counts.jsonl,87,db6e998d9b222d86e512c19a5819bb666e827c721d756b5702ba5a04d24f613f,6a619f7c741c2a76542e5a25fd9927e6b59c8bbb5757803fb22a52ba23958f92,8a69d882741c9042875045579f06172e194eedd707668175ecbe6420d5aea72c
pid201/internal-mp-40/loaded-t0/t1/verify,201,verify,1,internal,0,t,2,2,True,validation/stage1-20261004-0100/exact-counts.jsonl,87,db6e998d9b222d86e512c19a5819bb666e827c721d756b5702ba5a04d24f613f,6a619f7c741c2a76542e5a25fd9927e6b59c8bbb5757803fb22a52ba23958f92,8a69d882741c9042875045579f06172e194eedd707668175ecbe6420d5aea72c
pid201/internal-mp-47/loaded-t0/t1/sign,201,sign,1,internal,0,compress,18620,18620,True,validation/stage1-20261004-0100/exact-counts.jsonl,88,db6e998d9b222d86e512c19a5819bb666e827c721d756b5702ba5a04d24f613f,b23a5e619c79da3e9bdfa00d451e78d9e83ed708073fd4cb36786e082b2adf82,8a69d882741c9042875045579f06172e194eedd707668175ecbe6420d5aea72c
pid201/internal-mp-47/loaded-t0/t1/sign,201,sign,1,internal,0,f,6252,6252,True,validation/stage1-20261004-0100/exact-counts.jsonl,88,db6e998d9b222d86e512c19a5819bb666e827c721d756b5702ba5a04d24f613f,b23a5e619c79da3e9bdfa00d451e78d9e83ed708073fd4cb36786e082b2adf82,8a69d882741c9042875045579f06172e194eedd707668175ecbe6420d5aea72c
pid201/internal-mp-47/loaded-t0/t1/sign,201,sign,1,internal,0,h,6138,6138,True,validation/stage1-20261004-0100/exact-counts.jsonl,88,db6e998d9b222d86e512c19a5819bb666e827c721d756b5702ba5a04d24f613f,b23a5e619c79da3e9bdfa00d451e78d9e83ed708073fd4cb36786e082b2adf82,8a69d882741c9042875045579f06172e194eedd707668175ecbe6420d5aea72c
pid201/internal-mp-47/loaded-t0/t1/sign,201,sign,1,internal,0,h_msg,1,1,True,validation/stage1-20261004-0100/exact-counts.jsonl,88,db6e998d9b222d86e512c19a5819bb666e827c721d756b5702ba5a04d24f613f,b23a5e619c79da3e9bdfa00d451e78d9e83ed708073fd4cb36786e082b2adf82,8a69d882741c9042875045579f06172e194eedd707668175ecbe6420d5aea72c
pid201/internal-mp-47/loaded-t0/t1/sign,201,sign,1,internal,0,prf,6218,6218,True,validation/stage1-20261004-0100/exact-counts.jsonl,88,db6e998d9b222d86e512c19a5819bb666e827c721d756b5702ba5a04d24f613f,b23a5e619c79da3e9bdfa00d451e78d9e83ed708073fd4cb36786e082b2adf82,8a69d882741c9042875045579f06172e194eedd707668175ecbe6420d5aea72c
pid201/internal-mp-47/loaded-t0/t1/sign,201,sign,1,internal,0,prf_msg,1,1,True,validation/stage1-20261004-0100/exact-counts.jsonl,88,db6e998d9b222d86e512c19a5819bb666e827c721d756b5702ba5a04d24f613f,b23a5e619c79da3e9bdfa00d451e78d9e83ed708073fd4cb36786e082b2adf82,8a69d882741c9042875045579f06172e194eedd707668175ecbe6420d5aea72c
pid201/internal-mp-47/loaded-t0/t1/sign,201,sign,1,internal,0,t,1,1,True,validation/stage1-20261004-0100/exact-counts.jsonl,88,db6e998d9b222d86e512c19a5819bb666e827c721d756b5702ba5a04d24f613f,b23a5e619c79da3e9bdfa00d451e78d9e83ed708073fd4cb36786e082b2adf82,8a69d882741c9042875045579f06172e194eedd707668175ecbe6420d5aea72c
pid201/internal-mp-47/loaded-t0/t1/verify,201,verify,1,internal,0,compress,197,197,True,validation/stage1-20261004-0100/exact-counts.jsonl,89,db6e998d9b222d86e512c19a5819bb666e827c721d756b5702ba5a04d24f613f,3fd8b8821341a1b20f86135785998ea4c49277db31cfafbf53c46a7d1ab008b4,8a69d882741c9042875045579f06172e194eedd707668175ecbe6420d5aea72c
pid201/internal-mp-47/loaded-t0/t1/verify,201,verify,1,internal,0,f,102,102,True,validation/stage1-20261004-0100/exact-counts.jsonl,89,db6e998d9b222d86e512c19a5819bb666e827c721d756b5702ba5a04d24f613f,3fd8b8821341a1b20f86135785998ea4c49277db31cfafbf53c46a7d1ab008b4,8a69d882741c9042875045579f06172e194eedd707668175ecbe6420d5aea72c
pid201/internal-mp-47/loaded-t0/t1/verify,201,verify,1,internal,0,h,70,70,True,validation/stage1-20261004-0100/exact-counts.jsonl,89,db6e998d9b222d86e512c19a5819bb666e827c721d756b5702ba5a04d24f613f,3fd8b8821341a1b20f86135785998ea4c49277db31cfafbf53c46a7d1ab008b4,8a69d882741c9042875045579f06172e194eedd707668175ecbe6420d5aea72c
pid201/internal-mp-47/loaded-t0/t1/verify,201,verify,1,internal,0,h_msg,1,1,True,validation/stage1-20261004-0100/exact-counts.jsonl,89,db6e998d9b222d86e512c19a5819bb666e827c721d756b5702ba5a04d24f613f,3fd8b8821341a1b20f86135785998ea4c49277db31cfafbf53c46a7d1ab008b4,8a69d882741c9042875045579f06172e194eedd707668175ecbe6420d5aea72c
pid201/internal-mp-47/loaded-t0/t1/verify,201,verify,1,internal,0,prf,0,0,True,validation/stage1-20261004-0100/exact-counts.jsonl,89,db6e998d9b222d86e512c19a5819bb666e827c721d756b5702ba5a04d24f613f,3fd8b8821341a1b20f86135785998ea4c49277db31cfafbf53c46a7d1ab008b4,8a69d882741c9042875045579f06172e194eedd707668175ecbe6420d5aea72c
pid201/internal-mp-47/loaded-t0/t1/verify,201,verify,1,internal,0,prf_msg,0,0,True,validation/stage1-20261004-0100/exact-counts.jsonl,89,db6e998d9b222d86e512c19a5819bb666e827c721d756b5702ba5a04d24f613f,3fd8b8821341a1b20f86135785998ea4c49277db31cfafbf53c46a7d1ab008b4,8a69d882741c9042875045579f06172e194eedd707668175ecbe6420d5aea72c
pid201/internal-mp-47/loaded-t0/t1/verify,201,verify,1,internal,0,t,2,2,True,validation/stage1-20261004-0100/exact-counts.jsonl,89,db6e998d9b222d86e512c19a5819bb666e827c721d756b5702ba5a04d24f613f,3fd8b8821341a1b20f86135785998ea4c49277db31cfafbf53c46a7d1ab008b4,8a69d882741c9042875045579f06172e194eedd707668175ecbe6420d5aea72c
pid201/internal-mp-48/loaded-t0/t1/sign,201,sign,1,internal,0,compress,18602,18602,True,validation/stage1-20261004-0100/exact-counts.jsonl,90,db6e998d9b222d86e512c19a5819bb666e827c721d756b5702ba5a04d24f613f,70ab10a1158571eea2782a99bbb3336d97134f05a3f7144ce0b1bcdce2b3becb,8a69d882741c9042875045579f06172e194eedd707668175ecbe6420d5aea72c
pid201/internal-mp-48/loaded-t0/t1/sign,201,sign,1,internal,0,f,6234,6234,True,validation/stage1-20261004-0100/exact-counts.jsonl,90,db6e998d9b222d86e512c19a5819bb666e827c721d756b5702ba5a04d24f613f,70ab10a1158571eea2782a99bbb3336d97134f05a3f7144ce0b1bcdce2b3becb,8a69d882741c9042875045579f06172e194eedd707668175ecbe6420d5aea72c
pid201/internal-mp-48/loaded-t0/t1/sign,201,sign,1,internal,0,h,6138,6138,True,validation/stage1-20261004-0100/exact-counts.jsonl,90,db6e998d9b222d86e512c19a5819bb666e827c721d756b5702ba5a04d24f613f,70ab10a1158571eea2782a99bbb3336d97134f05a3f7144ce0b1bcdce2b3becb,8a69d882741c9042875045579f06172e194eedd707668175ecbe6420d5aea72c
pid201/internal-mp-48/loaded-t0/t1/sign,201,sign,1,internal,0,h_msg,1,1,True,validation/stage1-20261004-0100/exact-counts.jsonl,90,db6e998d9b222d86e512c19a5819bb666e827c721d756b5702ba5a04d24f613f,70ab10a1158571eea2782a99bbb3336d97134f05a3f7144ce0b1bcdce2b3becb,8a69d882741c9042875045579f06172e194eedd707668175ecbe6420d5aea72c
pid201/internal-mp-48/loaded-t0/t1/sign,201,sign,1,internal,0,prf,6218,6218,True,validation/stage1-20261004-0100/exact-counts.jsonl,90,db6e998d9b222d86e512c19a5819bb666e827c721d756b5702ba5a04d24f613f,70ab10a1158571eea2782a99bbb3336d97134f05a3f7144ce0b1bcdce2b3becb,8a69d882741c9042875045579f06172e194eedd707668175ecbe6420d5aea72c
pid201/internal-mp-48/loaded-t0/t1/sign,201,sign,1,internal,0,prf_msg,1,1,True,validation/stage1-20261004-0100/exact-counts.jsonl,90,db6e998d9b222d86e512c19a5819bb666e827c721d756b5702ba5a04d24f613f,70ab10a1158571eea2782a99bbb3336d97134f05a3f7144ce0b1bcdce2b3becb,8a69d882741c9042875045579f06172e194eedd707668175ecbe6420d5aea72c
pid201/internal-mp-48/loaded-t0/t1/sign,201,sign,1,internal,0,t,1,1,True,validation/stage1-20261004-0100/exact-counts.jsonl,90,db6e998d9b222d86e512c19a5819bb666e827c721d756b5702ba5a04d24f613f,70ab10a1158571eea2782a99bbb3336d97134f05a3f7144ce0b1bcdce2b3becb,8a69d882741c9042875045579f06172e194eedd707668175ecbe6420d5aea72c
pid201/internal-mp-48/loaded-t0/t1/verify,201,verify,1,internal,0,compress,215,215,True,validation/stage1-20261004-0100/exact-counts.jsonl,91,db6e998d9b222d86e512c19a5819bb666e827c721d756b5702ba5a04d24f613f,2786e98bbee51d4ced396a1e6a7f6b5a7dc358e2a34c271da22fc185f657f2e5,8a69d882741c9042875045579f06172e194eedd707668175ecbe6420d5aea72c
pid201/internal-mp-48/loaded-t0/t1/verify,201,verify,1,internal,0,f,120,120,True,validation/stage1-20261004-0100/exact-counts.jsonl,91,db6e998d9b222d86e512c19a5819bb666e827c721d756b5702ba5a04d24f613f,2786e98bbee51d4ced396a1e6a7f6b5a7dc358e2a34c271da22fc185f657f2e5,8a69d882741c9042875045579f06172e194eedd707668175ecbe6420d5aea72c
pid201/internal-mp-48/loaded-t0/t1/verify,201,verify,1,internal,0,h,70,70,True,validation/stage1-20261004-0100/exact-counts.jsonl,91,db6e998d9b222d86e512c19a5819bb666e827c721d756b5702ba5a04d24f613f,2786e98bbee51d4ced396a1e6a7f6b5a7dc358e2a34c271da22fc185f657f2e5,8a69d882741c9042875045579f06172e194eedd707668175ecbe6420d5aea72c
pid201/internal-mp-48/loaded-t0/t1/verify,201,verify,1,internal,0,h_msg,1,1,True,validation/stage1-20261004-0100/exact-counts.jsonl,91,db6e998d9b222d86e512c19a5819bb666e827c721d756b5702ba5a04d24f613f,2786e98bbee51d4ced396a1e6a7f6b5a7dc358e2a34c271da22fc185f657f2e5,8a69d882741c9042875045579f06172e194eedd707668175ecbe6420d5aea72c
pid201/internal-mp-48/loaded-t0/t1/verify,201,verify,1,internal,0,prf,0,0,True,validation/stage1-20261004-0100/exact-counts.jsonl,91,db6e998d9b222d86e512c19a5819bb666e827c721d756b5702ba5a04d24f613f,2786e98bbee51d4ced396a1e6a7f6b5a7dc358e2a34c271da22fc185f657f2e5,8a69d882741c9042875045579f06172e194eedd707668175ecbe6420d5aea72c
pid201/internal-mp-48/loaded-t0/t1/verify,201,verify,1,internal,0,prf_msg,0,0,True,validation/stage1-20261004-0100/exact-counts.jsonl,91,db6e998d9b222d86e512c19a5819bb666e827c721d756b5702ba5a04d24f613f,2786e98bbee51d4ced396a1e6a7f6b5a7dc358e2a34c271da22fc185f657f2e5,8a69d882741c9042875045579f06172e194eedd707668175ecbe6420d5aea72c
pid201/internal-mp-48/loaded-t0/t1/verify,201,verify,1,internal,0,t,2,2,True,validation/stage1-20261004-0100/exact-counts.jsonl,91,db6e998d9b222d86e512c19a5819bb666e827c721d756b5702ba5a04d24f613f,2786e98bbee51d4ced396a1e6a7f6b5a7dc358e2a34c271da22fc185f657f2e5,8a69d882741c9042875045579f06172e194eedd707668175ecbe6420d5aea72c
pid201/internal-mp-55/loaded-t0/t1/sign,201,sign,1,internal,0,compress,18608,18608,True,validation/stage1-20261004-0100/exact-counts.jsonl,92,db6e998d9b222d86e512c19a5819bb666e827c721d756b5702ba5a04d24f613f,fe4c45c83c627f3f89c90e054262fe3b493d2472e2250f3030b0ec633e5dcc58,8a69d882741c9042875045579f06172e194eedd707668175ecbe6420d5aea72c
pid201/internal-mp-55/loaded-t0/t1/sign,201,sign,1,internal,0,f,6240,6240,True,validation/stage1-20261004-0100/exact-counts.jsonl,92,db6e998d9b222d86e512c19a5819bb666e827c721d756b5702ba5a04d24f613f,fe4c45c83c627f3f89c90e054262fe3b493d2472e2250f3030b0ec633e5dcc58,8a69d882741c9042875045579f06172e194eedd707668175ecbe6420d5aea72c
pid201/internal-mp-55/loaded-t0/t1/sign,201,sign,1,internal,0,h,6138,6138,True,validation/stage1-20261004-0100/exact-counts.jsonl,92,db6e998d9b222d86e512c19a5819bb666e827c721d756b5702ba5a04d24f613f,fe4c45c83c627f3f89c90e054262fe3b493d2472e2250f3030b0ec633e5dcc58,8a69d882741c9042875045579f06172e194eedd707668175ecbe6420d5aea72c
pid201/internal-mp-55/loaded-t0/t1/sign,201,sign,1,internal,0,h_msg,1,1,True,validation/stage1-20261004-0100/exact-counts.jsonl,92,db6e998d9b222d86e512c19a5819bb666e827c721d756b5702ba5a04d24f613f,fe4c45c83c627f3f89c90e054262fe3b493d2472e2250f3030b0ec633e5dcc58,8a69d882741c9042875045579f06172e194eedd707668175ecbe6420d5aea72c
pid201/internal-mp-55/loaded-t0/t1/sign,201,sign,1,internal,0,prf,6218,6218,True,validation/stage1-20261004-0100/exact-counts.jsonl,92,db6e998d9b222d86e512c19a5819bb666e827c721d756b5702ba5a04d24f613f,fe4c45c83c627f3f89c90e054262fe3b493d2472e2250f3030b0ec633e5dcc58,8a69d882741c9042875045579f06172e194eedd707668175ecbe6420d5aea72c
pid201/internal-mp-55/loaded-t0/t1/sign,201,sign,1,internal,0,prf_msg,1,1,True,validation/stage1-20261004-0100/exact-counts.jsonl,92,db6e998d9b222d86e512c19a5819bb666e827c721d756b5702ba5a04d24f613f,fe4c45c83c627f3f89c90e054262fe3b493d2472e2250f3030b0ec633e5dcc58,8a69d882741c9042875045579f06172e194eedd707668175ecbe6420d5aea72c
pid201/internal-mp-55/loaded-t0/t1/sign,201,sign,1,internal,0,t,1,1,True,validation/stage1-20261004-0100/exact-counts.jsonl,92,db6e998d9b222d86e512c19a5819bb666e827c721d756b5702ba5a04d24f613f,fe4c45c83c627f3f89c90e054262fe3b493d2472e2250f3030b0ec633e5dcc58,8a69d882741c9042875045579f06172e194eedd707668175ecbe6420d5aea72c
pid201/internal-mp-55/loaded-t0/t1/verify,201,verify,1,internal,0,compress,209,209,True,validation/stage1-20261004-0100/exact-counts.jsonl,93,db6e998d9b222d86e512c19a5819bb666e827c721d756b5702ba5a04d24f613f,eebb7741dce03398cd6f0da4d6ca8603f591b61104ec6c61ec8a346b0c6aca47,8a69d882741c9042875045579f06172e194eedd707668175ecbe6420d5aea72c
pid201/internal-mp-55/loaded-t0/t1/verify,201,verify,1,internal,0,f,114,114,True,validation/stage1-20261004-0100/exact-counts.jsonl,93,db6e998d9b222d86e512c19a5819bb666e827c721d756b5702ba5a04d24f613f,eebb7741dce03398cd6f0da4d6ca8603f591b61104ec6c61ec8a346b0c6aca47,8a69d882741c9042875045579f06172e194eedd707668175ecbe6420d5aea72c
pid201/internal-mp-55/loaded-t0/t1/verify,201,verify,1,internal,0,h,70,70,True,validation/stage1-20261004-0100/exact-counts.jsonl,93,db6e998d9b222d86e512c19a5819bb666e827c721d756b5702ba5a04d24f613f,eebb7741dce03398cd6f0da4d6ca8603f591b61104ec6c61ec8a346b0c6aca47,8a69d882741c9042875045579f06172e194eedd707668175ecbe6420d5aea72c
pid201/internal-mp-55/loaded-t0/t1/verify,201,verify,1,internal,0,h_msg,1,1,True,validation/stage1-20261004-0100/exact-counts.jsonl,93,db6e998d9b222d86e512c19a5819bb666e827c721d756b5702ba5a04d24f613f,eebb7741dce03398cd6f0da4d6ca8603f591b61104ec6c61ec8a346b0c6aca47,8a69d882741c9042875045579f06172e194eedd707668175ecbe6420d5aea72c
pid201/internal-mp-55/loaded-t0/t1/verify,201,verify,1,internal,0,prf,0,0,True,validation/stage1-20261004-0100/exact-counts.jsonl,93,db6e998d9b222d86e512c19a5819bb666e827c721d756b5702ba5a04d24f613f,eebb7741dce03398cd6f0da4d6ca8603f591b61104ec6c61ec8a346b0c6aca47,8a69d882741c9042875045579f06172e194eedd707668175ecbe6420d5aea72c
pid201/internal-mp-55/loaded-t0/t1/verify,201,verify,1,internal,0,prf_msg,0,0,True,validation/stage1-20261004-0100/exact-counts.jsonl,93,db6e998d9b222d86e512c19a5819bb666e827c721d756b5702ba5a04d24f613f,eebb7741dce03398cd6f0da4d6ca8603f591b61104ec6c61ec8a346b0c6aca47,8a69d882741c9042875045579f06172e194eedd707668175ecbe6420d5aea72c
pid201/internal-mp-55/loaded-t0/t1/verify,201,verify,1,internal,0,t,2,2,True,validation/stage1-20261004-0100/exact-counts.jsonl,93,db6e998d9b222d86e512c19a5819bb666e827c721d756b5702ba5a04d24f613f,eebb7741dce03398cd6f0da4d6ca8603f591b61104ec6c61ec8a346b0c6aca47,8a69d882741c9042875045579f06172e194eedd707668175ecbe6420d5aea72c
pid201/internal-mp-56/loaded-t0/t1/sign,201,sign,1,internal,0,compress,18626,18626,True,validation/stage1-20261004-0100/exact-counts.jsonl,94,db6e998d9b222d86e512c19a5819bb666e827c721d756b5702ba5a04d24f613f,016b07af6f98b9ec7d27dddf357e8ae8b304a65a8d7adfcd80ce1a15a37c0e0a,8a69d882741c9042875045579f06172e194eedd707668175ecbe6420d5aea72c
pid201/internal-mp-56/loaded-t0/t1/sign,201,sign,1,internal,0,f,6258,6258,True,validation/stage1-20261004-0100/exact-counts.jsonl,94,db6e998d9b222d86e512c19a5819bb666e827c721d756b5702ba5a04d24f613f,016b07af6f98b9ec7d27dddf357e8ae8b304a65a8d7adfcd80ce1a15a37c0e0a,8a69d882741c9042875045579f06172e194eedd707668175ecbe6420d5aea72c
pid201/internal-mp-56/loaded-t0/t1/sign,201,sign,1,internal,0,h,6138,6138,True,validation/stage1-20261004-0100/exact-counts.jsonl,94,db6e998d9b222d86e512c19a5819bb666e827c721d756b5702ba5a04d24f613f,016b07af6f98b9ec7d27dddf357e8ae8b304a65a8d7adfcd80ce1a15a37c0e0a,8a69d882741c9042875045579f06172e194eedd707668175ecbe6420d5aea72c
pid201/internal-mp-56/loaded-t0/t1/sign,201,sign,1,internal,0,h_msg,1,1,True,validation/stage1-20261004-0100/exact-counts.jsonl,94,db6e998d9b222d86e512c19a5819bb666e827c721d756b5702ba5a04d24f613f,016b07af6f98b9ec7d27dddf357e8ae8b304a65a8d7adfcd80ce1a15a37c0e0a,8a69d882741c9042875045579f06172e194eedd707668175ecbe6420d5aea72c
pid201/internal-mp-56/loaded-t0/t1/sign,201,sign,1,internal,0,prf,6218,6218,True,validation/stage1-20261004-0100/exact-counts.jsonl,94,db6e998d9b222d86e512c19a5819bb666e827c721d756b5702ba5a04d24f613f,016b07af6f98b9ec7d27dddf357e8ae8b304a65a8d7adfcd80ce1a15a37c0e0a,8a69d882741c9042875045579f06172e194eedd707668175ecbe6420d5aea72c
pid201/internal-mp-56/loaded-t0/t1/sign,201,sign,1,internal,0,prf_msg,1,1,True,validation/stage1-20261004-0100/exact-counts.jsonl,94,db6e998d9b222d86e512c19a5819bb666e827c721d756b5702ba5a04d24f613f,016b07af6f98b9ec7d27dddf357e8ae8b304a65a8d7adfcd80ce1a15a37c0e0a,8a69d882741c9042875045579f06172e194eedd707668175ecbe6420d5aea72c
pid201/internal-mp-56/loaded-t0/t1/sign,201,sign,1,internal,0,t,1,1,True,validation/stage1-20261004-0100/exact-counts.jsonl,94,db6e998d9b222d86e512c19a5819bb666e827c721d756b5702ba5a04d24f613f,016b07af6f98b9ec7d27dddf357e8ae8b304a65a8d7adfcd80ce1a15a37c0e0a,8a69d882741c9042875045579f06172e194eedd707668175ecbe6420d5aea72c
pid201/internal-mp-56/loaded-t0/t1/verify,201,verify,1,internal,0,compress,191,191,True,validation/stage1-20261004-0100/exact-counts.jsonl,95,db6e998d9b222d86e512c19a5819bb666e827c721d756b5702ba5a04d24f613f,379e19329ddec9ce6224f9f0b10dcd80c350890110e1ed4884ad6a9eda8b9a69,8a69d882741c9042875045579f06172e194eedd707668175ecbe6420d5aea72c
pid201/internal-mp-56/loaded-t0/t1/verify,201,verify,1,internal,0,f,96,96,True,validation/stage1-20261004-0100/exact-counts.jsonl,95,db6e998d9b222d86e512c19a5819bb666e827c721d756b5702ba5a04d24f613f,379e19329ddec9ce6224f9f0b10dcd80c350890110e1ed4884ad6a9eda8b9a69,8a69d882741c9042875045579f06172e194eedd707668175ecbe6420d5aea72c
pid201/internal-mp-56/loaded-t0/t1/verify,201,verify,1,internal,0,h,70,70,True,validation/stage1-20261004-0100/exact-counts.jsonl,95,db6e998d9b222d86e512c19a5819bb666e827c721d756b5702ba5a04d24f613f,379e19329ddec9ce6224f9f0b10dcd80c350890110e1ed4884ad6a9eda8b9a69,8a69d882741c9042875045579f06172e194eedd707668175ecbe6420d5aea72c
pid201/internal-mp-56/loaded-t0/t1/verify,201,verify,1,internal,0,h_msg,1,1,True,validation/stage1-20261004-0100/exact-counts.jsonl,95,db6e998d9b222d86e512c19a5819bb666e827c721d756b5702ba5a04d24f613f,379e19329ddec9ce6224f9f0b10dcd80c350890110e1ed4884ad6a9eda8b9a69,8a69d882741c9042875045579f06172e194eedd707668175ecbe6420d5aea72c
pid201/internal-mp-56/loaded-t0/t1/verify,201,verify,1,internal,0,prf,0,0,True,validation/stage1-20261004-0100/exact-counts.jsonl,95,db6e998d9b222d86e512c19a5819bb666e827c721d756b5702ba5a04d24f613f,379e19329ddec9ce6224f9f0b10dcd80c350890110e1ed4884ad6a9eda8b9a69,8a69d882741c9042875045579f06172e194eedd707668175ecbe6420d5aea72c
pid201/internal-mp-56/loaded-t0/t1/verify,201,verify,1,internal,0,prf_msg,0,0,True,validation/stage1-20261004-0100/exact-counts.jsonl,95,db6e998d9b222d86e512c19a5819bb666e827c721d756b5702ba5a04d24f613f,379e19329ddec9ce6224f9f0b10dcd80c350890110e1ed4884ad6a9eda8b9a69,8a69d882741c9042875045579f06172e194eedd707668175ecbe6420d5aea72c
pid201/internal-mp-56/loaded-t0/t1/verify,201,verify,1,internal,0,t,2,2,True,validation/stage1-20261004-0100/exact-counts.jsonl,95,db6e998d9b222d86e512c19a5819bb666e827c721d756b5702ba5a04d24f613f,379e19329ddec9ce6224f9f0b10dcd80c350890110e1ed4884ad6a9eda8b9a69,8a69d882741c9042875045579f06172e194eedd707668175ecbe6420d5aea72c
pid201/internal-mp-63/loaded-t0/t1/sign,201,sign,1,internal,0,compress,18611,18611,True,validation/stage1-20261004-0100/exact-counts.jsonl,96,db6e998d9b222d86e512c19a5819bb666e827c721d756b5702ba5a04d24f613f,7d8942507fabc6633642665009d16a9845680c1938ad95c9f4faf8c59c1c8f8a,8a69d882741c9042875045579f06172e194eedd707668175ecbe6420d5aea72c
pid201/internal-mp-63/loaded-t0/t1/sign,201,sign,1,internal,0,f,6243,6243,True,validation/stage1-20261004-0100/exact-counts.jsonl,96,db6e998d9b222d86e512c19a5819bb666e827c721d756b5702ba5a04d24f613f,7d8942507fabc6633642665009d16a9845680c1938ad95c9f4faf8c59c1c8f8a,8a69d882741c9042875045579f06172e194eedd707668175ecbe6420d5aea72c
pid201/internal-mp-63/loaded-t0/t1/sign,201,sign,1,internal,0,h,6138,6138,True,validation/stage1-20261004-0100/exact-counts.jsonl,96,db6e998d9b222d86e512c19a5819bb666e827c721d756b5702ba5a04d24f613f,7d8942507fabc6633642665009d16a9845680c1938ad95c9f4faf8c59c1c8f8a,8a69d882741c9042875045579f06172e194eedd707668175ecbe6420d5aea72c
pid201/internal-mp-63/loaded-t0/t1/sign,201,sign,1,internal,0,h_msg,1,1,True,validation/stage1-20261004-0100/exact-counts.jsonl,96,db6e998d9b222d86e512c19a5819bb666e827c721d756b5702ba5a04d24f613f,7d8942507fabc6633642665009d16a9845680c1938ad95c9f4faf8c59c1c8f8a,8a69d882741c9042875045579f06172e194eedd707668175ecbe6420d5aea72c
pid201/internal-mp-63/loaded-t0/t1/sign,201,sign,1,internal,0,prf,6218,6218,True,validation/stage1-20261004-0100/exact-counts.jsonl,96,db6e998d9b222d86e512c19a5819bb666e827c721d756b5702ba5a04d24f613f,7d8942507fabc6633642665009d16a9845680c1938ad95c9f4faf8c59c1c8f8a,8a69d882741c9042875045579f06172e194eedd707668175ecbe6420d5aea72c
pid201/internal-mp-63/loaded-t0/t1/sign,201,sign,1,internal,0,prf_msg,1,1,True,validation/stage1-20261004-0100/exact-counts.jsonl,96,db6e998d9b222d86e512c19a5819bb666e827c721d756b5702ba5a04d24f613f,7d8942507fabc6633642665009d16a9845680c1938ad95c9f4faf8c59c1c8f8a,8a69d882741c9042875045579f06172e194eedd707668175ecbe6420d5aea72c
pid201/internal-mp-63/loaded-t0/t1/sign,201,sign,1,internal,0,t,1,1,True,validation/stage1-20261004-0100/exact-counts.jsonl,96,db6e998d9b222d86e512c19a5819bb666e827c721d756b5702ba5a04d24f613f,7d8942507fabc6633642665009d16a9845680c1938ad95c9f4faf8c59c1c8f8a,8a69d882741c9042875045579f06172e194eedd707668175ecbe6420d5aea72c
pid201/internal-mp-63/loaded-t0/t1/verify,201,verify,1,internal,0,compress,206,206,True,validation/stage1-20261004-0100/exact-counts.jsonl,97,db6e998d9b222d86e512c19a5819bb666e827c721d756b5702ba5a04d24f613f,f5f35a17acea479ac32d680fad2becd4b45bf0e7856542727ef96b5274b1bbfc,8a69d882741c9042875045579f06172e194eedd707668175ecbe6420d5aea72c
pid201/internal-mp-63/loaded-t0/t1/verify,201,verify,1,internal,0,f,111,111,True,validation/stage1-20261004-0100/exact-counts.jsonl,97,db6e998d9b222d86e512c19a5819bb666e827c721d756b5702ba5a04d24f613f,f5f35a17acea479ac32d680fad2becd4b45bf0e7856542727ef96b5274b1bbfc,8a69d882741c9042875045579f06172e194eedd707668175ecbe6420d5aea72c
pid201/internal-mp-63/loaded-t0/t1/verify,201,verify,1,internal,0,h,70,70,True,validation/stage1-20261004-0100/exact-counts.jsonl,97,db6e998d9b222d86e512c19a5819bb666e827c721d756b5702ba5a04d24f613f,f5f35a17acea479ac32d680fad2becd4b45bf0e7856542727ef96b5274b1bbfc,8a69d882741c9042875045579f06172e194eedd707668175ecbe6420d5aea72c
pid201/internal-mp-63/loaded-t0/t1/verify,201,verify,1,internal,0,h_msg,1,1,True,validation/stage1-20261004-0100/exact-counts.jsonl,97,db6e998d9b222d86e512c19a5819bb666e827c721d756b5702ba5a04d24f613f,f5f35a17acea479ac32d680fad2becd4b45bf0e7856542727ef96b5274b1bbfc,8a69d882741c9042875045579f06172e194eedd707668175ecbe6420d5aea72c
pid201/internal-mp-63/loaded-t0/t1/verify,201,verify,1,internal,0,prf,0,0,True,validation/stage1-20261004-0100/exact-counts.jsonl,97,db6e998d9b222d86e512c19a5819bb666e827c721d756b5702ba5a04d24f613f,f5f35a17acea479ac32d680fad2becd4b45bf0e7856542727ef96b5274b1bbfc,8a69d882741c9042875045579f06172e194eedd707668175ecbe6420d5aea72c
pid201/internal-mp-63/loaded-t0/t1/verify,201,verify,1,internal,0,prf_msg,0,0,True,validation/stage1-20261004-0100/exact-counts.jsonl,97,db6e998d9b222d86e512c19a5819bb666e827c721d756b5702ba5a04d24f613f,f5f35a17acea479ac32d680fad2becd4b45bf0e7856542727ef96b5274b1bbfc,8a69d882741c9042875045579f06172e194eedd707668175ecbe6420d5aea72c
pid201/internal-mp-63/loaded-t0/t1/verify,201,verify,1,internal,0,t,2,2,True,validation/stage1-20261004-0100/exact-counts.jsonl,97,db6e998d9b222d86e512c19a5819bb666e827c721d756b5702ba5a04d24f613f,f5f35a17acea479ac32d680fad2becd4b45bf0e7856542727ef96b5274b1bbfc,8a69d882741c9042875045579f06172e194eedd707668175ecbe6420d5aea72c
pid201/internal-mp-64/loaded-t0/t1/sign,201,sign,1,internal,0,compress,18611,18611,True,validation/stage1-20261004-0100/exact-counts.jsonl,98,db6e998d9b222d86e512c19a5819bb666e827c721d756b5702ba5a04d24f613f,68a78fbf54605002abd83e698226da6a8d60cb8ef23dd65b1250d554761fb3f7,8a69d882741c9042875045579f06172e194eedd707668175ecbe6420d5aea72c
pid201/internal-mp-64/loaded-t0/t1/sign,201,sign,1,internal,0,f,6243,6243,True,validation/stage1-20261004-0100/exact-counts.jsonl,98,db6e998d9b222d86e512c19a5819bb666e827c721d756b5702ba5a04d24f613f,68a78fbf54605002abd83e698226da6a8d60cb8ef23dd65b1250d554761fb3f7,8a69d882741c9042875045579f06172e194eedd707668175ecbe6420d5aea72c
pid201/internal-mp-64/loaded-t0/t1/sign,201,sign,1,internal,0,h,6138,6138,True,validation/stage1-20261004-0100/exact-counts.jsonl,98,db6e998d9b222d86e512c19a5819bb666e827c721d756b5702ba5a04d24f613f,68a78fbf54605002abd83e698226da6a8d60cb8ef23dd65b1250d554761fb3f7,8a69d882741c9042875045579f06172e194eedd707668175ecbe6420d5aea72c
pid201/internal-mp-64/loaded-t0/t1/sign,201,sign,1,internal,0,h_msg,1,1,True,validation/stage1-20261004-0100/exact-counts.jsonl,98,db6e998d9b222d86e512c19a5819bb666e827c721d756b5702ba5a04d24f613f,68a78fbf54605002abd83e698226da6a8d60cb8ef23dd65b1250d554761fb3f7,8a69d882741c9042875045579f06172e194eedd707668175ecbe6420d5aea72c
pid201/internal-mp-64/loaded-t0/t1/sign,201,sign,1,internal,0,prf,6218,6218,True,validation/stage1-20261004-0100/exact-counts.jsonl,98,db6e998d9b222d86e512c19a5819bb666e827c721d756b5702ba5a04d24f613f,68a78fbf54605002abd83e698226da6a8d60cb8ef23dd65b1250d554761fb3f7,8a69d882741c9042875045579f06172e194eedd707668175ecbe6420d5aea72c
pid201/internal-mp-64/loaded-t0/t1/sign,201,sign,1,internal,0,prf_msg,1,1,True,validation/stage1-20261004-0100/exact-counts.jsonl,98,db6e998d9b222d86e512c19a5819bb666e827c721d756b5702ba5a04d24f613f,68a78fbf54605002abd83e698226da6a8d60cb8ef23dd65b1250d554761fb3f7,8a69d882741c9042875045579f06172e194eedd707668175ecbe6420d5aea72c
pid201/internal-mp-64/loaded-t0/t1/sign,201,sign,1,internal,0,t,1,1,True,validation/stage1-20261004-0100/exact-counts.jsonl,98,db6e998d9b222d86e512c19a5819bb666e827c721d756b5702ba5a04d24f613f,68a78fbf54605002abd83e698226da6a8d60cb8ef23dd65b1250d554761fb3f7,8a69d882741c9042875045579f06172e194eedd707668175ecbe6420d5aea72c
pid201/internal-mp-64/loaded-t0/t1/verify,201,verify,1,internal,0,compress,206,206,True,validation/stage1-20261004-0100/exact-counts.jsonl,99,db6e998d9b222d86e512c19a5819bb666e827c721d756b5702ba5a04d24f613f,908432a0a8df70bf310f7198b3aa9978c0b7b751f03fa7f2b973f5a4df08baab,8a69d882741c9042875045579f06172e194eedd707668175ecbe6420d5aea72c
pid201/internal-mp-64/loaded-t0/t1/verify,201,verify,1,internal,0,f,111,111,True,validation/stage1-20261004-0100/exact-counts.jsonl,99,db6e998d9b222d86e512c19a5819bb666e827c721d756b5702ba5a04d24f613f,908432a0a8df70bf310f7198b3aa9978c0b7b751f03fa7f2b973f5a4df08baab,8a69d882741c9042875045579f06172e194eedd707668175ecbe6420d5aea72c
pid201/internal-mp-64/loaded-t0/t1/verify,201,verify,1,internal,0,h,70,70,True,validation/stage1-20261004-0100/exact-counts.jsonl,99,db6e998d9b222d86e512c19a5819bb666e827c721d756b5702ba5a04d24f613f,908432a0a8df70bf310f7198b3aa9978c0b7b751f03fa7f2b973f5a4df08baab,8a69d882741c9042875045579f06172e194eedd707668175ecbe6420d5aea72c
pid201/internal-mp-64/loaded-t0/t1/verify,201,verify,1,internal,0,h_msg,1,1,True,validation/stage1-20261004-0100/exact-counts.jsonl,99,db6e998d9b222d86e512c19a5819bb666e827c721d756b5702ba5a04d24f613f,908432a0a8df70bf310f7198b3aa9978c0b7b751f03fa7f2b973f5a4df08baab,8a69d882741c9042875045579f06172e194eedd707668175ecbe6420d5aea72c
pid201/internal-mp-64/loaded-t0/t1/verify,201,verify,1,internal,0,prf,0,0,True,validation/stage1-20261004-0100/exact-counts.jsonl,99,db6e998d9b222d86e512c19a5819bb666e827c721d756b5702ba5a04d24f613f,908432a0a8df70bf310f7198b3aa9978c0b7b751f03fa7f2b973f5a4df08baab,8a69d882741c9042875045579f06172e194eedd707668175ecbe6420d5aea72c
pid201/internal-mp-64/loaded-t0/t1/verify,201,verify,1,internal,0,prf_msg,0,0,True,validation/stage1-20261004-0100/exact-counts.jsonl,99,db6e998d9b222d86e512c19a5819bb666e827c721d756b5702ba5a04d24f613f,908432a0a8df70bf310f7198b3aa9978c0b7b751f03fa7f2b973f5a4df08baab,8a69d882741c9042875045579f06172e194eedd707668175ecbe6420d5aea72c
pid201/internal-mp-64/loaded-t0/t1/verify,201,verify,1,internal,0,t,2,2,True,validation/stage1-20261004-0100/exact-counts.jsonl,99,db6e998d9b222d86e512c19a5819bb666e827c721d756b5702ba5a04d24f613f,908432a0a8df70bf310f7198b3aa9978c0b7b751f03fa7f2b973f5a4df08baab,8a69d882741c9042875045579f06172e194eedd707668175ecbe6420d5aea72c
pid201/internal-mp-257/loaded-t0/t1/sign,201,sign,1,internal,0,compress,18629,18629,True,validation/stage1-20261004-0100/exact-counts.jsonl,100,db6e998d9b222d86e512c19a5819bb666e827c721d756b5702ba5a04d24f613f,4c253b116b67799d2b86a29ae3909033f756042f88f95c7d27dd21766c4d7971,8a69d882741c9042875045579f06172e194eedd707668175ecbe6420d5aea72c
pid201/internal-mp-257/loaded-t0/t1/sign,201,sign,1,internal,0,f,6255,6255,True,validation/stage1-20261004-0100/exact-counts.jsonl,100,db6e998d9b222d86e512c19a5819bb666e827c721d756b5702ba5a04d24f613f,4c253b116b67799d2b86a29ae3909033f756042f88f95c7d27dd21766c4d7971,8a69d882741c9042875045579f06172e194eedd707668175ecbe6420d5aea72c
pid201/internal-mp-257/loaded-t0/t1/sign,201,sign,1,internal,0,h,6138,6138,True,validation/stage1-20261004-0100/exact-counts.jsonl,100,db6e998d9b222d86e512c19a5819bb666e827c721d756b5702ba5a04d24f613f,4c253b116b67799d2b86a29ae3909033f756042f88f95c7d27dd21766c4d7971,8a69d882741c9042875045579f06172e194eedd707668175ecbe6420d5aea72c
pid201/internal-mp-257/loaded-t0/t1/sign,201,sign,1,internal,0,h_msg,1,1,True,validation/stage1-20261004-0100/exact-counts.jsonl,100,db6e998d9b222d86e512c19a5819bb666e827c721d756b5702ba5a04d24f613f,4c253b116b67799d2b86a29ae3909033f756042f88f95c7d27dd21766c4d7971,8a69d882741c9042875045579f06172e194eedd707668175ecbe6420d5aea72c
pid201/internal-mp-257/loaded-t0/t1/sign,201,sign,1,internal,0,prf,6218,6218,True,validation/stage1-20261004-0100/exact-counts.jsonl,100,db6e998d9b222d86e512c19a5819bb666e827c721d756b5702ba5a04d24f613f,4c253b116b67799d2b86a29ae3909033f756042f88f95c7d27dd21766c4d7971,8a69d882741c9042875045579f06172e194eedd707668175ecbe6420d5aea72c
pid201/internal-mp-257/loaded-t0/t1/sign,201,sign,1,internal,0,prf_msg,1,1,True,validation/stage1-20261004-0100/exact-counts.jsonl,100,db6e998d9b222d86e512c19a5819bb666e827c721d756b5702ba5a04d24f613f,4c253b116b67799d2b86a29ae3909033f756042f88f95c7d27dd21766c4d7971,8a69d882741c9042875045579f06172e194eedd707668175ecbe6420d5aea72c
pid201/internal-mp-257/loaded-t0/t1/sign,201,sign,1,internal,0,t,1,1,True,validation/stage1-20261004-0100/exact-counts.jsonl,100,db6e998d9b222d86e512c19a5819bb666e827c721d756b5702ba5a04d24f613f,4c253b116b67799d2b86a29ae3909033f756042f88f95c7d27dd21766c4d7971,8a69d882741c9042875045579f06172e194eedd707668175ecbe6420d5aea72c
pid201/internal-mp-257/loaded-t0/t1/verify,201,verify,1,internal,0,compress,197,197,True,validation/stage1-20261004-0100/exact-counts.jsonl,101,db6e998d9b222d86e512c19a5819bb666e827c721d756b5702ba5a04d24f613f,0e9ae44326ed14b765bcc13d64a8f7ccbfe735adb24408c85aab5ec7ad00eb54,8a69d882741c9042875045579f06172e194eedd707668175ecbe6420d5aea72c
pid201/internal-mp-257/loaded-t0/t1/verify,201,verify,1,internal,0,f,99,99,True,validation/stage1-20261004-0100/exact-counts.jsonl,101,db6e998d9b222d86e512c19a5819bb666e827c721d756b5702ba5a04d24f613f,0e9ae44326ed14b765bcc13d64a8f7ccbfe735adb24408c85aab5ec7ad00eb54,8a69d882741c9042875045579f06172e194eedd707668175ecbe6420d5aea72c
pid201/internal-mp-257/loaded-t0/t1/verify,201,verify,1,internal,0,h,70,70,True,validation/stage1-20261004-0100/exact-counts.jsonl,101,db6e998d9b222d86e512c19a5819bb666e827c721d756b5702ba5a04d24f613f,0e9ae44326ed14b765bcc13d64a8f7ccbfe735adb24408c85aab5ec7ad00eb54,8a69d882741c9042875045579f06172e194eedd707668175ecbe6420d5aea72c
pid201/internal-mp-257/loaded-t0/t1/verify,201,verify,1,internal,0,h_msg,1,1,True,validation/stage1-20261004-0100/exact-counts.jsonl,101,db6e998d9b222d86e512c19a5819bb666e827c721d756b5702ba5a04d24f613f,0e9ae44326ed14b765bcc13d64a8f7ccbfe735adb24408c85aab5ec7ad00eb54,8a69d882741c9042875045579f06172e194eedd707668175ecbe6420d5aea72c
pid201/internal-mp-257/loaded-t0/t1/verify,201,verify,1,internal,0,prf,0,0,True,validation/stage1-20261004-0100/exact-counts.jsonl,101,db6e998d9b222d86e512c19a5819bb666e827c721d756b5702ba5a04d24f613f,0e9ae44326ed14b765bcc13d64a8f7ccbfe735adb24408c85aab5ec7ad00eb54,8a69d882741c9042875045579f06172e194eedd707668175ecbe6420d5aea72c
pid201/internal-mp-257/loaded-t0/t1/verify,201,verify,1,internal,0,prf_msg,0,0,True,validation/stage1-20261004-0100/exact-counts.jsonl,101,db6e998d9b222d86e512c19a5819bb666e827c721d756b5702ba5a04d24f613f,0e9ae44326ed14b765bcc13d64a8f7ccbfe735adb24408c85aab5ec7ad00eb54,8a69d882741c9042875045579f06172e194eedd707668175ecbe6420d5aea72c
pid201/internal-mp-257/loaded-t0/t1/verify,201,verify,1,internal,0,t,2,2,True,validation/stage1-20261004-0100/exact-counts.jsonl,101,db6e998d9b222d86e512c19a5819bb666e827c721d756b5702ba5a04d24f613f,0e9ae44326ed14b765bcc13d64a8f7ccbfe735adb24408c85aab5ec7ad00eb54,8a69d882741c9042875045579f06172e194eedd707668175ecbe6420d5aea72c
pid201/pure-context-0/loaded-t0/t1/sign,201,sign,1,pure,0,compress,18618,18618,True,validation/stage1-20261004-0100/exact-counts.jsonl,102,db6e998d9b222d86e512c19a5819bb666e827c721d756b5702ba5a04d24f613f,d6a87c5dd3c536d25f7902c9608abc69d73c6d12da73fc1f0f63418eaba40861,8a69d882741c9042875045579f06172e194eedd707668175ecbe6420d5aea72c
pid201/pure-context-0/loaded-t0/t1/sign,201,sign,1,pure,0,f,6252,6252,True,validation/stage1-20261004-0100/exact-counts.jsonl,102,db6e998d9b222d86e512c19a5819bb666e827c721d756b5702ba5a04d24f613f,d6a87c5dd3c536d25f7902c9608abc69d73c6d12da73fc1f0f63418eaba40861,8a69d882741c9042875045579f06172e194eedd707668175ecbe6420d5aea72c
pid201/pure-context-0/loaded-t0/t1/sign,201,sign,1,pure,0,h,6138,6138,True,validation/stage1-20261004-0100/exact-counts.jsonl,102,db6e998d9b222d86e512c19a5819bb666e827c721d756b5702ba5a04d24f613f,d6a87c5dd3c536d25f7902c9608abc69d73c6d12da73fc1f0f63418eaba40861,8a69d882741c9042875045579f06172e194eedd707668175ecbe6420d5aea72c
pid201/pure-context-0/loaded-t0/t1/sign,201,sign,1,pure,0,h_msg,1,1,True,validation/stage1-20261004-0100/exact-counts.jsonl,102,db6e998d9b222d86e512c19a5819bb666e827c721d756b5702ba5a04d24f613f,d6a87c5dd3c536d25f7902c9608abc69d73c6d12da73fc1f0f63418eaba40861,8a69d882741c9042875045579f06172e194eedd707668175ecbe6420d5aea72c
pid201/pure-context-0/loaded-t0/t1/sign,201,sign,1,pure,0,prf,6218,6218,True,validation/stage1-20261004-0100/exact-counts.jsonl,102,db6e998d9b222d86e512c19a5819bb666e827c721d756b5702ba5a04d24f613f,d6a87c5dd3c536d25f7902c9608abc69d73c6d12da73fc1f0f63418eaba40861,8a69d882741c9042875045579f06172e194eedd707668175ecbe6420d5aea72c
pid201/pure-context-0/loaded-t0/t1/sign,201,sign,1,pure,0,prf_msg,1,1,True,validation/stage1-20261004-0100/exact-counts.jsonl,102,db6e998d9b222d86e512c19a5819bb666e827c721d756b5702ba5a04d24f613f,d6a87c5dd3c536d25f7902c9608abc69d73c6d12da73fc1f0f63418eaba40861,8a69d882741c9042875045579f06172e194eedd707668175ecbe6420d5aea72c
pid201/pure-context-0/loaded-t0/t1/sign,201,sign,1,pure,0,t,1,1,True,validation/stage1-20261004-0100/exact-counts.jsonl,102,db6e998d9b222d86e512c19a5819bb666e827c721d756b5702ba5a04d24f613f,d6a87c5dd3c536d25f7902c9608abc69d73c6d12da73fc1f0f63418eaba40861,8a69d882741c9042875045579f06172e194eedd707668175ecbe6420d5aea72c
pid201/pure-context-0/loaded-t0/t1/verify,201,verify,1,pure,0,compress,196,196,True,validation/stage1-20261004-0100/exact-counts.jsonl,103,db6e998d9b222d86e512c19a5819bb666e827c721d756b5702ba5a04d24f613f,1a23b09b1b725b1bdb736666b1f9a61f8539434ade5629c495d44b8d670e7168,8a69d882741c9042875045579f06172e194eedd707668175ecbe6420d5aea72c
pid201/pure-context-0/loaded-t0/t1/verify,201,verify,1,pure,0,f,102,102,True,validation/stage1-20261004-0100/exact-counts.jsonl,103,db6e998d9b222d86e512c19a5819bb666e827c721d756b5702ba5a04d24f613f,1a23b09b1b725b1bdb736666b1f9a61f8539434ade5629c495d44b8d670e7168,8a69d882741c9042875045579f06172e194eedd707668175ecbe6420d5aea72c
pid201/pure-context-0/loaded-t0/t1/verify,201,verify,1,pure,0,h,70,70,True,validation/stage1-20261004-0100/exact-counts.jsonl,103,db6e998d9b222d86e512c19a5819bb666e827c721d756b5702ba5a04d24f613f,1a23b09b1b725b1bdb736666b1f9a61f8539434ade5629c495d44b8d670e7168,8a69d882741c9042875045579f06172e194eedd707668175ecbe6420d5aea72c
pid201/pure-context-0/loaded-t0/t1/verify,201,verify,1,pure,0,h_msg,1,1,True,validation/stage1-20261004-0100/exact-counts.jsonl,103,db6e998d9b222d86e512c19a5819bb666e827c721d756b5702ba5a04d24f613f,1a23b09b1b725b1bdb736666b1f9a61f8539434ade5629c495d44b8d670e7168,8a69d882741c9042875045579f06172e194eedd707668175ecbe6420d5aea72c
pid201/pure-context-0/loaded-t0/t1/verify,201,verify,1,pure,0,prf,0,0,True,validation/stage1-20261004-0100/exact-counts.jsonl,103,db6e998d9b222d86e512c19a5819bb666e827c721d756b5702ba5a04d24f613f,1a23b09b1b725b1bdb736666b1f9a61f8539434ade5629c495d44b8d670e7168,8a69d882741c9042875045579f06172e194eedd707668175ecbe6420d5aea72c
pid201/pure-context-0/loaded-t0/t1/verify,201,verify,1,pure,0,prf_msg,0,0,True,validation/stage1-20261004-0100/exact-counts.jsonl,103,db6e998d9b222d86e512c19a5819bb666e827c721d756b5702ba5a04d24f613f,1a23b09b1b725b1bdb736666b1f9a61f8539434ade5629c495d44b8d670e7168,8a69d882741c9042875045579f06172e194eedd707668175ecbe6420d5aea72c
pid201/pure-context-0/loaded-t0/t1/verify,201,verify,1,pure,0,t,2,2,True,validation/stage1-20261004-0100/exact-counts.jsonl,103,db6e998d9b222d86e512c19a5819bb666e827c721d756b5702ba5a04d24f613f,1a23b09b1b725b1bdb736666b1f9a61f8539434ade5629c495d44b8d670e7168,8a69d882741c9042875045579f06172e194eedd707668175ecbe6420d5aea72c
pid201/pure-context-255/loaded-t0/t1/sign,201,sign,1,pure,0,compress,18619,18619,True,validation/stage1-20261004-0100/exact-counts.jsonl,104,db6e998d9b222d86e512c19a5819bb666e827c721d756b5702ba5a04d24f613f,eeb64bb6bdae26b09754714082d31406c6c2881409f60bc640ef6b84624847ba,8a69d882741c9042875045579f06172e194eedd707668175ecbe6420d5aea72c
pid201/pure-context-255/loaded-t0/t1/sign,201,sign,1,pure,0,f,6243,6243,True,validation/stage1-20261004-0100/exact-counts.jsonl,104,db6e998d9b222d86e512c19a5819bb666e827c721d756b5702ba5a04d24f613f,eeb64bb6bdae26b09754714082d31406c6c2881409f60bc640ef6b84624847ba,8a69d882741c9042875045579f06172e194eedd707668175ecbe6420d5aea72c
pid201/pure-context-255/loaded-t0/t1/sign,201,sign,1,pure,0,h,6138,6138,True,validation/stage1-20261004-0100/exact-counts.jsonl,104,db6e998d9b222d86e512c19a5819bb666e827c721d756b5702ba5a04d24f613f,eeb64bb6bdae26b09754714082d31406c6c2881409f60bc640ef6b84624847ba,8a69d882741c9042875045579f06172e194eedd707668175ecbe6420d5aea72c
pid201/pure-context-255/loaded-t0/t1/sign,201,sign,1,pure,0,h_msg,1,1,True,validation/stage1-20261004-0100/exact-counts.jsonl,104,db6e998d9b222d86e512c19a5819bb666e827c721d756b5702ba5a04d24f613f,eeb64bb6bdae26b09754714082d31406c6c2881409f60bc640ef6b84624847ba,8a69d882741c9042875045579f06172e194eedd707668175ecbe6420d5aea72c
pid201/pure-context-255/loaded-t0/t1/sign,201,sign,1,pure,0,prf,6218,6218,True,validation/stage1-20261004-0100/exact-counts.jsonl,104,db6e998d9b222d86e512c19a5819bb666e827c721d756b5702ba5a04d24f613f,eeb64bb6bdae26b09754714082d31406c6c2881409f60bc640ef6b84624847ba,8a69d882741c9042875045579f06172e194eedd707668175ecbe6420d5aea72c
pid201/pure-context-255/loaded-t0/t1/sign,201,sign,1,pure,0,prf_msg,1,1,True,validation/stage1-20261004-0100/exact-counts.jsonl,104,db6e998d9b222d86e512c19a5819bb666e827c721d756b5702ba5a04d24f613f,eeb64bb6bdae26b09754714082d31406c6c2881409f60bc640ef6b84624847ba,8a69d882741c9042875045579f06172e194eedd707668175ecbe6420d5aea72c
pid201/pure-context-255/loaded-t0/t1/sign,201,sign,1,pure,0,t,1,1,True,validation/stage1-20261004-0100/exact-counts.jsonl,104,db6e998d9b222d86e512c19a5819bb666e827c721d756b5702ba5a04d24f613f,eeb64bb6bdae26b09754714082d31406c6c2881409f60bc640ef6b84624847ba,8a69d882741c9042875045579f06172e194eedd707668175ecbe6420d5aea72c
pid201/pure-context-255/loaded-t0/t1/verify,201,verify,1,pure,0,compress,210,210,True,validation/stage1-20261004-0100/exact-counts.jsonl,105,db6e998d9b222d86e512c19a5819bb666e827c721d756b5702ba5a04d24f613f,aca72d06e64b01118c999125b195496a4c24dc390f5f19818b2a238e0cc8aba8,8a69d882741c9042875045579f06172e194eedd707668175ecbe6420d5aea72c
pid201/pure-context-255/loaded-t0/t1/verify,201,verify,1,pure,0,f,111,111,True,validation/stage1-20261004-0100/exact-counts.jsonl,105,db6e998d9b222d86e512c19a5819bb666e827c721d756b5702ba5a04d24f613f,aca72d06e64b01118c999125b195496a4c24dc390f5f19818b2a238e0cc8aba8,8a69d882741c9042875045579f06172e194eedd707668175ecbe6420d5aea72c
pid201/pure-context-255/loaded-t0/t1/verify,201,verify,1,pure,0,h,70,70,True,validation/stage1-20261004-0100/exact-counts.jsonl,105,db6e998d9b222d86e512c19a5819bb666e827c721d756b5702ba5a04d24f613f,aca72d06e64b01118c999125b195496a4c24dc390f5f19818b2a238e0cc8aba8,8a69d882741c9042875045579f06172e194eedd707668175ecbe6420d5aea72c
pid201/pure-context-255/loaded-t0/t1/verify,201,verify,1,pure,0,h_msg,1,1,True,validation/stage1-20261004-0100/exact-counts.jsonl,105,db6e998d9b222d86e512c19a5819bb666e827c721d756b5702ba5a04d24f613f,aca72d06e64b01118c999125b195496a4c24dc390f5f19818b2a238e0cc8aba8,8a69d882741c9042875045579f06172e194eedd707668175ecbe6420d5aea72c
pid201/pure-context-255/loaded-t0/t1/verify,201,verify,1,pure,0,prf,0,0,True,validation/stage1-20261004-0100/exact-counts.jsonl,105,db6e998d9b222d86e512c19a5819bb666e827c721d756b5702ba5a04d24f613f,aca72d06e64b01118c999125b195496a4c24dc390f5f19818b2a238e0cc8aba8,8a69d882741c9042875045579f06172e194eedd707668175ecbe6420d5aea72c
pid201/pure-context-255/loaded-t0/t1/verify,201,verify,1,pure,0,prf_msg,0,0,True,validation/stage1-20261004-0100/exact-counts.jsonl,105,db6e998d9b222d86e512c19a5819bb666e827c721d756b5702ba5a04d24f613f,aca72d06e64b01118c999125b195496a4c24dc390f5f19818b2a238e0cc8aba8,8a69d882741c9042875045579f06172e194eedd707668175ecbe6420d5aea72c
pid201/pure-context-255/loaded-t0/t1/verify,201,verify,1,pure,0,t,2,2,True,validation/stage1-20261004-0100/exact-counts.jsonl,105,db6e998d9b222d86e512c19a5819bb666e827c721d756b5702ba5a04d24f613f,aca72d06e64b01118c999125b195496a4c24dc390f5f19818b2a238e0cc8aba8,8a69d882741c9042875045579f06172e194eedd707668175ecbe6420d5aea72c
pid201/internal-mp-0/loaded-t5/t1/sign,201,sign,1,internal,5,compress,27610,27610,True,validation/stage1-20261004-0100/exact-counts.jsonl,106,db6e998d9b222d86e512c19a5819bb666e827c721d756b5702ba5a04d24f613f,bd2fbd173c0374326a0d5922816364ec1d0415a2d04bfc4d8810c4c2cee89dc0,8a69d882741c9042875045579f06172e194eedd707668175ecbe6420d5aea72c
pid201/internal-mp-0/loaded-t5/t1/sign,201,sign,1,internal,5,f,12552,12552,True,validation/stage1-20261004-0100/exact-counts.jsonl,106,db6e998d9b222d86e512c19a5819bb666e827c721d756b5702ba5a04d24f613f,bd2fbd173c0374326a0d5922816364ec1d0415a2d04bfc4d8810c4c2cee89dc0,8a69d882741c9042875045579f06172e194eedd707668175ecbe6420d5aea72c
pid201/internal-mp-0/loaded-t5/t1/sign,201,sign,1,internal,5,h,6164,6164,True,validation/stage1-20261004-0100/exact-counts.jsonl,106,db6e998d9b222d86e512c19a5819bb666e827c721d756b5702ba5a04d24f613f,bd2fbd173c0374326a0d5922816364ec1d0415a2d04bfc4d8810c4c2cee89dc0,8a69d882741c9042875045579f06172e194eedd707668175ecbe6420d5aea72c
pid201/internal-mp-0/loaded-t5/t1/sign,201,sign,1,internal,5,h_msg,1,1,True,validation/stage1-20261004-0100/exact-counts.jsonl,106,db6e998d9b222d86e512c19a5819bb666e827c721d756b5702ba5a04d24f613f,bd2fbd173c0374326a0d5922816364ec1d0415a2d04bfc4d8810c4c2cee89dc0,8a69d882741c9042875045579f06172e194eedd707668175ecbe6420d5aea72c
pid201/internal-mp-0/loaded-t5/t1/sign,201,sign,1,internal,5,prf,8326,8326,True,validation/stage1-20261004-0100/exact-counts.jsonl,106,db6e998d9b222d86e512c19a5819bb666e827c721d756b5702ba5a04d24f613f,bd2fbd173c0374326a0d5922816364ec1d0415a2d04bfc4d8810c4c2cee89dc0,8a69d882741c9042875045579f06172e194eedd707668175ecbe6420d5aea72c
pid201/internal-mp-0/loaded-t5/t1/sign,201,sign,1,internal,5,prf_msg,1,1,True,validation/stage1-20261004-0100/exact-counts.jsonl,106,db6e998d9b222d86e512c19a5819bb666e827c721d756b5702ba5a04d24f613f,bd2fbd173c0374326a0d5922816364ec1d0415a2d04bfc4d8810c4c2cee89dc0,8a69d882741c9042875045579f06172e194eedd707668175ecbe6420d5aea72c
pid201/internal-mp-0/loaded-t5/t1/sign,201,sign,1,internal,5,t,32,32,True,validation/stage1-20261004-0100/exact-counts.jsonl,106,db6e998d9b222d86e512c19a5819bb666e827c721d756b5702ba5a04d24f613f,bd2fbd173c0374326a0d5922816364ec1d0415a2d04bfc4d8810c4c2cee89dc0,8a69d882741c9042875045579f06172e194eedd707668175ecbe6420d5aea72c
pid201/internal-mp-0/loaded-t5/t1/verify,201,verify,1,internal,5,compress,220,220,True,validation/stage1-20261004-0100/exact-counts.jsonl,107,db6e998d9b222d86e512c19a5819bb666e827c721d756b5702ba5a04d24f613f,320c970049534ebcf804fda93782157fd81d27b70734597009703da275f5a551,8a69d882741c9042875045579f06172e194eedd707668175ecbe6420d5aea72c
pid201/internal-mp-0/loaded-t5/t1/verify,201,verify,1,internal,5,f,126,126,True,validation/stage1-20261004-0100/exact-counts.jsonl,107,db6e998d9b222d86e512c19a5819bb666e827c721d756b5702ba5a04d24f613f,320c970049534ebcf804fda93782157fd81d27b70734597009703da275f5a551,8a69d882741c9042875045579f06172e194eedd707668175ecbe6420d5aea72c
pid201/internal-mp-0/loaded-t5/t1/verify,201,verify,1,internal,5,h,70,70,True,validation/stage1-20261004-0100/exact-counts.jsonl,107,db6e998d9b222d86e512c19a5819bb666e827c721d756b5702ba5a04d24f613f,320c970049534ebcf804fda93782157fd81d27b70734597009703da275f5a551,8a69d882741c9042875045579f06172e194eedd707668175ecbe6420d5aea72c
pid201/internal-mp-0/loaded-t5/t1/verify,201,verify,1,internal,5,h_msg,1,1,True,validation/stage1-20261004-0100/exact-counts.jsonl,107,db6e998d9b222d86e512c19a5819bb666e827c721d756b5702ba5a04d24f613f,320c970049534ebcf804fda93782157fd81d27b70734597009703da275f5a551,8a69d882741c9042875045579f06172e194eedd707668175ecbe6420d5aea72c
pid201/internal-mp-0/loaded-t5/t1/verify,201,verify,1,internal,5,prf,0,0,True,validation/stage1-20261004-0100/exact-counts.jsonl,107,db6e998d9b222d86e512c19a5819bb666e827c721d756b5702ba5a04d24f613f,320c970049534ebcf804fda93782157fd81d27b70734597009703da275f5a551,8a69d882741c9042875045579f06172e194eedd707668175ecbe6420d5aea72c
pid201/internal-mp-0/loaded-t5/t1/verify,201,verify,1,internal,5,prf_msg,0,0,True,validation/stage1-20261004-0100/exact-counts.jsonl,107,db6e998d9b222d86e512c19a5819bb666e827c721d756b5702ba5a04d24f613f,320c970049534ebcf804fda93782157fd81d27b70734597009703da275f5a551,8a69d882741c9042875045579f06172e194eedd707668175ecbe6420d5aea72c
pid201/internal-mp-0/loaded-t5/t1/verify,201,verify,1,internal,5,t,2,2,True,validation/stage1-20261004-0100/exact-counts.jsonl,107,db6e998d9b222d86e512c19a5819bb666e827c721d756b5702ba5a04d24f613f,320c970049534ebcf804fda93782157fd81d27b70734597009703da275f5a551,8a69d882741c9042875045579f06172e194eedd707668175ecbe6420d5aea72c
pid201/internal-mp-1/loaded-t5/t1/sign,201,sign,1,internal,5,compress,27637,27637,True,validation/stage1-20261004-0100/exact-counts.jsonl,108,db6e998d9b222d86e512c19a5819bb666e827c721d756b5702ba5a04d24f613f,2d994ba88a59e59fe3feb137cdcd4f4526a7556ad7977cbf4733ddac0cbae699,8a69d882741c9042875045579f06172e194eedd707668175ecbe6420d5aea72c
pid201/internal-mp-1/loaded-t5/t1/sign,201,sign,1,internal,5,f,12579,12579,True,validation/stage1-20261004-0100/exact-counts.jsonl,108,db6e998d9b222d86e512c19a5819bb666e827c721d756b5702ba5a04d24f613f,2d994ba88a59e59fe3feb137cdcd4f4526a7556ad7977cbf4733ddac0cbae699,8a69d882741c9042875045579f06172e194eedd707668175ecbe6420d5aea72c
pid201/internal-mp-1/loaded-t5/t1/sign,201,sign,1,internal,5,h,6164,6164,True,validation/stage1-20261004-0100/exact-counts.jsonl,108,db6e998d9b222d86e512c19a5819bb666e827c721d756b5702ba5a04d24f613f,2d994ba88a59e59fe3feb137cdcd4f4526a7556ad7977cbf4733ddac0cbae699,8a69d882741c9042875045579f06172e194eedd707668175ecbe6420d5aea72c
pid201/internal-mp-1/loaded-t5/t1/sign,201,sign,1,internal,5,h_msg,1,1,True,validation/stage1-20261004-0100/exact-counts.jsonl,108,db6e998d9b222d86e512c19a5819bb666e827c721d756b5702ba5a04d24f613f,2d994ba88a59e59fe3feb137cdcd4f4526a7556ad7977cbf4733ddac0cbae699,8a69d882741c9042875045579f06172e194eedd707668175ecbe6420d5aea72c
pid201/internal-mp-1/loaded-t5/t1/sign,201,sign,1,internal,5,prf,8326,8326,True,validation/stage1-20261004-0100/exact-counts.jsonl,108,db6e998d9b222d86e512c19a5819bb666e827c721d756b5702ba5a04d24f613f,2d994ba88a59e59fe3feb137cdcd4f4526a7556ad7977cbf4733ddac0cbae699,8a69d882741c9042875045579f06172e194eedd707668175ecbe6420d5aea72c
pid201/internal-mp-1/loaded-t5/t1/sign,201,sign,1,internal,5,prf_msg,1,1,True,validation/stage1-20261004-0100/exact-counts.jsonl,108,db6e998d9b222d86e512c19a5819bb666e827c721d756b5702ba5a04d24f613f,2d994ba88a59e59fe3feb137cdcd4f4526a7556ad7977cbf4733ddac0cbae699,8a69d882741c9042875045579f06172e194eedd707668175ecbe6420d5aea72c
pid201/internal-mp-1/loaded-t5/t1/sign,201,sign,1,internal,5,t,32,32,True,validation/stage1-20261004-0100/exact-counts.jsonl,108,db6e998d9b222d86e512c19a5819bb666e827c721d756b5702ba5a04d24f613f,2d994ba88a59e59fe3feb137cdcd4f4526a7556ad7977cbf4733ddac0cbae699,8a69d882741c9042875045579f06172e194eedd707668175ecbe6420d5aea72c
pid201/internal-mp-1/loaded-t5/t1/verify,201,verify,1,internal,5,compress,193,193,True,validation/stage1-20261004-0100/exact-counts.jsonl,109,db6e998d9b222d86e512c19a5819bb666e827c721d756b5702ba5a04d24f613f,a612eedb86df50850a93c23cac08d2cd5e3ed8fbc5036ab8a9d8852ae13b415b,8a69d882741c9042875045579f06172e194eedd707668175ecbe6420d5aea72c
pid201/internal-mp-1/loaded-t5/t1/verify,201,verify,1,internal,5,f,99,99,True,validation/stage1-20261004-0100/exact-counts.jsonl,109,db6e998d9b222d86e512c19a5819bb666e827c721d756b5702ba5a04d24f613f,a612eedb86df50850a93c23cac08d2cd5e3ed8fbc5036ab8a9d8852ae13b415b,8a69d882741c9042875045579f06172e194eedd707668175ecbe6420d5aea72c
pid201/internal-mp-1/loaded-t5/t1/verify,201,verify,1,internal,5,h,70,70,True,validation/stage1-20261004-0100/exact-counts.jsonl,109,db6e998d9b222d86e512c19a5819bb666e827c721d756b5702ba5a04d24f613f,a612eedb86df50850a93c23cac08d2cd5e3ed8fbc5036ab8a9d8852ae13b415b,8a69d882741c9042875045579f06172e194eedd707668175ecbe6420d5aea72c
pid201/internal-mp-1/loaded-t5/t1/verify,201,verify,1,internal,5,h_msg,1,1,True,validation/stage1-20261004-0100/exact-counts.jsonl,109,db6e998d9b222d86e512c19a5819bb666e827c721d756b5702ba5a04d24f613f,a612eedb86df50850a93c23cac08d2cd5e3ed8fbc5036ab8a9d8852ae13b415b,8a69d882741c9042875045579f06172e194eedd707668175ecbe6420d5aea72c
pid201/internal-mp-1/loaded-t5/t1/verify,201,verify,1,internal,5,prf,0,0,True,validation/stage1-20261004-0100/exact-counts.jsonl,109,db6e998d9b222d86e512c19a5819bb666e827c721d756b5702ba5a04d24f613f,a612eedb86df50850a93c23cac08d2cd5e3ed8fbc5036ab8a9d8852ae13b415b,8a69d882741c9042875045579f06172e194eedd707668175ecbe6420d5aea72c
pid201/internal-mp-1/loaded-t5/t1/verify,201,verify,1,internal,5,prf_msg,0,0,True,validation/stage1-20261004-0100/exact-counts.jsonl,109,db6e998d9b222d86e512c19a5819bb666e827c721d756b5702ba5a04d24f613f,a612eedb86df50850a93c23cac08d2cd5e3ed8fbc5036ab8a9d8852ae13b415b,8a69d882741c9042875045579f06172e194eedd707668175ecbe6420d5aea72c
pid201/internal-mp-1/loaded-t5/t1/verify,201,verify,1,internal,5,t,2,2,True,validation/stage1-20261004-0100/exact-counts.jsonl,109,db6e998d9b222d86e512c19a5819bb666e827c721d756b5702ba5a04d24f613f,a612eedb86df50850a93c23cac08d2cd5e3ed8fbc5036ab8a9d8852ae13b415b,8a69d882741c9042875045579f06172e194eedd707668175ecbe6420d5aea72c
pid201/internal-mp-7/loaded-t5/t1/sign,201,sign,1,internal,5,compress,27622,27622,True,validation/stage1-20261004-0100/exact-counts.jsonl,110,db6e998d9b222d86e512c19a5819bb666e827c721d756b5702ba5a04d24f613f,d8cede0fa36b72b93c1ee5d82aba7894c6cf209d985060a7f39326ea1fb9f4f8,8a69d882741c9042875045579f06172e194eedd707668175ecbe6420d5aea72c
pid201/internal-mp-7/loaded-t5/t1/sign,201,sign,1,internal,5,f,12564,12564,True,validation/stage1-20261004-0100/exact-counts.jsonl,110,db6e998d9b222d86e512c19a5819bb666e827c721d756b5702ba5a04d24f613f,d8cede0fa36b72b93c1ee5d82aba7894c6cf209d985060a7f39326ea1fb9f4f8,8a69d882741c9042875045579f06172e194eedd707668175ecbe6420d5aea72c
pid201/internal-mp-7/loaded-t5/t1/sign,201,sign,1,internal,5,h,6164,6164,True,validation/stage1-20261004-0100/exact-counts.jsonl,110,db6e998d9b222d86e512c19a5819bb666e827c721d756b5702ba5a04d24f613f,d8cede0fa36b72b93c1ee5d82aba7894c6cf209d985060a7f39326ea1fb9f4f8,8a69d882741c9042875045579f06172e194eedd707668175ecbe6420d5aea72c
pid201/internal-mp-7/loaded-t5/t1/sign,201,sign,1,internal,5,h_msg,1,1,True,validation/stage1-20261004-0100/exact-counts.jsonl,110,db6e998d9b222d86e512c19a5819bb666e827c721d756b5702ba5a04d24f613f,d8cede0fa36b72b93c1ee5d82aba7894c6cf209d985060a7f39326ea1fb9f4f8,8a69d882741c9042875045579f06172e194eedd707668175ecbe6420d5aea72c
pid201/internal-mp-7/loaded-t5/t1/sign,201,sign,1,internal,5,prf,8326,8326,True,validation/stage1-20261004-0100/exact-counts.jsonl,110,db6e998d9b222d86e512c19a5819bb666e827c721d756b5702ba5a04d24f613f,d8cede0fa36b72b93c1ee5d82aba7894c6cf209d985060a7f39326ea1fb9f4f8,8a69d882741c9042875045579f06172e194eedd707668175ecbe6420d5aea72c
pid201/internal-mp-7/loaded-t5/t1/sign,201,sign,1,internal,5,prf_msg,1,1,True,validation/stage1-20261004-0100/exact-counts.jsonl,110,db6e998d9b222d86e512c19a5819bb666e827c721d756b5702ba5a04d24f613f,d8cede0fa36b72b93c1ee5d82aba7894c6cf209d985060a7f39326ea1fb9f4f8,8a69d882741c9042875045579f06172e194eedd707668175ecbe6420d5aea72c
pid201/internal-mp-7/loaded-t5/t1/sign,201,sign,1,internal,5,t,32,32,True,validation/stage1-20261004-0100/exact-counts.jsonl,110,db6e998d9b222d86e512c19a5819bb666e827c721d756b5702ba5a04d24f613f,d8cede0fa36b72b93c1ee5d82aba7894c6cf209d985060a7f39326ea1fb9f4f8,8a69d882741c9042875045579f06172e194eedd707668175ecbe6420d5aea72c
pid201/internal-mp-7/loaded-t5/t1/verify,201,verify,1,internal,5,compress,208,208,True,validation/stage1-20261004-0100/exact-counts.jsonl,111,db6e998d9b222d86e512c19a5819bb666e827c721d756b5702ba5a04d24f613f,e1e4acf83793c2fd17410152519ebc3bc48ba8415f2b2ce42c1964d97d905ebb,8a69d882741c9042875045579f06172e194eedd707668175ecbe6420d5aea72c
pid201/internal-mp-7/loaded-t5/t1/verify,201,verify,1,internal,5,f,114,114,True,validation/stage1-20261004-0100/exact-counts.jsonl,111,db6e998d9b222d86e512c19a5819bb666e827c721d756b5702ba5a04d24f613f,e1e4acf83793c2fd17410152519ebc3bc48ba8415f2b2ce42c1964d97d905ebb,8a69d882741c9042875045579f06172e194eedd707668175ecbe6420d5aea72c
pid201/internal-mp-7/loaded-t5/t1/verify,201,verify,1,internal,5,h,70,70,True,validation/stage1-20261004-0100/exact-counts.jsonl,111,db6e998d9b222d86e512c19a5819bb666e827c721d756b5702ba5a04d24f613f,e1e4acf83793c2fd17410152519ebc3bc48ba8415f2b2ce42c1964d97d905ebb,8a69d882741c9042875045579f06172e194eedd707668175ecbe6420d5aea72c
pid201/internal-mp-7/loaded-t5/t1/verify,201,verify,1,internal,5,h_msg,1,1,True,validation/stage1-20261004-0100/exact-counts.jsonl,111,db6e998d9b222d86e512c19a5819bb666e827c721d756b5702ba5a04d24f613f,e1e4acf83793c2fd17410152519ebc3bc48ba8415f2b2ce42c1964d97d905ebb,8a69d882741c9042875045579f06172e194eedd707668175ecbe6420d5aea72c
pid201/internal-mp-7/loaded-t5/t1/verify,201,verify,1,internal,5,prf,0,0,True,validation/stage1-20261004-0100/exact-counts.jsonl,111,db6e998d9b222d86e512c19a5819bb666e827c721d756b5702ba5a04d24f613f,e1e4acf83793c2fd17410152519ebc3bc48ba8415f2b2ce42c1964d97d905ebb,8a69d882741c9042875045579f06172e194eedd707668175ecbe6420d5aea72c
pid201/internal-mp-7/loaded-t5/t1/verify,201,verify,1,internal,5,prf_msg,0,0,True,validation/stage1-20261004-0100/exact-counts.jsonl,111,db6e998d9b222d86e512c19a5819bb666e827c721d756b5702ba5a04d24f613f,e1e4acf83793c2fd17410152519ebc3bc48ba8415f2b2ce42c1964d97d905ebb,8a69d882741c9042875045579f06172e194eedd707668175ecbe6420d5aea72c
pid201/internal-mp-7/loaded-t5/t1/verify,201,verify,1,internal,5,t,2,2,True,validation/stage1-20261004-0100/exact-counts.jsonl,111,db6e998d9b222d86e512c19a5819bb666e827c721d756b5702ba5a04d24f613f,e1e4acf83793c2fd17410152519ebc3bc48ba8415f2b2ce42c1964d97d905ebb,8a69d882741c9042875045579f06172e194eedd707668175ecbe6420d5aea72c
pid201/internal-mp-8/loaded-t5/t1/sign,201,sign,1,internal,5,compress,27632,27632,True,validation/stage1-20261004-0100/exact-counts.jsonl,112,db6e998d9b222d86e512c19a5819bb666e827c721d756b5702ba5a04d24f613f,ded014cebc5aec8ff931ab84a0f9b32a464a5353d86bcc17bc536acfda58b0f5,8a69d882741c9042875045579f06172e194eedd707668175ecbe6420d5aea72c
pid201/internal-mp-8/loaded-t5/t1/sign,201,sign,1,internal,5,f,12573,12573,True,validation/stage1-20261004-0100/exact-counts.jsonl,112,db6e998d9b222d86e512c19a5819bb666e827c721d756b5702ba5a04d24f613f,ded014cebc5aec8ff931ab84a0f9b32a464a5353d86bcc17bc536acfda58b0f5,8a69d882741c9042875045579f06172e194eedd707668175ecbe6420d5aea72c
pid201/internal-mp-8/loaded-t5/t1/sign,201,sign,1,internal,5,h,6164,6164,True,validation/stage1-20261004-0100/exact-counts.jsonl,112,db6e998d9b222d86e512c19a5819bb666e827c721d756b5702ba5a04d24f613f,ded014cebc5aec8ff931ab84a0f9b32a464a5353d86bcc17bc536acfda58b0f5,8a69d882741c9042875045579f06172e194eedd707668175ecbe6420d5aea72c
pid201/internal-mp-8/loaded-t5/t1/sign,201,sign,1,internal,5,h_msg,1,1,True,validation/stage1-20261004-0100/exact-counts.jsonl,112,db6e998d9b222d86e512c19a5819bb666e827c721d756b5702ba5a04d24f613f,ded014cebc5aec8ff931ab84a0f9b32a464a5353d86bcc17bc536acfda58b0f5,8a69d882741c9042875045579f06172e194eedd707668175ecbe6420d5aea72c
pid201/internal-mp-8/loaded-t5/t1/sign,201,sign,1,internal,5,prf,8326,8326,True,validation/stage1-20261004-0100/exact-counts.jsonl,112,db6e998d9b222d86e512c19a5819bb666e827c721d756b5702ba5a04d24f613f,ded014cebc5aec8ff931ab84a0f9b32a464a5353d86bcc17bc536acfda58b0f5,8a69d882741c9042875045579f06172e194eedd707668175ecbe6420d5aea72c
pid201/internal-mp-8/loaded-t5/t1/sign,201,sign,1,internal,5,prf_msg,1,1,True,validation/stage1-20261004-0100/exact-counts.jsonl,112,db6e998d9b222d86e512c19a5819bb666e827c721d756b5702ba5a04d24f613f,ded014cebc5aec8ff931ab84a0f9b32a464a5353d86bcc17bc536acfda58b0f5,8a69d882741c9042875045579f06172e194eedd707668175ecbe6420d5aea72c
pid201/internal-mp-8/loaded-t5/t1/sign,201,sign,1,internal,5,t,32,32,True,validation/stage1-20261004-0100/exact-counts.jsonl,112,db6e998d9b222d86e512c19a5819bb666e827c721d756b5702ba5a04d24f613f,ded014cebc5aec8ff931ab84a0f9b32a464a5353d86bcc17bc536acfda58b0f5,8a69d882741c9042875045579f06172e194eedd707668175ecbe6420d5aea72c
pid201/internal-mp-8/loaded-t5/t1/verify,201,verify,1,internal,5,compress,200,200,True,validation/stage1-20261004-0100/exact-counts.jsonl,113,db6e998d9b222d86e512c19a5819bb666e827c721d756b5702ba5a04d24f613f,75805df036db719ff9756fbd21e88a36a634484a8fc67fa1183b08425535167f,8a69d882741c9042875045579f06172e194eedd707668175ecbe6420d5aea72c
pid201/internal-mp-8/loaded-t5/t1/verify,201,verify,1,internal,5,f,105,105,True,validation/stage1-20261004-0100/exact-counts.jsonl,113,db6e998d9b222d86e512c19a5819bb666e827c721d756b5702ba5a04d24f613f,75805df036db719ff9756fbd21e88a36a634484a8fc67fa1183b08425535167f,8a69d882741c9042875045579f06172e194eedd707668175ecbe6420d5aea72c
pid201/internal-mp-8/loaded-t5/t1/verify,201,verify,1,internal,5,h,70,70,True,validation/stage1-20261004-0100/exact-counts.jsonl,113,db6e998d9b222d86e512c19a5819bb666e827c721d756b5702ba5a04d24f613f,75805df036db719ff9756fbd21e88a36a634484a8fc67fa1183b08425535167f,8a69d882741c9042875045579f06172e194eedd707668175ecbe6420d5aea72c
pid201/internal-mp-8/loaded-t5/t1/verify,201,verify,1,internal,5,h_msg,1,1,True,validation/stage1-20261004-0100/exact-counts.jsonl,113,db6e998d9b222d86e512c19a5819bb666e827c721d756b5702ba5a04d24f613f,75805df036db719ff9756fbd21e88a36a634484a8fc67fa1183b08425535167f,8a69d882741c9042875045579f06172e194eedd707668175ecbe6420d5aea72c
pid201/internal-mp-8/loaded-t5/t1/verify,201,verify,1,internal,5,prf,0,0,True,validation/stage1-20261004-0100/exact-counts.jsonl,113,db6e998d9b222d86e512c19a5819bb666e827c721d756b5702ba5a04d24f613f,75805df036db719ff9756fbd21e88a36a634484a8fc67fa1183b08425535167f,8a69d882741c9042875045579f06172e194eedd707668175ecbe6420d5aea72c
pid201/internal-mp-8/loaded-t5/t1/verify,201,verify,1,internal,5,prf_msg,0,0,True,validation/stage1-20261004-0100/exact-counts.jsonl,113,db6e998d9b222d86e512c19a5819bb666e827c721d756b5702ba5a04d24f613f,75805df036db719ff9756fbd21e88a36a634484a8fc67fa1183b08425535167f,8a69d882741c9042875045579f06172e194eedd707668175ecbe6420d5aea72c
pid201/internal-mp-8/loaded-t5/t1/verify,201,verify,1,internal,5,t,2,2,True,validation/stage1-20261004-0100/exact-counts.jsonl,113,db6e998d9b222d86e512c19a5819bb666e827c721d756b5702ba5a04d24f613f,75805df036db719ff9756fbd21e88a36a634484a8fc67fa1183b08425535167f,8a69d882741c9042875045579f06172e194eedd707668175ecbe6420d5aea72c
pid201/internal-mp-39/loaded-t5/t1/sign,201,sign,1,internal,5,compress,27638,27638,True,validation/stage1-20261004-0100/exact-counts.jsonl,114,db6e998d9b222d86e512c19a5819bb666e827c721d756b5702ba5a04d24f613f,3b9c6a843eefb524477fb2f073a47654877be89fdf8fca64eeb933700b85dba9,8a69d882741c9042875045579f06172e194eedd707668175ecbe6420d5aea72c
pid201/internal-mp-39/loaded-t5/t1/sign,201,sign,1,internal,5,f,12579,12579,True,validation/stage1-20261004-0100/exact-counts.jsonl,114,db6e998d9b222d86e512c19a5819bb666e827c721d756b5702ba5a04d24f613f,3b9c6a843eefb524477fb2f073a47654877be89fdf8fca64eeb933700b85dba9,8a69d882741c9042875045579f06172e194eedd707668175ecbe6420d5aea72c
pid201/internal-mp-39/loaded-t5/t1/sign,201,sign,1,internal,5,h,6164,6164,True,validation/stage1-20261004-0100/exact-counts.jsonl,114,db6e998d9b222d86e512c19a5819bb666e827c721d756b5702ba5a04d24f613f,3b9c6a843eefb524477fb2f073a47654877be89fdf8fca64eeb933700b85dba9,8a69d882741c9042875045579f06172e194eedd707668175ecbe6420d5aea72c
pid201/internal-mp-39/loaded-t5/t1/sign,201,sign,1,internal,5,h_msg,1,1,True,validation/stage1-20261004-0100/exact-counts.jsonl,114,db6e998d9b222d86e512c19a5819bb666e827c721d756b5702ba5a04d24f613f,3b9c6a843eefb524477fb2f073a47654877be89fdf8fca64eeb933700b85dba9,8a69d882741c9042875045579f06172e194eedd707668175ecbe6420d5aea72c
pid201/internal-mp-39/loaded-t5/t1/sign,201,sign,1,internal,5,prf,8326,8326,True,validation/stage1-20261004-0100/exact-counts.jsonl,114,db6e998d9b222d86e512c19a5819bb666e827c721d756b5702ba5a04d24f613f,3b9c6a843eefb524477fb2f073a47654877be89fdf8fca64eeb933700b85dba9,8a69d882741c9042875045579f06172e194eedd707668175ecbe6420d5aea72c
pid201/internal-mp-39/loaded-t5/t1/sign,201,sign,1,internal,5,prf_msg,1,1,True,validation/stage1-20261004-0100/exact-counts.jsonl,114,db6e998d9b222d86e512c19a5819bb666e827c721d756b5702ba5a04d24f613f,3b9c6a843eefb524477fb2f073a47654877be89fdf8fca64eeb933700b85dba9,8a69d882741c9042875045579f06172e194eedd707668175ecbe6420d5aea72c
pid201/internal-mp-39/loaded-t5/t1/sign,201,sign,1,internal,5,t,32,32,True,validation/stage1-20261004-0100/exact-counts.jsonl,114,db6e998d9b222d86e512c19a5819bb666e827c721d756b5702ba5a04d24f613f,3b9c6a843eefb524477fb2f073a47654877be89fdf8fca64eeb933700b85dba9,8a69d882741c9042875045579f06172e194eedd707668175ecbe6420d5aea72c
pid201/internal-mp-39/loaded-t5/t1/verify,201,verify,1,internal,5,compress,194,194,True,validation/stage1-20261004-0100/exact-counts.jsonl,115,db6e998d9b222d86e512c19a5819bb666e827c721d756b5702ba5a04d24f613f,8a96ff3ff58991109484c1ac4c2ad84db9d07886195d30bff16ee839057980d8,8a69d882741c9042875045579f06172e194eedd707668175ecbe6420d5aea72c
pid201/internal-mp-39/loaded-t5/t1/verify,201,verify,1,internal,5,f,99,99,True,validation/stage1-20261004-0100/exact-counts.jsonl,115,db6e998d9b222d86e512c19a5819bb666e827c721d756b5702ba5a04d24f613f,8a96ff3ff58991109484c1ac4c2ad84db9d07886195d30bff16ee839057980d8,8a69d882741c9042875045579f06172e194eedd707668175ecbe6420d5aea72c
pid201/internal-mp-39/loaded-t5/t1/verify,201,verify,1,internal,5,h,70,70,True,validation/stage1-20261004-0100/exact-counts.jsonl,115,db6e998d9b222d86e512c19a5819bb666e827c721d756b5702ba5a04d24f613f,8a96ff3ff58991109484c1ac4c2ad84db9d07886195d30bff16ee839057980d8,8a69d882741c9042875045579f06172e194eedd707668175ecbe6420d5aea72c
pid201/internal-mp-39/loaded-t5/t1/verify,201,verify,1,internal,5,h_msg,1,1,True,validation/stage1-20261004-0100/exact-counts.jsonl,115,db6e998d9b222d86e512c19a5819bb666e827c721d756b5702ba5a04d24f613f,8a96ff3ff58991109484c1ac4c2ad84db9d07886195d30bff16ee839057980d8,8a69d882741c9042875045579f06172e194eedd707668175ecbe6420d5aea72c
pid201/internal-mp-39/loaded-t5/t1/verify,201,verify,1,internal,5,prf,0,0,True,validation/stage1-20261004-0100/exact-counts.jsonl,115,db6e998d9b222d86e512c19a5819bb666e827c721d756b5702ba5a04d24f613f,8a96ff3ff58991109484c1ac4c2ad84db9d07886195d30bff16ee839057980d8,8a69d882741c9042875045579f06172e194eedd707668175ecbe6420d5aea72c
pid201/internal-mp-39/loaded-t5/t1/verify,201,verify,1,internal,5,prf_msg,0,0,True,validation/stage1-20261004-0100/exact-counts.jsonl,115,db6e998d9b222d86e512c19a5819bb666e827c721d756b5702ba5a04d24f613f,8a96ff3ff58991109484c1ac4c2ad84db9d07886195d30bff16ee839057980d8,8a69d882741c9042875045579f06172e194eedd707668175ecbe6420d5aea72c
pid201/internal-mp-39/loaded-t5/t1/verify,201,verify,1,internal,5,t,2,2,True,validation/stage1-20261004-0100/exact-counts.jsonl,115,db6e998d9b222d86e512c19a5819bb666e827c721d756b5702ba5a04d24f613f,8a96ff3ff58991109484c1ac4c2ad84db9d07886195d30bff16ee839057980d8,8a69d882741c9042875045579f06172e194eedd707668175ecbe6420d5aea72c
pid201/internal-mp-40/loaded-t5/t1/sign,201,sign,1,internal,5,compress,27642,27642,True,validation/stage1-20261004-0100/exact-counts.jsonl,116,db6e998d9b222d86e512c19a5819bb666e827c721d756b5702ba5a04d24f613f,f9fa9b92cf802a1d25d9655d8cb873a8ae6fcf6e7d7f608884587bbfc2805835,8a69d882741c9042875045579f06172e194eedd707668175ecbe6420d5aea72c
pid201/internal-mp-40/loaded-t5/t1/sign,201,sign,1,internal,5,f,12582,12582,True,validation/stage1-20261004-0100/exact-counts.jsonl,116,db6e998d9b222d86e512c19a5819bb666e827c721d756b5702ba5a04d24f613f,f9fa9b92cf802a1d25d9655d8cb873a8ae6fcf6e7d7f608884587bbfc2805835,8a69d882741c9042875045579f06172e194eedd707668175ecbe6420d5aea72c
pid201/internal-mp-40/loaded-t5/t1/sign,201,sign,1,internal,5,h,6164,6164,True,validation/stage1-20261004-0100/exact-counts.jsonl,116,db6e998d9b222d86e512c19a5819bb666e827c721d756b5702ba5a04d24f613f,f9fa9b92cf802a1d25d9655d8cb873a8ae6fcf6e7d7f608884587bbfc2805835,8a69d882741c9042875045579f06172e194eedd707668175ecbe6420d5aea72c
pid201/internal-mp-40/loaded-t5/t1/sign,201,sign,1,internal,5,h_msg,1,1,True,validation/stage1-20261004-0100/exact-counts.jsonl,116,db6e998d9b222d86e512c19a5819bb666e827c721d756b5702ba5a04d24f613f,f9fa9b92cf802a1d25d9655d8cb873a8ae6fcf6e7d7f608884587bbfc2805835,8a69d882741c9042875045579f06172e194eedd707668175ecbe6420d5aea72c
pid201/internal-mp-40/loaded-t5/t1/sign,201,sign,1,internal,5,prf,8326,8326,True,validation/stage1-20261004-0100/exact-counts.jsonl,116,db6e998d9b222d86e512c19a5819bb666e827c721d756b5702ba5a04d24f613f,f9fa9b92cf802a1d25d9655d8cb873a8ae6fcf6e7d7f608884587bbfc2805835,8a69d882741c9042875045579f06172e194eedd707668175ecbe6420d5aea72c
pid201/internal-mp-40/loaded-t5/t1/sign,201,sign,1,internal,5,prf_msg,1,1,True,validation/stage1-20261004-0100/exact-counts.jsonl,116,db6e998d9b222d86e512c19a5819bb666e827c721d756b5702ba5a04d24f613f,f9fa9b92cf802a1d25d9655d8cb873a8ae6fcf6e7d7f608884587bbfc2805835,8a69d882741c9042875045579f06172e194eedd707668175ecbe6420d5aea72c
pid201/internal-mp-40/loaded-t5/t1/sign,201,sign,1,internal,5,t,32,32,True,validation/stage1-20261004-0100/exact-counts.jsonl,116,db6e998d9b222d86e512c19a5819bb666e827c721d756b5702ba5a04d24f613f,f9fa9b92cf802a1d25d9655d8cb873a8ae6fcf6e7d7f608884587bbfc2805835,8a69d882741c9042875045579f06172e194eedd707668175ecbe6420d5aea72c
pid201/internal-mp-40/loaded-t5/t1/verify,201,verify,1,internal,5,compress,191,191,True,validation/stage1-20261004-0100/exact-counts.jsonl,117,db6e998d9b222d86e512c19a5819bb666e827c721d756b5702ba5a04d24f613f,6a619f7c741c2a76542e5a25fd9927e6b59c8bbb5757803fb22a52ba23958f92,8a69d882741c9042875045579f06172e194eedd707668175ecbe6420d5aea72c
pid201/internal-mp-40/loaded-t5/t1/verify,201,verify,1,internal,5,f,96,96,True,validation/stage1-20261004-0100/exact-counts.jsonl,117,db6e998d9b222d86e512c19a5819bb666e827c721d756b5702ba5a04d24f613f,6a619f7c741c2a76542e5a25fd9927e6b59c8bbb5757803fb22a52ba23958f92,8a69d882741c9042875045579f06172e194eedd707668175ecbe6420d5aea72c
pid201/internal-mp-40/loaded-t5/t1/verify,201,verify,1,internal,5,h,70,70,True,validation/stage1-20261004-0100/exact-counts.jsonl,117,db6e998d9b222d86e512c19a5819bb666e827c721d756b5702ba5a04d24f613f,6a619f7c741c2a76542e5a25fd9927e6b59c8bbb5757803fb22a52ba23958f92,8a69d882741c9042875045579f06172e194eedd707668175ecbe6420d5aea72c
pid201/internal-mp-40/loaded-t5/t1/verify,201,verify,1,internal,5,h_msg,1,1,True,validation/stage1-20261004-0100/exact-counts.jsonl,117,db6e998d9b222d86e512c19a5819bb666e827c721d756b5702ba5a04d24f613f,6a619f7c741c2a76542e5a25fd9927e6b59c8bbb5757803fb22a52ba23958f92,8a69d882741c9042875045579f06172e194eedd707668175ecbe6420d5aea72c
pid201/internal-mp-40/loaded-t5/t1/verify,201,verify,1,internal,5,prf,0,0,True,validation/stage1-20261004-0100/exact-counts.jsonl,117,db6e998d9b222d86e512c19a5819bb666e827c721d756b5702ba5a04d24f613f,6a619f7c741c2a76542e5a25fd9927e6b59c8bbb5757803fb22a52ba23958f92,8a69d882741c9042875045579f06172e194eedd707668175ecbe6420d5aea72c
pid201/internal-mp-40/loaded-t5/t1/verify,201,verify,1,internal,5,prf_msg,0,0,True,validation/stage1-20261004-0100/exact-counts.jsonl,117,db6e998d9b222d86e512c19a5819bb666e827c721d756b5702ba5a04d24f613f,6a619f7c741c2a76542e5a25fd9927e6b59c8bbb5757803fb22a52ba23958f92,8a69d882741c9042875045579f06172e194eedd707668175ecbe6420d5aea72c
pid201/internal-mp-40/loaded-t5/t1/verify,201,verify,1,internal,5,t,2,2,True,validation/stage1-20261004-0100/exact-counts.jsonl,117,db6e998d9b222d86e512c19a5819bb666e827c721d756b5702ba5a04d24f613f,6a619f7c741c2a76542e5a25fd9927e6b59c8bbb5757803fb22a52ba23958f92,8a69d882741c9042875045579f06172e194eedd707668175ecbe6420d5aea72c
pid201/internal-mp-47/loaded-t5/t1/sign,201,sign,1,internal,5,compress,27636,27636,True,validation/stage1-20261004-0100/exact-counts.jsonl,118,db6e998d9b222d86e512c19a5819bb666e827c721d756b5702ba5a04d24f613f,b23a5e619c79da3e9bdfa00d451e78d9e83ed708073fd4cb36786e082b2adf82,8a69d882741c9042875045579f06172e194eedd707668175ecbe6420d5aea72c
pid201/internal-mp-47/loaded-t5/t1/sign,201,sign,1,internal,5,f,12576,12576,True,validation/stage1-20261004-0100/exact-counts.jsonl,118,db6e998d9b222d86e512c19a5819bb666e827c721d756b5702ba5a04d24f613f,b23a5e619c79da3e9bdfa00d451e78d9e83ed708073fd4cb36786e082b2adf82,8a69d882741c9042875045579f06172e194eedd707668175ecbe6420d5aea72c
pid201/internal-mp-47/loaded-t5/t1/sign,201,sign,1,internal,5,h,6164,6164,True,validation/stage1-20261004-0100/exact-counts.jsonl,118,db6e998d9b222d86e512c19a5819bb666e827c721d756b5702ba5a04d24f613f,b23a5e619c79da3e9bdfa00d451e78d9e83ed708073fd4cb36786e082b2adf82,8a69d882741c9042875045579f06172e194eedd707668175ecbe6420d5aea72c
pid201/internal-mp-47/loaded-t5/t1/sign,201,sign,1,internal,5,h_msg,1,1,True,validation/stage1-20261004-0100/exact-counts.jsonl,118,db6e998d9b222d86e512c19a5819bb666e827c721d756b5702ba5a04d24f613f,b23a5e619c79da3e9bdfa00d451e78d9e83ed708073fd4cb36786e082b2adf82,8a69d882741c9042875045579f06172e194eedd707668175ecbe6420d5aea72c
pid201/internal-mp-47/loaded-t5/t1/sign,201,sign,1,internal,5,prf,8326,8326,True,validation/stage1-20261004-0100/exact-counts.jsonl,118,db6e998d9b222d86e512c19a5819bb666e827c721d756b5702ba5a04d24f613f,b23a5e619c79da3e9bdfa00d451e78d9e83ed708073fd4cb36786e082b2adf82,8a69d882741c9042875045579f06172e194eedd707668175ecbe6420d5aea72c
pid201/internal-mp-47/loaded-t5/t1/sign,201,sign,1,internal,5,prf_msg,1,1,True,validation/stage1-20261004-0100/exact-counts.jsonl,118,db6e998d9b222d86e512c19a5819bb666e827c721d756b5702ba5a04d24f613f,b23a5e619c79da3e9bdfa00d451e78d9e83ed708073fd4cb36786e082b2adf82,8a69d882741c9042875045579f06172e194eedd707668175ecbe6420d5aea72c
pid201/internal-mp-47/loaded-t5/t1/sign,201,sign,1,internal,5,t,32,32,True,validation/stage1-20261004-0100/exact-counts.jsonl,118,db6e998d9b222d86e512c19a5819bb666e827c721d756b5702ba5a04d24f613f,b23a5e619c79da3e9bdfa00d451e78d9e83ed708073fd4cb36786e082b2adf82,8a69d882741c9042875045579f06172e194eedd707668175ecbe6420d5aea72c
pid201/internal-mp-47/loaded-t5/t1/verify,201,verify,1,internal,5,compress,197,197,True,validation/stage1-20261004-0100/exact-counts.jsonl,119,db6e998d9b222d86e512c19a5819bb666e827c721d756b5702ba5a04d24f613f,3fd8b8821341a1b20f86135785998ea4c49277db31cfafbf53c46a7d1ab008b4,8a69d882741c9042875045579f06172e194eedd707668175ecbe6420d5aea72c
pid201/internal-mp-47/loaded-t5/t1/verify,201,verify,1,internal,5,f,102,102,True,validation/stage1-20261004-0100/exact-counts.jsonl,119,db6e998d9b222d86e512c19a5819bb666e827c721d756b5702ba5a04d24f613f,3fd8b8821341a1b20f86135785998ea4c49277db31cfafbf53c46a7d1ab008b4,8a69d882741c9042875045579f06172e194eedd707668175ecbe6420d5aea72c
pid201/internal-mp-47/loaded-t5/t1/verify,201,verify,1,internal,5,h,70,70,True,validation/stage1-20261004-0100/exact-counts.jsonl,119,db6e998d9b222d86e512c19a5819bb666e827c721d756b5702ba5a04d24f613f,3fd8b8821341a1b20f86135785998ea4c49277db31cfafbf53c46a7d1ab008b4,8a69d882741c9042875045579f06172e194eedd707668175ecbe6420d5aea72c
pid201/internal-mp-47/loaded-t5/t1/verify,201,verify,1,internal,5,h_msg,1,1,True,validation/stage1-20261004-0100/exact-counts.jsonl,119,db6e998d9b222d86e512c19a5819bb666e827c721d756b5702ba5a04d24f613f,3fd8b8821341a1b20f86135785998ea4c49277db31cfafbf53c46a7d1ab008b4,8a69d882741c9042875045579f06172e194eedd707668175ecbe6420d5aea72c
pid201/internal-mp-47/loaded-t5/t1/verify,201,verify,1,internal,5,prf,0,0,True,validation/stage1-20261004-0100/exact-counts.jsonl,119,db6e998d9b222d86e512c19a5819bb666e827c721d756b5702ba5a04d24f613f,3fd8b8821341a1b20f86135785998ea4c49277db31cfafbf53c46a7d1ab008b4,8a69d882741c9042875045579f06172e194eedd707668175ecbe6420d5aea72c
pid201/internal-mp-47/loaded-t5/t1/verify,201,verify,1,internal,5,prf_msg,0,0,True,validation/stage1-20261004-0100/exact-counts.jsonl,119,db6e998d9b222d86e512c19a5819bb666e827c721d756b5702ba5a04d24f613f,3fd8b8821341a1b20f86135785998ea4c49277db31cfafbf53c46a7d1ab008b4,8a69d882741c9042875045579f06172e194eedd707668175ecbe6420d5aea72c
pid201/internal-mp-47/loaded-t5/t1/verify,201,verify,1,internal,5,t,2,2,True,validation/stage1-20261004-0100/exact-counts.jsonl,119,db6e998d9b222d86e512c19a5819bb666e827c721d756b5702ba5a04d24f613f,3fd8b8821341a1b20f86135785998ea4c49277db31cfafbf53c46a7d1ab008b4,8a69d882741c9042875045579f06172e194eedd707668175ecbe6420d5aea72c
pid201/internal-mp-48/loaded-t5/t1/sign,201,sign,1,internal,5,compress,27618,27618,True,validation/stage1-20261004-0100/exact-counts.jsonl,120,db6e998d9b222d86e512c19a5819bb666e827c721d756b5702ba5a04d24f613f,70ab10a1158571eea2782a99bbb3336d97134f05a3f7144ce0b1bcdce2b3becb,8a69d882741c9042875045579f06172e194eedd707668175ecbe6420d5aea72c
pid201/internal-mp-48/loaded-t5/t1/sign,201,sign,1,internal,5,f,12558,12558,True,validation/stage1-20261004-0100/exact-counts.jsonl,120,db6e998d9b222d86e512c19a5819bb666e827c721d756b5702ba5a04d24f613f,70ab10a1158571eea2782a99bbb3336d97134f05a3f7144ce0b1bcdce2b3becb,8a69d882741c9042875045579f06172e194eedd707668175ecbe6420d5aea72c
pid201/internal-mp-48/loaded-t5/t1/sign,201,sign,1,internal,5,h,6164,6164,True,validation/stage1-20261004-0100/exact-counts.jsonl,120,db6e998d9b222d86e512c19a5819bb666e827c721d756b5702ba5a04d24f613f,70ab10a1158571eea2782a99bbb3336d97134f05a3f7144ce0b1bcdce2b3becb,8a69d882741c9042875045579f06172e194eedd707668175ecbe6420d5aea72c
pid201/internal-mp-48/loaded-t5/t1/sign,201,sign,1,internal,5,h_msg,1,1,True,validation/stage1-20261004-0100/exact-counts.jsonl,120,db6e998d9b222d86e512c19a5819bb666e827c721d756b5702ba5a04d24f613f,70ab10a1158571eea2782a99bbb3336d97134f05a3f7144ce0b1bcdce2b3becb,8a69d882741c9042875045579f06172e194eedd707668175ecbe6420d5aea72c
pid201/internal-mp-48/loaded-t5/t1/sign,201,sign,1,internal,5,prf,8326,8326,True,validation/stage1-20261004-0100/exact-counts.jsonl,120,db6e998d9b222d86e512c19a5819bb666e827c721d756b5702ba5a04d24f613f,70ab10a1158571eea2782a99bbb3336d97134f05a3f7144ce0b1bcdce2b3becb,8a69d882741c9042875045579f06172e194eedd707668175ecbe6420d5aea72c
pid201/internal-mp-48/loaded-t5/t1/sign,201,sign,1,internal,5,prf_msg,1,1,True,validation/stage1-20261004-0100/exact-counts.jsonl,120,db6e998d9b222d86e512c19a5819bb666e827c721d756b5702ba5a04d24f613f,70ab10a1158571eea2782a99bbb3336d97134f05a3f7144ce0b1bcdce2b3becb,8a69d882741c9042875045579f06172e194eedd707668175ecbe6420d5aea72c
pid201/internal-mp-48/loaded-t5/t1/sign,201,sign,1,internal,5,t,32,32,True,validation/stage1-20261004-0100/exact-counts.jsonl,120,db6e998d9b222d86e512c19a5819bb666e827c721d756b5702ba5a04d24f613f,70ab10a1158571eea2782a99bbb3336d97134f05a3f7144ce0b1bcdce2b3becb,8a69d882741c9042875045579f06172e194eedd707668175ecbe6420d5aea72c
pid201/internal-mp-48/loaded-t5/t1/verify,201,verify,1,internal,5,compress,215,215,True,validation/stage1-20261004-0100/exact-counts.jsonl,121,db6e998d9b222d86e512c19a5819bb666e827c721d756b5702ba5a04d24f613f,2786e98bbee51d4ced396a1e6a7f6b5a7dc358e2a34c271da22fc185f657f2e5,8a69d882741c9042875045579f06172e194eedd707668175ecbe6420d5aea72c
pid201/internal-mp-48/loaded-t5/t1/verify,201,verify,1,internal,5,f,120,120,True,validation/stage1-20261004-0100/exact-counts.jsonl,121,db6e998d9b222d86e512c19a5819bb666e827c721d756b5702ba5a04d24f613f,2786e98bbee51d4ced396a1e6a7f6b5a7dc358e2a34c271da22fc185f657f2e5,8a69d882741c9042875045579f06172e194eedd707668175ecbe6420d5aea72c
pid201/internal-mp-48/loaded-t5/t1/verify,201,verify,1,internal,5,h,70,70,True,validation/stage1-20261004-0100/exact-counts.jsonl,121,db6e998d9b222d86e512c19a5819bb666e827c721d756b5702ba5a04d24f613f,2786e98bbee51d4ced396a1e6a7f6b5a7dc358e2a34c271da22fc185f657f2e5,8a69d882741c9042875045579f06172e194eedd707668175ecbe6420d5aea72c
pid201/internal-mp-48/loaded-t5/t1/verify,201,verify,1,internal,5,h_msg,1,1,True,validation/stage1-20261004-0100/exact-counts.jsonl,121,db6e998d9b222d86e512c19a5819bb666e827c721d756b5702ba5a04d24f613f,2786e98bbee51d4ced396a1e6a7f6b5a7dc358e2a34c271da22fc185f657f2e5,8a69d882741c9042875045579f06172e194eedd707668175ecbe6420d5aea72c
pid201/internal-mp-48/loaded-t5/t1/verify,201,verify,1,internal,5,prf,0,0,True,validation/stage1-20261004-0100/exact-counts.jsonl,121,db6e998d9b222d86e512c19a5819bb666e827c721d756b5702ba5a04d24f613f,2786e98bbee51d4ced396a1e6a7f6b5a7dc358e2a34c271da22fc185f657f2e5,8a69d882741c9042875045579f06172e194eedd707668175ecbe6420d5aea72c
pid201/internal-mp-48/loaded-t5/t1/verify,201,verify,1,internal,5,prf_msg,0,0,True,validation/stage1-20261004-0100/exact-counts.jsonl,121,db6e998d9b222d86e512c19a5819bb666e827c721d756b5702ba5a04d24f613f,2786e98bbee51d4ced396a1e6a7f6b5a7dc358e2a34c271da22fc185f657f2e5,8a69d882741c9042875045579f06172e194eedd707668175ecbe6420d5aea72c
pid201/internal-mp-48/loaded-t5/t1/verify,201,verify,1,internal,5,t,2,2,True,validation/stage1-20261004-0100/exact-counts.jsonl,121,db6e998d9b222d86e512c19a5819bb666e827c721d756b5702ba5a04d24f613f,2786e98bbee51d4ced396a1e6a7f6b5a7dc358e2a34c271da22fc185f657f2e5,8a69d882741c9042875045579f06172e194eedd707668175ecbe6420d5aea72c
pid201/internal-mp-55/loaded-t5/t1/sign,201,sign,1,internal,5,compress,27624,27624,True,validation/stage1-20261004-0100/exact-counts.jsonl,122,db6e998d9b222d86e512c19a5819bb666e827c721d756b5702ba5a04d24f613f,fe4c45c83c627f3f89c90e054262fe3b493d2472e2250f3030b0ec633e5dcc58,8a69d882741c9042875045579f06172e194eedd707668175ecbe6420d5aea72c
pid201/internal-mp-55/loaded-t5/t1/sign,201,sign,1,internal,5,f,12564,12564,True,validation/stage1-20261004-0100/exact-counts.jsonl,122,db6e998d9b222d86e512c19a5819bb666e827c721d756b5702ba5a04d24f613f,fe4c45c83c627f3f89c90e054262fe3b493d2472e2250f3030b0ec633e5dcc58,8a69d882741c9042875045579f06172e194eedd707668175ecbe6420d5aea72c
pid201/internal-mp-55/loaded-t5/t1/sign,201,sign,1,internal,5,h,6164,6164,True,validation/stage1-20261004-0100/exact-counts.jsonl,122,db6e998d9b222d86e512c19a5819bb666e827c721d756b5702ba5a04d24f613f,fe4c45c83c627f3f89c90e054262fe3b493d2472e2250f3030b0ec633e5dcc58,8a69d882741c9042875045579f06172e194eedd707668175ecbe6420d5aea72c
pid201/internal-mp-55/loaded-t5/t1/sign,201,sign,1,internal,5,h_msg,1,1,True,validation/stage1-20261004-0100/exact-counts.jsonl,122,db6e998d9b222d86e512c19a5819bb666e827c721d756b5702ba5a04d24f613f,fe4c45c83c627f3f89c90e054262fe3b493d2472e2250f3030b0ec633e5dcc58,8a69d882741c9042875045579f06172e194eedd707668175ecbe6420d5aea72c
pid201/internal-mp-55/loaded-t5/t1/sign,201,sign,1,internal,5,prf,8326,8326,True,validation/stage1-20261004-0100/exact-counts.jsonl,122,db6e998d9b222d86e512c19a5819bb666e827c721d756b5702ba5a04d24f613f,fe4c45c83c627f3f89c90e054262fe3b493d2472e2250f3030b0ec633e5dcc58,8a69d882741c9042875045579f06172e194eedd707668175ecbe6420d5aea72c
pid201/internal-mp-55/loaded-t5/t1/sign,201,sign,1,internal,5,prf_msg,1,1,True,validation/stage1-20261004-0100/exact-counts.jsonl,122,db6e998d9b222d86e512c19a5819bb666e827c721d756b5702ba5a04d24f613f,fe4c45c83c627f3f89c90e054262fe3b493d2472e2250f3030b0ec633e5dcc58,8a69d882741c9042875045579f06172e194eedd707668175ecbe6420d5aea72c
pid201/internal-mp-55/loaded-t5/t1/sign,201,sign,1,internal,5,t,32,32,True,validation/stage1-20261004-0100/exact-counts.jsonl,122,db6e998d9b222d86e512c19a5819bb666e827c721d756b5702ba5a04d24f613f,fe4c45c83c627f3f89c90e054262fe3b493d2472e2250f3030b0ec633e5dcc58,8a69d882741c9042875045579f06172e194eedd707668175ecbe6420d5aea72c
pid201/internal-mp-55/loaded-t5/t1/verify,201,verify,1,internal,5,compress,209,209,True,validation/stage1-20261004-0100/exact-counts.jsonl,123,db6e998d9b222d86e512c19a5819bb666e827c721d756b5702ba5a04d24f613f,eebb7741dce03398cd6f0da4d6ca8603f591b61104ec6c61ec8a346b0c6aca47,8a69d882741c9042875045579f06172e194eedd707668175ecbe6420d5aea72c
pid201/internal-mp-55/loaded-t5/t1/verify,201,verify,1,internal,5,f,114,114,True,validation/stage1-20261004-0100/exact-counts.jsonl,123,db6e998d9b222d86e512c19a5819bb666e827c721d756b5702ba5a04d24f613f,eebb7741dce03398cd6f0da4d6ca8603f591b61104ec6c61ec8a346b0c6aca47,8a69d882741c9042875045579f06172e194eedd707668175ecbe6420d5aea72c
pid201/internal-mp-55/loaded-t5/t1/verify,201,verify,1,internal,5,h,70,70,True,validation/stage1-20261004-0100/exact-counts.jsonl,123,db6e998d9b222d86e512c19a5819bb666e827c721d756b5702ba5a04d24f613f,eebb7741dce03398cd6f0da4d6ca8603f591b61104ec6c61ec8a346b0c6aca47,8a69d882741c9042875045579f06172e194eedd707668175ecbe6420d5aea72c
pid201/internal-mp-55/loaded-t5/t1/verify,201,verify,1,internal,5,h_msg,1,1,True,validation/stage1-20261004-0100/exact-counts.jsonl,123,db6e998d9b222d86e512c19a5819bb666e827c721d756b5702ba5a04d24f613f,eebb7741dce03398cd6f0da4d6ca8603f591b61104ec6c61ec8a346b0c6aca47,8a69d882741c9042875045579f06172e194eedd707668175ecbe6420d5aea72c
pid201/internal-mp-55/loaded-t5/t1/verify,201,verify,1,internal,5,prf,0,0,True,validation/stage1-20261004-0100/exact-counts.jsonl,123,db6e998d9b222d86e512c19a5819bb666e827c721d756b5702ba5a04d24f613f,eebb7741dce03398cd6f0da4d6ca8603f591b61104ec6c61ec8a346b0c6aca47,8a69d882741c9042875045579f06172e194eedd707668175ecbe6420d5aea72c
pid201/internal-mp-55/loaded-t5/t1/verify,201,verify,1,internal,5,prf_msg,0,0,True,validation/stage1-20261004-0100/exact-counts.jsonl,123,db6e998d9b222d86e512c19a5819bb666e827c721d756b5702ba5a04d24f613f,eebb7741dce03398cd6f0da4d6ca8603f591b61104ec6c61ec8a346b0c6aca47,8a69d882741c9042875045579f06172e194eedd707668175ecbe6420d5aea72c
pid201/internal-mp-55/loaded-t5/t1/verify,201,verify,1,internal,5,t,2,2,True,validation/stage1-20261004-0100/exact-counts.jsonl,123,db6e998d9b222d86e512c19a5819bb666e827c721d756b5702ba5a04d24f613f,eebb7741dce03398cd6f0da4d6ca8603f591b61104ec6c61ec8a346b0c6aca47,8a69d882741c9042875045579f06172e194eedd707668175ecbe6420d5aea72c
pid201/internal-mp-56/loaded-t5/t1/sign,201,sign,1,internal,5,compress,27642,27642,True,validation/stage1-20261004-0100/exact-counts.jsonl,124,db6e998d9b222d86e512c19a5819bb666e827c721d756b5702ba5a04d24f613f,016b07af6f98b9ec7d27dddf357e8ae8b304a65a8d7adfcd80ce1a15a37c0e0a,8a69d882741c9042875045579f06172e194eedd707668175ecbe6420d5aea72c
pid201/internal-mp-56/loaded-t5/t1/sign,201,sign,1,internal,5,f,12582,12582,True,validation/stage1-20261004-0100/exact-counts.jsonl,124,db6e998d9b222d86e512c19a5819bb666e827c721d756b5702ba5a04d24f613f,016b07af6f98b9ec7d27dddf357e8ae8b304a65a8d7adfcd80ce1a15a37c0e0a,8a69d882741c9042875045579f06172e194eedd707668175ecbe6420d5aea72c
pid201/internal-mp-56/loaded-t5/t1/sign,201,sign,1,internal,5,h,6164,6164,True,validation/stage1-20261004-0100/exact-counts.jsonl,124,db6e998d9b222d86e512c19a5819bb666e827c721d756b5702ba5a04d24f613f,016b07af6f98b9ec7d27dddf357e8ae8b304a65a8d7adfcd80ce1a15a37c0e0a,8a69d882741c9042875045579f06172e194eedd707668175ecbe6420d5aea72c
pid201/internal-mp-56/loaded-t5/t1/sign,201,sign,1,internal,5,h_msg,1,1,True,validation/stage1-20261004-0100/exact-counts.jsonl,124,db6e998d9b222d86e512c19a5819bb666e827c721d756b5702ba5a04d24f613f,016b07af6f98b9ec7d27dddf357e8ae8b304a65a8d7adfcd80ce1a15a37c0e0a,8a69d882741c9042875045579f06172e194eedd707668175ecbe6420d5aea72c
pid201/internal-mp-56/loaded-t5/t1/sign,201,sign,1,internal,5,prf,8326,8326,True,validation/stage1-20261004-0100/exact-counts.jsonl,124,db6e998d9b222d86e512c19a5819bb666e827c721d756b5702ba5a04d24f613f,016b07af6f98b9ec7d27dddf357e8ae8b304a65a8d7adfcd80ce1a15a37c0e0a,8a69d882741c9042875045579f06172e194eedd707668175ecbe6420d5aea72c
pid201/internal-mp-56/loaded-t5/t1/sign,201,sign,1,internal,5,prf_msg,1,1,True,validation/stage1-20261004-0100/exact-counts.jsonl,124,db6e998d9b222d86e512c19a5819bb666e827c721d756b5702ba5a04d24f613f,016b07af6f98b9ec7d27dddf357e8ae8b304a65a8d7adfcd80ce1a15a37c0e0a,8a69d882741c9042875045579f06172e194eedd707668175ecbe6420d5aea72c
pid201/internal-mp-56/loaded-t5/t1/sign,201,sign,1,internal,5,t,32,32,True,validation/stage1-20261004-0100/exact-counts.jsonl,124,db6e998d9b222d86e512c19a5819bb666e827c721d756b5702ba5a04d24f613f,016b07af6f98b9ec7d27dddf357e8ae8b304a65a8d7adfcd80ce1a15a37c0e0a,8a69d882741c9042875045579f06172e194eedd707668175ecbe6420d5aea72c
pid201/internal-mp-56/loaded-t5/t1/verify,201,verify,1,internal,5,compress,191,191,True,validation/stage1-20261004-0100/exact-counts.jsonl,125,db6e998d9b222d86e512c19a5819bb666e827c721d756b5702ba5a04d24f613f,379e19329ddec9ce6224f9f0b10dcd80c350890110e1ed4884ad6a9eda8b9a69,8a69d882741c9042875045579f06172e194eedd707668175ecbe6420d5aea72c
pid201/internal-mp-56/loaded-t5/t1/verify,201,verify,1,internal,5,f,96,96,True,validation/stage1-20261004-0100/exact-counts.jsonl,125,db6e998d9b222d86e512c19a5819bb666e827c721d756b5702ba5a04d24f613f,379e19329ddec9ce6224f9f0b10dcd80c350890110e1ed4884ad6a9eda8b9a69,8a69d882741c9042875045579f06172e194eedd707668175ecbe6420d5aea72c
pid201/internal-mp-56/loaded-t5/t1/verify,201,verify,1,internal,5,h,70,70,True,validation/stage1-20261004-0100/exact-counts.jsonl,125,db6e998d9b222d86e512c19a5819bb666e827c721d756b5702ba5a04d24f613f,379e19329ddec9ce6224f9f0b10dcd80c350890110e1ed4884ad6a9eda8b9a69,8a69d882741c9042875045579f06172e194eedd707668175ecbe6420d5aea72c
pid201/internal-mp-56/loaded-t5/t1/verify,201,verify,1,internal,5,h_msg,1,1,True,validation/stage1-20261004-0100/exact-counts.jsonl,125,db6e998d9b222d86e512c19a5819bb666e827c721d756b5702ba5a04d24f613f,379e19329ddec9ce6224f9f0b10dcd80c350890110e1ed4884ad6a9eda8b9a69,8a69d882741c9042875045579f06172e194eedd707668175ecbe6420d5aea72c
pid201/internal-mp-56/loaded-t5/t1/verify,201,verify,1,internal,5,prf,0,0,True,validation/stage1-20261004-0100/exact-counts.jsonl,125,db6e998d9b222d86e512c19a5819bb666e827c721d756b5702ba5a04d24f613f,379e19329ddec9ce6224f9f0b10dcd80c350890110e1ed4884ad6a9eda8b9a69,8a69d882741c9042875045579f06172e194eedd707668175ecbe6420d5aea72c
pid201/internal-mp-56/loaded-t5/t1/verify,201,verify,1,internal,5,prf_msg,0,0,True,validation/stage1-20261004-0100/exact-counts.jsonl,125,db6e998d9b222d86e512c19a5819bb666e827c721d756b5702ba5a04d24f613f,379e19329ddec9ce6224f9f0b10dcd80c350890110e1ed4884ad6a9eda8b9a69,8a69d882741c9042875045579f06172e194eedd707668175ecbe6420d5aea72c
pid201/internal-mp-56/loaded-t5/t1/verify,201,verify,1,internal,5,t,2,2,True,validation/stage1-20261004-0100/exact-counts.jsonl,125,db6e998d9b222d86e512c19a5819bb666e827c721d756b5702ba5a04d24f613f,379e19329ddec9ce6224f9f0b10dcd80c350890110e1ed4884ad6a9eda8b9a69,8a69d882741c9042875045579f06172e194eedd707668175ecbe6420d5aea72c
pid201/internal-mp-63/loaded-t5/t1/sign,201,sign,1,internal,5,compress,27627,27627,True,validation/stage1-20261004-0100/exact-counts.jsonl,126,db6e998d9b222d86e512c19a5819bb666e827c721d756b5702ba5a04d24f613f,7d8942507fabc6633642665009d16a9845680c1938ad95c9f4faf8c59c1c8f8a,8a69d882741c9042875045579f06172e194eedd707668175ecbe6420d5aea72c
pid201/internal-mp-63/loaded-t5/t1/sign,201,sign,1,internal,5,f,12567,12567,True,validation/stage1-20261004-0100/exact-counts.jsonl,126,db6e998d9b222d86e512c19a5819bb666e827c721d756b5702ba5a04d24f613f,7d8942507fabc6633642665009d16a9845680c1938ad95c9f4faf8c59c1c8f8a,8a69d882741c9042875045579f06172e194eedd707668175ecbe6420d5aea72c
pid201/internal-mp-63/loaded-t5/t1/sign,201,sign,1,internal,5,h,6164,6164,True,validation/stage1-20261004-0100/exact-counts.jsonl,126,db6e998d9b222d86e512c19a5819bb666e827c721d756b5702ba5a04d24f613f,7d8942507fabc6633642665009d16a9845680c1938ad95c9f4faf8c59c1c8f8a,8a69d882741c9042875045579f06172e194eedd707668175ecbe6420d5aea72c
pid201/internal-mp-63/loaded-t5/t1/sign,201,sign,1,internal,5,h_msg,1,1,True,validation/stage1-20261004-0100/exact-counts.jsonl,126,db6e998d9b222d86e512c19a5819bb666e827c721d756b5702ba5a04d24f613f,7d8942507fabc6633642665009d16a9845680c1938ad95c9f4faf8c59c1c8f8a,8a69d882741c9042875045579f06172e194eedd707668175ecbe6420d5aea72c
pid201/internal-mp-63/loaded-t5/t1/sign,201,sign,1,internal,5,prf,8326,8326,True,validation/stage1-20261004-0100/exact-counts.jsonl,126,db6e998d9b222d86e512c19a5819bb666e827c721d756b5702ba5a04d24f613f,7d8942507fabc6633642665009d16a9845680c1938ad95c9f4faf8c59c1c8f8a,8a69d882741c9042875045579f06172e194eedd707668175ecbe6420d5aea72c
pid201/internal-mp-63/loaded-t5/t1/sign,201,sign,1,internal,5,prf_msg,1,1,True,validation/stage1-20261004-0100/exact-counts.jsonl,126,db6e998d9b222d86e512c19a5819bb666e827c721d756b5702ba5a04d24f613f,7d8942507fabc6633642665009d16a9845680c1938ad95c9f4faf8c59c1c8f8a,8a69d882741c9042875045579f06172e194eedd707668175ecbe6420d5aea72c
pid201/internal-mp-63/loaded-t5/t1/sign,201,sign,1,internal,5,t,32,32,True,validation/stage1-20261004-0100/exact-counts.jsonl,126,db6e998d9b222d86e512c19a5819bb666e827c721d756b5702ba5a04d24f613f,7d8942507fabc6633642665009d16a9845680c1938ad95c9f4faf8c59c1c8f8a,8a69d882741c9042875045579f06172e194eedd707668175ecbe6420d5aea72c
pid201/internal-mp-63/loaded-t5/t1/verify,201,verify,1,internal,5,compress,206,206,True,validation/stage1-20261004-0100/exact-counts.jsonl,127,db6e998d9b222d86e512c19a5819bb666e827c721d756b5702ba5a04d24f613f,f5f35a17acea479ac32d680fad2becd4b45bf0e7856542727ef96b5274b1bbfc,8a69d882741c9042875045579f06172e194eedd707668175ecbe6420d5aea72c
pid201/internal-mp-63/loaded-t5/t1/verify,201,verify,1,internal,5,f,111,111,True,validation/stage1-20261004-0100/exact-counts.jsonl,127,db6e998d9b222d86e512c19a5819bb666e827c721d756b5702ba5a04d24f613f,f5f35a17acea479ac32d680fad2becd4b45bf0e7856542727ef96b5274b1bbfc,8a69d882741c9042875045579f06172e194eedd707668175ecbe6420d5aea72c
pid201/internal-mp-63/loaded-t5/t1/verify,201,verify,1,internal,5,h,70,70,True,validation/stage1-20261004-0100/exact-counts.jsonl,127,db6e998d9b222d86e512c19a5819bb666e827c721d756b5702ba5a04d24f613f,f5f35a17acea479ac32d680fad2becd4b45bf0e7856542727ef96b5274b1bbfc,8a69d882741c9042875045579f06172e194eedd707668175ecbe6420d5aea72c
pid201/internal-mp-63/loaded-t5/t1/verify,201,verify,1,internal,5,h_msg,1,1,True,validation/stage1-20261004-0100/exact-counts.jsonl,127,db6e998d9b222d86e512c19a5819bb666e827c721d756b5702ba5a04d24f613f,f5f35a17acea479ac32d680fad2becd4b45bf0e7856542727ef96b5274b1bbfc,8a69d882741c9042875045579f06172e194eedd707668175ecbe6420d5aea72c
pid201/internal-mp-63/loaded-t5/t1/verify,201,verify,1,internal,5,prf,0,0,True,validation/stage1-20261004-0100/exact-counts.jsonl,127,db6e998d9b222d86e512c19a5819bb666e827c721d756b5702ba5a04d24f613f,f5f35a17acea479ac32d680fad2becd4b45bf0e7856542727ef96b5274b1bbfc,8a69d882741c9042875045579f06172e194eedd707668175ecbe6420d5aea72c
pid201/internal-mp-63/loaded-t5/t1/verify,201,verify,1,internal,5,prf_msg,0,0,True,validation/stage1-20261004-0100/exact-counts.jsonl,127,db6e998d9b222d86e512c19a5819bb666e827c721d756b5702ba5a04d24f613f,f5f35a17acea479ac32d680fad2becd4b45bf0e7856542727ef96b5274b1bbfc,8a69d882741c9042875045579f06172e194eedd707668175ecbe6420d5aea72c
pid201/internal-mp-63/loaded-t5/t1/verify,201,verify,1,internal,5,t,2,2,True,validation/stage1-20261004-0100/exact-counts.jsonl,127,db6e998d9b222d86e512c19a5819bb666e827c721d756b5702ba5a04d24f613f,f5f35a17acea479ac32d680fad2becd4b45bf0e7856542727ef96b5274b1bbfc,8a69d882741c9042875045579f06172e194eedd707668175ecbe6420d5aea72c
pid201/internal-mp-64/loaded-t5/t1/sign,201,sign,1,internal,5,compress,27627,27627,True,validation/stage1-20261004-0100/exact-counts.jsonl,128,db6e998d9b222d86e512c19a5819bb666e827c721d756b5702ba5a04d24f613f,68a78fbf54605002abd83e698226da6a8d60cb8ef23dd65b1250d554761fb3f7,8a69d882741c9042875045579f06172e194eedd707668175ecbe6420d5aea72c
pid201/internal-mp-64/loaded-t5/t1/sign,201,sign,1,internal,5,f,12567,12567,True,validation/stage1-20261004-0100/exact-counts.jsonl,128,db6e998d9b222d86e512c19a5819bb666e827c721d756b5702ba5a04d24f613f,68a78fbf54605002abd83e698226da6a8d60cb8ef23dd65b1250d554761fb3f7,8a69d882741c9042875045579f06172e194eedd707668175ecbe6420d5aea72c
pid201/internal-mp-64/loaded-t5/t1/sign,201,sign,1,internal,5,h,6164,6164,True,validation/stage1-20261004-0100/exact-counts.jsonl,128,db6e998d9b222d86e512c19a5819bb666e827c721d756b5702ba5a04d24f613f,68a78fbf54605002abd83e698226da6a8d60cb8ef23dd65b1250d554761fb3f7,8a69d882741c9042875045579f06172e194eedd707668175ecbe6420d5aea72c
pid201/internal-mp-64/loaded-t5/t1/sign,201,sign,1,internal,5,h_msg,1,1,True,validation/stage1-20261004-0100/exact-counts.jsonl,128,db6e998d9b222d86e512c19a5819bb666e827c721d756b5702ba5a04d24f613f,68a78fbf54605002abd83e698226da6a8d60cb8ef23dd65b1250d554761fb3f7,8a69d882741c9042875045579f06172e194eedd707668175ecbe6420d5aea72c
pid201/internal-mp-64/loaded-t5/t1/sign,201,sign,1,internal,5,prf,8326,8326,True,validation/stage1-20261004-0100/exact-counts.jsonl,128,db6e998d9b222d86e512c19a5819bb666e827c721d756b5702ba5a04d24f613f,68a78fbf54605002abd83e698226da6a8d60cb8ef23dd65b1250d554761fb3f7,8a69d882741c9042875045579f06172e194eedd707668175ecbe6420d5aea72c
pid201/internal-mp-64/loaded-t5/t1/sign,201,sign,1,internal,5,prf_msg,1,1,True,validation/stage1-20261004-0100/exact-counts.jsonl,128,db6e998d9b222d86e512c19a5819bb666e827c721d756b5702ba5a04d24f613f,68a78fbf54605002abd83e698226da6a8d60cb8ef23dd65b1250d554761fb3f7,8a69d882741c9042875045579f06172e194eedd707668175ecbe6420d5aea72c
pid201/internal-mp-64/loaded-t5/t1/sign,201,sign,1,internal,5,t,32,32,True,validation/stage1-20261004-0100/exact-counts.jsonl,128,db6e998d9b222d86e512c19a5819bb666e827c721d756b5702ba5a04d24f613f,68a78fbf54605002abd83e698226da6a8d60cb8ef23dd65b1250d554761fb3f7,8a69d882741c9042875045579f06172e194eedd707668175ecbe6420d5aea72c
pid201/internal-mp-64/loaded-t5/t1/verify,201,verify,1,internal,5,compress,206,206,True,validation/stage1-20261004-0100/exact-counts.jsonl,129,db6e998d9b222d86e512c19a5819bb666e827c721d756b5702ba5a04d24f613f,908432a0a8df70bf310f7198b3aa9978c0b7b751f03fa7f2b973f5a4df08baab,8a69d882741c9042875045579f06172e194eedd707668175ecbe6420d5aea72c
pid201/internal-mp-64/loaded-t5/t1/verify,201,verify,1,internal,5,f,111,111,True,validation/stage1-20261004-0100/exact-counts.jsonl,129,db6e998d9b222d86e512c19a5819bb666e827c721d756b5702ba5a04d24f613f,908432a0a8df70bf310f7198b3aa9978c0b7b751f03fa7f2b973f5a4df08baab,8a69d882741c9042875045579f06172e194eedd707668175ecbe6420d5aea72c
pid201/internal-mp-64/loaded-t5/t1/verify,201,verify,1,internal,5,h,70,70,True,validation/stage1-20261004-0100/exact-counts.jsonl,129,db6e998d9b222d86e512c19a5819bb666e827c721d756b5702ba5a04d24f613f,908432a0a8df70bf310f7198b3aa9978c0b7b751f03fa7f2b973f5a4df08baab,8a69d882741c9042875045579f06172e194eedd707668175ecbe6420d5aea72c
pid201/internal-mp-64/loaded-t5/t1/verify,201,verify,1,internal,5,h_msg,1,1,True,validation/stage1-20261004-0100/exact-counts.jsonl,129,db6e998d9b222d86e512c19a5819bb666e827c721d756b5702ba5a04d24f613f,908432a0a8df70bf310f7198b3aa9978c0b7b751f03fa7f2b973f5a4df08baab,8a69d882741c9042875045579f06172e194eedd707668175ecbe6420d5aea72c
pid201/internal-mp-64/loaded-t5/t1/verify,201,verify,1,internal,5,prf,0,0,True,validation/stage1-20261004-0100/exact-counts.jsonl,129,db6e998d9b222d86e512c19a5819bb666e827c721d756b5702ba5a04d24f613f,908432a0a8df70bf310f7198b3aa9978c0b7b751f03fa7f2b973f5a4df08baab,8a69d882741c9042875045579f06172e194eedd707668175ecbe6420d5aea72c
pid201/internal-mp-64/loaded-t5/t1/verify,201,verify,1,internal,5,prf_msg,0,0,True,validation/stage1-20261004-0100/exact-counts.jsonl,129,db6e998d9b222d86e512c19a5819bb666e827c721d756b5702ba5a04d24f613f,908432a0a8df70bf310f7198b3aa9978c0b7b751f03fa7f2b973f5a4df08baab,8a69d882741c9042875045579f06172e194eedd707668175ecbe6420d5aea72c
pid201/internal-mp-64/loaded-t5/t1/verify,201,verify,1,internal,5,t,2,2,True,validation/stage1-20261004-0100/exact-counts.jsonl,129,db6e998d9b222d86e512c19a5819bb666e827c721d756b5702ba5a04d24f613f,908432a0a8df70bf310f7198b3aa9978c0b7b751f03fa7f2b973f5a4df08baab,8a69d882741c9042875045579f06172e194eedd707668175ecbe6420d5aea72c
pid201/internal-mp-257/loaded-t5/t1/sign,201,sign,1,internal,5,compress,27645,27645,True,validation/stage1-20261004-0100/exact-counts.jsonl,130,db6e998d9b222d86e512c19a5819bb666e827c721d756b5702ba5a04d24f613f,4c253b116b67799d2b86a29ae3909033f756042f88f95c7d27dd21766c4d7971,8a69d882741c9042875045579f06172e194eedd707668175ecbe6420d5aea72c
pid201/internal-mp-257/loaded-t5/t1/sign,201,sign,1,internal,5,f,12579,12579,True,validation/stage1-20261004-0100/exact-counts.jsonl,130,db6e998d9b222d86e512c19a5819bb666e827c721d756b5702ba5a04d24f613f,4c253b116b67799d2b86a29ae3909033f756042f88f95c7d27dd21766c4d7971,8a69d882741c9042875045579f06172e194eedd707668175ecbe6420d5aea72c
pid201/internal-mp-257/loaded-t5/t1/sign,201,sign,1,internal,5,h,6164,6164,True,validation/stage1-20261004-0100/exact-counts.jsonl,130,db6e998d9b222d86e512c19a5819bb666e827c721d756b5702ba5a04d24f613f,4c253b116b67799d2b86a29ae3909033f756042f88f95c7d27dd21766c4d7971,8a69d882741c9042875045579f06172e194eedd707668175ecbe6420d5aea72c
pid201/internal-mp-257/loaded-t5/t1/sign,201,sign,1,internal,5,h_msg,1,1,True,validation/stage1-20261004-0100/exact-counts.jsonl,130,db6e998d9b222d86e512c19a5819bb666e827c721d756b5702ba5a04d24f613f,4c253b116b67799d2b86a29ae3909033f756042f88f95c7d27dd21766c4d7971,8a69d882741c9042875045579f06172e194eedd707668175ecbe6420d5aea72c
pid201/internal-mp-257/loaded-t5/t1/sign,201,sign,1,internal,5,prf,8326,8326,True,validation/stage1-20261004-0100/exact-counts.jsonl,130,db6e998d9b222d86e512c19a5819bb666e827c721d756b5702ba5a04d24f613f,4c253b116b67799d2b86a29ae3909033f756042f88f95c7d27dd21766c4d7971,8a69d882741c9042875045579f06172e194eedd707668175ecbe6420d5aea72c
pid201/internal-mp-257/loaded-t5/t1/sign,201,sign,1,internal,5,prf_msg,1,1,True,validation/stage1-20261004-0100/exact-counts.jsonl,130,db6e998d9b222d86e512c19a5819bb666e827c721d756b5702ba5a04d24f613f,4c253b116b67799d2b86a29ae3909033f756042f88f95c7d27dd21766c4d7971,8a69d882741c9042875045579f06172e194eedd707668175ecbe6420d5aea72c
pid201/internal-mp-257/loaded-t5/t1/sign,201,sign,1,internal,5,t,32,32,True,validation/stage1-20261004-0100/exact-counts.jsonl,130,db6e998d9b222d86e512c19a5819bb666e827c721d756b5702ba5a04d24f613f,4c253b116b67799d2b86a29ae3909033f756042f88f95c7d27dd21766c4d7971,8a69d882741c9042875045579f06172e194eedd707668175ecbe6420d5aea72c
pid201/internal-mp-257/loaded-t5/t1/verify,201,verify,1,internal,5,compress,197,197,True,validation/stage1-20261004-0100/exact-counts.jsonl,131,db6e998d9b222d86e512c19a5819bb666e827c721d756b5702ba5a04d24f613f,0e9ae44326ed14b765bcc13d64a8f7ccbfe735adb24408c85aab5ec7ad00eb54,8a69d882741c9042875045579f06172e194eedd707668175ecbe6420d5aea72c
pid201/internal-mp-257/loaded-t5/t1/verify,201,verify,1,internal,5,f,99,99,True,validation/stage1-20261004-0100/exact-counts.jsonl,131,db6e998d9b222d86e512c19a5819bb666e827c721d756b5702ba5a04d24f613f,0e9ae44326ed14b765bcc13d64a8f7ccbfe735adb24408c85aab5ec7ad00eb54,8a69d882741c9042875045579f06172e194eedd707668175ecbe6420d5aea72c
pid201/internal-mp-257/loaded-t5/t1/verify,201,verify,1,internal,5,h,70,70,True,validation/stage1-20261004-0100/exact-counts.jsonl,131,db6e998d9b222d86e512c19a5819bb666e827c721d756b5702ba5a04d24f613f,0e9ae44326ed14b765bcc13d64a8f7ccbfe735adb24408c85aab5ec7ad00eb54,8a69d882741c9042875045579f06172e194eedd707668175ecbe6420d5aea72c
pid201/internal-mp-257/loaded-t5/t1/verify,201,verify,1,internal,5,h_msg,1,1,True,validation/stage1-20261004-0100/exact-counts.jsonl,131,db6e998d9b222d86e512c19a5819bb666e827c721d756b5702ba5a04d24f613f,0e9ae44326ed14b765bcc13d64a8f7ccbfe735adb24408c85aab5ec7ad00eb54,8a69d882741c9042875045579f06172e194eedd707668175ecbe6420d5aea72c
pid201/internal-mp-257/loaded-t5/t1/verify,201,verify,1,internal,5,prf,0,0,True,validation/stage1-20261004-0100/exact-counts.jsonl,131,db6e998d9b222d86e512c19a5819bb666e827c721d756b5702ba5a04d24f613f,0e9ae44326ed14b765bcc13d64a8f7ccbfe735adb24408c85aab5ec7ad00eb54,8a69d882741c9042875045579f06172e194eedd707668175ecbe6420d5aea72c
pid201/internal-mp-257/loaded-t5/t1/verify,201,verify,1,internal,5,prf_msg,0,0,True,validation/stage1-20261004-0100/exact-counts.jsonl,131,db6e998d9b222d86e512c19a5819bb666e827c721d756b5702ba5a04d24f613f,0e9ae44326ed14b765bcc13d64a8f7ccbfe735adb24408c85aab5ec7ad00eb54,8a69d882741c9042875045579f06172e194eedd707668175ecbe6420d5aea72c
pid201/internal-mp-257/loaded-t5/t1/verify,201,verify,1,internal,5,t,2,2,True,validation/stage1-20261004-0100/exact-counts.jsonl,131,db6e998d9b222d86e512c19a5819bb666e827c721d756b5702ba5a04d24f613f,0e9ae44326ed14b765bcc13d64a8f7ccbfe735adb24408c85aab5ec7ad00eb54,8a69d882741c9042875045579f06172e194eedd707668175ecbe6420d5aea72c
pid201/pure-context-0/loaded-t5/t1/sign,201,sign,1,pure,5,compress,27634,27634,True,validation/stage1-20261004-0100/exact-counts.jsonl,132,db6e998d9b222d86e512c19a5819bb666e827c721d756b5702ba5a04d24f613f,d6a87c5dd3c536d25f7902c9608abc69d73c6d12da73fc1f0f63418eaba40861,8a69d882741c9042875045579f06172e194eedd707668175ecbe6420d5aea72c
pid201/pure-context-0/loaded-t5/t1/sign,201,sign,1,pure,5,f,12576,12576,True,validation/stage1-20261004-0100/exact-counts.jsonl,132,db6e998d9b222d86e512c19a5819bb666e827c721d756b5702ba5a04d24f613f,d6a87c5dd3c536d25f7902c9608abc69d73c6d12da73fc1f0f63418eaba40861,8a69d882741c9042875045579f06172e194eedd707668175ecbe6420d5aea72c
pid201/pure-context-0/loaded-t5/t1/sign,201,sign,1,pure,5,h,6164,6164,True,validation/stage1-20261004-0100/exact-counts.jsonl,132,db6e998d9b222d86e512c19a5819bb666e827c721d756b5702ba5a04d24f613f,d6a87c5dd3c536d25f7902c9608abc69d73c6d12da73fc1f0f63418eaba40861,8a69d882741c9042875045579f06172e194eedd707668175ecbe6420d5aea72c
pid201/pure-context-0/loaded-t5/t1/sign,201,sign,1,pure,5,h_msg,1,1,True,validation/stage1-20261004-0100/exact-counts.jsonl,132,db6e998d9b222d86e512c19a5819bb666e827c721d756b5702ba5a04d24f613f,d6a87c5dd3c536d25f7902c9608abc69d73c6d12da73fc1f0f63418eaba40861,8a69d882741c9042875045579f06172e194eedd707668175ecbe6420d5aea72c
pid201/pure-context-0/loaded-t5/t1/sign,201,sign,1,pure,5,prf,8326,8326,True,validation/stage1-20261004-0100/exact-counts.jsonl,132,db6e998d9b222d86e512c19a5819bb666e827c721d756b5702ba5a04d24f613f,d6a87c5dd3c536d25f7902c9608abc69d73c6d12da73fc1f0f63418eaba40861,8a69d882741c9042875045579f06172e194eedd707668175ecbe6420d5aea72c
pid201/pure-context-0/loaded-t5/t1/sign,201,sign,1,pure,5,prf_msg,1,1,True,validation/stage1-20261004-0100/exact-counts.jsonl,132,db6e998d9b222d86e512c19a5819bb666e827c721d756b5702ba5a04d24f613f,d6a87c5dd3c536d25f7902c9608abc69d73c6d12da73fc1f0f63418eaba40861,8a69d882741c9042875045579f06172e194eedd707668175ecbe6420d5aea72c
pid201/pure-context-0/loaded-t5/t1/sign,201,sign,1,pure,5,t,32,32,True,validation/stage1-20261004-0100/exact-counts.jsonl,132,db6e998d9b222d86e512c19a5819bb666e827c721d756b5702ba5a04d24f613f,d6a87c5dd3c536d25f7902c9608abc69d73c6d12da73fc1f0f63418eaba40861,8a69d882741c9042875045579f06172e194eedd707668175ecbe6420d5aea72c
pid201/pure-context-0/loaded-t5/t1/verify,201,verify,1,pure,5,compress,196,196,True,validation/stage1-20261004-0100/exact-counts.jsonl,133,db6e998d9b222d86e512c19a5819bb666e827c721d756b5702ba5a04d24f613f,1a23b09b1b725b1bdb736666b1f9a61f8539434ade5629c495d44b8d670e7168,8a69d882741c9042875045579f06172e194eedd707668175ecbe6420d5aea72c
pid201/pure-context-0/loaded-t5/t1/verify,201,verify,1,pure,5,f,102,102,True,validation/stage1-20261004-0100/exact-counts.jsonl,133,db6e998d9b222d86e512c19a5819bb666e827c721d756b5702ba5a04d24f613f,1a23b09b1b725b1bdb736666b1f9a61f8539434ade5629c495d44b8d670e7168,8a69d882741c9042875045579f06172e194eedd707668175ecbe6420d5aea72c
pid201/pure-context-0/loaded-t5/t1/verify,201,verify,1,pure,5,h,70,70,True,validation/stage1-20261004-0100/exact-counts.jsonl,133,db6e998d9b222d86e512c19a5819bb666e827c721d756b5702ba5a04d24f613f,1a23b09b1b725b1bdb736666b1f9a61f8539434ade5629c495d44b8d670e7168,8a69d882741c9042875045579f06172e194eedd707668175ecbe6420d5aea72c
pid201/pure-context-0/loaded-t5/t1/verify,201,verify,1,pure,5,h_msg,1,1,True,validation/stage1-20261004-0100/exact-counts.jsonl,133,db6e998d9b222d86e512c19a5819bb666e827c721d756b5702ba5a04d24f613f,1a23b09b1b725b1bdb736666b1f9a61f8539434ade5629c495d44b8d670e7168,8a69d882741c9042875045579f06172e194eedd707668175ecbe6420d5aea72c
pid201/pure-context-0/loaded-t5/t1/verify,201,verify,1,pure,5,prf,0,0,True,validation/stage1-20261004-0100/exact-counts.jsonl,133,db6e998d9b222d86e512c19a5819bb666e827c721d756b5702ba5a04d24f613f,1a23b09b1b725b1bdb736666b1f9a61f8539434ade5629c495d44b8d670e7168,8a69d882741c9042875045579f06172e194eedd707668175ecbe6420d5aea72c
pid201/pure-context-0/loaded-t5/t1/verify,201,verify,1,pure,5,prf_msg,0,0,True,validation/stage1-20261004-0100/exact-counts.jsonl,133,db6e998d9b222d86e512c19a5819bb666e827c721d756b5702ba5a04d24f613f,1a23b09b1b725b1bdb736666b1f9a61f8539434ade5629c495d44b8d670e7168,8a69d882741c9042875045579f06172e194eedd707668175ecbe6420d5aea72c
pid201/pure-context-0/loaded-t5/t1/verify,201,verify,1,pure,5,t,2,2,True,validation/stage1-20261004-0100/exact-counts.jsonl,133,db6e998d9b222d86e512c19a5819bb666e827c721d756b5702ba5a04d24f613f,1a23b09b1b725b1bdb736666b1f9a61f8539434ade5629c495d44b8d670e7168,8a69d882741c9042875045579f06172e194eedd707668175ecbe6420d5aea72c
pid201/pure-context-255/loaded-t5/t1/sign,201,sign,1,pure,5,compress,27635,27635,True,validation/stage1-20261004-0100/exact-counts.jsonl,134,db6e998d9b222d86e512c19a5819bb666e827c721d756b5702ba5a04d24f613f,eeb64bb6bdae26b09754714082d31406c6c2881409f60bc640ef6b84624847ba,8a69d882741c9042875045579f06172e194eedd707668175ecbe6420d5aea72c
pid201/pure-context-255/loaded-t5/t1/sign,201,sign,1,pure,5,f,12567,12567,True,validation/stage1-20261004-0100/exact-counts.jsonl,134,db6e998d9b222d86e512c19a5819bb666e827c721d756b5702ba5a04d24f613f,eeb64bb6bdae26b09754714082d31406c6c2881409f60bc640ef6b84624847ba,8a69d882741c9042875045579f06172e194eedd707668175ecbe6420d5aea72c
pid201/pure-context-255/loaded-t5/t1/sign,201,sign,1,pure,5,h,6164,6164,True,validation/stage1-20261004-0100/exact-counts.jsonl,134,db6e998d9b222d86e512c19a5819bb666e827c721d756b5702ba5a04d24f613f,eeb64bb6bdae26b09754714082d31406c6c2881409f60bc640ef6b84624847ba,8a69d882741c9042875045579f06172e194eedd707668175ecbe6420d5aea72c
pid201/pure-context-255/loaded-t5/t1/sign,201,sign,1,pure,5,h_msg,1,1,True,validation/stage1-20261004-0100/exact-counts.jsonl,134,db6e998d9b222d86e512c19a5819bb666e827c721d756b5702ba5a04d24f613f,eeb64bb6bdae26b09754714082d31406c6c2881409f60bc640ef6b84624847ba,8a69d882741c9042875045579f06172e194eedd707668175ecbe6420d5aea72c
pid201/pure-context-255/loaded-t5/t1/sign,201,sign,1,pure,5,prf,8326,8326,True,validation/stage1-20261004-0100/exact-counts.jsonl,134,db6e998d9b222d86e512c19a5819bb666e827c721d756b5702ba5a04d24f613f,eeb64bb6bdae26b09754714082d31406c6c2881409f60bc640ef6b84624847ba,8a69d882741c9042875045579f06172e194eedd707668175ecbe6420d5aea72c
pid201/pure-context-255/loaded-t5/t1/sign,201,sign,1,pure,5,prf_msg,1,1,True,validation/stage1-20261004-0100/exact-counts.jsonl,134,db6e998d9b222d86e512c19a5819bb666e827c721d756b5702ba5a04d24f613f,eeb64bb6bdae26b09754714082d31406c6c2881409f60bc640ef6b84624847ba,8a69d882741c9042875045579f06172e194eedd707668175ecbe6420d5aea72c
pid201/pure-context-255/loaded-t5/t1/sign,201,sign,1,pure,5,t,32,32,True,validation/stage1-20261004-0100/exact-counts.jsonl,134,db6e998d9b222d86e512c19a5819bb666e827c721d756b5702ba5a04d24f613f,eeb64bb6bdae26b09754714082d31406c6c2881409f60bc640ef6b84624847ba,8a69d882741c9042875045579f06172e194eedd707668175ecbe6420d5aea72c
pid201/pure-context-255/loaded-t5/t1/verify,201,verify,1,pure,5,compress,210,210,True,validation/stage1-20261004-0100/exact-counts.jsonl,135,db6e998d9b222d86e512c19a5819bb666e827c721d756b5702ba5a04d24f613f,aca72d06e64b01118c999125b195496a4c24dc390f5f19818b2a238e0cc8aba8,8a69d882741c9042875045579f06172e194eedd707668175ecbe6420d5aea72c
pid201/pure-context-255/loaded-t5/t1/verify,201,verify,1,pure,5,f,111,111,True,validation/stage1-20261004-0100/exact-counts.jsonl,135,db6e998d9b222d86e512c19a5819bb666e827c721d756b5702ba5a04d24f613f,aca72d06e64b01118c999125b195496a4c24dc390f5f19818b2a238e0cc8aba8,8a69d882741c9042875045579f06172e194eedd707668175ecbe6420d5aea72c
pid201/pure-context-255/loaded-t5/t1/verify,201,verify,1,pure,5,h,70,70,True,validation/stage1-20261004-0100/exact-counts.jsonl,135,db6e998d9b222d86e512c19a5819bb666e827c721d756b5702ba5a04d24f613f,aca72d06e64b01118c999125b195496a4c24dc390f5f19818b2a238e0cc8aba8,8a69d882741c9042875045579f06172e194eedd707668175ecbe6420d5aea72c
pid201/pure-context-255/loaded-t5/t1/verify,201,verify,1,pure,5,h_msg,1,1,True,validation/stage1-20261004-0100/exact-counts.jsonl,135,db6e998d9b222d86e512c19a5819bb666e827c721d756b5702ba5a04d24f613f,aca72d06e64b01118c999125b195496a4c24dc390f5f19818b2a238e0cc8aba8,8a69d882741c9042875045579f06172e194eedd707668175ecbe6420d5aea72c
pid201/pure-context-255/loaded-t5/t1/verify,201,verify,1,pure,5,prf,0,0,True,validation/stage1-20261004-0100/exact-counts.jsonl,135,db6e998d9b222d86e512c19a5819bb666e827c721d756b5702ba5a04d24f613f,aca72d06e64b01118c999125b195496a4c24dc390f5f19818b2a238e0cc8aba8,8a69d882741c9042875045579f06172e194eedd707668175ecbe6420d5aea72c
pid201/pure-context-255/loaded-t5/t1/verify,201,verify,1,pure,5,prf_msg,0,0,True,validation/stage1-20261004-0100/exact-counts.jsonl,135,db6e998d9b222d86e512c19a5819bb666e827c721d756b5702ba5a04d24f613f,aca72d06e64b01118c999125b195496a4c24dc390f5f19818b2a238e0cc8aba8,8a69d882741c9042875045579f06172e194eedd707668175ecbe6420d5aea72c
pid201/pure-context-255/loaded-t5/t1/verify,201,verify,1,pure,5,t,2,2,True,validation/stage1-20261004-0100/exact-counts.jsonl,135,db6e998d9b222d86e512c19a5819bb666e827c721d756b5702ba5a04d24f613f,aca72d06e64b01118c999125b195496a4c24dc390f5f19818b2a238e0cc8aba8,8a69d882741c9042875045579f06172e194eedd707668175ecbe6420d5aea72c
pid201/internal-mp-0/loaded-t10/t1/sign,201,sign,1,internal,10,compress,316277,316277,True,validation/stage1-20261004-0100/exact-counts.jsonl,136,db6e998d9b222d86e512c19a5819bb666e827c721d756b5702ba5a04d24f613f,bd2fbd173c0374326a0d5922816364ec1d0415a2d04bfc4d8810c4c2cee89dc0,8a69d882741c9042875045579f06172e194eedd707668175ecbe6420d5aea72c
pid201/internal-mp-0/loaded-t10/t1/sign,201,sign,1,internal,10,f,214920,214920,True,validation/stage1-20261004-0100/exact-counts.jsonl,136,db6e998d9b222d86e512c19a5819bb666e827c721d756b5702ba5a04d24f613f,bd2fbd173c0374326a0d5922816364ec1d0415a2d04bfc4d8810c4c2cee89dc0,8a69d882741c9042875045579f06172e194eedd707668175ecbe6420d5aea72c
pid201/internal-mp-0/loaded-t10/t1/sign,201,sign,1,internal,10,h,7151,7151,True,validation/stage1-20261004-0100/exact-counts.jsonl,136,db6e998d9b222d86e512c19a5819bb666e827c721d756b5702ba5a04d24f613f,bd2fbd173c0374326a0d5922816364ec1d0415a2d04bfc4d8810c4c2cee89dc0,8a69d882741c9042875045579f06172e194eedd707668175ecbe6420d5aea72c
pid201/internal-mp-0/loaded-t10/t1/sign,201,sign,1,internal,10,h_msg,1,1,True,validation/stage1-20261004-0100/exact-counts.jsonl,136,db6e998d9b222d86e512c19a5819bb666e827c721d756b5702ba5a04d24f613f,bd2fbd173c0374326a0d5922816364ec1d0415a2d04bfc4d8810c4c2cee89dc0,8a69d882741c9042875045579f06172e194eedd707668175ecbe6420d5aea72c
pid201/internal-mp-0/loaded-t10/t1/sign,201,sign,1,internal,10,prf,75782,75782,True,validation/stage1-20261004-0100/exact-counts.jsonl,136,db6e998d9b222d86e512c19a5819bb666e827c721d756b5702ba5a04d24f613f,bd2fbd173c0374326a0d5922816364ec1d0415a2d04bfc4d8810c4c2cee89dc0,8a69d882741c9042875045579f06172e194eedd707668175ecbe6420d5aea72c
pid201/internal-mp-0/loaded-t10/t1/sign,201,sign,1,internal,10,prf_msg,1,1,True,validation/stage1-20261004-0100/exact-counts.jsonl,136,db6e998d9b222d86e512c19a5819bb666e827c721d756b5702ba5a04d24f613f,bd2fbd173c0374326a0d5922816364ec1d0415a2d04bfc4d8810c4c2cee89dc0,8a69d882741c9042875045579f06172e194eedd707668175ecbe6420d5aea72c
pid201/internal-mp-0/loaded-t10/t1/sign,201,sign,1,internal,10,t,1024,1024,True,validation/stage1-20261004-0100/exact-counts.jsonl,136,db6e998d9b222d86e512c19a5819bb666e827c721d756b5702ba5a04d24f613f,bd2fbd173c0374326a0d5922816364ec1d0415a2d04bfc4d8810c4c2cee89dc0,8a69d882741c9042875045579f06172e194eedd707668175ecbe6420d5aea72c
pid201/internal-mp-0/loaded-t10/t1/verify,201,verify,1,internal,10,compress,220,220,True,validation/stage1-20261004-0100/exact-counts.jsonl,137,db6e998d9b222d86e512c19a5819bb666e827c721d756b5702ba5a04d24f613f,320c970049534ebcf804fda93782157fd81d27b70734597009703da275f5a551,8a69d882741c9042875045579f06172e194eedd707668175ecbe6420d5aea72c
pid201/internal-mp-0/loaded-t10/t1/verify,201,verify,1,internal,10,f,126,126,True,validation/stage1-20261004-0100/exact-counts.jsonl,137,db6e998d9b222d86e512c19a5819bb666e827c721d756b5702ba5a04d24f613f,320c970049534ebcf804fda93782157fd81d27b70734597009703da275f5a551,8a69d882741c9042875045579f06172e194eedd707668175ecbe6420d5aea72c
pid201/internal-mp-0/loaded-t10/t1/verify,201,verify,1,internal,10,h,70,70,True,validation/stage1-20261004-0100/exact-counts.jsonl,137,db6e998d9b222d86e512c19a5819bb666e827c721d756b5702ba5a04d24f613f,320c970049534ebcf804fda93782157fd81d27b70734597009703da275f5a551,8a69d882741c9042875045579f06172e194eedd707668175ecbe6420d5aea72c
pid201/internal-mp-0/loaded-t10/t1/verify,201,verify,1,internal,10,h_msg,1,1,True,validation/stage1-20261004-0100/exact-counts.jsonl,137,db6e998d9b222d86e512c19a5819bb666e827c721d756b5702ba5a04d24f613f,320c970049534ebcf804fda93782157fd81d27b70734597009703da275f5a551,8a69d882741c9042875045579f06172e194eedd707668175ecbe6420d5aea72c
pid201/internal-mp-0/loaded-t10/t1/verify,201,verify,1,internal,10,prf,0,0,True,validation/stage1-20261004-0100/exact-counts.jsonl,137,db6e998d9b222d86e512c19a5819bb666e827c721d756b5702ba5a04d24f613f,320c970049534ebcf804fda93782157fd81d27b70734597009703da275f5a551,8a69d882741c9042875045579f06172e194eedd707668175ecbe6420d5aea72c
pid201/internal-mp-0/loaded-t10/t1/verify,201,verify,1,internal,10,prf_msg,0,0,True,validation/stage1-20261004-0100/exact-counts.jsonl,137,db6e998d9b222d86e512c19a5819bb666e827c721d756b5702ba5a04d24f613f,320c970049534ebcf804fda93782157fd81d27b70734597009703da275f5a551,8a69d882741c9042875045579f06172e194eedd707668175ecbe6420d5aea72c
pid201/internal-mp-0/loaded-t10/t1/verify,201,verify,1,internal,10,t,2,2,True,validation/stage1-20261004-0100/exact-counts.jsonl,137,db6e998d9b222d86e512c19a5819bb666e827c721d756b5702ba5a04d24f613f,320c970049534ebcf804fda93782157fd81d27b70734597009703da275f5a551,8a69d882741c9042875045579f06172e194eedd707668175ecbe6420d5aea72c
pid201/internal-mp-1/loaded-t10/t1/sign,201,sign,1,internal,10,compress,316304,316304,True,validation/stage1-20261004-0100/exact-counts.jsonl,138,db6e998d9b222d86e512c19a5819bb666e827c721d756b5702ba5a04d24f613f,2d994ba88a59e59fe3feb137cdcd4f4526a7556ad7977cbf4733ddac0cbae699,8a69d882741c9042875045579f06172e194eedd707668175ecbe6420d5aea72c
pid201/internal-mp-1/loaded-t10/t1/sign,201,sign,1,internal,10,f,214947,214947,True,validation/stage1-20261004-0100/exact-counts.jsonl,138,db6e998d9b222d86e512c19a5819bb666e827c721d756b5702ba5a04d24f613f,2d994ba88a59e59fe3feb137cdcd4f4526a7556ad7977cbf4733ddac0cbae699,8a69d882741c9042875045579f06172e194eedd707668175ecbe6420d5aea72c
pid201/internal-mp-1/loaded-t10/t1/sign,201,sign,1,internal,10,h,7151,7151,True,validation/stage1-20261004-0100/exact-counts.jsonl,138,db6e998d9b222d86e512c19a5819bb666e827c721d756b5702ba5a04d24f613f,2d994ba88a59e59fe3feb137cdcd4f4526a7556ad7977cbf4733ddac0cbae699,8a69d882741c9042875045579f06172e194eedd707668175ecbe6420d5aea72c
pid201/internal-mp-1/loaded-t10/t1/sign,201,sign,1,internal,10,h_msg,1,1,True,validation/stage1-20261004-0100/exact-counts.jsonl,138,db6e998d9b222d86e512c19a5819bb666e827c721d756b5702ba5a04d24f613f,2d994ba88a59e59fe3feb137cdcd4f4526a7556ad7977cbf4733ddac0cbae699,8a69d882741c9042875045579f06172e194eedd707668175ecbe6420d5aea72c
pid201/internal-mp-1/loaded-t10/t1/sign,201,sign,1,internal,10,prf,75782,75782,True,validation/stage1-20261004-0100/exact-counts.jsonl,138,db6e998d9b222d86e512c19a5819bb666e827c721d756b5702ba5a04d24f613f,2d994ba88a59e59fe3feb137cdcd4f4526a7556ad7977cbf4733ddac0cbae699,8a69d882741c9042875045579f06172e194eedd707668175ecbe6420d5aea72c
pid201/internal-mp-1/loaded-t10/t1/sign,201,sign,1,internal,10,prf_msg,1,1,True,validation/stage1-20261004-0100/exact-counts.jsonl,138,db6e998d9b222d86e512c19a5819bb666e827c721d756b5702ba5a04d24f613f,2d994ba88a59e59fe3feb137cdcd4f4526a7556ad7977cbf4733ddac0cbae699,8a69d882741c9042875045579f06172e194eedd707668175ecbe6420d5aea72c
pid201/internal-mp-1/loaded-t10/t1/sign,201,sign,1,internal,10,t,1024,1024,True,validation/stage1-20261004-0100/exact-counts.jsonl,138,db6e998d9b222d86e512c19a5819bb666e827c721d756b5702ba5a04d24f613f,2d994ba88a59e59fe3feb137cdcd4f4526a7556ad7977cbf4733ddac0cbae699,8a69d882741c9042875045579f06172e194eedd707668175ecbe6420d5aea72c
pid201/internal-mp-1/loaded-t10/t1/verify,201,verify,1,internal,10,compress,193,193,True,validation/stage1-20261004-0100/exact-counts.jsonl,139,db6e998d9b222d86e512c19a5819bb666e827c721d756b5702ba5a04d24f613f,a612eedb86df50850a93c23cac08d2cd5e3ed8fbc5036ab8a9d8852ae13b415b,8a69d882741c9042875045579f06172e194eedd707668175ecbe6420d5aea72c
pid201/internal-mp-1/loaded-t10/t1/verify,201,verify,1,internal,10,f,99,99,True,validation/stage1-20261004-0100/exact-counts.jsonl,139,db6e998d9b222d86e512c19a5819bb666e827c721d756b5702ba5a04d24f613f,a612eedb86df50850a93c23cac08d2cd5e3ed8fbc5036ab8a9d8852ae13b415b,8a69d882741c9042875045579f06172e194eedd707668175ecbe6420d5aea72c
pid201/internal-mp-1/loaded-t10/t1/verify,201,verify,1,internal,10,h,70,70,True,validation/stage1-20261004-0100/exact-counts.jsonl,139,db6e998d9b222d86e512c19a5819bb666e827c721d756b5702ba5a04d24f613f,a612eedb86df50850a93c23cac08d2cd5e3ed8fbc5036ab8a9d8852ae13b415b,8a69d882741c9042875045579f06172e194eedd707668175ecbe6420d5aea72c
pid201/internal-mp-1/loaded-t10/t1/verify,201,verify,1,internal,10,h_msg,1,1,True,validation/stage1-20261004-0100/exact-counts.jsonl,139,db6e998d9b222d86e512c19a5819bb666e827c721d756b5702ba5a04d24f613f,a612eedb86df50850a93c23cac08d2cd5e3ed8fbc5036ab8a9d8852ae13b415b,8a69d882741c9042875045579f06172e194eedd707668175ecbe6420d5aea72c
pid201/internal-mp-1/loaded-t10/t1/verify,201,verify,1,internal,10,prf,0,0,True,validation/stage1-20261004-0100/exact-counts.jsonl,139,db6e998d9b222d86e512c19a5819bb666e827c721d756b5702ba5a04d24f613f,a612eedb86df50850a93c23cac08d2cd5e3ed8fbc5036ab8a9d8852ae13b415b,8a69d882741c9042875045579f06172e194eedd707668175ecbe6420d5aea72c
pid201/internal-mp-1/loaded-t10/t1/verify,201,verify,1,internal,10,prf_msg,0,0,True,validation/stage1-20261004-0100/exact-counts.jsonl,139,db6e998d9b222d86e512c19a5819bb666e827c721d756b5702ba5a04d24f613f,a612eedb86df50850a93c23cac08d2cd5e3ed8fbc5036ab8a9d8852ae13b415b,8a69d882741c9042875045579f06172e194eedd707668175ecbe6420d5aea72c
pid201/internal-mp-1/loaded-t10/t1/verify,201,verify,1,internal,10,t,2,2,True,validation/stage1-20261004-0100/exact-counts.jsonl,139,db6e998d9b222d86e512c19a5819bb666e827c721d756b5702ba5a04d24f613f,a612eedb86df50850a93c23cac08d2cd5e3ed8fbc5036ab8a9d8852ae13b415b,8a69d882741c9042875045579f06172e194eedd707668175ecbe6420d5aea72c
pid201/internal-mp-7/loaded-t10/t1/sign,201,sign,1,internal,10,compress,316289,316289,True,validation/stage1-20261004-0100/exact-counts.jsonl,140,db6e998d9b222d86e512c19a5819bb666e827c721d756b5702ba5a04d24f613f,d8cede0fa36b72b93c1ee5d82aba7894c6cf209d985060a7f39326ea1fb9f4f8,8a69d882741c9042875045579f06172e194eedd707668175ecbe6420d5aea72c
pid201/internal-mp-7/loaded-t10/t1/sign,201,sign,1,internal,10,f,214932,214932,True,validation/stage1-20261004-0100/exact-counts.jsonl,140,db6e998d9b222d86e512c19a5819bb666e827c721d756b5702ba5a04d24f613f,d8cede0fa36b72b93c1ee5d82aba7894c6cf209d985060a7f39326ea1fb9f4f8,8a69d882741c9042875045579f06172e194eedd707668175ecbe6420d5aea72c
pid201/internal-mp-7/loaded-t10/t1/sign,201,sign,1,internal,10,h,7151,7151,True,validation/stage1-20261004-0100/exact-counts.jsonl,140,db6e998d9b222d86e512c19a5819bb666e827c721d756b5702ba5a04d24f613f,d8cede0fa36b72b93c1ee5d82aba7894c6cf209d985060a7f39326ea1fb9f4f8,8a69d882741c9042875045579f06172e194eedd707668175ecbe6420d5aea72c
pid201/internal-mp-7/loaded-t10/t1/sign,201,sign,1,internal,10,h_msg,1,1,True,validation/stage1-20261004-0100/exact-counts.jsonl,140,db6e998d9b222d86e512c19a5819bb666e827c721d756b5702ba5a04d24f613f,d8cede0fa36b72b93c1ee5d82aba7894c6cf209d985060a7f39326ea1fb9f4f8,8a69d882741c9042875045579f06172e194eedd707668175ecbe6420d5aea72c
pid201/internal-mp-7/loaded-t10/t1/sign,201,sign,1,internal,10,prf,75782,75782,True,validation/stage1-20261004-0100/exact-counts.jsonl,140,db6e998d9b222d86e512c19a5819bb666e827c721d756b5702ba5a04d24f613f,d8cede0fa36b72b93c1ee5d82aba7894c6cf209d985060a7f39326ea1fb9f4f8,8a69d882741c9042875045579f06172e194eedd707668175ecbe6420d5aea72c
pid201/internal-mp-7/loaded-t10/t1/sign,201,sign,1,internal,10,prf_msg,1,1,True,validation/stage1-20261004-0100/exact-counts.jsonl,140,db6e998d9b222d86e512c19a5819bb666e827c721d756b5702ba5a04d24f613f,d8cede0fa36b72b93c1ee5d82aba7894c6cf209d985060a7f39326ea1fb9f4f8,8a69d882741c9042875045579f06172e194eedd707668175ecbe6420d5aea72c
pid201/internal-mp-7/loaded-t10/t1/sign,201,sign,1,internal,10,t,1024,1024,True,validation/stage1-20261004-0100/exact-counts.jsonl,140,db6e998d9b222d86e512c19a5819bb666e827c721d756b5702ba5a04d24f613f,d8cede0fa36b72b93c1ee5d82aba7894c6cf209d985060a7f39326ea1fb9f4f8,8a69d882741c9042875045579f06172e194eedd707668175ecbe6420d5aea72c
pid201/internal-mp-7/loaded-t10/t1/verify,201,verify,1,internal,10,compress,208,208,True,validation/stage1-20261004-0100/exact-counts.jsonl,141,db6e998d9b222d86e512c19a5819bb666e827c721d756b5702ba5a04d24f613f,e1e4acf83793c2fd17410152519ebc3bc48ba8415f2b2ce42c1964d97d905ebb,8a69d882741c9042875045579f06172e194eedd707668175ecbe6420d5aea72c
pid201/internal-mp-7/loaded-t10/t1/verify,201,verify,1,internal,10,f,114,114,True,validation/stage1-20261004-0100/exact-counts.jsonl,141,db6e998d9b222d86e512c19a5819bb666e827c721d756b5702ba5a04d24f613f,e1e4acf83793c2fd17410152519ebc3bc48ba8415f2b2ce42c1964d97d905ebb,8a69d882741c9042875045579f06172e194eedd707668175ecbe6420d5aea72c
pid201/internal-mp-7/loaded-t10/t1/verify,201,verify,1,internal,10,h,70,70,True,validation/stage1-20261004-0100/exact-counts.jsonl,141,db6e998d9b222d86e512c19a5819bb666e827c721d756b5702ba5a04d24f613f,e1e4acf83793c2fd17410152519ebc3bc48ba8415f2b2ce42c1964d97d905ebb,8a69d882741c9042875045579f06172e194eedd707668175ecbe6420d5aea72c
pid201/internal-mp-7/loaded-t10/t1/verify,201,verify,1,internal,10,h_msg,1,1,True,validation/stage1-20261004-0100/exact-counts.jsonl,141,db6e998d9b222d86e512c19a5819bb666e827c721d756b5702ba5a04d24f613f,e1e4acf83793c2fd17410152519ebc3bc48ba8415f2b2ce42c1964d97d905ebb,8a69d882741c9042875045579f06172e194eedd707668175ecbe6420d5aea72c
pid201/internal-mp-7/loaded-t10/t1/verify,201,verify,1,internal,10,prf,0,0,True,validation/stage1-20261004-0100/exact-counts.jsonl,141,db6e998d9b222d86e512c19a5819bb666e827c721d756b5702ba5a04d24f613f,e1e4acf83793c2fd17410152519ebc3bc48ba8415f2b2ce42c1964d97d905ebb,8a69d882741c9042875045579f06172e194eedd707668175ecbe6420d5aea72c
pid201/internal-mp-7/loaded-t10/t1/verify,201,verify,1,internal,10,prf_msg,0,0,True,validation/stage1-20261004-0100/exact-counts.jsonl,141,db6e998d9b222d86e512c19a5819bb666e827c721d756b5702ba5a04d24f613f,e1e4acf83793c2fd17410152519ebc3bc48ba8415f2b2ce42c1964d97d905ebb,8a69d882741c9042875045579f06172e194eedd707668175ecbe6420d5aea72c
pid201/internal-mp-7/loaded-t10/t1/verify,201,verify,1,internal,10,t,2,2,True,validation/stage1-20261004-0100/exact-counts.jsonl,141,db6e998d9b222d86e512c19a5819bb666e827c721d756b5702ba5a04d24f613f,e1e4acf83793c2fd17410152519ebc3bc48ba8415f2b2ce42c1964d97d905ebb,8a69d882741c9042875045579f06172e194eedd707668175ecbe6420d5aea72c
pid201/internal-mp-8/loaded-t10/t1/sign,201,sign,1,internal,10,compress,316299,316299,True,validation/stage1-20261004-0100/exact-counts.jsonl,142,db6e998d9b222d86e512c19a5819bb666e827c721d756b5702ba5a04d24f613f,ded014cebc5aec8ff931ab84a0f9b32a464a5353d86bcc17bc536acfda58b0f5,8a69d882741c9042875045579f06172e194eedd707668175ecbe6420d5aea72c
pid201/internal-mp-8/loaded-t10/t1/sign,201,sign,1,internal,10,f,214941,214941,True,validation/stage1-20261004-0100/exact-counts.jsonl,142,db6e998d9b222d86e512c19a5819bb666e827c721d756b5702ba5a04d24f613f,ded014cebc5aec8ff931ab84a0f9b32a464a5353d86bcc17bc536acfda58b0f5,8a69d882741c9042875045579f06172e194eedd707668175ecbe6420d5aea72c
pid201/internal-mp-8/loaded-t10/t1/sign,201,sign,1,internal,10,h,7151,7151,True,validation/stage1-20261004-0100/exact-counts.jsonl,142,db6e998d9b222d86e512c19a5819bb666e827c721d756b5702ba5a04d24f613f,ded014cebc5aec8ff931ab84a0f9b32a464a5353d86bcc17bc536acfda58b0f5,8a69d882741c9042875045579f06172e194eedd707668175ecbe6420d5aea72c
pid201/internal-mp-8/loaded-t10/t1/sign,201,sign,1,internal,10,h_msg,1,1,True,validation/stage1-20261004-0100/exact-counts.jsonl,142,db6e998d9b222d86e512c19a5819bb666e827c721d756b5702ba5a04d24f613f,ded014cebc5aec8ff931ab84a0f9b32a464a5353d86bcc17bc536acfda58b0f5,8a69d882741c9042875045579f06172e194eedd707668175ecbe6420d5aea72c
pid201/internal-mp-8/loaded-t10/t1/sign,201,sign,1,internal,10,prf,75782,75782,True,validation/stage1-20261004-0100/exact-counts.jsonl,142,db6e998d9b222d86e512c19a5819bb666e827c721d756b5702ba5a04d24f613f,ded014cebc5aec8ff931ab84a0f9b32a464a5353d86bcc17bc536acfda58b0f5,8a69d882741c9042875045579f06172e194eedd707668175ecbe6420d5aea72c
pid201/internal-mp-8/loaded-t10/t1/sign,201,sign,1,internal,10,prf_msg,1,1,True,validation/stage1-20261004-0100/exact-counts.jsonl,142,db6e998d9b222d86e512c19a5819bb666e827c721d756b5702ba5a04d24f613f,ded014cebc5aec8ff931ab84a0f9b32a464a5353d86bcc17bc536acfda58b0f5,8a69d882741c9042875045579f06172e194eedd707668175ecbe6420d5aea72c
pid201/internal-mp-8/loaded-t10/t1/sign,201,sign,1,internal,10,t,1024,1024,True,validation/stage1-20261004-0100/exact-counts.jsonl,142,db6e998d9b222d86e512c19a5819bb666e827c721d756b5702ba5a04d24f613f,ded014cebc5aec8ff931ab84a0f9b32a464a5353d86bcc17bc536acfda58b0f5,8a69d882741c9042875045579f06172e194eedd707668175ecbe6420d5aea72c
pid201/internal-mp-8/loaded-t10/t1/verify,201,verify,1,internal,10,compress,200,200,True,validation/stage1-20261004-0100/exact-counts.jsonl,143,db6e998d9b222d86e512c19a5819bb666e827c721d756b5702ba5a04d24f613f,75805df036db719ff9756fbd21e88a36a634484a8fc67fa1183b08425535167f,8a69d882741c9042875045579f06172e194eedd707668175ecbe6420d5aea72c
pid201/internal-mp-8/loaded-t10/t1/verify,201,verify,1,internal,10,f,105,105,True,validation/stage1-20261004-0100/exact-counts.jsonl,143,db6e998d9b222d86e512c19a5819bb666e827c721d756b5702ba5a04d24f613f,75805df036db719ff9756fbd21e88a36a634484a8fc67fa1183b08425535167f,8a69d882741c9042875045579f06172e194eedd707668175ecbe6420d5aea72c
pid201/internal-mp-8/loaded-t10/t1/verify,201,verify,1,internal,10,h,70,70,True,validation/stage1-20261004-0100/exact-counts.jsonl,143,db6e998d9b222d86e512c19a5819bb666e827c721d756b5702ba5a04d24f613f,75805df036db719ff9756fbd21e88a36a634484a8fc67fa1183b08425535167f,8a69d882741c9042875045579f06172e194eedd707668175ecbe6420d5aea72c
pid201/internal-mp-8/loaded-t10/t1/verify,201,verify,1,internal,10,h_msg,1,1,True,validation/stage1-20261004-0100/exact-counts.jsonl,143,db6e998d9b222d86e512c19a5819bb666e827c721d756b5702ba5a04d24f613f,75805df036db719ff9756fbd21e88a36a634484a8fc67fa1183b08425535167f,8a69d882741c9042875045579f06172e194eedd707668175ecbe6420d5aea72c
pid201/internal-mp-8/loaded-t10/t1/verify,201,verify,1,internal,10,prf,0,0,True,validation/stage1-20261004-0100/exact-counts.jsonl,143,db6e998d9b222d86e512c19a5819bb666e827c721d756b5702ba5a04d24f613f,75805df036db719ff9756fbd21e88a36a634484a8fc67fa1183b08425535167f,8a69d882741c9042875045579f06172e194eedd707668175ecbe6420d5aea72c
pid201/internal-mp-8/loaded-t10/t1/verify,201,verify,1,internal,10,prf_msg,0,0,True,validation/stage1-20261004-0100/exact-counts.jsonl,143,db6e998d9b222d86e512c19a5819bb666e827c721d756b5702ba5a04d24f613f,75805df036db719ff9756fbd21e88a36a634484a8fc67fa1183b08425535167f,8a69d882741c9042875045579f06172e194eedd707668175ecbe6420d5aea72c
pid201/internal-mp-8/loaded-t10/t1/verify,201,verify,1,internal,10,t,2,2,True,validation/stage1-20261004-0100/exact-counts.jsonl,143,db6e998d9b222d86e512c19a5819bb666e827c721d756b5702ba5a04d24f613f,75805df036db719ff9756fbd21e88a36a634484a8fc67fa1183b08425535167f,8a69d882741c9042875045579f06172e194eedd707668175ecbe6420d5aea72c
pid201/internal-mp-39/loaded-t10/t1/sign,201,sign,1,internal,10,compress,316305,316305,True,validation/stage1-20261004-0100/exact-counts.jsonl,144,db6e998d9b222d86e512c19a5819bb666e827c721d756b5702ba5a04d24f613f,3b9c6a843eefb524477fb2f073a47654877be89fdf8fca64eeb933700b85dba9,8a69d882741c9042875045579f06172e194eedd707668175ecbe6420d5aea72c
pid201/internal-mp-39/loaded-t10/t1/sign,201,sign,1,internal,10,f,214947,214947,True,validation/stage1-20261004-0100/exact-counts.jsonl,144,db6e998d9b222d86e512c19a5819bb666e827c721d756b5702ba5a04d24f613f,3b9c6a843eefb524477fb2f073a47654877be89fdf8fca64eeb933700b85dba9,8a69d882741c9042875045579f06172e194eedd707668175ecbe6420d5aea72c
pid201/internal-mp-39/loaded-t10/t1/sign,201,sign,1,internal,10,h,7151,7151,True,validation/stage1-20261004-0100/exact-counts.jsonl,144,db6e998d9b222d86e512c19a5819bb666e827c721d756b5702ba5a04d24f613f,3b9c6a843eefb524477fb2f073a47654877be89fdf8fca64eeb933700b85dba9,8a69d882741c9042875045579f06172e194eedd707668175ecbe6420d5aea72c
pid201/internal-mp-39/loaded-t10/t1/sign,201,sign,1,internal,10,h_msg,1,1,True,validation/stage1-20261004-0100/exact-counts.jsonl,144,db6e998d9b222d86e512c19a5819bb666e827c721d756b5702ba5a04d24f613f,3b9c6a843eefb524477fb2f073a47654877be89fdf8fca64eeb933700b85dba9,8a69d882741c9042875045579f06172e194eedd707668175ecbe6420d5aea72c
pid201/internal-mp-39/loaded-t10/t1/sign,201,sign,1,internal,10,prf,75782,75782,True,validation/stage1-20261004-0100/exact-counts.jsonl,144,db6e998d9b222d86e512c19a5819bb666e827c721d756b5702ba5a04d24f613f,3b9c6a843eefb524477fb2f073a47654877be89fdf8fca64eeb933700b85dba9,8a69d882741c9042875045579f06172e194eedd707668175ecbe6420d5aea72c
pid201/internal-mp-39/loaded-t10/t1/sign,201,sign,1,internal,10,prf_msg,1,1,True,validation/stage1-20261004-0100/exact-counts.jsonl,144,db6e998d9b222d86e512c19a5819bb666e827c721d756b5702ba5a04d24f613f,3b9c6a843eefb524477fb2f073a47654877be89fdf8fca64eeb933700b85dba9,8a69d882741c9042875045579f06172e194eedd707668175ecbe6420d5aea72c
pid201/internal-mp-39/loaded-t10/t1/sign,201,sign,1,internal,10,t,1024,1024,True,validation/stage1-20261004-0100/exact-counts.jsonl,144,db6e998d9b222d86e512c19a5819bb666e827c721d756b5702ba5a04d24f613f,3b9c6a843eefb524477fb2f073a47654877be89fdf8fca64eeb933700b85dba9,8a69d882741c9042875045579f06172e194eedd707668175ecbe6420d5aea72c
pid201/internal-mp-39/loaded-t10/t1/verify,201,verify,1,internal,10,compress,194,194,True,validation/stage1-20261004-0100/exact-counts.jsonl,145,db6e998d9b222d86e512c19a5819bb666e827c721d756b5702ba5a04d24f613f,8a96ff3ff58991109484c1ac4c2ad84db9d07886195d30bff16ee839057980d8,8a69d882741c9042875045579f06172e194eedd707668175ecbe6420d5aea72c
pid201/internal-mp-39/loaded-t10/t1/verify,201,verify,1,internal,10,f,99,99,True,validation/stage1-20261004-0100/exact-counts.jsonl,145,db6e998d9b222d86e512c19a5819bb666e827c721d756b5702ba5a04d24f613f,8a96ff3ff58991109484c1ac4c2ad84db9d07886195d30bff16ee839057980d8,8a69d882741c9042875045579f06172e194eedd707668175ecbe6420d5aea72c
pid201/internal-mp-39/loaded-t10/t1/verify,201,verify,1,internal,10,h,70,70,True,validation/stage1-20261004-0100/exact-counts.jsonl,145,db6e998d9b222d86e512c19a5819bb666e827c721d756b5702ba5a04d24f613f,8a96ff3ff58991109484c1ac4c2ad84db9d07886195d30bff16ee839057980d8,8a69d882741c9042875045579f06172e194eedd707668175ecbe6420d5aea72c
pid201/internal-mp-39/loaded-t10/t1/verify,201,verify,1,internal,10,h_msg,1,1,True,validation/stage1-20261004-0100/exact-counts.jsonl,145,db6e998d9b222d86e512c19a5819bb666e827c721d756b5702ba5a04d24f613f,8a96ff3ff58991109484c1ac4c2ad84db9d07886195d30bff16ee839057980d8,8a69d882741c9042875045579f06172e194eedd707668175ecbe6420d5aea72c
pid201/internal-mp-39/loaded-t10/t1/verify,201,verify,1,internal,10,prf,0,0,True,validation/stage1-20261004-0100/exact-counts.jsonl,145,db6e998d9b222d86e512c19a5819bb666e827c721d756b5702ba5a04d24f613f,8a96ff3ff58991109484c1ac4c2ad84db9d07886195d30bff16ee839057980d8,8a69d882741c9042875045579f06172e194eedd707668175ecbe6420d5aea72c
pid201/internal-mp-39/loaded-t10/t1/verify,201,verify,1,internal,10,prf_msg,0,0,True,validation/stage1-20261004-0100/exact-counts.jsonl,145,db6e998d9b222d86e512c19a5819bb666e827c721d756b5702ba5a04d24f613f,8a96ff3ff58991109484c1ac4c2ad84db9d07886195d30bff16ee839057980d8,8a69d882741c9042875045579f06172e194eedd707668175ecbe6420d5aea72c
pid201/internal-mp-39/loaded-t10/t1/verify,201,verify,1,internal,10,t,2,2,True,validation/stage1-20261004-0100/exact-counts.jsonl,145,db6e998d9b222d86e512c19a5819bb666e827c721d756b5702ba5a04d24f613f,8a96ff3ff58991109484c1ac4c2ad84db9d07886195d30bff16ee839057980d8,8a69d882741c9042875045579f06172e194eedd707668175ecbe6420d5aea72c
pid201/internal-mp-40/loaded-t10/t1/sign,201,sign,1,internal,10,compress,316309,316309,True,validation/stage1-20261004-0100/exact-counts.jsonl,146,db6e998d9b222d86e512c19a5819bb666e827c721d756b5702ba5a04d24f613f,f9fa9b92cf802a1d25d9655d8cb873a8ae6fcf6e7d7f608884587bbfc2805835,8a69d882741c9042875045579f06172e194eedd707668175ecbe6420d5aea72c
pid201/internal-mp-40/loaded-t10/t1/sign,201,sign,1,internal,10,f,214950,214950,True,validation/stage1-20261004-0100/exact-counts.jsonl,146,db6e998d9b222d86e512c19a5819bb666e827c721d756b5702ba5a04d24f613f,f9fa9b92cf802a1d25d9655d8cb873a8ae6fcf6e7d7f608884587bbfc2805835,8a69d882741c9042875045579f06172e194eedd707668175ecbe6420d5aea72c
pid201/internal-mp-40/loaded-t10/t1/sign,201,sign,1,internal,10,h,7151,7151,True,validation/stage1-20261004-0100/exact-counts.jsonl,146,db6e998d9b222d86e512c19a5819bb666e827c721d756b5702ba5a04d24f613f,f9fa9b92cf802a1d25d9655d8cb873a8ae6fcf6e7d7f608884587bbfc2805835,8a69d882741c9042875045579f06172e194eedd707668175ecbe6420d5aea72c
pid201/internal-mp-40/loaded-t10/t1/sign,201,sign,1,internal,10,h_msg,1,1,True,validation/stage1-20261004-0100/exact-counts.jsonl,146,db6e998d9b222d86e512c19a5819bb666e827c721d756b5702ba5a04d24f613f,f9fa9b92cf802a1d25d9655d8cb873a8ae6fcf6e7d7f608884587bbfc2805835,8a69d882741c9042875045579f06172e194eedd707668175ecbe6420d5aea72c
pid201/internal-mp-40/loaded-t10/t1/sign,201,sign,1,internal,10,prf,75782,75782,True,validation/stage1-20261004-0100/exact-counts.jsonl,146,db6e998d9b222d86e512c19a5819bb666e827c721d756b5702ba5a04d24f613f,f9fa9b92cf802a1d25d9655d8cb873a8ae6fcf6e7d7f608884587bbfc2805835,8a69d882741c9042875045579f06172e194eedd707668175ecbe6420d5aea72c
pid201/internal-mp-40/loaded-t10/t1/sign,201,sign,1,internal,10,prf_msg,1,1,True,validation/stage1-20261004-0100/exact-counts.jsonl,146,db6e998d9b222d86e512c19a5819bb666e827c721d756b5702ba5a04d24f613f,f9fa9b92cf802a1d25d9655d8cb873a8ae6fcf6e7d7f608884587bbfc2805835,8a69d882741c9042875045579f06172e194eedd707668175ecbe6420d5aea72c
pid201/internal-mp-40/loaded-t10/t1/sign,201,sign,1,internal,10,t,1024,1024,True,validation/stage1-20261004-0100/exact-counts.jsonl,146,db6e998d9b222d86e512c19a5819bb666e827c721d756b5702ba5a04d24f613f,f9fa9b92cf802a1d25d9655d8cb873a8ae6fcf6e7d7f608884587bbfc2805835,8a69d882741c9042875045579f06172e194eedd707668175ecbe6420d5aea72c
pid201/internal-mp-40/loaded-t10/t1/verify,201,verify,1,internal,10,compress,191,191,True,validation/stage1-20261004-0100/exact-counts.jsonl,147,db6e998d9b222d86e512c19a5819bb666e827c721d756b5702ba5a04d24f613f,6a619f7c741c2a76542e5a25fd9927e6b59c8bbb5757803fb22a52ba23958f92,8a69d882741c9042875045579f06172e194eedd707668175ecbe6420d5aea72c
pid201/internal-mp-40/loaded-t10/t1/verify,201,verify,1,internal,10,f,96,96,True,validation/stage1-20261004-0100/exact-counts.jsonl,147,db6e998d9b222d86e512c19a5819bb666e827c721d756b5702ba5a04d24f613f,6a619f7c741c2a76542e5a25fd9927e6b59c8bbb5757803fb22a52ba23958f92,8a69d882741c9042875045579f06172e194eedd707668175ecbe6420d5aea72c
pid201/internal-mp-40/loaded-t10/t1/verify,201,verify,1,internal,10,h,70,70,True,validation/stage1-20261004-0100/exact-counts.jsonl,147,db6e998d9b222d86e512c19a5819bb666e827c721d756b5702ba5a04d24f613f,6a619f7c741c2a76542e5a25fd9927e6b59c8bbb5757803fb22a52ba23958f92,8a69d882741c9042875045579f06172e194eedd707668175ecbe6420d5aea72c
pid201/internal-mp-40/loaded-t10/t1/verify,201,verify,1,internal,10,h_msg,1,1,True,validation/stage1-20261004-0100/exact-counts.jsonl,147,db6e998d9b222d86e512c19a5819bb666e827c721d756b5702ba5a04d24f613f,6a619f7c741c2a76542e5a25fd9927e6b59c8bbb5757803fb22a52ba23958f92,8a69d882741c9042875045579f06172e194eedd707668175ecbe6420d5aea72c
pid201/internal-mp-40/loaded-t10/t1/verify,201,verify,1,internal,10,prf,0,0,True,validation/stage1-20261004-0100/exact-counts.jsonl,147,db6e998d9b222d86e512c19a5819bb666e827c721d756b5702ba5a04d24f613f,6a619f7c741c2a76542e5a25fd9927e6b59c8bbb5757803fb22a52ba23958f92,8a69d882741c9042875045579f06172e194eedd707668175ecbe6420d5aea72c
pid201/internal-mp-40/loaded-t10/t1/verify,201,verify,1,internal,10,prf_msg,0,0,True,validation/stage1-20261004-0100/exact-counts.jsonl,147,db6e998d9b222d86e512c19a5819bb666e827c721d756b5702ba5a04d24f613f,6a619f7c741c2a76542e5a25fd9927e6b59c8bbb5757803fb22a52ba23958f92,8a69d882741c9042875045579f06172e194eedd707668175ecbe6420d5aea72c
pid201/internal-mp-40/loaded-t10/t1/verify,201,verify,1,internal,10,t,2,2,True,validation/stage1-20261004-0100/exact-counts.jsonl,147,db6e998d9b222d86e512c19a5819bb666e827c721d756b5702ba5a04d24f613f,6a619f7c741c2a76542e5a25fd9927e6b59c8bbb5757803fb22a52ba23958f92,8a69d882741c9042875045579f06172e194eedd707668175ecbe6420d5aea72c
pid201/internal-mp-47/loaded-t10/t1/sign,201,sign,1,internal,10,compress,316303,316303,True,validation/stage1-20261004-0100/exact-counts.jsonl,148,db6e998d9b222d86e512c19a5819bb666e827c721d756b5702ba5a04d24f613f,b23a5e619c79da3e9bdfa00d451e78d9e83ed708073fd4cb36786e082b2adf82,8a69d882741c9042875045579f06172e194eedd707668175ecbe6420d5aea72c
pid201/internal-mp-47/loaded-t10/t1/sign,201,sign,1,internal,10,f,214944,214944,True,validation/stage1-20261004-0100/exact-counts.jsonl,148,db6e998d9b222d86e512c19a5819bb666e827c721d756b5702ba5a04d24f613f,b23a5e619c79da3e9bdfa00d451e78d9e83ed708073fd4cb36786e082b2adf82,8a69d882741c9042875045579f06172e194eedd707668175ecbe6420d5aea72c
pid201/internal-mp-47/loaded-t10/t1/sign,201,sign,1,internal,10,h,7151,7151,True,validation/stage1-20261004-0100/exact-counts.jsonl,148,db6e998d9b222d86e512c19a5819bb666e827c721d756b5702ba5a04d24f613f,b23a5e619c79da3e9bdfa00d451e78d9e83ed708073fd4cb36786e082b2adf82,8a69d882741c9042875045579f06172e194eedd707668175ecbe6420d5aea72c
pid201/internal-mp-47/loaded-t10/t1/sign,201,sign,1,internal,10,h_msg,1,1,True,validation/stage1-20261004-0100/exact-counts.jsonl,148,db6e998d9b222d86e512c19a5819bb666e827c721d756b5702ba5a04d24f613f,b23a5e619c79da3e9bdfa00d451e78d9e83ed708073fd4cb36786e082b2adf82,8a69d882741c9042875045579f06172e194eedd707668175ecbe6420d5aea72c
pid201/internal-mp-47/loaded-t10/t1/sign,201,sign,1,internal,10,prf,75782,75782,True,validation/stage1-20261004-0100/exact-counts.jsonl,148,db6e998d9b222d86e512c19a5819bb666e827c721d756b5702ba5a04d24f613f,b23a5e619c79da3e9bdfa00d451e78d9e83ed708073fd4cb36786e082b2adf82,8a69d882741c9042875045579f06172e194eedd707668175ecbe6420d5aea72c
pid201/internal-mp-47/loaded-t10/t1/sign,201,sign,1,internal,10,prf_msg,1,1,True,validation/stage1-20261004-0100/exact-counts.jsonl,148,db6e998d9b222d86e512c19a5819bb666e827c721d756b5702ba5a04d24f613f,b23a5e619c79da3e9bdfa00d451e78d9e83ed708073fd4cb36786e082b2adf82,8a69d882741c9042875045579f06172e194eedd707668175ecbe6420d5aea72c
pid201/internal-mp-47/loaded-t10/t1/sign,201,sign,1,internal,10,t,1024,1024,True,validation/stage1-20261004-0100/exact-counts.jsonl,148,db6e998d9b222d86e512c19a5819bb666e827c721d756b5702ba5a04d24f613f,b23a5e619c79da3e9bdfa00d451e78d9e83ed708073fd4cb36786e082b2adf82,8a69d882741c9042875045579f06172e194eedd707668175ecbe6420d5aea72c
pid201/internal-mp-47/loaded-t10/t1/verify,201,verify,1,internal,10,compress,197,197,True,validation/stage1-20261004-0100/exact-counts.jsonl,149,db6e998d9b222d86e512c19a5819bb666e827c721d756b5702ba5a04d24f613f,3fd8b8821341a1b20f86135785998ea4c49277db31cfafbf53c46a7d1ab008b4,8a69d882741c9042875045579f06172e194eedd707668175ecbe6420d5aea72c
pid201/internal-mp-47/loaded-t10/t1/verify,201,verify,1,internal,10,f,102,102,True,validation/stage1-20261004-0100/exact-counts.jsonl,149,db6e998d9b222d86e512c19a5819bb666e827c721d756b5702ba5a04d24f613f,3fd8b8821341a1b20f86135785998ea4c49277db31cfafbf53c46a7d1ab008b4,8a69d882741c9042875045579f06172e194eedd707668175ecbe6420d5aea72c
pid201/internal-mp-47/loaded-t10/t1/verify,201,verify,1,internal,10,h,70,70,True,validation/stage1-20261004-0100/exact-counts.jsonl,149,db6e998d9b222d86e512c19a5819bb666e827c721d756b5702ba5a04d24f613f,3fd8b8821341a1b20f86135785998ea4c49277db31cfafbf53c46a7d1ab008b4,8a69d882741c9042875045579f06172e194eedd707668175ecbe6420d5aea72c
pid201/internal-mp-47/loaded-t10/t1/verify,201,verify,1,internal,10,h_msg,1,1,True,validation/stage1-20261004-0100/exact-counts.jsonl,149,db6e998d9b222d86e512c19a5819bb666e827c721d756b5702ba5a04d24f613f,3fd8b8821341a1b20f86135785998ea4c49277db31cfafbf53c46a7d1ab008b4,8a69d882741c9042875045579f06172e194eedd707668175ecbe6420d5aea72c
pid201/internal-mp-47/loaded-t10/t1/verify,201,verify,1,internal,10,prf,0,0,True,validation/stage1-20261004-0100/exact-counts.jsonl,149,db6e998d9b222d86e512c19a5819bb666e827c721d756b5702ba5a04d24f613f,3fd8b8821341a1b20f86135785998ea4c49277db31cfafbf53c46a7d1ab008b4,8a69d882741c9042875045579f06172e194eedd707668175ecbe6420d5aea72c
pid201/internal-mp-47/loaded-t10/t1/verify,201,verify,1,internal,10,prf_msg,0,0,True,validation/stage1-20261004-0100/exact-counts.jsonl,149,db6e998d9b222d86e512c19a5819bb666e827c721d756b5702ba5a04d24f613f,3fd8b8821341a1b20f86135785998ea4c49277db31cfafbf53c46a7d1ab008b4,8a69d882741c9042875045579f06172e194eedd707668175ecbe6420d5aea72c
pid201/internal-mp-47/loaded-t10/t1/verify,201,verify,1,internal,10,t,2,2,True,validation/stage1-20261004-0100/exact-counts.jsonl,149,db6e998d9b222d86e512c19a5819bb666e827c721d756b5702ba5a04d24f613f,3fd8b8821341a1b20f86135785998ea4c49277db31cfafbf53c46a7d1ab008b4,8a69d882741c9042875045579f06172e194eedd707668175ecbe6420d5aea72c
pid201/internal-mp-48/loaded-t10/t1/sign,201,sign,1,internal,10,compress,316285,316285,True,validation/stage1-20261004-0100/exact-counts.jsonl,150,db6e998d9b222d86e512c19a5819bb666e827c721d756b5702ba5a04d24f613f,70ab10a1158571eea2782a99bbb3336d97134f05a3f7144ce0b1bcdce2b3becb,8a69d882741c9042875045579f06172e194eedd707668175ecbe6420d5aea72c
pid201/internal-mp-48/loaded-t10/t1/sign,201,sign,1,internal,10,f,214926,214926,True,validation/stage1-20261004-0100/exact-counts.jsonl,150,db6e998d9b222d86e512c19a5819bb666e827c721d756b5702ba5a04d24f613f,70ab10a1158571eea2782a99bbb3336d97134f05a3f7144ce0b1bcdce2b3becb,8a69d882741c9042875045579f06172e194eedd707668175ecbe6420d5aea72c
pid201/internal-mp-48/loaded-t10/t1/sign,201,sign,1,internal,10,h,7151,7151,True,validation/stage1-20261004-0100/exact-counts.jsonl,150,db6e998d9b222d86e512c19a5819bb666e827c721d756b5702ba5a04d24f613f,70ab10a1158571eea2782a99bbb3336d97134f05a3f7144ce0b1bcdce2b3becb,8a69d882741c9042875045579f06172e194eedd707668175ecbe6420d5aea72c
pid201/internal-mp-48/loaded-t10/t1/sign,201,sign,1,internal,10,h_msg,1,1,True,validation/stage1-20261004-0100/exact-counts.jsonl,150,db6e998d9b222d86e512c19a5819bb666e827c721d756b5702ba5a04d24f613f,70ab10a1158571eea2782a99bbb3336d97134f05a3f7144ce0b1bcdce2b3becb,8a69d882741c9042875045579f06172e194eedd707668175ecbe6420d5aea72c
pid201/internal-mp-48/loaded-t10/t1/sign,201,sign,1,internal,10,prf,75782,75782,True,validation/stage1-20261004-0100/exact-counts.jsonl,150,db6e998d9b222d86e512c19a5819bb666e827c721d756b5702ba5a04d24f613f,70ab10a1158571eea2782a99bbb3336d97134f05a3f7144ce0b1bcdce2b3becb,8a69d882741c9042875045579f06172e194eedd707668175ecbe6420d5aea72c
pid201/internal-mp-48/loaded-t10/t1/sign,201,sign,1,internal,10,prf_msg,1,1,True,validation/stage1-20261004-0100/exact-counts.jsonl,150,db6e998d9b222d86e512c19a5819bb666e827c721d756b5702ba5a04d24f613f,70ab10a1158571eea2782a99bbb3336d97134f05a3f7144ce0b1bcdce2b3becb,8a69d882741c9042875045579f06172e194eedd707668175ecbe6420d5aea72c
pid201/internal-mp-48/loaded-t10/t1/sign,201,sign,1,internal,10,t,1024,1024,True,validation/stage1-20261004-0100/exact-counts.jsonl,150,db6e998d9b222d86e512c19a5819bb666e827c721d756b5702ba5a04d24f613f,70ab10a1158571eea2782a99bbb3336d97134f05a3f7144ce0b1bcdce2b3becb,8a69d882741c9042875045579f06172e194eedd707668175ecbe6420d5aea72c
pid201/internal-mp-48/loaded-t10/t1/verify,201,verify,1,internal,10,compress,215,215,True,validation/stage1-20261004-0100/exact-counts.jsonl,151,db6e998d9b222d86e512c19a5819bb666e827c721d756b5702ba5a04d24f613f,2786e98bbee51d4ced396a1e6a7f6b5a7dc358e2a34c271da22fc185f657f2e5,8a69d882741c9042875045579f06172e194eedd707668175ecbe6420d5aea72c
pid201/internal-mp-48/loaded-t10/t1/verify,201,verify,1,internal,10,f,120,120,True,validation/stage1-20261004-0100/exact-counts.jsonl,151,db6e998d9b222d86e512c19a5819bb666e827c721d756b5702ba5a04d24f613f,2786e98bbee51d4ced396a1e6a7f6b5a7dc358e2a34c271da22fc185f657f2e5,8a69d882741c9042875045579f06172e194eedd707668175ecbe6420d5aea72c
pid201/internal-mp-48/loaded-t10/t1/verify,201,verify,1,internal,10,h,70,70,True,validation/stage1-20261004-0100/exact-counts.jsonl,151,db6e998d9b222d86e512c19a5819bb666e827c721d756b5702ba5a04d24f613f,2786e98bbee51d4ced396a1e6a7f6b5a7dc358e2a34c271da22fc185f657f2e5,8a69d882741c9042875045579f06172e194eedd707668175ecbe6420d5aea72c
pid201/internal-mp-48/loaded-t10/t1/verify,201,verify,1,internal,10,h_msg,1,1,True,validation/stage1-20261004-0100/exact-counts.jsonl,151,db6e998d9b222d86e512c19a5819bb666e827c721d756b5702ba5a04d24f613f,2786e98bbee51d4ced396a1e6a7f6b5a7dc358e2a34c271da22fc185f657f2e5,8a69d882741c9042875045579f06172e194eedd707668175ecbe6420d5aea72c
pid201/internal-mp-48/loaded-t10/t1/verify,201,verify,1,internal,10,prf,0,0,True,validation/stage1-20261004-0100/exact-counts.jsonl,151,db6e998d9b222d86e512c19a5819bb666e827c721d756b5702ba5a04d24f613f,2786e98bbee51d4ced396a1e6a7f6b5a7dc358e2a34c271da22fc185f657f2e5,8a69d882741c9042875045579f06172e194eedd707668175ecbe6420d5aea72c
pid201/internal-mp-48/loaded-t10/t1/verify,201,verify,1,internal,10,prf_msg,0,0,True,validation/stage1-20261004-0100/exact-counts.jsonl,151,db6e998d9b222d86e512c19a5819bb666e827c721d756b5702ba5a04d24f613f,2786e98bbee51d4ced396a1e6a7f6b5a7dc358e2a34c271da22fc185f657f2e5,8a69d882741c9042875045579f06172e194eedd707668175ecbe6420d5aea72c
pid201/internal-mp-48/loaded-t10/t1/verify,201,verify,1,internal,10,t,2,2,True,validation/stage1-20261004-0100/exact-counts.jsonl,151,db6e998d9b222d86e512c19a5819bb666e827c721d756b5702ba5a04d24f613f,2786e98bbee51d4ced396a1e6a7f6b5a7dc358e2a34c271da22fc185f657f2e5,8a69d882741c9042875045579f06172e194eedd707668175ecbe6420d5aea72c
pid201/internal-mp-55/loaded-t10/t1/sign,201,sign,1,internal,10,compress,316291,316291,True,validation/stage1-20261004-0100/exact-counts.jsonl,152,db6e998d9b222d86e512c19a5819bb666e827c721d756b5702ba5a04d24f613f,fe4c45c83c627f3f89c90e054262fe3b493d2472e2250f3030b0ec633e5dcc58,8a69d882741c9042875045579f06172e194eedd707668175ecbe6420d5aea72c
pid201/internal-mp-55/loaded-t10/t1/sign,201,sign,1,internal,10,f,214932,214932,True,validation/stage1-20261004-0100/exact-counts.jsonl,152,db6e998d9b222d86e512c19a5819bb666e827c721d756b5702ba5a04d24f613f,fe4c45c83c627f3f89c90e054262fe3b493d2472e2250f3030b0ec633e5dcc58,8a69d882741c9042875045579f06172e194eedd707668175ecbe6420d5aea72c
pid201/internal-mp-55/loaded-t10/t1/sign,201,sign,1,internal,10,h,7151,7151,True,validation/stage1-20261004-0100/exact-counts.jsonl,152,db6e998d9b222d86e512c19a5819bb666e827c721d756b5702ba5a04d24f613f,fe4c45c83c627f3f89c90e054262fe3b493d2472e2250f3030b0ec633e5dcc58,8a69d882741c9042875045579f06172e194eedd707668175ecbe6420d5aea72c
pid201/internal-mp-55/loaded-t10/t1/sign,201,sign,1,internal,10,h_msg,1,1,True,validation/stage1-20261004-0100/exact-counts.jsonl,152,db6e998d9b222d86e512c19a5819bb666e827c721d756b5702ba5a04d24f613f,fe4c45c83c627f3f89c90e054262fe3b493d2472e2250f3030b0ec633e5dcc58,8a69d882741c9042875045579f06172e194eedd707668175ecbe6420d5aea72c
pid201/internal-mp-55/loaded-t10/t1/sign,201,sign,1,internal,10,prf,75782,75782,True,validation/stage1-20261004-0100/exact-counts.jsonl,152,db6e998d9b222d86e512c19a5819bb666e827c721d756b5702ba5a04d24f613f,fe4c45c83c627f3f89c90e054262fe3b493d2472e2250f3030b0ec633e5dcc58,8a69d882741c9042875045579f06172e194eedd707668175ecbe6420d5aea72c
pid201/internal-mp-55/loaded-t10/t1/sign,201,sign,1,internal,10,prf_msg,1,1,True,validation/stage1-20261004-0100/exact-counts.jsonl,152,db6e998d9b222d86e512c19a5819bb666e827c721d756b5702ba5a04d24f613f,fe4c45c83c627f3f89c90e054262fe3b493d2472e2250f3030b0ec633e5dcc58,8a69d882741c9042875045579f06172e194eedd707668175ecbe6420d5aea72c
pid201/internal-mp-55/loaded-t10/t1/sign,201,sign,1,internal,10,t,1024,1024,True,validation/stage1-20261004-0100/exact-counts.jsonl,152,db6e998d9b222d86e512c19a5819bb666e827c721d756b5702ba5a04d24f613f,fe4c45c83c627f3f89c90e054262fe3b493d2472e2250f3030b0ec633e5dcc58,8a69d882741c9042875045579f06172e194eedd707668175ecbe6420d5aea72c
pid201/internal-mp-55/loaded-t10/t1/verify,201,verify,1,internal,10,compress,209,209,True,validation/stage1-20261004-0100/exact-counts.jsonl,153,db6e998d9b222d86e512c19a5819bb666e827c721d756b5702ba5a04d24f613f,eebb7741dce03398cd6f0da4d6ca8603f591b61104ec6c61ec8a346b0c6aca47,8a69d882741c9042875045579f06172e194eedd707668175ecbe6420d5aea72c
pid201/internal-mp-55/loaded-t10/t1/verify,201,verify,1,internal,10,f,114,114,True,validation/stage1-20261004-0100/exact-counts.jsonl,153,db6e998d9b222d86e512c19a5819bb666e827c721d756b5702ba5a04d24f613f,eebb7741dce03398cd6f0da4d6ca8603f591b61104ec6c61ec8a346b0c6aca47,8a69d882741c9042875045579f06172e194eedd707668175ecbe6420d5aea72c
pid201/internal-mp-55/loaded-t10/t1/verify,201,verify,1,internal,10,h,70,70,True,validation/stage1-20261004-0100/exact-counts.jsonl,153,db6e998d9b222d86e512c19a5819bb666e827c721d756b5702ba5a04d24f613f,eebb7741dce03398cd6f0da4d6ca8603f591b61104ec6c61ec8a346b0c6aca47,8a69d882741c9042875045579f06172e194eedd707668175ecbe6420d5aea72c
pid201/internal-mp-55/loaded-t10/t1/verify,201,verify,1,internal,10,h_msg,1,1,True,validation/stage1-20261004-0100/exact-counts.jsonl,153,db6e998d9b222d86e512c19a5819bb666e827c721d756b5702ba5a04d24f613f,eebb7741dce03398cd6f0da4d6ca8603f591b61104ec6c61ec8a346b0c6aca47,8a69d882741c9042875045579f06172e194eedd707668175ecbe6420d5aea72c
pid201/internal-mp-55/loaded-t10/t1/verify,201,verify,1,internal,10,prf,0,0,True,validation/stage1-20261004-0100/exact-counts.jsonl,153,db6e998d9b222d86e512c19a5819bb666e827c721d756b5702ba5a04d24f613f,eebb7741dce03398cd6f0da4d6ca8603f591b61104ec6c61ec8a346b0c6aca47,8a69d882741c9042875045579f06172e194eedd707668175ecbe6420d5aea72c
pid201/internal-mp-55/loaded-t10/t1/verify,201,verify,1,internal,10,prf_msg,0,0,True,validation/stage1-20261004-0100/exact-counts.jsonl,153,db6e998d9b222d86e512c19a5819bb666e827c721d756b5702ba5a04d24f613f,eebb7741dce03398cd6f0da4d6ca8603f591b61104ec6c61ec8a346b0c6aca47,8a69d882741c9042875045579f06172e194eedd707668175ecbe6420d5aea72c
pid201/internal-mp-55/loaded-t10/t1/verify,201,verify,1,internal,10,t,2,2,True,validation/stage1-20261004-0100/exact-counts.jsonl,153,db6e998d9b222d86e512c19a5819bb666e827c721d756b5702ba5a04d24f613f,eebb7741dce03398cd6f0da4d6ca8603f591b61104ec6c61ec8a346b0c6aca47,8a69d882741c9042875045579f06172e194eedd707668175ecbe6420d5aea72c
pid201/internal-mp-56/loaded-t10/t1/sign,201,sign,1,internal,10,compress,316309,316309,True,validation/stage1-20261004-0100/exact-counts.jsonl,154,db6e998d9b222d86e512c19a5819bb666e827c721d756b5702ba5a04d24f613f,016b07af6f98b9ec7d27dddf357e8ae8b304a65a8d7adfcd80ce1a15a37c0e0a,8a69d882741c9042875045579f06172e194eedd707668175ecbe6420d5aea72c
pid201/internal-mp-56/loaded-t10/t1/sign,201,sign,1,internal,10,f,214950,214950,True,validation/stage1-20261004-0100/exact-counts.jsonl,154,db6e998d9b222d86e512c19a5819bb666e827c721d756b5702ba5a04d24f613f,016b07af6f98b9ec7d27dddf357e8ae8b304a65a8d7adfcd80ce1a15a37c0e0a,8a69d882741c9042875045579f06172e194eedd707668175ecbe6420d5aea72c
pid201/internal-mp-56/loaded-t10/t1/sign,201,sign,1,internal,10,h,7151,7151,True,validation/stage1-20261004-0100/exact-counts.jsonl,154,db6e998d9b222d86e512c19a5819bb666e827c721d756b5702ba5a04d24f613f,016b07af6f98b9ec7d27dddf357e8ae8b304a65a8d7adfcd80ce1a15a37c0e0a,8a69d882741c9042875045579f06172e194eedd707668175ecbe6420d5aea72c
pid201/internal-mp-56/loaded-t10/t1/sign,201,sign,1,internal,10,h_msg,1,1,True,validation/stage1-20261004-0100/exact-counts.jsonl,154,db6e998d9b222d86e512c19a5819bb666e827c721d756b5702ba5a04d24f613f,016b07af6f98b9ec7d27dddf357e8ae8b304a65a8d7adfcd80ce1a15a37c0e0a,8a69d882741c9042875045579f06172e194eedd707668175ecbe6420d5aea72c
pid201/internal-mp-56/loaded-t10/t1/sign,201,sign,1,internal,10,prf,75782,75782,True,validation/stage1-20261004-0100/exact-counts.jsonl,154,db6e998d9b222d86e512c19a5819bb666e827c721d756b5702ba5a04d24f613f,016b07af6f98b9ec7d27dddf357e8ae8b304a65a8d7adfcd80ce1a15a37c0e0a,8a69d882741c9042875045579f06172e194eedd707668175ecbe6420d5aea72c
pid201/internal-mp-56/loaded-t10/t1/sign,201,sign,1,internal,10,prf_msg,1,1,True,validation/stage1-20261004-0100/exact-counts.jsonl,154,db6e998d9b222d86e512c19a5819bb666e827c721d756b5702ba5a04d24f613f,016b07af6f98b9ec7d27dddf357e8ae8b304a65a8d7adfcd80ce1a15a37c0e0a,8a69d882741c9042875045579f06172e194eedd707668175ecbe6420d5aea72c
pid201/internal-mp-56/loaded-t10/t1/sign,201,sign,1,internal,10,t,1024,1024,True,validation/stage1-20261004-0100/exact-counts.jsonl,154,db6e998d9b222d86e512c19a5819bb666e827c721d756b5702ba5a04d24f613f,016b07af6f98b9ec7d27dddf357e8ae8b304a65a8d7adfcd80ce1a15a37c0e0a,8a69d882741c9042875045579f06172e194eedd707668175ecbe6420d5aea72c
pid201/internal-mp-56/loaded-t10/t1/verify,201,verify,1,internal,10,compress,191,191,True,validation/stage1-20261004-0100/exact-counts.jsonl,155,db6e998d9b222d86e512c19a5819bb666e827c721d756b5702ba5a04d24f613f,379e19329ddec9ce6224f9f0b10dcd80c350890110e1ed4884ad6a9eda8b9a69,8a69d882741c9042875045579f06172e194eedd707668175ecbe6420d5aea72c
pid201/internal-mp-56/loaded-t10/t1/verify,201,verify,1,internal,10,f,96,96,True,validation/stage1-20261004-0100/exact-counts.jsonl,155,db6e998d9b222d86e512c19a5819bb666e827c721d756b5702ba5a04d24f613f,379e19329ddec9ce6224f9f0b10dcd80c350890110e1ed4884ad6a9eda8b9a69,8a69d882741c9042875045579f06172e194eedd707668175ecbe6420d5aea72c
pid201/internal-mp-56/loaded-t10/t1/verify,201,verify,1,internal,10,h,70,70,True,validation/stage1-20261004-0100/exact-counts.jsonl,155,db6e998d9b222d86e512c19a5819bb666e827c721d756b5702ba5a04d24f613f,379e19329ddec9ce6224f9f0b10dcd80c350890110e1ed4884ad6a9eda8b9a69,8a69d882741c9042875045579f06172e194eedd707668175ecbe6420d5aea72c
pid201/internal-mp-56/loaded-t10/t1/verify,201,verify,1,internal,10,h_msg,1,1,True,validation/stage1-20261004-0100/exact-counts.jsonl,155,db6e998d9b222d86e512c19a5819bb666e827c721d756b5702ba5a04d24f613f,379e19329ddec9ce6224f9f0b10dcd80c350890110e1ed4884ad6a9eda8b9a69,8a69d882741c9042875045579f06172e194eedd707668175ecbe6420d5aea72c
pid201/internal-mp-56/loaded-t10/t1/verify,201,verify,1,internal,10,prf,0,0,True,validation/stage1-20261004-0100/exact-counts.jsonl,155,db6e998d9b222d86e512c19a5819bb666e827c721d756b5702ba5a04d24f613f,379e19329ddec9ce6224f9f0b10dcd80c350890110e1ed4884ad6a9eda8b9a69,8a69d882741c9042875045579f06172e194eedd707668175ecbe6420d5aea72c
pid201/internal-mp-56/loaded-t10/t1/verify,201,verify,1,internal,10,prf_msg,0,0,True,validation/stage1-20261004-0100/exact-counts.jsonl,155,db6e998d9b222d86e512c19a5819bb666e827c721d756b5702ba5a04d24f613f,379e19329ddec9ce6224f9f0b10dcd80c350890110e1ed4884ad6a9eda8b9a69,8a69d882741c9042875045579f06172e194eedd707668175ecbe6420d5aea72c
pid201/internal-mp-56/loaded-t10/t1/verify,201,verify,1,internal,10,t,2,2,True,validation/stage1-20261004-0100/exact-counts.jsonl,155,db6e998d9b222d86e512c19a5819bb666e827c721d756b5702ba5a04d24f613f,379e19329ddec9ce6224f9f0b10dcd80c350890110e1ed4884ad6a9eda8b9a69,8a69d882741c9042875045579f06172e194eedd707668175ecbe6420d5aea72c
pid201/internal-mp-63/loaded-t10/t1/sign,201,sign,1,internal,10,compress,316294,316294,True,validation/stage1-20261004-0100/exact-counts.jsonl,156,db6e998d9b222d86e512c19a5819bb666e827c721d756b5702ba5a04d24f613f,7d8942507fabc6633642665009d16a9845680c1938ad95c9f4faf8c59c1c8f8a,8a69d882741c9042875045579f06172e194eedd707668175ecbe6420d5aea72c
pid201/internal-mp-63/loaded-t10/t1/sign,201,sign,1,internal,10,f,214935,214935,True,validation/stage1-20261004-0100/exact-counts.jsonl,156,db6e998d9b222d86e512c19a5819bb666e827c721d756b5702ba5a04d24f613f,7d8942507fabc6633642665009d16a9845680c1938ad95c9f4faf8c59c1c8f8a,8a69d882741c9042875045579f06172e194eedd707668175ecbe6420d5aea72c
pid201/internal-mp-63/loaded-t10/t1/sign,201,sign,1,internal,10,h,7151,7151,True,validation/stage1-20261004-0100/exact-counts.jsonl,156,db6e998d9b222d86e512c19a5819bb666e827c721d756b5702ba5a04d24f613f,7d8942507fabc6633642665009d16a9845680c1938ad95c9f4faf8c59c1c8f8a,8a69d882741c9042875045579f06172e194eedd707668175ecbe6420d5aea72c
pid201/internal-mp-63/loaded-t10/t1/sign,201,sign,1,internal,10,h_msg,1,1,True,validation/stage1-20261004-0100/exact-counts.jsonl,156,db6e998d9b222d86e512c19a5819bb666e827c721d756b5702ba5a04d24f613f,7d8942507fabc6633642665009d16a9845680c1938ad95c9f4faf8c59c1c8f8a,8a69d882741c9042875045579f06172e194eedd707668175ecbe6420d5aea72c
pid201/internal-mp-63/loaded-t10/t1/sign,201,sign,1,internal,10,prf,75782,75782,True,validation/stage1-20261004-0100/exact-counts.jsonl,156,db6e998d9b222d86e512c19a5819bb666e827c721d756b5702ba5a04d24f613f,7d8942507fabc6633642665009d16a9845680c1938ad95c9f4faf8c59c1c8f8a,8a69d882741c9042875045579f06172e194eedd707668175ecbe6420d5aea72c
pid201/internal-mp-63/loaded-t10/t1/sign,201,sign,1,internal,10,prf_msg,1,1,True,validation/stage1-20261004-0100/exact-counts.jsonl,156,db6e998d9b222d86e512c19a5819bb666e827c721d756b5702ba5a04d24f613f,7d8942507fabc6633642665009d16a9845680c1938ad95c9f4faf8c59c1c8f8a,8a69d882741c9042875045579f06172e194eedd707668175ecbe6420d5aea72c
pid201/internal-mp-63/loaded-t10/t1/sign,201,sign,1,internal,10,t,1024,1024,True,validation/stage1-20261004-0100/exact-counts.jsonl,156,db6e998d9b222d86e512c19a5819bb666e827c721d756b5702ba5a04d24f613f,7d8942507fabc6633642665009d16a9845680c1938ad95c9f4faf8c59c1c8f8a,8a69d882741c9042875045579f06172e194eedd707668175ecbe6420d5aea72c
pid201/internal-mp-63/loaded-t10/t1/verify,201,verify,1,internal,10,compress,206,206,True,validation/stage1-20261004-0100/exact-counts.jsonl,157,db6e998d9b222d86e512c19a5819bb666e827c721d756b5702ba5a04d24f613f,f5f35a17acea479ac32d680fad2becd4b45bf0e7856542727ef96b5274b1bbfc,8a69d882741c9042875045579f06172e194eedd707668175ecbe6420d5aea72c
pid201/internal-mp-63/loaded-t10/t1/verify,201,verify,1,internal,10,f,111,111,True,validation/stage1-20261004-0100/exact-counts.jsonl,157,db6e998d9b222d86e512c19a5819bb666e827c721d756b5702ba5a04d24f613f,f5f35a17acea479ac32d680fad2becd4b45bf0e7856542727ef96b5274b1bbfc,8a69d882741c9042875045579f06172e194eedd707668175ecbe6420d5aea72c
pid201/internal-mp-63/loaded-t10/t1/verify,201,verify,1,internal,10,h,70,70,True,validation/stage1-20261004-0100/exact-counts.jsonl,157,db6e998d9b222d86e512c19a5819bb666e827c721d756b5702ba5a04d24f613f,f5f35a17acea479ac32d680fad2becd4b45bf0e7856542727ef96b5274b1bbfc,8a69d882741c9042875045579f06172e194eedd707668175ecbe6420d5aea72c
pid201/internal-mp-63/loaded-t10/t1/verify,201,verify,1,internal,10,h_msg,1,1,True,validation/stage1-20261004-0100/exact-counts.jsonl,157,db6e998d9b222d86e512c19a5819bb666e827c721d756b5702ba5a04d24f613f,f5f35a17acea479ac32d680fad2becd4b45bf0e7856542727ef96b5274b1bbfc,8a69d882741c9042875045579f06172e194eedd707668175ecbe6420d5aea72c
pid201/internal-mp-63/loaded-t10/t1/verify,201,verify,1,internal,10,prf,0,0,True,validation/stage1-20261004-0100/exact-counts.jsonl,157,db6e998d9b222d86e512c19a5819bb666e827c721d756b5702ba5a04d24f613f,f5f35a17acea479ac32d680fad2becd4b45bf0e7856542727ef96b5274b1bbfc,8a69d882741c9042875045579f06172e194eedd707668175ecbe6420d5aea72c
pid201/internal-mp-63/loaded-t10/t1/verify,201,verify,1,internal,10,prf_msg,0,0,True,validation/stage1-20261004-0100/exact-counts.jsonl,157,db6e998d9b222d86e512c19a5819bb666e827c721d756b5702ba5a04d24f613f,f5f35a17acea479ac32d680fad2becd4b45bf0e7856542727ef96b5274b1bbfc,8a69d882741c9042875045579f06172e194eedd707668175ecbe6420d5aea72c
pid201/internal-mp-63/loaded-t10/t1/verify,201,verify,1,internal,10,t,2,2,True,validation/stage1-20261004-0100/exact-counts.jsonl,157,db6e998d9b222d86e512c19a5819bb666e827c721d756b5702ba5a04d24f613f,f5f35a17acea479ac32d680fad2becd4b45bf0e7856542727ef96b5274b1bbfc,8a69d882741c9042875045579f06172e194eedd707668175ecbe6420d5aea72c
pid201/internal-mp-64/loaded-t10/t1/sign,201,sign,1,internal,10,compress,316294,316294,True,validation/stage1-20261004-0100/exact-counts.jsonl,158,db6e998d9b222d86e512c19a5819bb666e827c721d756b5702ba5a04d24f613f,68a78fbf54605002abd83e698226da6a8d60cb8ef23dd65b1250d554761fb3f7,8a69d882741c9042875045579f06172e194eedd707668175ecbe6420d5aea72c
pid201/internal-mp-64/loaded-t10/t1/sign,201,sign,1,internal,10,f,214935,214935,True,validation/stage1-20261004-0100/exact-counts.jsonl,158,db6e998d9b222d86e512c19a5819bb666e827c721d756b5702ba5a04d24f613f,68a78fbf54605002abd83e698226da6a8d60cb8ef23dd65b1250d554761fb3f7,8a69d882741c9042875045579f06172e194eedd707668175ecbe6420d5aea72c
pid201/internal-mp-64/loaded-t10/t1/sign,201,sign,1,internal,10,h,7151,7151,True,validation/stage1-20261004-0100/exact-counts.jsonl,158,db6e998d9b222d86e512c19a5819bb666e827c721d756b5702ba5a04d24f613f,68a78fbf54605002abd83e698226da6a8d60cb8ef23dd65b1250d554761fb3f7,8a69d882741c9042875045579f06172e194eedd707668175ecbe6420d5aea72c
pid201/internal-mp-64/loaded-t10/t1/sign,201,sign,1,internal,10,h_msg,1,1,True,validation/stage1-20261004-0100/exact-counts.jsonl,158,db6e998d9b222d86e512c19a5819bb666e827c721d756b5702ba5a04d24f613f,68a78fbf54605002abd83e698226da6a8d60cb8ef23dd65b1250d554761fb3f7,8a69d882741c9042875045579f06172e194eedd707668175ecbe6420d5aea72c
pid201/internal-mp-64/loaded-t10/t1/sign,201,sign,1,internal,10,prf,75782,75782,True,validation/stage1-20261004-0100/exact-counts.jsonl,158,db6e998d9b222d86e512c19a5819bb666e827c721d756b5702ba5a04d24f613f,68a78fbf54605002abd83e698226da6a8d60cb8ef23dd65b1250d554761fb3f7,8a69d882741c9042875045579f06172e194eedd707668175ecbe6420d5aea72c
pid201/internal-mp-64/loaded-t10/t1/sign,201,sign,1,internal,10,prf_msg,1,1,True,validation/stage1-20261004-0100/exact-counts.jsonl,158,db6e998d9b222d86e512c19a5819bb666e827c721d756b5702ba5a04d24f613f,68a78fbf54605002abd83e698226da6a8d60cb8ef23dd65b1250d554761fb3f7,8a69d882741c9042875045579f06172e194eedd707668175ecbe6420d5aea72c
pid201/internal-mp-64/loaded-t10/t1/sign,201,sign,1,internal,10,t,1024,1024,True,validation/stage1-20261004-0100/exact-counts.jsonl,158,db6e998d9b222d86e512c19a5819bb666e827c721d756b5702ba5a04d24f613f,68a78fbf54605002abd83e698226da6a8d60cb8ef23dd65b1250d554761fb3f7,8a69d882741c9042875045579f06172e194eedd707668175ecbe6420d5aea72c
pid201/internal-mp-64/loaded-t10/t1/verify,201,verify,1,internal,10,compress,206,206,True,validation/stage1-20261004-0100/exact-counts.jsonl,159,db6e998d9b222d86e512c19a5819bb666e827c721d756b5702ba5a04d24f613f,908432a0a8df70bf310f7198b3aa9978c0b7b751f03fa7f2b973f5a4df08baab,8a69d882741c9042875045579f06172e194eedd707668175ecbe6420d5aea72c
pid201/internal-mp-64/loaded-t10/t1/verify,201,verify,1,internal,10,f,111,111,True,validation/stage1-20261004-0100/exact-counts.jsonl,159,db6e998d9b222d86e512c19a5819bb666e827c721d756b5702ba5a04d24f613f,908432a0a8df70bf310f7198b3aa9978c0b7b751f03fa7f2b973f5a4df08baab,8a69d882741c9042875045579f06172e194eedd707668175ecbe6420d5aea72c
pid201/internal-mp-64/loaded-t10/t1/verify,201,verify,1,internal,10,h,70,70,True,validation/stage1-20261004-0100/exact-counts.jsonl,159,db6e998d9b222d86e512c19a5819bb666e827c721d756b5702ba5a04d24f613f,908432a0a8df70bf310f7198b3aa9978c0b7b751f03fa7f2b973f5a4df08baab,8a69d882741c9042875045579f06172e194eedd707668175ecbe6420d5aea72c
pid201/internal-mp-64/loaded-t10/t1/verify,201,verify,1,internal,10,h_msg,1,1,True,validation/stage1-20261004-0100/exact-counts.jsonl,159,db6e998d9b222d86e512c19a5819bb666e827c721d756b5702ba5a04d24f613f,908432a0a8df70bf310f7198b3aa9978c0b7b751f03fa7f2b973f5a4df08baab,8a69d882741c9042875045579f06172e194eedd707668175ecbe6420d5aea72c
pid201/internal-mp-64/loaded-t10/t1/verify,201,verify,1,internal,10,prf,0,0,True,validation/stage1-20261004-0100/exact-counts.jsonl,159,db6e998d9b222d86e512c19a5819bb666e827c721d756b5702ba5a04d24f613f,908432a0a8df70bf310f7198b3aa9978c0b7b751f03fa7f2b973f5a4df08baab,8a69d882741c9042875045579f06172e194eedd707668175ecbe6420d5aea72c
pid201/internal-mp-64/loaded-t10/t1/verify,201,verify,1,internal,10,prf_msg,0,0,True,validation/stage1-20261004-0100/exact-counts.jsonl,159,db6e998d9b222d86e512c19a5819bb666e827c721d756b5702ba5a04d24f613f,908432a0a8df70bf310f7198b3aa9978c0b7b751f03fa7f2b973f5a4df08baab,8a69d882741c9042875045579f06172e194eedd707668175ecbe6420d5aea72c
pid201/internal-mp-64/loaded-t10/t1/verify,201,verify,1,internal,10,t,2,2,True,validation/stage1-20261004-0100/exact-counts.jsonl,159,db6e998d9b222d86e512c19a5819bb666e827c721d756b5702ba5a04d24f613f,908432a0a8df70bf310f7198b3aa9978c0b7b751f03fa7f2b973f5a4df08baab,8a69d882741c9042875045579f06172e194eedd707668175ecbe6420d5aea72c
pid201/internal-mp-257/loaded-t10/t1/sign,201,sign,1,internal,10,compress,316312,316312,True,validation/stage1-20261004-0100/exact-counts.jsonl,160,db6e998d9b222d86e512c19a5819bb666e827c721d756b5702ba5a04d24f613f,4c253b116b67799d2b86a29ae3909033f756042f88f95c7d27dd21766c4d7971,8a69d882741c9042875045579f06172e194eedd707668175ecbe6420d5aea72c
pid201/internal-mp-257/loaded-t10/t1/sign,201,sign,1,internal,10,f,214947,214947,True,validation/stage1-20261004-0100/exact-counts.jsonl,160,db6e998d9b222d86e512c19a5819bb666e827c721d756b5702ba5a04d24f613f,4c253b116b67799d2b86a29ae3909033f756042f88f95c7d27dd21766c4d7971,8a69d882741c9042875045579f06172e194eedd707668175ecbe6420d5aea72c
pid201/internal-mp-257/loaded-t10/t1/sign,201,sign,1,internal,10,h,7151,7151,True,validation/stage1-20261004-0100/exact-counts.jsonl,160,db6e998d9b222d86e512c19a5819bb666e827c721d756b5702ba5a04d24f613f,4c253b116b67799d2b86a29ae3909033f756042f88f95c7d27dd21766c4d7971,8a69d882741c9042875045579f06172e194eedd707668175ecbe6420d5aea72c
pid201/internal-mp-257/loaded-t10/t1/sign,201,sign,1,internal,10,h_msg,1,1,True,validation/stage1-20261004-0100/exact-counts.jsonl,160,db6e998d9b222d86e512c19a5819bb666e827c721d756b5702ba5a04d24f613f,4c253b116b67799d2b86a29ae3909033f756042f88f95c7d27dd21766c4d7971,8a69d882741c9042875045579f06172e194eedd707668175ecbe6420d5aea72c
pid201/internal-mp-257/loaded-t10/t1/sign,201,sign,1,internal,10,prf,75782,75782,True,validation/stage1-20261004-0100/exact-counts.jsonl,160,db6e998d9b222d86e512c19a5819bb666e827c721d756b5702ba5a04d24f613f,4c253b116b67799d2b86a29ae3909033f756042f88f95c7d27dd21766c4d7971,8a69d882741c9042875045579f06172e194eedd707668175ecbe6420d5aea72c
pid201/internal-mp-257/loaded-t10/t1/sign,201,sign,1,internal,10,prf_msg,1,1,True,validation/stage1-20261004-0100/exact-counts.jsonl,160,db6e998d9b222d86e512c19a5819bb666e827c721d756b5702ba5a04d24f613f,4c253b116b67799d2b86a29ae3909033f756042f88f95c7d27dd21766c4d7971,8a69d882741c9042875045579f06172e194eedd707668175ecbe6420d5aea72c
pid201/internal-mp-257/loaded-t10/t1/sign,201,sign,1,internal,10,t,1024,1024,True,validation/stage1-20261004-0100/exact-counts.jsonl,160,db6e998d9b222d86e512c19a5819bb666e827c721d756b5702ba5a04d24f613f,4c253b116b67799d2b86a29ae3909033f756042f88f95c7d27dd21766c4d7971,8a69d882741c9042875045579f06172e194eedd707668175ecbe6420d5aea72c
pid201/internal-mp-257/loaded-t10/t1/verify,201,verify,1,internal,10,compress,197,197,True,validation/stage1-20261004-0100/exact-counts.jsonl,161,db6e998d9b222d86e512c19a5819bb666e827c721d756b5702ba5a04d24f613f,0e9ae44326ed14b765bcc13d64a8f7ccbfe735adb24408c85aab5ec7ad00eb54,8a69d882741c9042875045579f06172e194eedd707668175ecbe6420d5aea72c
pid201/internal-mp-257/loaded-t10/t1/verify,201,verify,1,internal,10,f,99,99,True,validation/stage1-20261004-0100/exact-counts.jsonl,161,db6e998d9b222d86e512c19a5819bb666e827c721d756b5702ba5a04d24f613f,0e9ae44326ed14b765bcc13d64a8f7ccbfe735adb24408c85aab5ec7ad00eb54,8a69d882741c9042875045579f06172e194eedd707668175ecbe6420d5aea72c
pid201/internal-mp-257/loaded-t10/t1/verify,201,verify,1,internal,10,h,70,70,True,validation/stage1-20261004-0100/exact-counts.jsonl,161,db6e998d9b222d86e512c19a5819bb666e827c721d756b5702ba5a04d24f613f,0e9ae44326ed14b765bcc13d64a8f7ccbfe735adb24408c85aab5ec7ad00eb54,8a69d882741c9042875045579f06172e194eedd707668175ecbe6420d5aea72c
pid201/internal-mp-257/loaded-t10/t1/verify,201,verify,1,internal,10,h_msg,1,1,True,validation/stage1-20261004-0100/exact-counts.jsonl,161,db6e998d9b222d86e512c19a5819bb666e827c721d756b5702ba5a04d24f613f,0e9ae44326ed14b765bcc13d64a8f7ccbfe735adb24408c85aab5ec7ad00eb54,8a69d882741c9042875045579f06172e194eedd707668175ecbe6420d5aea72c
pid201/internal-mp-257/loaded-t10/t1/verify,201,verify,1,internal,10,prf,0,0,True,validation/stage1-20261004-0100/exact-counts.jsonl,161,db6e998d9b222d86e512c19a5819bb666e827c721d756b5702ba5a04d24f613f,0e9ae44326ed14b765bcc13d64a8f7ccbfe735adb24408c85aab5ec7ad00eb54,8a69d882741c9042875045579f06172e194eedd707668175ecbe6420d5aea72c
pid201/internal-mp-257/loaded-t10/t1/verify,201,verify,1,internal,10,prf_msg,0,0,True,validation/stage1-20261004-0100/exact-counts.jsonl,161,db6e998d9b222d86e512c19a5819bb666e827c721d756b5702ba5a04d24f613f,0e9ae44326ed14b765bcc13d64a8f7ccbfe735adb24408c85aab5ec7ad00eb54,8a69d882741c9042875045579f06172e194eedd707668175ecbe6420d5aea72c
pid201/internal-mp-257/loaded-t10/t1/verify,201,verify,1,internal,10,t,2,2,True,validation/stage1-20261004-0100/exact-counts.jsonl,161,db6e998d9b222d86e512c19a5819bb666e827c721d756b5702ba5a04d24f613f,0e9ae44326ed14b765bcc13d64a8f7ccbfe735adb24408c85aab5ec7ad00eb54,8a69d882741c9042875045579f06172e194eedd707668175ecbe6420d5aea72c
pid201/pure-context-0/loaded-t10/t1/sign,201,sign,1,pure,10,compress,316301,316301,True,validation/stage1-20261004-0100/exact-counts.jsonl,162,db6e998d9b222d86e512c19a5819bb666e827c721d756b5702ba5a04d24f613f,d6a87c5dd3c536d25f7902c9608abc69d73c6d12da73fc1f0f63418eaba40861,8a69d882741c9042875045579f06172e194eedd707668175ecbe6420d5aea72c
pid201/pure-context-0/loaded-t10/t1/sign,201,sign,1,pure,10,f,214944,214944,True,validation/stage1-20261004-0100/exact-counts.jsonl,162,db6e998d9b222d86e512c19a5819bb666e827c721d756b5702ba5a04d24f613f,d6a87c5dd3c536d25f7902c9608abc69d73c6d12da73fc1f0f63418eaba40861,8a69d882741c9042875045579f06172e194eedd707668175ecbe6420d5aea72c
pid201/pure-context-0/loaded-t10/t1/sign,201,sign,1,pure,10,h,7151,7151,True,validation/stage1-20261004-0100/exact-counts.jsonl,162,db6e998d9b222d86e512c19a5819bb666e827c721d756b5702ba5a04d24f613f,d6a87c5dd3c536d25f7902c9608abc69d73c6d12da73fc1f0f63418eaba40861,8a69d882741c9042875045579f06172e194eedd707668175ecbe6420d5aea72c
pid201/pure-context-0/loaded-t10/t1/sign,201,sign,1,pure,10,h_msg,1,1,True,validation/stage1-20261004-0100/exact-counts.jsonl,162,db6e998d9b222d86e512c19a5819bb666e827c721d756b5702ba5a04d24f613f,d6a87c5dd3c536d25f7902c9608abc69d73c6d12da73fc1f0f63418eaba40861,8a69d882741c9042875045579f06172e194eedd707668175ecbe6420d5aea72c
pid201/pure-context-0/loaded-t10/t1/sign,201,sign,1,pure,10,prf,75782,75782,True,validation/stage1-20261004-0100/exact-counts.jsonl,162,db6e998d9b222d86e512c19a5819bb666e827c721d756b5702ba5a04d24f613f,d6a87c5dd3c536d25f7902c9608abc69d73c6d12da73fc1f0f63418eaba40861,8a69d882741c9042875045579f06172e194eedd707668175ecbe6420d5aea72c
pid201/pure-context-0/loaded-t10/t1/sign,201,sign,1,pure,10,prf_msg,1,1,True,validation/stage1-20261004-0100/exact-counts.jsonl,162,db6e998d9b222d86e512c19a5819bb666e827c721d756b5702ba5a04d24f613f,d6a87c5dd3c536d25f7902c9608abc69d73c6d12da73fc1f0f63418eaba40861,8a69d882741c9042875045579f06172e194eedd707668175ecbe6420d5aea72c
pid201/pure-context-0/loaded-t10/t1/sign,201,sign,1,pure,10,t,1024,1024,True,validation/stage1-20261004-0100/exact-counts.jsonl,162,db6e998d9b222d86e512c19a5819bb666e827c721d756b5702ba5a04d24f613f,d6a87c5dd3c536d25f7902c9608abc69d73c6d12da73fc1f0f63418eaba40861,8a69d882741c9042875045579f06172e194eedd707668175ecbe6420d5aea72c
pid201/pure-context-0/loaded-t10/t1/verify,201,verify,1,pure,10,compress,196,196,True,validation/stage1-20261004-0100/exact-counts.jsonl,163,db6e998d9b222d86e512c19a5819bb666e827c721d756b5702ba5a04d24f613f,1a23b09b1b725b1bdb736666b1f9a61f8539434ade5629c495d44b8d670e7168,8a69d882741c9042875045579f06172e194eedd707668175ecbe6420d5aea72c
pid201/pure-context-0/loaded-t10/t1/verify,201,verify,1,pure,10,f,102,102,True,validation/stage1-20261004-0100/exact-counts.jsonl,163,db6e998d9b222d86e512c19a5819bb666e827c721d756b5702ba5a04d24f613f,1a23b09b1b725b1bdb736666b1f9a61f8539434ade5629c495d44b8d670e7168,8a69d882741c9042875045579f06172e194eedd707668175ecbe6420d5aea72c
pid201/pure-context-0/loaded-t10/t1/verify,201,verify,1,pure,10,h,70,70,True,validation/stage1-20261004-0100/exact-counts.jsonl,163,db6e998d9b222d86e512c19a5819bb666e827c721d756b5702ba5a04d24f613f,1a23b09b1b725b1bdb736666b1f9a61f8539434ade5629c495d44b8d670e7168,8a69d882741c9042875045579f06172e194eedd707668175ecbe6420d5aea72c
pid201/pure-context-0/loaded-t10/t1/verify,201,verify,1,pure,10,h_msg,1,1,True,validation/stage1-20261004-0100/exact-counts.jsonl,163,db6e998d9b222d86e512c19a5819bb666e827c721d756b5702ba5a04d24f613f,1a23b09b1b725b1bdb736666b1f9a61f8539434ade5629c495d44b8d670e7168,8a69d882741c9042875045579f06172e194eedd707668175ecbe6420d5aea72c
pid201/pure-context-0/loaded-t10/t1/verify,201,verify,1,pure,10,prf,0,0,True,validation/stage1-20261004-0100/exact-counts.jsonl,163,db6e998d9b222d86e512c19a5819bb666e827c721d756b5702ba5a04d24f613f,1a23b09b1b725b1bdb736666b1f9a61f8539434ade5629c495d44b8d670e7168,8a69d882741c9042875045579f06172e194eedd707668175ecbe6420d5aea72c
pid201/pure-context-0/loaded-t10/t1/verify,201,verify,1,pure,10,prf_msg,0,0,True,validation/stage1-20261004-0100/exact-counts.jsonl,163,db6e998d9b222d86e512c19a5819bb666e827c721d756b5702ba5a04d24f613f,1a23b09b1b725b1bdb736666b1f9a61f8539434ade5629c495d44b8d670e7168,8a69d882741c9042875045579f06172e194eedd707668175ecbe6420d5aea72c
pid201/pure-context-0/loaded-t10/t1/verify,201,verify,1,pure,10,t,2,2,True,validation/stage1-20261004-0100/exact-counts.jsonl,163,db6e998d9b222d86e512c19a5819bb666e827c721d756b5702ba5a04d24f613f,1a23b09b1b725b1bdb736666b1f9a61f8539434ade5629c495d44b8d670e7168,8a69d882741c9042875045579f06172e194eedd707668175ecbe6420d5aea72c
pid201/pure-context-255/loaded-t10/t1/sign,201,sign,1,pure,10,compress,316302,316302,True,validation/stage1-20261004-0100/exact-counts.jsonl,164,db6e998d9b222d86e512c19a5819bb666e827c721d756b5702ba5a04d24f613f,eeb64bb6bdae26b09754714082d31406c6c2881409f60bc640ef6b84624847ba,8a69d882741c9042875045579f06172e194eedd707668175ecbe6420d5aea72c
pid201/pure-context-255/loaded-t10/t1/sign,201,sign,1,pure,10,f,214935,214935,True,validation/stage1-20261004-0100/exact-counts.jsonl,164,db6e998d9b222d86e512c19a5819bb666e827c721d756b5702ba5a04d24f613f,eeb64bb6bdae26b09754714082d31406c6c2881409f60bc640ef6b84624847ba,8a69d882741c9042875045579f06172e194eedd707668175ecbe6420d5aea72c
pid201/pure-context-255/loaded-t10/t1/sign,201,sign,1,pure,10,h,7151,7151,True,validation/stage1-20261004-0100/exact-counts.jsonl,164,db6e998d9b222d86e512c19a5819bb666e827c721d756b5702ba5a04d24f613f,eeb64bb6bdae26b09754714082d31406c6c2881409f60bc640ef6b84624847ba,8a69d882741c9042875045579f06172e194eedd707668175ecbe6420d5aea72c
pid201/pure-context-255/loaded-t10/t1/sign,201,sign,1,pure,10,h_msg,1,1,True,validation/stage1-20261004-0100/exact-counts.jsonl,164,db6e998d9b222d86e512c19a5819bb666e827c721d756b5702ba5a04d24f613f,eeb64bb6bdae26b09754714082d31406c6c2881409f60bc640ef6b84624847ba,8a69d882741c9042875045579f06172e194eedd707668175ecbe6420d5aea72c
pid201/pure-context-255/loaded-t10/t1/sign,201,sign,1,pure,10,prf,75782,75782,True,validation/stage1-20261004-0100/exact-counts.jsonl,164,db6e998d9b222d86e512c19a5819bb666e827c721d756b5702ba5a04d24f613f,eeb64bb6bdae26b09754714082d31406c6c2881409f60bc640ef6b84624847ba,8a69d882741c9042875045579f06172e194eedd707668175ecbe6420d5aea72c
pid201/pure-context-255/loaded-t10/t1/sign,201,sign,1,pure,10,prf_msg,1,1,True,validation/stage1-20261004-0100/exact-counts.jsonl,164,db6e998d9b222d86e512c19a5819bb666e827c721d756b5702ba5a04d24f613f,eeb64bb6bdae26b09754714082d31406c6c2881409f60bc640ef6b84624847ba,8a69d882741c9042875045579f06172e194eedd707668175ecbe6420d5aea72c
pid201/pure-context-255/loaded-t10/t1/sign,201,sign,1,pure,10,t,1024,1024,True,validation/stage1-20261004-0100/exact-counts.jsonl,164,db6e998d9b222d86e512c19a5819bb666e827c721d756b5702ba5a04d24f613f,eeb64bb6bdae26b09754714082d31406c6c2881409f60bc640ef6b84624847ba,8a69d882741c9042875045579f06172e194eedd707668175ecbe6420d5aea72c
pid201/pure-context-255/loaded-t10/t1/verify,201,verify,1,pure,10,compress,210,210,True,validation/stage1-20261004-0100/exact-counts.jsonl,165,db6e998d9b222d86e512c19a5819bb666e827c721d756b5702ba5a04d24f613f,aca72d06e64b01118c999125b195496a4c24dc390f5f19818b2a238e0cc8aba8,8a69d882741c9042875045579f06172e194eedd707668175ecbe6420d5aea72c
pid201/pure-context-255/loaded-t10/t1/verify,201,verify,1,pure,10,f,111,111,True,validation/stage1-20261004-0100/exact-counts.jsonl,165,db6e998d9b222d86e512c19a5819bb666e827c721d756b5702ba5a04d24f613f,aca72d06e64b01118c999125b195496a4c24dc390f5f19818b2a238e0cc8aba8,8a69d882741c9042875045579f06172e194eedd707668175ecbe6420d5aea72c
pid201/pure-context-255/loaded-t10/t1/verify,201,verify,1,pure,10,h,70,70,True,validation/stage1-20261004-0100/exact-counts.jsonl,165,db6e998d9b222d86e512c19a5819bb666e827c721d756b5702ba5a04d24f613f,aca72d06e64b01118c999125b195496a4c24dc390f5f19818b2a238e0cc8aba8,8a69d882741c9042875045579f06172e194eedd707668175ecbe6420d5aea72c
pid201/pure-context-255/loaded-t10/t1/verify,201,verify,1,pure,10,h_msg,1,1,True,validation/stage1-20261004-0100/exact-counts.jsonl,165,db6e998d9b222d86e512c19a5819bb666e827c721d756b5702ba5a04d24f613f,aca72d06e64b01118c999125b195496a4c24dc390f5f19818b2a238e0cc8aba8,8a69d882741c9042875045579f06172e194eedd707668175ecbe6420d5aea72c
pid201/pure-context-255/loaded-t10/t1/verify,201,verify,1,pure,10,prf,0,0,True,validation/stage1-20261004-0100/exact-counts.jsonl,165,db6e998d9b222d86e512c19a5819bb666e827c721d756b5702ba5a04d24f613f,aca72d06e64b01118c999125b195496a4c24dc390f5f19818b2a238e0cc8aba8,8a69d882741c9042875045579f06172e194eedd707668175ecbe6420d5aea72c
pid201/pure-context-255/loaded-t10/t1/verify,201,verify,1,pure,10,prf_msg,0,0,True,validation/stage1-20261004-0100/exact-counts.jsonl,165,db6e998d9b222d86e512c19a5819bb666e827c721d756b5702ba5a04d24f613f,aca72d06e64b01118c999125b195496a4c24dc390f5f19818b2a238e0cc8aba8,8a69d882741c9042875045579f06172e194eedd707668175ecbe6420d5aea72c
pid201/pure-context-255/loaded-t10/t1/verify,201,verify,1,pure,10,t,2,2,True,validation/stage1-20261004-0100/exact-counts.jsonl,165,db6e998d9b222d86e512c19a5819bb666e827c721d756b5702ba5a04d24f613f,aca72d06e64b01118c999125b195496a4c24dc390f5f19818b2a238e0cc8aba8,8a69d882741c9042875045579f06172e194eedd707668175ecbe6420d5aea72c
pid201/pure-context-255/key-mismatch/t1/sign,201,sign,1,pure,0,compress,316308,316308,True,validation/stage1-20261004-0100/exact-counts.jsonl,166,db6e998d9b222d86e512c19a5819bb666e827c721d756b5702ba5a04d24f613f,cd72ef1b9e84144b325eb340371e33f2f9b064bac6d9ff5aaf02f893d0aa84f3,8a69d882741c9042875045579f06172e194eedd707668175ecbe6420d5aea72c
pid201/pure-context-255/key-mismatch/t1/sign,201,sign,1,pure,0,f,214941,214941,True,validation/stage1-20261004-0100/exact-counts.jsonl,166,db6e998d9b222d86e512c19a5819bb666e827c721d756b5702ba5a04d24f613f,cd72ef1b9e84144b325eb340371e33f2f9b064bac6d9ff5aaf02f893d0aa84f3,8a69d882741c9042875045579f06172e194eedd707668175ecbe6420d5aea72c
pid201/pure-context-255/key-mismatch/t1/sign,201,sign,1,pure,0,h,7151,7151,True,validation/stage1-20261004-0100/exact-counts.jsonl,166,db6e998d9b222d86e512c19a5819bb666e827c721d756b5702ba5a04d24f613f,cd72ef1b9e84144b325eb340371e33f2f9b064bac6d9ff5aaf02f893d0aa84f3,8a69d882741c9042875045579f06172e194eedd707668175ecbe6420d5aea72c
pid201/pure-context-255/key-mismatch/t1/sign,201,sign,1,pure,0,h_msg,1,1,True,validation/stage1-20261004-0100/exact-counts.jsonl,166,db6e998d9b222d86e512c19a5819bb666e827c721d756b5702ba5a04d24f613f,cd72ef1b9e84144b325eb340371e33f2f9b064bac6d9ff5aaf02f893d0aa84f3,8a69d882741c9042875045579f06172e194eedd707668175ecbe6420d5aea72c
pid201/pure-context-255/key-mismatch/t1/sign,201,sign,1,pure,0,prf,75782,75782,True,validation/stage1-20261004-0100/exact-counts.jsonl,166,db6e998d9b222d86e512c19a5819bb666e827c721d756b5702ba5a04d24f613f,cd72ef1b9e84144b325eb340371e33f2f9b064bac6d9ff5aaf02f893d0aa84f3,8a69d882741c9042875045579f06172e194eedd707668175ecbe6420d5aea72c
pid201/pure-context-255/key-mismatch/t1/sign,201,sign,1,pure,0,prf_msg,1,1,True,validation/stage1-20261004-0100/exact-counts.jsonl,166,db6e998d9b222d86e512c19a5819bb666e827c721d756b5702ba5a04d24f613f,cd72ef1b9e84144b325eb340371e33f2f9b064bac6d9ff5aaf02f893d0aa84f3,8a69d882741c9042875045579f06172e194eedd707668175ecbe6420d5aea72c
pid201/pure-context-255/key-mismatch/t1/sign,201,sign,1,pure,0,t,1024,1024,True,validation/stage1-20261004-0100/exact-counts.jsonl,166,db6e998d9b222d86e512c19a5819bb666e827c721d756b5702ba5a04d24f613f,cd72ef1b9e84144b325eb340371e33f2f9b064bac6d9ff5aaf02f893d0aa84f3,8a69d882741c9042875045579f06172e194eedd707668175ecbe6420d5aea72c
pid201/pure-context-255/key-mismatch/t1/verify,201,verify,1,pure,0,compress,204,204,True,validation/stage1-20261004-0100/exact-counts.jsonl,167,db6e998d9b222d86e512c19a5819bb666e827c721d756b5702ba5a04d24f613f,2a96a0aa5fc05edc5f22c9e9c9089c90b1c3d2f92a7ca84ba479bcaf11cbaada,8a69d882741c9042875045579f06172e194eedd707668175ecbe6420d5aea72c
pid201/pure-context-255/key-mismatch/t1/verify,201,verify,1,pure,0,f,105,105,True,validation/stage1-20261004-0100/exact-counts.jsonl,167,db6e998d9b222d86e512c19a5819bb666e827c721d756b5702ba5a04d24f613f,2a96a0aa5fc05edc5f22c9e9c9089c90b1c3d2f92a7ca84ba479bcaf11cbaada,8a69d882741c9042875045579f06172e194eedd707668175ecbe6420d5aea72c
pid201/pure-context-255/key-mismatch/t1/verify,201,verify,1,pure,0,h,70,70,True,validation/stage1-20261004-0100/exact-counts.jsonl,167,db6e998d9b222d86e512c19a5819bb666e827c721d756b5702ba5a04d24f613f,2a96a0aa5fc05edc5f22c9e9c9089c90b1c3d2f92a7ca84ba479bcaf11cbaada,8a69d882741c9042875045579f06172e194eedd707668175ecbe6420d5aea72c
pid201/pure-context-255/key-mismatch/t1/verify,201,verify,1,pure,0,h_msg,1,1,True,validation/stage1-20261004-0100/exact-counts.jsonl,167,db6e998d9b222d86e512c19a5819bb666e827c721d756b5702ba5a04d24f613f,2a96a0aa5fc05edc5f22c9e9c9089c90b1c3d2f92a7ca84ba479bcaf11cbaada,8a69d882741c9042875045579f06172e194eedd707668175ecbe6420d5aea72c
pid201/pure-context-255/key-mismatch/t1/verify,201,verify,1,pure,0,prf,0,0,True,validation/stage1-20261004-0100/exact-counts.jsonl,167,db6e998d9b222d86e512c19a5819bb666e827c721d756b5702ba5a04d24f613f,2a96a0aa5fc05edc5f22c9e9c9089c90b1c3d2f92a7ca84ba479bcaf11cbaada,8a69d882741c9042875045579f06172e194eedd707668175ecbe6420d5aea72c
pid201/pure-context-255/key-mismatch/t1/verify,201,verify,1,pure,0,prf_msg,0,0,True,validation/stage1-20261004-0100/exact-counts.jsonl,167,db6e998d9b222d86e512c19a5819bb666e827c721d756b5702ba5a04d24f613f,2a96a0aa5fc05edc5f22c9e9c9089c90b1c3d2f92a7ca84ba479bcaf11cbaada,8a69d882741c9042875045579f06172e194eedd707668175ecbe6420d5aea72c
pid201/pure-context-255/key-mismatch/t1/verify,201,verify,1,pure,0,t,2,2,True,validation/stage1-20261004-0100/exact-counts.jsonl,167,db6e998d9b222d86e512c19a5819bb666e827c721d756b5702ba5a04d24f613f,2a96a0aa5fc05edc5f22c9e9c9089c90b1c3d2f92a7ca84ba479bcaf11cbaada,8a69d882741c9042875045579f06172e194eedd707668175ecbe6420d5aea72c
pid201/pure-context-255-internal-alias/none/t1/sign,201,sign,1,internal,,compress,316302,316302,True,validation/stage1-20261004-0100/exact-counts.jsonl,168,db6e998d9b222d86e512c19a5819bb666e827c721d756b5702ba5a04d24f613f,eeb64bb6bdae26b09754714082d31406c6c2881409f60bc640ef6b84624847ba,8a69d882741c9042875045579f06172e194eedd707668175ecbe6420d5aea72c
pid201/pure-context-255-internal-alias/none/t1/sign,201,sign,1,internal,,f,214935,214935,True,validation/stage1-20261004-0100/exact-counts.jsonl,168,db6e998d9b222d86e512c19a5819bb666e827c721d756b5702ba5a04d24f613f,eeb64bb6bdae26b09754714082d31406c6c2881409f60bc640ef6b84624847ba,8a69d882741c9042875045579f06172e194eedd707668175ecbe6420d5aea72c
pid201/pure-context-255-internal-alias/none/t1/sign,201,sign,1,internal,,h,7151,7151,True,validation/stage1-20261004-0100/exact-counts.jsonl,168,db6e998d9b222d86e512c19a5819bb666e827c721d756b5702ba5a04d24f613f,eeb64bb6bdae26b09754714082d31406c6c2881409f60bc640ef6b84624847ba,8a69d882741c9042875045579f06172e194eedd707668175ecbe6420d5aea72c
pid201/pure-context-255-internal-alias/none/t1/sign,201,sign,1,internal,,h_msg,1,1,True,validation/stage1-20261004-0100/exact-counts.jsonl,168,db6e998d9b222d86e512c19a5819bb666e827c721d756b5702ba5a04d24f613f,eeb64bb6bdae26b09754714082d31406c6c2881409f60bc640ef6b84624847ba,8a69d882741c9042875045579f06172e194eedd707668175ecbe6420d5aea72c
pid201/pure-context-255-internal-alias/none/t1/sign,201,sign,1,internal,,prf,75782,75782,True,validation/stage1-20261004-0100/exact-counts.jsonl,168,db6e998d9b222d86e512c19a5819bb666e827c721d756b5702ba5a04d24f613f,eeb64bb6bdae26b09754714082d31406c6c2881409f60bc640ef6b84624847ba,8a69d882741c9042875045579f06172e194eedd707668175ecbe6420d5aea72c
pid201/pure-context-255-internal-alias/none/t1/sign,201,sign,1,internal,,prf_msg,1,1,True,validation/stage1-20261004-0100/exact-counts.jsonl,168,db6e998d9b222d86e512c19a5819bb666e827c721d756b5702ba5a04d24f613f,eeb64bb6bdae26b09754714082d31406c6c2881409f60bc640ef6b84624847ba,8a69d882741c9042875045579f06172e194eedd707668175ecbe6420d5aea72c
pid201/pure-context-255-internal-alias/none/t1/sign,201,sign,1,internal,,t,1024,1024,True,validation/stage1-20261004-0100/exact-counts.jsonl,168,db6e998d9b222d86e512c19a5819bb666e827c721d756b5702ba5a04d24f613f,eeb64bb6bdae26b09754714082d31406c6c2881409f60bc640ef6b84624847ba,8a69d882741c9042875045579f06172e194eedd707668175ecbe6420d5aea72c
pid201/pure-context-255-internal-alias/none/t1/verify,201,verify,1,internal,,compress,210,210,True,validation/stage1-20261004-0100/exact-counts.jsonl,169,db6e998d9b222d86e512c19a5819bb666e827c721d756b5702ba5a04d24f613f,aca72d06e64b01118c999125b195496a4c24dc390f5f19818b2a238e0cc8aba8,8a69d882741c9042875045579f06172e194eedd707668175ecbe6420d5aea72c
pid201/pure-context-255-internal-alias/none/t1/verify,201,verify,1,internal,,f,111,111,True,validation/stage1-20261004-0100/exact-counts.jsonl,169,db6e998d9b222d86e512c19a5819bb666e827c721d756b5702ba5a04d24f613f,aca72d06e64b01118c999125b195496a4c24dc390f5f19818b2a238e0cc8aba8,8a69d882741c9042875045579f06172e194eedd707668175ecbe6420d5aea72c
pid201/pure-context-255-internal-alias/none/t1/verify,201,verify,1,internal,,h,70,70,True,validation/stage1-20261004-0100/exact-counts.jsonl,169,db6e998d9b222d86e512c19a5819bb666e827c721d756b5702ba5a04d24f613f,aca72d06e64b01118c999125b195496a4c24dc390f5f19818b2a238e0cc8aba8,8a69d882741c9042875045579f06172e194eedd707668175ecbe6420d5aea72c
pid201/pure-context-255-internal-alias/none/t1/verify,201,verify,1,internal,,h_msg,1,1,True,validation/stage1-20261004-0100/exact-counts.jsonl,169,db6e998d9b222d86e512c19a5819bb666e827c721d756b5702ba5a04d24f613f,aca72d06e64b01118c999125b195496a4c24dc390f5f19818b2a238e0cc8aba8,8a69d882741c9042875045579f06172e194eedd707668175ecbe6420d5aea72c
pid201/pure-context-255-internal-alias/none/t1/verify,201,verify,1,internal,,prf,0,0,True,validation/stage1-20261004-0100/exact-counts.jsonl,169,db6e998d9b222d86e512c19a5819bb666e827c721d756b5702ba5a04d24f613f,aca72d06e64b01118c999125b195496a4c24dc390f5f19818b2a238e0cc8aba8,8a69d882741c9042875045579f06172e194eedd707668175ecbe6420d5aea72c
pid201/pure-context-255-internal-alias/none/t1/verify,201,verify,1,internal,,prf_msg,0,0,True,validation/stage1-20261004-0100/exact-counts.jsonl,169,db6e998d9b222d86e512c19a5819bb666e827c721d756b5702ba5a04d24f613f,aca72d06e64b01118c999125b195496a4c24dc390f5f19818b2a238e0cc8aba8,8a69d882741c9042875045579f06172e194eedd707668175ecbe6420d5aea72c
pid201/pure-context-255-internal-alias/none/t1/verify,201,verify,1,internal,,t,2,2,True,validation/stage1-20261004-0100/exact-counts.jsonl,169,db6e998d9b222d86e512c19a5819bb666e827c721d756b5702ba5a04d24f613f,aca72d06e64b01118c999125b195496a4c24dc390f5f19818b2a238e0cc8aba8,8a69d882741c9042875045579f06172e194eedd707668175ecbe6420d5aea72c
pid201/pure-context-255/self-verify-t5/t1/sign,201,sign,1,pure,5,compress,27845,27845,True,validation/stage1-20261004-0100/exact-counts.jsonl,170,db6e998d9b222d86e512c19a5819bb666e827c721d756b5702ba5a04d24f613f,eeb64bb6bdae26b09754714082d31406c6c2881409f60bc640ef6b84624847ba,8a69d882741c9042875045579f06172e194eedd707668175ecbe6420d5aea72c
pid201/pure-context-255/self-verify-t5/t1/sign,201,sign,1,pure,5,f,12678,12678,True,validation/stage1-20261004-0100/exact-counts.jsonl,170,db6e998d9b222d86e512c19a5819bb666e827c721d756b5702ba5a04d24f613f,eeb64bb6bdae26b09754714082d31406c6c2881409f60bc640ef6b84624847ba,8a69d882741c9042875045579f06172e194eedd707668175ecbe6420d5aea72c
pid201/pure-context-255/self-verify-t5/t1/sign,201,sign,1,pure,5,h,6234,6234,True,validation/stage1-20261004-0100/exact-counts.jsonl,170,db6e998d9b222d86e512c19a5819bb666e827c721d756b5702ba5a04d24f613f,eeb64bb6bdae26b09754714082d31406c6c2881409f60bc640ef6b84624847ba,8a69d882741c9042875045579f06172e194eedd707668175ecbe6420d5aea72c
pid201/pure-context-255/self-verify-t5/t1/sign,201,sign,1,pure,5,h_msg,2,2,True,validation/stage1-20261004-0100/exact-counts.jsonl,170,db6e998d9b222d86e512c19a5819bb666e827c721d756b5702ba5a04d24f613f,eeb64bb6bdae26b09754714082d31406c6c2881409f60bc640ef6b84624847ba,8a69d882741c9042875045579f06172e194eedd707668175ecbe6420d5aea72c
pid201/pure-context-255/self-verify-t5/t1/sign,201,sign,1,pure,5,prf,8326,8326,True,validation/stage1-20261004-0100/exact-counts.jsonl,170,db6e998d9b222d86e512c19a5819bb666e827c721d756b5702ba5a04d24f613f,eeb64bb6bdae26b09754714082d31406c6c2881409f60bc640ef6b84624847ba,8a69d882741c9042875045579f06172e194eedd707668175ecbe6420d5aea72c
pid201/pure-context-255/self-verify-t5/t1/sign,201,sign,1,pure,5,prf_msg,1,1,True,validation/stage1-20261004-0100/exact-counts.jsonl,170,db6e998d9b222d86e512c19a5819bb666e827c721d756b5702ba5a04d24f613f,eeb64bb6bdae26b09754714082d31406c6c2881409f60bc640ef6b84624847ba,8a69d882741c9042875045579f06172e194eedd707668175ecbe6420d5aea72c
pid201/pure-context-255/self-verify-t5/t1/sign,201,sign,1,pure,5,t,34,34,True,validation/stage1-20261004-0100/exact-counts.jsonl,170,db6e998d9b222d86e512c19a5819bb666e827c721d756b5702ba5a04d24f613f,eeb64bb6bdae26b09754714082d31406c6c2881409f60bc640ef6b84624847ba,8a69d882741c9042875045579f06172e194eedd707668175ecbe6420d5aea72c
pid201/pure-context-255/self-verify-t5/t1/verify,201,verify,1,pure,5,compress,210,210,True,validation/stage1-20261004-0100/exact-counts.jsonl,171,db6e998d9b222d86e512c19a5819bb666e827c721d756b5702ba5a04d24f613f,aca72d06e64b01118c999125b195496a4c24dc390f5f19818b2a238e0cc8aba8,8a69d882741c9042875045579f06172e194eedd707668175ecbe6420d5aea72c
pid201/pure-context-255/self-verify-t5/t1/verify,201,verify,1,pure,5,f,111,111,True,validation/stage1-20261004-0100/exact-counts.jsonl,171,db6e998d9b222d86e512c19a5819bb666e827c721d756b5702ba5a04d24f613f,aca72d06e64b01118c999125b195496a4c24dc390f5f19818b2a238e0cc8aba8,8a69d882741c9042875045579f06172e194eedd707668175ecbe6420d5aea72c
pid201/pure-context-255/self-verify-t5/t1/verify,201,verify,1,pure,5,h,70,70,True,validation/stage1-20261004-0100/exact-counts.jsonl,171,db6e998d9b222d86e512c19a5819bb666e827c721d756b5702ba5a04d24f613f,aca72d06e64b01118c999125b195496a4c24dc390f5f19818b2a238e0cc8aba8,8a69d882741c9042875045579f06172e194eedd707668175ecbe6420d5aea72c
pid201/pure-context-255/self-verify-t5/t1/verify,201,verify,1,pure,5,h_msg,1,1,True,validation/stage1-20261004-0100/exact-counts.jsonl,171,db6e998d9b222d86e512c19a5819bb666e827c721d756b5702ba5a04d24f613f,aca72d06e64b01118c999125b195496a4c24dc390f5f19818b2a238e0cc8aba8,8a69d882741c9042875045579f06172e194eedd707668175ecbe6420d5aea72c
pid201/pure-context-255/self-verify-t5/t1/verify,201,verify,1,pure,5,prf,0,0,True,validation/stage1-20261004-0100/exact-counts.jsonl,171,db6e998d9b222d86e512c19a5819bb666e827c721d756b5702ba5a04d24f613f,aca72d06e64b01118c999125b195496a4c24dc390f5f19818b2a238e0cc8aba8,8a69d882741c9042875045579f06172e194eedd707668175ecbe6420d5aea72c
pid201/pure-context-255/self-verify-t5/t1/verify,201,verify,1,pure,5,prf_msg,0,0,True,validation/stage1-20261004-0100/exact-counts.jsonl,171,db6e998d9b222d86e512c19a5819bb666e827c721d756b5702ba5a04d24f613f,aca72d06e64b01118c999125b195496a4c24dc390f5f19818b2a238e0cc8aba8,8a69d882741c9042875045579f06172e194eedd707668175ecbe6420d5aea72c
pid201/pure-context-255/self-verify-t5/t1/verify,201,verify,1,pure,5,t,2,2,True,validation/stage1-20261004-0100/exact-counts.jsonl,171,db6e998d9b222d86e512c19a5819bb666e827c721d756b5702ba5a04d24f613f,aca72d06e64b01118c999125b195496a4c24dc390f5f19818b2a238e0cc8aba8,8a69d882741c9042875045579f06172e194eedd707668175ecbe6420d5aea72c
toy/verify-invalid-length/t1,201,verify_invalid_length,1,,,compress,0,0,True,validation/stage1-20261004-0100/exact-counts.jsonl,172,db6e998d9b222d86e512c19a5819bb666e827c721d756b5702ba5a04d24f613f,1d1ad7291e304cbcd5f23740ac54f3f4b3faf626b49b5c80c3590165822312e3,8a69d882741c9042875045579f06172e194eedd707668175ecbe6420d5aea72c
toy/verify-invalid-length/t1,201,verify_invalid_length,1,,,f,0,0,True,validation/stage1-20261004-0100/exact-counts.jsonl,172,db6e998d9b222d86e512c19a5819bb666e827c721d756b5702ba5a04d24f613f,1d1ad7291e304cbcd5f23740ac54f3f4b3faf626b49b5c80c3590165822312e3,8a69d882741c9042875045579f06172e194eedd707668175ecbe6420d5aea72c
toy/verify-invalid-length/t1,201,verify_invalid_length,1,,,h,0,0,True,validation/stage1-20261004-0100/exact-counts.jsonl,172,db6e998d9b222d86e512c19a5819bb666e827c721d756b5702ba5a04d24f613f,1d1ad7291e304cbcd5f23740ac54f3f4b3faf626b49b5c80c3590165822312e3,8a69d882741c9042875045579f06172e194eedd707668175ecbe6420d5aea72c
toy/verify-invalid-length/t1,201,verify_invalid_length,1,,,h_msg,0,0,True,validation/stage1-20261004-0100/exact-counts.jsonl,172,db6e998d9b222d86e512c19a5819bb666e827c721d756b5702ba5a04d24f613f,1d1ad7291e304cbcd5f23740ac54f3f4b3faf626b49b5c80c3590165822312e3,8a69d882741c9042875045579f06172e194eedd707668175ecbe6420d5aea72c
toy/verify-invalid-length/t1,201,verify_invalid_length,1,,,prf,0,0,True,validation/stage1-20261004-0100/exact-counts.jsonl,172,db6e998d9b222d86e512c19a5819bb666e827c721d756b5702ba5a04d24f613f,1d1ad7291e304cbcd5f23740ac54f3f4b3faf626b49b5c80c3590165822312e3,8a69d882741c9042875045579f06172e194eedd707668175ecbe6420d5aea72c
toy/verify-invalid-length/t1,201,verify_invalid_length,1,,,prf_msg,0,0,True,validation/stage1-20261004-0100/exact-counts.jsonl,172,db6e998d9b222d86e512c19a5819bb666e827c721d756b5702ba5a04d24f613f,1d1ad7291e304cbcd5f23740ac54f3f4b3faf626b49b5c80c3590165822312e3,8a69d882741c9042875045579f06172e194eedd707668175ecbe6420d5aea72c
toy/verify-invalid-length/t1,201,verify_invalid_length,1,,,t,0,0,True,validation/stage1-20261004-0100/exact-counts.jsonl,172,db6e998d9b222d86e512c19a5819bb666e827c721d756b5702ba5a04d24f613f,1d1ad7291e304cbcd5f23740ac54f3f4b3faf626b49b5c80c3590165822312e3,8a69d882741c9042875045579f06172e194eedd707668175ecbe6420d5aea72c
toy/cache-build/t0/threads4,201,cache_build,4,,0,compress,297984,297984,True,validation/stage1-20261004-0100/exact-counts.jsonl,173,db6e998d9b222d86e512c19a5819bb666e827c721d756b5702ba5a04d24f613f,4250658273855abe02518860913c31a55fb0fb8d515f15ecff40f7b208902554,8a69d882741c9042875045579f06172e194eedd707668175ecbe6420d5aea72c
toy/cache-build/t0/threads4,201,cache_build,4,,0,f,208896,208896,True,validation/stage1-20261004-0100/exact-counts.jsonl,173,db6e998d9b222d86e512c19a5819bb666e827c721d756b5702ba5a04d24f613f,4250658273855abe02518860913c31a55fb0fb8d515f15ecff40f7b208902554,8a69d882741c9042875045579f06172e194eedd707668175ecbe6420d5aea72c
toy/cache-build/t0/threads4,201,cache_build,4,,0,h,1023,1023,True,validation/stage1-20261004-0100/exact-counts.jsonl,173,db6e998d9b222d86e512c19a5819bb666e827c721d756b5702ba5a04d24f613f,4250658273855abe02518860913c31a55fb0fb8d515f15ecff40f7b208902554,8a69d882741c9042875045579f06172e194eedd707668175ecbe6420d5aea72c
toy/cache-build/t0/threads4,201,cache_build,4,,0,h_msg,0,0,True,validation/stage1-20261004-0100/exact-counts.jsonl,173,db6e998d9b222d86e512c19a5819bb666e827c721d756b5702ba5a04d24f613f,4250658273855abe02518860913c31a55fb0fb8d515f15ecff40f7b208902554,8a69d882741c9042875045579f06172e194eedd707668175ecbe6420d5aea72c
toy/cache-build/t0/threads4,201,cache_build,4,,0,prf,69632,69632,True,validation/stage1-20261004-0100/exact-counts.jsonl,173,db6e998d9b222d86e512c19a5819bb666e827c721d756b5702ba5a04d24f613f,4250658273855abe02518860913c31a55fb0fb8d515f15ecff40f7b208902554,8a69d882741c9042875045579f06172e194eedd707668175ecbe6420d5aea72c
toy/cache-build/t0/threads4,201,cache_build,4,,0,prf_msg,0,0,True,validation/stage1-20261004-0100/exact-counts.jsonl,173,db6e998d9b222d86e512c19a5819bb666e827c721d756b5702ba5a04d24f613f,4250658273855abe02518860913c31a55fb0fb8d515f15ecff40f7b208902554,8a69d882741c9042875045579f06172e194eedd707668175ecbe6420d5aea72c
toy/cache-build/t0/threads4,201,cache_build,4,,0,t,1024,1024,True,validation/stage1-20261004-0100/exact-counts.jsonl,173,db6e998d9b222d86e512c19a5819bb666e827c721d756b5702ba5a04d24f613f,4250658273855abe02518860913c31a55fb0fb8d515f15ecff40f7b208902554,8a69d882741c9042875045579f06172e194eedd707668175ecbe6420d5aea72c
toy/cache-save/t0/threads4,201,cache_save,4,,0,compress,0,0,True,validation/stage1-20261004-0100/exact-counts.jsonl,174,db6e998d9b222d86e512c19a5819bb666e827c721d756b5702ba5a04d24f613f,40c4ae009784dcb8a95e58ba0a4691df29ff4b114baa15c85ed87812002f4c41,8a69d882741c9042875045579f06172e194eedd707668175ecbe6420d5aea72c
toy/cache-save/t0/threads4,201,cache_save,4,,0,f,0,0,True,validation/stage1-20261004-0100/exact-counts.jsonl,174,db6e998d9b222d86e512c19a5819bb666e827c721d756b5702ba5a04d24f613f,40c4ae009784dcb8a95e58ba0a4691df29ff4b114baa15c85ed87812002f4c41,8a69d882741c9042875045579f06172e194eedd707668175ecbe6420d5aea72c
toy/cache-save/t0/threads4,201,cache_save,4,,0,h,0,0,True,validation/stage1-20261004-0100/exact-counts.jsonl,174,db6e998d9b222d86e512c19a5819bb666e827c721d756b5702ba5a04d24f613f,40c4ae009784dcb8a95e58ba0a4691df29ff4b114baa15c85ed87812002f4c41,8a69d882741c9042875045579f06172e194eedd707668175ecbe6420d5aea72c
toy/cache-save/t0/threads4,201,cache_save,4,,0,h_msg,0,0,True,validation/stage1-20261004-0100/exact-counts.jsonl,174,db6e998d9b222d86e512c19a5819bb666e827c721d756b5702ba5a04d24f613f,40c4ae009784dcb8a95e58ba0a4691df29ff4b114baa15c85ed87812002f4c41,8a69d882741c9042875045579f06172e194eedd707668175ecbe6420d5aea72c
toy/cache-save/t0/threads4,201,cache_save,4,,0,prf,0,0,True,validation/stage1-20261004-0100/exact-counts.jsonl,174,db6e998d9b222d86e512c19a5819bb666e827c721d756b5702ba5a04d24f613f,40c4ae009784dcb8a95e58ba0a4691df29ff4b114baa15c85ed87812002f4c41,8a69d882741c9042875045579f06172e194eedd707668175ecbe6420d5aea72c
toy/cache-save/t0/threads4,201,cache_save,4,,0,prf_msg,0,0,True,validation/stage1-20261004-0100/exact-counts.jsonl,174,db6e998d9b222d86e512c19a5819bb666e827c721d756b5702ba5a04d24f613f,40c4ae009784dcb8a95e58ba0a4691df29ff4b114baa15c85ed87812002f4c41,8a69d882741c9042875045579f06172e194eedd707668175ecbe6420d5aea72c
toy/cache-save/t0/threads4,201,cache_save,4,,0,t,0,0,True,validation/stage1-20261004-0100/exact-counts.jsonl,174,db6e998d9b222d86e512c19a5819bb666e827c721d756b5702ba5a04d24f613f,40c4ae009784dcb8a95e58ba0a4691df29ff4b114baa15c85ed87812002f4c41,8a69d882741c9042875045579f06172e194eedd707668175ecbe6420d5aea72c
toy/cache-load/t0/threads4,201,cache_load,4,,0,compress,1024,1024,True,validation/stage1-20261004-0100/exact-counts.jsonl,175,db6e998d9b222d86e512c19a5819bb666e827c721d756b5702ba5a04d24f613f,c4529ca89b83a8082c78f391be9417b2938fb564abcdec69749d1b78962d9073,8a69d882741c9042875045579f06172e194eedd707668175ecbe6420d5aea72c
toy/cache-load/t0/threads4,201,cache_load,4,,0,f,0,0,True,validation/stage1-20261004-0100/exact-counts.jsonl,175,db6e998d9b222d86e512c19a5819bb666e827c721d756b5702ba5a04d24f613f,c4529ca89b83a8082c78f391be9417b2938fb564abcdec69749d1b78962d9073,8a69d882741c9042875045579f06172e194eedd707668175ecbe6420d5aea72c
toy/cache-load/t0/threads4,201,cache_load,4,,0,h,1023,1023,True,validation/stage1-20261004-0100/exact-counts.jsonl,175,db6e998d9b222d86e512c19a5819bb666e827c721d756b5702ba5a04d24f613f,c4529ca89b83a8082c78f391be9417b2938fb564abcdec69749d1b78962d9073,8a69d882741c9042875045579f06172e194eedd707668175ecbe6420d5aea72c
toy/cache-load/t0/threads4,201,cache_load,4,,0,h_msg,0,0,True,validation/stage1-20261004-0100/exact-counts.jsonl,175,db6e998d9b222d86e512c19a5819bb666e827c721d756b5702ba5a04d24f613f,c4529ca89b83a8082c78f391be9417b2938fb564abcdec69749d1b78962d9073,8a69d882741c9042875045579f06172e194eedd707668175ecbe6420d5aea72c
toy/cache-load/t0/threads4,201,cache_load,4,,0,prf,0,0,True,validation/stage1-20261004-0100/exact-counts.jsonl,175,db6e998d9b222d86e512c19a5819bb666e827c721d756b5702ba5a04d24f613f,c4529ca89b83a8082c78f391be9417b2938fb564abcdec69749d1b78962d9073,8a69d882741c9042875045579f06172e194eedd707668175ecbe6420d5aea72c
toy/cache-load/t0/threads4,201,cache_load,4,,0,prf_msg,0,0,True,validation/stage1-20261004-0100/exact-counts.jsonl,175,db6e998d9b222d86e512c19a5819bb666e827c721d756b5702ba5a04d24f613f,c4529ca89b83a8082c78f391be9417b2938fb564abcdec69749d1b78962d9073,8a69d882741c9042875045579f06172e194eedd707668175ecbe6420d5aea72c
toy/cache-load/t0/threads4,201,cache_load,4,,0,t,0,0,True,validation/stage1-20261004-0100/exact-counts.jsonl,175,db6e998d9b222d86e512c19a5819bb666e827c721d756b5702ba5a04d24f613f,c4529ca89b83a8082c78f391be9417b2938fb564abcdec69749d1b78962d9073,8a69d882741c9042875045579f06172e194eedd707668175ecbe6420d5aea72c
toy/cache-build/t5/threads4,201,cache_build,4,,5,compress,297984,297984,True,validation/stage1-20261004-0100/exact-counts.jsonl,176,db6e998d9b222d86e512c19a5819bb666e827c721d756b5702ba5a04d24f613f,2266420cbbee0f86e032b674b8f5e85ef5c55e286da6689c3f9abc9db5337665,8a69d882741c9042875045579f06172e194eedd707668175ecbe6420d5aea72c
toy/cache-build/t5/threads4,201,cache_build,4,,5,f,208896,208896,True,validation/stage1-20261004-0100/exact-counts.jsonl,176,db6e998d9b222d86e512c19a5819bb666e827c721d756b5702ba5a04d24f613f,2266420cbbee0f86e032b674b8f5e85ef5c55e286da6689c3f9abc9db5337665,8a69d882741c9042875045579f06172e194eedd707668175ecbe6420d5aea72c
toy/cache-build/t5/threads4,201,cache_build,4,,5,h,1023,1023,True,validation/stage1-20261004-0100/exact-counts.jsonl,176,db6e998d9b222d86e512c19a5819bb666e827c721d756b5702ba5a04d24f613f,2266420cbbee0f86e032b674b8f5e85ef5c55e286da6689c3f9abc9db5337665,8a69d882741c9042875045579f06172e194eedd707668175ecbe6420d5aea72c
toy/cache-build/t5/threads4,201,cache_build,4,,5,h_msg,0,0,True,validation/stage1-20261004-0100/exact-counts.jsonl,176,db6e998d9b222d86e512c19a5819bb666e827c721d756b5702ba5a04d24f613f,2266420cbbee0f86e032b674b8f5e85ef5c55e286da6689c3f9abc9db5337665,8a69d882741c9042875045579f06172e194eedd707668175ecbe6420d5aea72c
toy/cache-build/t5/threads4,201,cache_build,4,,5,prf,69632,69632,True,validation/stage1-20261004-0100/exact-counts.jsonl,176,db6e998d9b222d86e512c19a5819bb666e827c721d756b5702ba5a04d24f613f,2266420cbbee0f86e032b674b8f5e85ef5c55e286da6689c3f9abc9db5337665,8a69d882741c9042875045579f06172e194eedd707668175ecbe6420d5aea72c
toy/cache-build/t5/threads4,201,cache_build,4,,5,prf_msg,0,0,True,validation/stage1-20261004-0100/exact-counts.jsonl,176,db6e998d9b222d86e512c19a5819bb666e827c721d756b5702ba5a04d24f613f,2266420cbbee0f86e032b674b8f5e85ef5c55e286da6689c3f9abc9db5337665,8a69d882741c9042875045579f06172e194eedd707668175ecbe6420d5aea72c
toy/cache-build/t5/threads4,201,cache_build,4,,5,t,1024,1024,True,validation/stage1-20261004-0100/exact-counts.jsonl,176,db6e998d9b222d86e512c19a5819bb666e827c721d756b5702ba5a04d24f613f,2266420cbbee0f86e032b674b8f5e85ef5c55e286da6689c3f9abc9db5337665,8a69d882741c9042875045579f06172e194eedd707668175ecbe6420d5aea72c
toy/cache-save/t5/threads4,201,cache_save,4,,5,compress,0,0,True,validation/stage1-20261004-0100/exact-counts.jsonl,177,db6e998d9b222d86e512c19a5819bb666e827c721d756b5702ba5a04d24f613f,82f95e327bbf67184e19afdaa5e55b41f2124737f4d305e124c6b5775e6ccb61,8a69d882741c9042875045579f06172e194eedd707668175ecbe6420d5aea72c
toy/cache-save/t5/threads4,201,cache_save,4,,5,f,0,0,True,validation/stage1-20261004-0100/exact-counts.jsonl,177,db6e998d9b222d86e512c19a5819bb666e827c721d756b5702ba5a04d24f613f,82f95e327bbf67184e19afdaa5e55b41f2124737f4d305e124c6b5775e6ccb61,8a69d882741c9042875045579f06172e194eedd707668175ecbe6420d5aea72c
toy/cache-save/t5/threads4,201,cache_save,4,,5,h,0,0,True,validation/stage1-20261004-0100/exact-counts.jsonl,177,db6e998d9b222d86e512c19a5819bb666e827c721d756b5702ba5a04d24f613f,82f95e327bbf67184e19afdaa5e55b41f2124737f4d305e124c6b5775e6ccb61,8a69d882741c9042875045579f06172e194eedd707668175ecbe6420d5aea72c
toy/cache-save/t5/threads4,201,cache_save,4,,5,h_msg,0,0,True,validation/stage1-20261004-0100/exact-counts.jsonl,177,db6e998d9b222d86e512c19a5819bb666e827c721d756b5702ba5a04d24f613f,82f95e327bbf67184e19afdaa5e55b41f2124737f4d305e124c6b5775e6ccb61,8a69d882741c9042875045579f06172e194eedd707668175ecbe6420d5aea72c
toy/cache-save/t5/threads4,201,cache_save,4,,5,prf,0,0,True,validation/stage1-20261004-0100/exact-counts.jsonl,177,db6e998d9b222d86e512c19a5819bb666e827c721d756b5702ba5a04d24f613f,82f95e327bbf67184e19afdaa5e55b41f2124737f4d305e124c6b5775e6ccb61,8a69d882741c9042875045579f06172e194eedd707668175ecbe6420d5aea72c
toy/cache-save/t5/threads4,201,cache_save,4,,5,prf_msg,0,0,True,validation/stage1-20261004-0100/exact-counts.jsonl,177,db6e998d9b222d86e512c19a5819bb666e827c721d756b5702ba5a04d24f613f,82f95e327bbf67184e19afdaa5e55b41f2124737f4d305e124c6b5775e6ccb61,8a69d882741c9042875045579f06172e194eedd707668175ecbe6420d5aea72c
toy/cache-save/t5/threads4,201,cache_save,4,,5,t,0,0,True,validation/stage1-20261004-0100/exact-counts.jsonl,177,db6e998d9b222d86e512c19a5819bb666e827c721d756b5702ba5a04d24f613f,82f95e327bbf67184e19afdaa5e55b41f2124737f4d305e124c6b5775e6ccb61,8a69d882741c9042875045579f06172e194eedd707668175ecbe6420d5aea72c
toy/cache-load/t5/threads4,201,cache_load,4,,5,compress,32,32,True,validation/stage1-20261004-0100/exact-counts.jsonl,178,db6e998d9b222d86e512c19a5819bb666e827c721d756b5702ba5a04d24f613f,4a5c266a34d80e8cf82d541af0ccf8053f842ee7ec9dd173421a0d0c8eaba5f4,8a69d882741c9042875045579f06172e194eedd707668175ecbe6420d5aea72c
toy/cache-load/t5/threads4,201,cache_load,4,,5,f,0,0,True,validation/stage1-20261004-0100/exact-counts.jsonl,178,db6e998d9b222d86e512c19a5819bb666e827c721d756b5702ba5a04d24f613f,4a5c266a34d80e8cf82d541af0ccf8053f842ee7ec9dd173421a0d0c8eaba5f4,8a69d882741c9042875045579f06172e194eedd707668175ecbe6420d5aea72c
toy/cache-load/t5/threads4,201,cache_load,4,,5,h,31,31,True,validation/stage1-20261004-0100/exact-counts.jsonl,178,db6e998d9b222d86e512c19a5819bb666e827c721d756b5702ba5a04d24f613f,4a5c266a34d80e8cf82d541af0ccf8053f842ee7ec9dd173421a0d0c8eaba5f4,8a69d882741c9042875045579f06172e194eedd707668175ecbe6420d5aea72c
toy/cache-load/t5/threads4,201,cache_load,4,,5,h_msg,0,0,True,validation/stage1-20261004-0100/exact-counts.jsonl,178,db6e998d9b222d86e512c19a5819bb666e827c721d756b5702ba5a04d24f613f,4a5c266a34d80e8cf82d541af0ccf8053f842ee7ec9dd173421a0d0c8eaba5f4,8a69d882741c9042875045579f06172e194eedd707668175ecbe6420d5aea72c
toy/cache-load/t5/threads4,201,cache_load,4,,5,prf,0,0,True,validation/stage1-20261004-0100/exact-counts.jsonl,178,db6e998d9b222d86e512c19a5819bb666e827c721d756b5702ba5a04d24f613f,4a5c266a34d80e8cf82d541af0ccf8053f842ee7ec9dd173421a0d0c8eaba5f4,8a69d882741c9042875045579f06172e194eedd707668175ecbe6420d5aea72c
toy/cache-load/t5/threads4,201,cache_load,4,,5,prf_msg,0,0,True,validation/stage1-20261004-0100/exact-counts.jsonl,178,db6e998d9b222d86e512c19a5819bb666e827c721d756b5702ba5a04d24f613f,4a5c266a34d80e8cf82d541af0ccf8053f842ee7ec9dd173421a0d0c8eaba5f4,8a69d882741c9042875045579f06172e194eedd707668175ecbe6420d5aea72c
toy/cache-load/t5/threads4,201,cache_load,4,,5,t,0,0,True,validation/stage1-20261004-0100/exact-counts.jsonl,178,db6e998d9b222d86e512c19a5819bb666e827c721d756b5702ba5a04d24f613f,4a5c266a34d80e8cf82d541af0ccf8053f842ee7ec9dd173421a0d0c8eaba5f4,8a69d882741c9042875045579f06172e194eedd707668175ecbe6420d5aea72c
toy/cache-build/t10/threads4,201,cache_build,4,,10,compress,297984,297984,True,validation/stage1-20261004-0100/exact-counts.jsonl,179,db6e998d9b222d86e512c19a5819bb666e827c721d756b5702ba5a04d24f613f,43f660222fd3975ec19028453ba7b3ad3b58d678cd5d5cf1744969c80475a828,8a69d882741c9042875045579f06172e194eedd707668175ecbe6420d5aea72c
toy/cache-build/t10/threads4,201,cache_build,4,,10,f,208896,208896,True,validation/stage1-20261004-0100/exact-counts.jsonl,179,db6e998d9b222d86e512c19a5819bb666e827c721d756b5702ba5a04d24f613f,43f660222fd3975ec19028453ba7b3ad3b58d678cd5d5cf1744969c80475a828,8a69d882741c9042875045579f06172e194eedd707668175ecbe6420d5aea72c
toy/cache-build/t10/threads4,201,cache_build,4,,10,h,1023,1023,True,validation/stage1-20261004-0100/exact-counts.jsonl,179,db6e998d9b222d86e512c19a5819bb666e827c721d756b5702ba5a04d24f613f,43f660222fd3975ec19028453ba7b3ad3b58d678cd5d5cf1744969c80475a828,8a69d882741c9042875045579f06172e194eedd707668175ecbe6420d5aea72c
toy/cache-build/t10/threads4,201,cache_build,4,,10,h_msg,0,0,True,validation/stage1-20261004-0100/exact-counts.jsonl,179,db6e998d9b222d86e512c19a5819bb666e827c721d756b5702ba5a04d24f613f,43f660222fd3975ec19028453ba7b3ad3b58d678cd5d5cf1744969c80475a828,8a69d882741c9042875045579f06172e194eedd707668175ecbe6420d5aea72c
toy/cache-build/t10/threads4,201,cache_build,4,,10,prf,69632,69632,True,validation/stage1-20261004-0100/exact-counts.jsonl,179,db6e998d9b222d86e512c19a5819bb666e827c721d756b5702ba5a04d24f613f,43f660222fd3975ec19028453ba7b3ad3b58d678cd5d5cf1744969c80475a828,8a69d882741c9042875045579f06172e194eedd707668175ecbe6420d5aea72c
toy/cache-build/t10/threads4,201,cache_build,4,,10,prf_msg,0,0,True,validation/stage1-20261004-0100/exact-counts.jsonl,179,db6e998d9b222d86e512c19a5819bb666e827c721d756b5702ba5a04d24f613f,43f660222fd3975ec19028453ba7b3ad3b58d678cd5d5cf1744969c80475a828,8a69d882741c9042875045579f06172e194eedd707668175ecbe6420d5aea72c
toy/cache-build/t10/threads4,201,cache_build,4,,10,t,1024,1024,True,validation/stage1-20261004-0100/exact-counts.jsonl,179,db6e998d9b222d86e512c19a5819bb666e827c721d756b5702ba5a04d24f613f,43f660222fd3975ec19028453ba7b3ad3b58d678cd5d5cf1744969c80475a828,8a69d882741c9042875045579f06172e194eedd707668175ecbe6420d5aea72c
toy/cache-save/t10/threads4,201,cache_save,4,,10,compress,0,0,True,validation/stage1-20261004-0100/exact-counts.jsonl,180,db6e998d9b222d86e512c19a5819bb666e827c721d756b5702ba5a04d24f613f,d32004b92d09b6715550c407a1d8c86d8a1ed38159d863d1b0276d81e925b2da,8a69d882741c9042875045579f06172e194eedd707668175ecbe6420d5aea72c
toy/cache-save/t10/threads4,201,cache_save,4,,10,f,0,0,True,validation/stage1-20261004-0100/exact-counts.jsonl,180,db6e998d9b222d86e512c19a5819bb666e827c721d756b5702ba5a04d24f613f,d32004b92d09b6715550c407a1d8c86d8a1ed38159d863d1b0276d81e925b2da,8a69d882741c9042875045579f06172e194eedd707668175ecbe6420d5aea72c
toy/cache-save/t10/threads4,201,cache_save,4,,10,h,0,0,True,validation/stage1-20261004-0100/exact-counts.jsonl,180,db6e998d9b222d86e512c19a5819bb666e827c721d756b5702ba5a04d24f613f,d32004b92d09b6715550c407a1d8c86d8a1ed38159d863d1b0276d81e925b2da,8a69d882741c9042875045579f06172e194eedd707668175ecbe6420d5aea72c
toy/cache-save/t10/threads4,201,cache_save,4,,10,h_msg,0,0,True,validation/stage1-20261004-0100/exact-counts.jsonl,180,db6e998d9b222d86e512c19a5819bb666e827c721d756b5702ba5a04d24f613f,d32004b92d09b6715550c407a1d8c86d8a1ed38159d863d1b0276d81e925b2da,8a69d882741c9042875045579f06172e194eedd707668175ecbe6420d5aea72c
toy/cache-save/t10/threads4,201,cache_save,4,,10,prf,0,0,True,validation/stage1-20261004-0100/exact-counts.jsonl,180,db6e998d9b222d86e512c19a5819bb666e827c721d756b5702ba5a04d24f613f,d32004b92d09b6715550c407a1d8c86d8a1ed38159d863d1b0276d81e925b2da,8a69d882741c9042875045579f06172e194eedd707668175ecbe6420d5aea72c
toy/cache-save/t10/threads4,201,cache_save,4,,10,prf_msg,0,0,True,validation/stage1-20261004-0100/exact-counts.jsonl,180,db6e998d9b222d86e512c19a5819bb666e827c721d756b5702ba5a04d24f613f,d32004b92d09b6715550c407a1d8c86d8a1ed38159d863d1b0276d81e925b2da,8a69d882741c9042875045579f06172e194eedd707668175ecbe6420d5aea72c
toy/cache-save/t10/threads4,201,cache_save,4,,10,t,0,0,True,validation/stage1-20261004-0100/exact-counts.jsonl,180,db6e998d9b222d86e512c19a5819bb666e827c721d756b5702ba5a04d24f613f,d32004b92d09b6715550c407a1d8c86d8a1ed38159d863d1b0276d81e925b2da,8a69d882741c9042875045579f06172e194eedd707668175ecbe6420d5aea72c
toy/cache-load/t10/threads4,201,cache_load,4,,10,compress,1,1,True,validation/stage1-20261004-0100/exact-counts.jsonl,181,db6e998d9b222d86e512c19a5819bb666e827c721d756b5702ba5a04d24f613f,02de1ab0e90be320592146b6a452f954ab555a918519505a6e22615f5ddc8057,8a69d882741c9042875045579f06172e194eedd707668175ecbe6420d5aea72c
toy/cache-load/t10/threads4,201,cache_load,4,,10,f,0,0,True,validation/stage1-20261004-0100/exact-counts.jsonl,181,db6e998d9b222d86e512c19a5819bb666e827c721d756b5702ba5a04d24f613f,02de1ab0e90be320592146b6a452f954ab555a918519505a6e22615f5ddc8057,8a69d882741c9042875045579f06172e194eedd707668175ecbe6420d5aea72c
toy/cache-load/t10/threads4,201,cache_load,4,,10,h,0,0,True,validation/stage1-20261004-0100/exact-counts.jsonl,181,db6e998d9b222d86e512c19a5819bb666e827c721d756b5702ba5a04d24f613f,02de1ab0e90be320592146b6a452f954ab555a918519505a6e22615f5ddc8057,8a69d882741c9042875045579f06172e194eedd707668175ecbe6420d5aea72c
toy/cache-load/t10/threads4,201,cache_load,4,,10,h_msg,0,0,True,validation/stage1-20261004-0100/exact-counts.jsonl,181,db6e998d9b222d86e512c19a5819bb666e827c721d756b5702ba5a04d24f613f,02de1ab0e90be320592146b6a452f954ab555a918519505a6e22615f5ddc8057,8a69d882741c9042875045579f06172e194eedd707668175ecbe6420d5aea72c
toy/cache-load/t10/threads4,201,cache_load,4,,10,prf,0,0,True,validation/stage1-20261004-0100/exact-counts.jsonl,181,db6e998d9b222d86e512c19a5819bb666e827c721d756b5702ba5a04d24f613f,02de1ab0e90be320592146b6a452f954ab555a918519505a6e22615f5ddc8057,8a69d882741c9042875045579f06172e194eedd707668175ecbe6420d5aea72c
toy/cache-load/t10/threads4,201,cache_load,4,,10,prf_msg,0,0,True,validation/stage1-20261004-0100/exact-counts.jsonl,181,db6e998d9b222d86e512c19a5819bb666e827c721d756b5702ba5a04d24f613f,02de1ab0e90be320592146b6a452f954ab555a918519505a6e22615f5ddc8057,8a69d882741c9042875045579f06172e194eedd707668175ecbe6420d5aea72c
toy/cache-load/t10/threads4,201,cache_load,4,,10,t,0,0,True,validation/stage1-20261004-0100/exact-counts.jsonl,181,db6e998d9b222d86e512c19a5819bb666e827c721d756b5702ba5a04d24f613f,02de1ab0e90be320592146b6a452f954ab555a918519505a6e22615f5ddc8057,8a69d882741c9042875045579f06172e194eedd707668175ecbe6420d5aea72c
pid201/internal-mp-0/none/t4/sign,201,sign,4,internal,,compress,316277,316277,True,validation/stage1-20261004-0100/exact-counts.jsonl,182,db6e998d9b222d86e512c19a5819bb666e827c721d756b5702ba5a04d24f613f,bd2fbd173c0374326a0d5922816364ec1d0415a2d04bfc4d8810c4c2cee89dc0,8a69d882741c9042875045579f06172e194eedd707668175ecbe6420d5aea72c
pid201/internal-mp-0/none/t4/sign,201,sign,4,internal,,f,214920,214920,True,validation/stage1-20261004-0100/exact-counts.jsonl,182,db6e998d9b222d86e512c19a5819bb666e827c721d756b5702ba5a04d24f613f,bd2fbd173c0374326a0d5922816364ec1d0415a2d04bfc4d8810c4c2cee89dc0,8a69d882741c9042875045579f06172e194eedd707668175ecbe6420d5aea72c
pid201/internal-mp-0/none/t4/sign,201,sign,4,internal,,h,7151,7151,True,validation/stage1-20261004-0100/exact-counts.jsonl,182,db6e998d9b222d86e512c19a5819bb666e827c721d756b5702ba5a04d24f613f,bd2fbd173c0374326a0d5922816364ec1d0415a2d04bfc4d8810c4c2cee89dc0,8a69d882741c9042875045579f06172e194eedd707668175ecbe6420d5aea72c
pid201/internal-mp-0/none/t4/sign,201,sign,4,internal,,h_msg,1,1,True,validation/stage1-20261004-0100/exact-counts.jsonl,182,db6e998d9b222d86e512c19a5819bb666e827c721d756b5702ba5a04d24f613f,bd2fbd173c0374326a0d5922816364ec1d0415a2d04bfc4d8810c4c2cee89dc0,8a69d882741c9042875045579f06172e194eedd707668175ecbe6420d5aea72c
pid201/internal-mp-0/none/t4/sign,201,sign,4,internal,,prf,75782,75782,True,validation/stage1-20261004-0100/exact-counts.jsonl,182,db6e998d9b222d86e512c19a5819bb666e827c721d756b5702ba5a04d24f613f,bd2fbd173c0374326a0d5922816364ec1d0415a2d04bfc4d8810c4c2cee89dc0,8a69d882741c9042875045579f06172e194eedd707668175ecbe6420d5aea72c
pid201/internal-mp-0/none/t4/sign,201,sign,4,internal,,prf_msg,1,1,True,validation/stage1-20261004-0100/exact-counts.jsonl,182,db6e998d9b222d86e512c19a5819bb666e827c721d756b5702ba5a04d24f613f,bd2fbd173c0374326a0d5922816364ec1d0415a2d04bfc4d8810c4c2cee89dc0,8a69d882741c9042875045579f06172e194eedd707668175ecbe6420d5aea72c
pid201/internal-mp-0/none/t4/sign,201,sign,4,internal,,t,1024,1024,True,validation/stage1-20261004-0100/exact-counts.jsonl,182,db6e998d9b222d86e512c19a5819bb666e827c721d756b5702ba5a04d24f613f,bd2fbd173c0374326a0d5922816364ec1d0415a2d04bfc4d8810c4c2cee89dc0,8a69d882741c9042875045579f06172e194eedd707668175ecbe6420d5aea72c
pid201/internal-mp-0/none/t4/verify,201,verify,4,internal,,compress,220,220,True,validation/stage1-20261004-0100/exact-counts.jsonl,183,db6e998d9b222d86e512c19a5819bb666e827c721d756b5702ba5a04d24f613f,320c970049534ebcf804fda93782157fd81d27b70734597009703da275f5a551,8a69d882741c9042875045579f06172e194eedd707668175ecbe6420d5aea72c
pid201/internal-mp-0/none/t4/verify,201,verify,4,internal,,f,126,126,True,validation/stage1-20261004-0100/exact-counts.jsonl,183,db6e998d9b222d86e512c19a5819bb666e827c721d756b5702ba5a04d24f613f,320c970049534ebcf804fda93782157fd81d27b70734597009703da275f5a551,8a69d882741c9042875045579f06172e194eedd707668175ecbe6420d5aea72c
pid201/internal-mp-0/none/t4/verify,201,verify,4,internal,,h,70,70,True,validation/stage1-20261004-0100/exact-counts.jsonl,183,db6e998d9b222d86e512c19a5819bb666e827c721d756b5702ba5a04d24f613f,320c970049534ebcf804fda93782157fd81d27b70734597009703da275f5a551,8a69d882741c9042875045579f06172e194eedd707668175ecbe6420d5aea72c
pid201/internal-mp-0/none/t4/verify,201,verify,4,internal,,h_msg,1,1,True,validation/stage1-20261004-0100/exact-counts.jsonl,183,db6e998d9b222d86e512c19a5819bb666e827c721d756b5702ba5a04d24f613f,320c970049534ebcf804fda93782157fd81d27b70734597009703da275f5a551,8a69d882741c9042875045579f06172e194eedd707668175ecbe6420d5aea72c
pid201/internal-mp-0/none/t4/verify,201,verify,4,internal,,prf,0,0,True,validation/stage1-20261004-0100/exact-counts.jsonl,183,db6e998d9b222d86e512c19a5819bb666e827c721d756b5702ba5a04d24f613f,320c970049534ebcf804fda93782157fd81d27b70734597009703da275f5a551,8a69d882741c9042875045579f06172e194eedd707668175ecbe6420d5aea72c
pid201/internal-mp-0/none/t4/verify,201,verify,4,internal,,prf_msg,0,0,True,validation/stage1-20261004-0100/exact-counts.jsonl,183,db6e998d9b222d86e512c19a5819bb666e827c721d756b5702ba5a04d24f613f,320c970049534ebcf804fda93782157fd81d27b70734597009703da275f5a551,8a69d882741c9042875045579f06172e194eedd707668175ecbe6420d5aea72c
pid201/internal-mp-0/none/t4/verify,201,verify,4,internal,,t,2,2,True,validation/stage1-20261004-0100/exact-counts.jsonl,183,db6e998d9b222d86e512c19a5819bb666e827c721d756b5702ba5a04d24f613f,320c970049534ebcf804fda93782157fd81d27b70734597009703da275f5a551,8a69d882741c9042875045579f06172e194eedd707668175ecbe6420d5aea72c
pid201/internal-mp-1/none/t4/sign,201,sign,4,internal,,compress,316304,316304,True,validation/stage1-20261004-0100/exact-counts.jsonl,184,db6e998d9b222d86e512c19a5819bb666e827c721d756b5702ba5a04d24f613f,2d994ba88a59e59fe3feb137cdcd4f4526a7556ad7977cbf4733ddac0cbae699,8a69d882741c9042875045579f06172e194eedd707668175ecbe6420d5aea72c
pid201/internal-mp-1/none/t4/sign,201,sign,4,internal,,f,214947,214947,True,validation/stage1-20261004-0100/exact-counts.jsonl,184,db6e998d9b222d86e512c19a5819bb666e827c721d756b5702ba5a04d24f613f,2d994ba88a59e59fe3feb137cdcd4f4526a7556ad7977cbf4733ddac0cbae699,8a69d882741c9042875045579f06172e194eedd707668175ecbe6420d5aea72c
pid201/internal-mp-1/none/t4/sign,201,sign,4,internal,,h,7151,7151,True,validation/stage1-20261004-0100/exact-counts.jsonl,184,db6e998d9b222d86e512c19a5819bb666e827c721d756b5702ba5a04d24f613f,2d994ba88a59e59fe3feb137cdcd4f4526a7556ad7977cbf4733ddac0cbae699,8a69d882741c9042875045579f06172e194eedd707668175ecbe6420d5aea72c
pid201/internal-mp-1/none/t4/sign,201,sign,4,internal,,h_msg,1,1,True,validation/stage1-20261004-0100/exact-counts.jsonl,184,db6e998d9b222d86e512c19a5819bb666e827c721d756b5702ba5a04d24f613f,2d994ba88a59e59fe3feb137cdcd4f4526a7556ad7977cbf4733ddac0cbae699,8a69d882741c9042875045579f06172e194eedd707668175ecbe6420d5aea72c
pid201/internal-mp-1/none/t4/sign,201,sign,4,internal,,prf,75782,75782,True,validation/stage1-20261004-0100/exact-counts.jsonl,184,db6e998d9b222d86e512c19a5819bb666e827c721d756b5702ba5a04d24f613f,2d994ba88a59e59fe3feb137cdcd4f4526a7556ad7977cbf4733ddac0cbae699,8a69d882741c9042875045579f06172e194eedd707668175ecbe6420d5aea72c
pid201/internal-mp-1/none/t4/sign,201,sign,4,internal,,prf_msg,1,1,True,validation/stage1-20261004-0100/exact-counts.jsonl,184,db6e998d9b222d86e512c19a5819bb666e827c721d756b5702ba5a04d24f613f,2d994ba88a59e59fe3feb137cdcd4f4526a7556ad7977cbf4733ddac0cbae699,8a69d882741c9042875045579f06172e194eedd707668175ecbe6420d5aea72c
pid201/internal-mp-1/none/t4/sign,201,sign,4,internal,,t,1024,1024,True,validation/stage1-20261004-0100/exact-counts.jsonl,184,db6e998d9b222d86e512c19a5819bb666e827c721d756b5702ba5a04d24f613f,2d994ba88a59e59fe3feb137cdcd4f4526a7556ad7977cbf4733ddac0cbae699,8a69d882741c9042875045579f06172e194eedd707668175ecbe6420d5aea72c
pid201/internal-mp-1/none/t4/verify,201,verify,4,internal,,compress,193,193,True,validation/stage1-20261004-0100/exact-counts.jsonl,185,db6e998d9b222d86e512c19a5819bb666e827c721d756b5702ba5a04d24f613f,a612eedb86df50850a93c23cac08d2cd5e3ed8fbc5036ab8a9d8852ae13b415b,8a69d882741c9042875045579f06172e194eedd707668175ecbe6420d5aea72c
pid201/internal-mp-1/none/t4/verify,201,verify,4,internal,,f,99,99,True,validation/stage1-20261004-0100/exact-counts.jsonl,185,db6e998d9b222d86e512c19a5819bb666e827c721d756b5702ba5a04d24f613f,a612eedb86df50850a93c23cac08d2cd5e3ed8fbc5036ab8a9d8852ae13b415b,8a69d882741c9042875045579f06172e194eedd707668175ecbe6420d5aea72c
pid201/internal-mp-1/none/t4/verify,201,verify,4,internal,,h,70,70,True,validation/stage1-20261004-0100/exact-counts.jsonl,185,db6e998d9b222d86e512c19a5819bb666e827c721d756b5702ba5a04d24f613f,a612eedb86df50850a93c23cac08d2cd5e3ed8fbc5036ab8a9d8852ae13b415b,8a69d882741c9042875045579f06172e194eedd707668175ecbe6420d5aea72c
pid201/internal-mp-1/none/t4/verify,201,verify,4,internal,,h_msg,1,1,True,validation/stage1-20261004-0100/exact-counts.jsonl,185,db6e998d9b222d86e512c19a5819bb666e827c721d756b5702ba5a04d24f613f,a612eedb86df50850a93c23cac08d2cd5e3ed8fbc5036ab8a9d8852ae13b415b,8a69d882741c9042875045579f06172e194eedd707668175ecbe6420d5aea72c
pid201/internal-mp-1/none/t4/verify,201,verify,4,internal,,prf,0,0,True,validation/stage1-20261004-0100/exact-counts.jsonl,185,db6e998d9b222d86e512c19a5819bb666e827c721d756b5702ba5a04d24f613f,a612eedb86df50850a93c23cac08d2cd5e3ed8fbc5036ab8a9d8852ae13b415b,8a69d882741c9042875045579f06172e194eedd707668175ecbe6420d5aea72c
pid201/internal-mp-1/none/t4/verify,201,verify,4,internal,,prf_msg,0,0,True,validation/stage1-20261004-0100/exact-counts.jsonl,185,db6e998d9b222d86e512c19a5819bb666e827c721d756b5702ba5a04d24f613f,a612eedb86df50850a93c23cac08d2cd5e3ed8fbc5036ab8a9d8852ae13b415b,8a69d882741c9042875045579f06172e194eedd707668175ecbe6420d5aea72c
pid201/internal-mp-1/none/t4/verify,201,verify,4,internal,,t,2,2,True,validation/stage1-20261004-0100/exact-counts.jsonl,185,db6e998d9b222d86e512c19a5819bb666e827c721d756b5702ba5a04d24f613f,a612eedb86df50850a93c23cac08d2cd5e3ed8fbc5036ab8a9d8852ae13b415b,8a69d882741c9042875045579f06172e194eedd707668175ecbe6420d5aea72c
pid201/internal-mp-7/none/t4/sign,201,sign,4,internal,,compress,316289,316289,True,validation/stage1-20261004-0100/exact-counts.jsonl,186,db6e998d9b222d86e512c19a5819bb666e827c721d756b5702ba5a04d24f613f,d8cede0fa36b72b93c1ee5d82aba7894c6cf209d985060a7f39326ea1fb9f4f8,8a69d882741c9042875045579f06172e194eedd707668175ecbe6420d5aea72c
pid201/internal-mp-7/none/t4/sign,201,sign,4,internal,,f,214932,214932,True,validation/stage1-20261004-0100/exact-counts.jsonl,186,db6e998d9b222d86e512c19a5819bb666e827c721d756b5702ba5a04d24f613f,d8cede0fa36b72b93c1ee5d82aba7894c6cf209d985060a7f39326ea1fb9f4f8,8a69d882741c9042875045579f06172e194eedd707668175ecbe6420d5aea72c
pid201/internal-mp-7/none/t4/sign,201,sign,4,internal,,h,7151,7151,True,validation/stage1-20261004-0100/exact-counts.jsonl,186,db6e998d9b222d86e512c19a5819bb666e827c721d756b5702ba5a04d24f613f,d8cede0fa36b72b93c1ee5d82aba7894c6cf209d985060a7f39326ea1fb9f4f8,8a69d882741c9042875045579f06172e194eedd707668175ecbe6420d5aea72c
pid201/internal-mp-7/none/t4/sign,201,sign,4,internal,,h_msg,1,1,True,validation/stage1-20261004-0100/exact-counts.jsonl,186,db6e998d9b222d86e512c19a5819bb666e827c721d756b5702ba5a04d24f613f,d8cede0fa36b72b93c1ee5d82aba7894c6cf209d985060a7f39326ea1fb9f4f8,8a69d882741c9042875045579f06172e194eedd707668175ecbe6420d5aea72c
pid201/internal-mp-7/none/t4/sign,201,sign,4,internal,,prf,75782,75782,True,validation/stage1-20261004-0100/exact-counts.jsonl,186,db6e998d9b222d86e512c19a5819bb666e827c721d756b5702ba5a04d24f613f,d8cede0fa36b72b93c1ee5d82aba7894c6cf209d985060a7f39326ea1fb9f4f8,8a69d882741c9042875045579f06172e194eedd707668175ecbe6420d5aea72c
pid201/internal-mp-7/none/t4/sign,201,sign,4,internal,,prf_msg,1,1,True,validation/stage1-20261004-0100/exact-counts.jsonl,186,db6e998d9b222d86e512c19a5819bb666e827c721d756b5702ba5a04d24f613f,d8cede0fa36b72b93c1ee5d82aba7894c6cf209d985060a7f39326ea1fb9f4f8,8a69d882741c9042875045579f06172e194eedd707668175ecbe6420d5aea72c
pid201/internal-mp-7/none/t4/sign,201,sign,4,internal,,t,1024,1024,True,validation/stage1-20261004-0100/exact-counts.jsonl,186,db6e998d9b222d86e512c19a5819bb666e827c721d756b5702ba5a04d24f613f,d8cede0fa36b72b93c1ee5d82aba7894c6cf209d985060a7f39326ea1fb9f4f8,8a69d882741c9042875045579f06172e194eedd707668175ecbe6420d5aea72c
pid201/internal-mp-7/none/t4/verify,201,verify,4,internal,,compress,208,208,True,validation/stage1-20261004-0100/exact-counts.jsonl,187,db6e998d9b222d86e512c19a5819bb666e827c721d756b5702ba5a04d24f613f,e1e4acf83793c2fd17410152519ebc3bc48ba8415f2b2ce42c1964d97d905ebb,8a69d882741c9042875045579f06172e194eedd707668175ecbe6420d5aea72c
pid201/internal-mp-7/none/t4/verify,201,verify,4,internal,,f,114,114,True,validation/stage1-20261004-0100/exact-counts.jsonl,187,db6e998d9b222d86e512c19a5819bb666e827c721d756b5702ba5a04d24f613f,e1e4acf83793c2fd17410152519ebc3bc48ba8415f2b2ce42c1964d97d905ebb,8a69d882741c9042875045579f06172e194eedd707668175ecbe6420d5aea72c
pid201/internal-mp-7/none/t4/verify,201,verify,4,internal,,h,70,70,True,validation/stage1-20261004-0100/exact-counts.jsonl,187,db6e998d9b222d86e512c19a5819bb666e827c721d756b5702ba5a04d24f613f,e1e4acf83793c2fd17410152519ebc3bc48ba8415f2b2ce42c1964d97d905ebb,8a69d882741c9042875045579f06172e194eedd707668175ecbe6420d5aea72c
pid201/internal-mp-7/none/t4/verify,201,verify,4,internal,,h_msg,1,1,True,validation/stage1-20261004-0100/exact-counts.jsonl,187,db6e998d9b222d86e512c19a5819bb666e827c721d756b5702ba5a04d24f613f,e1e4acf83793c2fd17410152519ebc3bc48ba8415f2b2ce42c1964d97d905ebb,8a69d882741c9042875045579f06172e194eedd707668175ecbe6420d5aea72c
pid201/internal-mp-7/none/t4/verify,201,verify,4,internal,,prf,0,0,True,validation/stage1-20261004-0100/exact-counts.jsonl,187,db6e998d9b222d86e512c19a5819bb666e827c721d756b5702ba5a04d24f613f,e1e4acf83793c2fd17410152519ebc3bc48ba8415f2b2ce42c1964d97d905ebb,8a69d882741c9042875045579f06172e194eedd707668175ecbe6420d5aea72c
pid201/internal-mp-7/none/t4/verify,201,verify,4,internal,,prf_msg,0,0,True,validation/stage1-20261004-0100/exact-counts.jsonl,187,db6e998d9b222d86e512c19a5819bb666e827c721d756b5702ba5a04d24f613f,e1e4acf83793c2fd17410152519ebc3bc48ba8415f2b2ce42c1964d97d905ebb,8a69d882741c9042875045579f06172e194eedd707668175ecbe6420d5aea72c
pid201/internal-mp-7/none/t4/verify,201,verify,4,internal,,t,2,2,True,validation/stage1-20261004-0100/exact-counts.jsonl,187,db6e998d9b222d86e512c19a5819bb666e827c721d756b5702ba5a04d24f613f,e1e4acf83793c2fd17410152519ebc3bc48ba8415f2b2ce42c1964d97d905ebb,8a69d882741c9042875045579f06172e194eedd707668175ecbe6420d5aea72c
pid201/internal-mp-8/none/t4/sign,201,sign,4,internal,,compress,316299,316299,True,validation/stage1-20261004-0100/exact-counts.jsonl,188,db6e998d9b222d86e512c19a5819bb666e827c721d756b5702ba5a04d24f613f,ded014cebc5aec8ff931ab84a0f9b32a464a5353d86bcc17bc536acfda58b0f5,8a69d882741c9042875045579f06172e194eedd707668175ecbe6420d5aea72c
pid201/internal-mp-8/none/t4/sign,201,sign,4,internal,,f,214941,214941,True,validation/stage1-20261004-0100/exact-counts.jsonl,188,db6e998d9b222d86e512c19a5819bb666e827c721d756b5702ba5a04d24f613f,ded014cebc5aec8ff931ab84a0f9b32a464a5353d86bcc17bc536acfda58b0f5,8a69d882741c9042875045579f06172e194eedd707668175ecbe6420d5aea72c
pid201/internal-mp-8/none/t4/sign,201,sign,4,internal,,h,7151,7151,True,validation/stage1-20261004-0100/exact-counts.jsonl,188,db6e998d9b222d86e512c19a5819bb666e827c721d756b5702ba5a04d24f613f,ded014cebc5aec8ff931ab84a0f9b32a464a5353d86bcc17bc536acfda58b0f5,8a69d882741c9042875045579f06172e194eedd707668175ecbe6420d5aea72c
pid201/internal-mp-8/none/t4/sign,201,sign,4,internal,,h_msg,1,1,True,validation/stage1-20261004-0100/exact-counts.jsonl,188,db6e998d9b222d86e512c19a5819bb666e827c721d756b5702ba5a04d24f613f,ded014cebc5aec8ff931ab84a0f9b32a464a5353d86bcc17bc536acfda58b0f5,8a69d882741c9042875045579f06172e194eedd707668175ecbe6420d5aea72c
pid201/internal-mp-8/none/t4/sign,201,sign,4,internal,,prf,75782,75782,True,validation/stage1-20261004-0100/exact-counts.jsonl,188,db6e998d9b222d86e512c19a5819bb666e827c721d756b5702ba5a04d24f613f,ded014cebc5aec8ff931ab84a0f9b32a464a5353d86bcc17bc536acfda58b0f5,8a69d882741c9042875045579f06172e194eedd707668175ecbe6420d5aea72c
pid201/internal-mp-8/none/t4/sign,201,sign,4,internal,,prf_msg,1,1,True,validation/stage1-20261004-0100/exact-counts.jsonl,188,db6e998d9b222d86e512c19a5819bb666e827c721d756b5702ba5a04d24f613f,ded014cebc5aec8ff931ab84a0f9b32a464a5353d86bcc17bc536acfda58b0f5,8a69d882741c9042875045579f06172e194eedd707668175ecbe6420d5aea72c
pid201/internal-mp-8/none/t4/sign,201,sign,4,internal,,t,1024,1024,True,validation/stage1-20261004-0100/exact-counts.jsonl,188,db6e998d9b222d86e512c19a5819bb666e827c721d756b5702ba5a04d24f613f,ded014cebc5aec8ff931ab84a0f9b32a464a5353d86bcc17bc536acfda58b0f5,8a69d882741c9042875045579f06172e194eedd707668175ecbe6420d5aea72c
pid201/internal-mp-8/none/t4/verify,201,verify,4,internal,,compress,200,200,True,validation/stage1-20261004-0100/exact-counts.jsonl,189,db6e998d9b222d86e512c19a5819bb666e827c721d756b5702ba5a04d24f613f,75805df036db719ff9756fbd21e88a36a634484a8fc67fa1183b08425535167f,8a69d882741c9042875045579f06172e194eedd707668175ecbe6420d5aea72c
pid201/internal-mp-8/none/t4/verify,201,verify,4,internal,,f,105,105,True,validation/stage1-20261004-0100/exact-counts.jsonl,189,db6e998d9b222d86e512c19a5819bb666e827c721d756b5702ba5a04d24f613f,75805df036db719ff9756fbd21e88a36a634484a8fc67fa1183b08425535167f,8a69d882741c9042875045579f06172e194eedd707668175ecbe6420d5aea72c
pid201/internal-mp-8/none/t4/verify,201,verify,4,internal,,h,70,70,True,validation/stage1-20261004-0100/exact-counts.jsonl,189,db6e998d9b222d86e512c19a5819bb666e827c721d756b5702ba5a04d24f613f,75805df036db719ff9756fbd21e88a36a634484a8fc67fa1183b08425535167f,8a69d882741c9042875045579f06172e194eedd707668175ecbe6420d5aea72c
pid201/internal-mp-8/none/t4/verify,201,verify,4,internal,,h_msg,1,1,True,validation/stage1-20261004-0100/exact-counts.jsonl,189,db6e998d9b222d86e512c19a5819bb666e827c721d756b5702ba5a04d24f613f,75805df036db719ff9756fbd21e88a36a634484a8fc67fa1183b08425535167f,8a69d882741c9042875045579f06172e194eedd707668175ecbe6420d5aea72c
pid201/internal-mp-8/none/t4/verify,201,verify,4,internal,,prf,0,0,True,validation/stage1-20261004-0100/exact-counts.jsonl,189,db6e998d9b222d86e512c19a5819bb666e827c721d756b5702ba5a04d24f613f,75805df036db719ff9756fbd21e88a36a634484a8fc67fa1183b08425535167f,8a69d882741c9042875045579f06172e194eedd707668175ecbe6420d5aea72c
pid201/internal-mp-8/none/t4/verify,201,verify,4,internal,,prf_msg,0,0,True,validation/stage1-20261004-0100/exact-counts.jsonl,189,db6e998d9b222d86e512c19a5819bb666e827c721d756b5702ba5a04d24f613f,75805df036db719ff9756fbd21e88a36a634484a8fc67fa1183b08425535167f,8a69d882741c9042875045579f06172e194eedd707668175ecbe6420d5aea72c
pid201/internal-mp-8/none/t4/verify,201,verify,4,internal,,t,2,2,True,validation/stage1-20261004-0100/exact-counts.jsonl,189,db6e998d9b222d86e512c19a5819bb666e827c721d756b5702ba5a04d24f613f,75805df036db719ff9756fbd21e88a36a634484a8fc67fa1183b08425535167f,8a69d882741c9042875045579f06172e194eedd707668175ecbe6420d5aea72c
pid201/internal-mp-39/none/t4/sign,201,sign,4,internal,,compress,316305,316305,True,validation/stage1-20261004-0100/exact-counts.jsonl,190,db6e998d9b222d86e512c19a5819bb666e827c721d756b5702ba5a04d24f613f,3b9c6a843eefb524477fb2f073a47654877be89fdf8fca64eeb933700b85dba9,8a69d882741c9042875045579f06172e194eedd707668175ecbe6420d5aea72c
pid201/internal-mp-39/none/t4/sign,201,sign,4,internal,,f,214947,214947,True,validation/stage1-20261004-0100/exact-counts.jsonl,190,db6e998d9b222d86e512c19a5819bb666e827c721d756b5702ba5a04d24f613f,3b9c6a843eefb524477fb2f073a47654877be89fdf8fca64eeb933700b85dba9,8a69d882741c9042875045579f06172e194eedd707668175ecbe6420d5aea72c
pid201/internal-mp-39/none/t4/sign,201,sign,4,internal,,h,7151,7151,True,validation/stage1-20261004-0100/exact-counts.jsonl,190,db6e998d9b222d86e512c19a5819bb666e827c721d756b5702ba5a04d24f613f,3b9c6a843eefb524477fb2f073a47654877be89fdf8fca64eeb933700b85dba9,8a69d882741c9042875045579f06172e194eedd707668175ecbe6420d5aea72c
pid201/internal-mp-39/none/t4/sign,201,sign,4,internal,,h_msg,1,1,True,validation/stage1-20261004-0100/exact-counts.jsonl,190,db6e998d9b222d86e512c19a5819bb666e827c721d756b5702ba5a04d24f613f,3b9c6a843eefb524477fb2f073a47654877be89fdf8fca64eeb933700b85dba9,8a69d882741c9042875045579f06172e194eedd707668175ecbe6420d5aea72c
pid201/internal-mp-39/none/t4/sign,201,sign,4,internal,,prf,75782,75782,True,validation/stage1-20261004-0100/exact-counts.jsonl,190,db6e998d9b222d86e512c19a5819bb666e827c721d756b5702ba5a04d24f613f,3b9c6a843eefb524477fb2f073a47654877be89fdf8fca64eeb933700b85dba9,8a69d882741c9042875045579f06172e194eedd707668175ecbe6420d5aea72c
pid201/internal-mp-39/none/t4/sign,201,sign,4,internal,,prf_msg,1,1,True,validation/stage1-20261004-0100/exact-counts.jsonl,190,db6e998d9b222d86e512c19a5819bb666e827c721d756b5702ba5a04d24f613f,3b9c6a843eefb524477fb2f073a47654877be89fdf8fca64eeb933700b85dba9,8a69d882741c9042875045579f06172e194eedd707668175ecbe6420d5aea72c
pid201/internal-mp-39/none/t4/sign,201,sign,4,internal,,t,1024,1024,True,validation/stage1-20261004-0100/exact-counts.jsonl,190,db6e998d9b222d86e512c19a5819bb666e827c721d756b5702ba5a04d24f613f,3b9c6a843eefb524477fb2f073a47654877be89fdf8fca64eeb933700b85dba9,8a69d882741c9042875045579f06172e194eedd707668175ecbe6420d5aea72c
pid201/internal-mp-39/none/t4/verify,201,verify,4,internal,,compress,194,194,True,validation/stage1-20261004-0100/exact-counts.jsonl,191,db6e998d9b222d86e512c19a5819bb666e827c721d756b5702ba5a04d24f613f,8a96ff3ff58991109484c1ac4c2ad84db9d07886195d30bff16ee839057980d8,8a69d882741c9042875045579f06172e194eedd707668175ecbe6420d5aea72c
pid201/internal-mp-39/none/t4/verify,201,verify,4,internal,,f,99,99,True,validation/stage1-20261004-0100/exact-counts.jsonl,191,db6e998d9b222d86e512c19a5819bb666e827c721d756b5702ba5a04d24f613f,8a96ff3ff58991109484c1ac4c2ad84db9d07886195d30bff16ee839057980d8,8a69d882741c9042875045579f06172e194eedd707668175ecbe6420d5aea72c
pid201/internal-mp-39/none/t4/verify,201,verify,4,internal,,h,70,70,True,validation/stage1-20261004-0100/exact-counts.jsonl,191,db6e998d9b222d86e512c19a5819bb666e827c721d756b5702ba5a04d24f613f,8a96ff3ff58991109484c1ac4c2ad84db9d07886195d30bff16ee839057980d8,8a69d882741c9042875045579f06172e194eedd707668175ecbe6420d5aea72c
pid201/internal-mp-39/none/t4/verify,201,verify,4,internal,,h_msg,1,1,True,validation/stage1-20261004-0100/exact-counts.jsonl,191,db6e998d9b222d86e512c19a5819bb666e827c721d756b5702ba5a04d24f613f,8a96ff3ff58991109484c1ac4c2ad84db9d07886195d30bff16ee839057980d8,8a69d882741c9042875045579f06172e194eedd707668175ecbe6420d5aea72c
pid201/internal-mp-39/none/t4/verify,201,verify,4,internal,,prf,0,0,True,validation/stage1-20261004-0100/exact-counts.jsonl,191,db6e998d9b222d86e512c19a5819bb666e827c721d756b5702ba5a04d24f613f,8a96ff3ff58991109484c1ac4c2ad84db9d07886195d30bff16ee839057980d8,8a69d882741c9042875045579f06172e194eedd707668175ecbe6420d5aea72c
pid201/internal-mp-39/none/t4/verify,201,verify,4,internal,,prf_msg,0,0,True,validation/stage1-20261004-0100/exact-counts.jsonl,191,db6e998d9b222d86e512c19a5819bb666e827c721d756b5702ba5a04d24f613f,8a96ff3ff58991109484c1ac4c2ad84db9d07886195d30bff16ee839057980d8,8a69d882741c9042875045579f06172e194eedd707668175ecbe6420d5aea72c
pid201/internal-mp-39/none/t4/verify,201,verify,4,internal,,t,2,2,True,validation/stage1-20261004-0100/exact-counts.jsonl,191,db6e998d9b222d86e512c19a5819bb666e827c721d756b5702ba5a04d24f613f,8a96ff3ff58991109484c1ac4c2ad84db9d07886195d30bff16ee839057980d8,8a69d882741c9042875045579f06172e194eedd707668175ecbe6420d5aea72c
pid201/internal-mp-40/none/t4/sign,201,sign,4,internal,,compress,316309,316309,True,validation/stage1-20261004-0100/exact-counts.jsonl,192,db6e998d9b222d86e512c19a5819bb666e827c721d756b5702ba5a04d24f613f,f9fa9b92cf802a1d25d9655d8cb873a8ae6fcf6e7d7f608884587bbfc2805835,8a69d882741c9042875045579f06172e194eedd707668175ecbe6420d5aea72c
pid201/internal-mp-40/none/t4/sign,201,sign,4,internal,,f,214950,214950,True,validation/stage1-20261004-0100/exact-counts.jsonl,192,db6e998d9b222d86e512c19a5819bb666e827c721d756b5702ba5a04d24f613f,f9fa9b92cf802a1d25d9655d8cb873a8ae6fcf6e7d7f608884587bbfc2805835,8a69d882741c9042875045579f06172e194eedd707668175ecbe6420d5aea72c
pid201/internal-mp-40/none/t4/sign,201,sign,4,internal,,h,7151,7151,True,validation/stage1-20261004-0100/exact-counts.jsonl,192,db6e998d9b222d86e512c19a5819bb666e827c721d756b5702ba5a04d24f613f,f9fa9b92cf802a1d25d9655d8cb873a8ae6fcf6e7d7f608884587bbfc2805835,8a69d882741c9042875045579f06172e194eedd707668175ecbe6420d5aea72c
pid201/internal-mp-40/none/t4/sign,201,sign,4,internal,,h_msg,1,1,True,validation/stage1-20261004-0100/exact-counts.jsonl,192,db6e998d9b222d86e512c19a5819bb666e827c721d756b5702ba5a04d24f613f,f9fa9b92cf802a1d25d9655d8cb873a8ae6fcf6e7d7f608884587bbfc2805835,8a69d882741c9042875045579f06172e194eedd707668175ecbe6420d5aea72c
pid201/internal-mp-40/none/t4/sign,201,sign,4,internal,,prf,75782,75782,True,validation/stage1-20261004-0100/exact-counts.jsonl,192,db6e998d9b222d86e512c19a5819bb666e827c721d756b5702ba5a04d24f613f,f9fa9b92cf802a1d25d9655d8cb873a8ae6fcf6e7d7f608884587bbfc2805835,8a69d882741c9042875045579f06172e194eedd707668175ecbe6420d5aea72c
pid201/internal-mp-40/none/t4/sign,201,sign,4,internal,,prf_msg,1,1,True,validation/stage1-20261004-0100/exact-counts.jsonl,192,db6e998d9b222d86e512c19a5819bb666e827c721d756b5702ba5a04d24f613f,f9fa9b92cf802a1d25d9655d8cb873a8ae6fcf6e7d7f608884587bbfc2805835,8a69d882741c9042875045579f06172e194eedd707668175ecbe6420d5aea72c
pid201/internal-mp-40/none/t4/sign,201,sign,4,internal,,t,1024,1024,True,validation/stage1-20261004-0100/exact-counts.jsonl,192,db6e998d9b222d86e512c19a5819bb666e827c721d756b5702ba5a04d24f613f,f9fa9b92cf802a1d25d9655d8cb873a8ae6fcf6e7d7f608884587bbfc2805835,8a69d882741c9042875045579f06172e194eedd707668175ecbe6420d5aea72c
pid201/internal-mp-40/none/t4/verify,201,verify,4,internal,,compress,191,191,True,validation/stage1-20261004-0100/exact-counts.jsonl,193,db6e998d9b222d86e512c19a5819bb666e827c721d756b5702ba5a04d24f613f,6a619f7c741c2a76542e5a25fd9927e6b59c8bbb5757803fb22a52ba23958f92,8a69d882741c9042875045579f06172e194eedd707668175ecbe6420d5aea72c
pid201/internal-mp-40/none/t4/verify,201,verify,4,internal,,f,96,96,True,validation/stage1-20261004-0100/exact-counts.jsonl,193,db6e998d9b222d86e512c19a5819bb666e827c721d756b5702ba5a04d24f613f,6a619f7c741c2a76542e5a25fd9927e6b59c8bbb5757803fb22a52ba23958f92,8a69d882741c9042875045579f06172e194eedd707668175ecbe6420d5aea72c
pid201/internal-mp-40/none/t4/verify,201,verify,4,internal,,h,70,70,True,validation/stage1-20261004-0100/exact-counts.jsonl,193,db6e998d9b222d86e512c19a5819bb666e827c721d756b5702ba5a04d24f613f,6a619f7c741c2a76542e5a25fd9927e6b59c8bbb5757803fb22a52ba23958f92,8a69d882741c9042875045579f06172e194eedd707668175ecbe6420d5aea72c
pid201/internal-mp-40/none/t4/verify,201,verify,4,internal,,h_msg,1,1,True,validation/stage1-20261004-0100/exact-counts.jsonl,193,db6e998d9b222d86e512c19a5819bb666e827c721d756b5702ba5a04d24f613f,6a619f7c741c2a76542e5a25fd9927e6b59c8bbb5757803fb22a52ba23958f92,8a69d882741c9042875045579f06172e194eedd707668175ecbe6420d5aea72c
pid201/internal-mp-40/none/t4/verify,201,verify,4,internal,,prf,0,0,True,validation/stage1-20261004-0100/exact-counts.jsonl,193,db6e998d9b222d86e512c19a5819bb666e827c721d756b5702ba5a04d24f613f,6a619f7c741c2a76542e5a25fd9927e6b59c8bbb5757803fb22a52ba23958f92,8a69d882741c9042875045579f06172e194eedd707668175ecbe6420d5aea72c
pid201/internal-mp-40/none/t4/verify,201,verify,4,internal,,prf_msg,0,0,True,validation/stage1-20261004-0100/exact-counts.jsonl,193,db6e998d9b222d86e512c19a5819bb666e827c721d756b5702ba5a04d24f613f,6a619f7c741c2a76542e5a25fd9927e6b59c8bbb5757803fb22a52ba23958f92,8a69d882741c9042875045579f06172e194eedd707668175ecbe6420d5aea72c
pid201/internal-mp-40/none/t4/verify,201,verify,4,internal,,t,2,2,True,validation/stage1-20261004-0100/exact-counts.jsonl,193,db6e998d9b222d86e512c19a5819bb666e827c721d756b5702ba5a04d24f613f,6a619f7c741c2a76542e5a25fd9927e6b59c8bbb5757803fb22a52ba23958f92,8a69d882741c9042875045579f06172e194eedd707668175ecbe6420d5aea72c
pid201/internal-mp-47/none/t4/sign,201,sign,4,internal,,compress,316303,316303,True,validation/stage1-20261004-0100/exact-counts.jsonl,194,db6e998d9b222d86e512c19a5819bb666e827c721d756b5702ba5a04d24f613f,b23a5e619c79da3e9bdfa00d451e78d9e83ed708073fd4cb36786e082b2adf82,8a69d882741c9042875045579f06172e194eedd707668175ecbe6420d5aea72c
pid201/internal-mp-47/none/t4/sign,201,sign,4,internal,,f,214944,214944,True,validation/stage1-20261004-0100/exact-counts.jsonl,194,db6e998d9b222d86e512c19a5819bb666e827c721d756b5702ba5a04d24f613f,b23a5e619c79da3e9bdfa00d451e78d9e83ed708073fd4cb36786e082b2adf82,8a69d882741c9042875045579f06172e194eedd707668175ecbe6420d5aea72c
pid201/internal-mp-47/none/t4/sign,201,sign,4,internal,,h,7151,7151,True,validation/stage1-20261004-0100/exact-counts.jsonl,194,db6e998d9b222d86e512c19a5819bb666e827c721d756b5702ba5a04d24f613f,b23a5e619c79da3e9bdfa00d451e78d9e83ed708073fd4cb36786e082b2adf82,8a69d882741c9042875045579f06172e194eedd707668175ecbe6420d5aea72c
pid201/internal-mp-47/none/t4/sign,201,sign,4,internal,,h_msg,1,1,True,validation/stage1-20261004-0100/exact-counts.jsonl,194,db6e998d9b222d86e512c19a5819bb666e827c721d756b5702ba5a04d24f613f,b23a5e619c79da3e9bdfa00d451e78d9e83ed708073fd4cb36786e082b2adf82,8a69d882741c9042875045579f06172e194eedd707668175ecbe6420d5aea72c
pid201/internal-mp-47/none/t4/sign,201,sign,4,internal,,prf,75782,75782,True,validation/stage1-20261004-0100/exact-counts.jsonl,194,db6e998d9b222d86e512c19a5819bb666e827c721d756b5702ba5a04d24f613f,b23a5e619c79da3e9bdfa00d451e78d9e83ed708073fd4cb36786e082b2adf82,8a69d882741c9042875045579f06172e194eedd707668175ecbe6420d5aea72c
pid201/internal-mp-47/none/t4/sign,201,sign,4,internal,,prf_msg,1,1,True,validation/stage1-20261004-0100/exact-counts.jsonl,194,db6e998d9b222d86e512c19a5819bb666e827c721d756b5702ba5a04d24f613f,b23a5e619c79da3e9bdfa00d451e78d9e83ed708073fd4cb36786e082b2adf82,8a69d882741c9042875045579f06172e194eedd707668175ecbe6420d5aea72c
pid201/internal-mp-47/none/t4/sign,201,sign,4,internal,,t,1024,1024,True,validation/stage1-20261004-0100/exact-counts.jsonl,194,db6e998d9b222d86e512c19a5819bb666e827c721d756b5702ba5a04d24f613f,b23a5e619c79da3e9bdfa00d451e78d9e83ed708073fd4cb36786e082b2adf82,8a69d882741c9042875045579f06172e194eedd707668175ecbe6420d5aea72c
pid201/internal-mp-47/none/t4/verify,201,verify,4,internal,,compress,197,197,True,validation/stage1-20261004-0100/exact-counts.jsonl,195,db6e998d9b222d86e512c19a5819bb666e827c721d756b5702ba5a04d24f613f,3fd8b8821341a1b20f86135785998ea4c49277db31cfafbf53c46a7d1ab008b4,8a69d882741c9042875045579f06172e194eedd707668175ecbe6420d5aea72c
pid201/internal-mp-47/none/t4/verify,201,verify,4,internal,,f,102,102,True,validation/stage1-20261004-0100/exact-counts.jsonl,195,db6e998d9b222d86e512c19a5819bb666e827c721d756b5702ba5a04d24f613f,3fd8b8821341a1b20f86135785998ea4c49277db31cfafbf53c46a7d1ab008b4,8a69d882741c9042875045579f06172e194eedd707668175ecbe6420d5aea72c
pid201/internal-mp-47/none/t4/verify,201,verify,4,internal,,h,70,70,True,validation/stage1-20261004-0100/exact-counts.jsonl,195,db6e998d9b222d86e512c19a5819bb666e827c721d756b5702ba5a04d24f613f,3fd8b8821341a1b20f86135785998ea4c49277db31cfafbf53c46a7d1ab008b4,8a69d882741c9042875045579f06172e194eedd707668175ecbe6420d5aea72c
pid201/internal-mp-47/none/t4/verify,201,verify,4,internal,,h_msg,1,1,True,validation/stage1-20261004-0100/exact-counts.jsonl,195,db6e998d9b222d86e512c19a5819bb666e827c721d756b5702ba5a04d24f613f,3fd8b8821341a1b20f86135785998ea4c49277db31cfafbf53c46a7d1ab008b4,8a69d882741c9042875045579f06172e194eedd707668175ecbe6420d5aea72c
pid201/internal-mp-47/none/t4/verify,201,verify,4,internal,,prf,0,0,True,validation/stage1-20261004-0100/exact-counts.jsonl,195,db6e998d9b222d86e512c19a5819bb666e827c721d756b5702ba5a04d24f613f,3fd8b8821341a1b20f86135785998ea4c49277db31cfafbf53c46a7d1ab008b4,8a69d882741c9042875045579f06172e194eedd707668175ecbe6420d5aea72c
pid201/internal-mp-47/none/t4/verify,201,verify,4,internal,,prf_msg,0,0,True,validation/stage1-20261004-0100/exact-counts.jsonl,195,db6e998d9b222d86e512c19a5819bb666e827c721d756b5702ba5a04d24f613f,3fd8b8821341a1b20f86135785998ea4c49277db31cfafbf53c46a7d1ab008b4,8a69d882741c9042875045579f06172e194eedd707668175ecbe6420d5aea72c
pid201/internal-mp-47/none/t4/verify,201,verify,4,internal,,t,2,2,True,validation/stage1-20261004-0100/exact-counts.jsonl,195,db6e998d9b222d86e512c19a5819bb666e827c721d756b5702ba5a04d24f613f,3fd8b8821341a1b20f86135785998ea4c49277db31cfafbf53c46a7d1ab008b4,8a69d882741c9042875045579f06172e194eedd707668175ecbe6420d5aea72c
pid201/internal-mp-48/none/t4/sign,201,sign,4,internal,,compress,316285,316285,True,validation/stage1-20261004-0100/exact-counts.jsonl,196,db6e998d9b222d86e512c19a5819bb666e827c721d756b5702ba5a04d24f613f,70ab10a1158571eea2782a99bbb3336d97134f05a3f7144ce0b1bcdce2b3becb,8a69d882741c9042875045579f06172e194eedd707668175ecbe6420d5aea72c
pid201/internal-mp-48/none/t4/sign,201,sign,4,internal,,f,214926,214926,True,validation/stage1-20261004-0100/exact-counts.jsonl,196,db6e998d9b222d86e512c19a5819bb666e827c721d756b5702ba5a04d24f613f,70ab10a1158571eea2782a99bbb3336d97134f05a3f7144ce0b1bcdce2b3becb,8a69d882741c9042875045579f06172e194eedd707668175ecbe6420d5aea72c
pid201/internal-mp-48/none/t4/sign,201,sign,4,internal,,h,7151,7151,True,validation/stage1-20261004-0100/exact-counts.jsonl,196,db6e998d9b222d86e512c19a5819bb666e827c721d756b5702ba5a04d24f613f,70ab10a1158571eea2782a99bbb3336d97134f05a3f7144ce0b1bcdce2b3becb,8a69d882741c9042875045579f06172e194eedd707668175ecbe6420d5aea72c
pid201/internal-mp-48/none/t4/sign,201,sign,4,internal,,h_msg,1,1,True,validation/stage1-20261004-0100/exact-counts.jsonl,196,db6e998d9b222d86e512c19a5819bb666e827c721d756b5702ba5a04d24f613f,70ab10a1158571eea2782a99bbb3336d97134f05a3f7144ce0b1bcdce2b3becb,8a69d882741c9042875045579f06172e194eedd707668175ecbe6420d5aea72c
pid201/internal-mp-48/none/t4/sign,201,sign,4,internal,,prf,75782,75782,True,validation/stage1-20261004-0100/exact-counts.jsonl,196,db6e998d9b222d86e512c19a5819bb666e827c721d756b5702ba5a04d24f613f,70ab10a1158571eea2782a99bbb3336d97134f05a3f7144ce0b1bcdce2b3becb,8a69d882741c9042875045579f06172e194eedd707668175ecbe6420d5aea72c
pid201/internal-mp-48/none/t4/sign,201,sign,4,internal,,prf_msg,1,1,True,validation/stage1-20261004-0100/exact-counts.jsonl,196,db6e998d9b222d86e512c19a5819bb666e827c721d756b5702ba5a04d24f613f,70ab10a1158571eea2782a99bbb3336d97134f05a3f7144ce0b1bcdce2b3becb,8a69d882741c9042875045579f06172e194eedd707668175ecbe6420d5aea72c
pid201/internal-mp-48/none/t4/sign,201,sign,4,internal,,t,1024,1024,True,validation/stage1-20261004-0100/exact-counts.jsonl,196,db6e998d9b222d86e512c19a5819bb666e827c721d756b5702ba5a04d24f613f,70ab10a1158571eea2782a99bbb3336d97134f05a3f7144ce0b1bcdce2b3becb,8a69d882741c9042875045579f06172e194eedd707668175ecbe6420d5aea72c
pid201/internal-mp-48/none/t4/verify,201,verify,4,internal,,compress,215,215,True,validation/stage1-20261004-0100/exact-counts.jsonl,197,db6e998d9b222d86e512c19a5819bb666e827c721d756b5702ba5a04d24f613f,2786e98bbee51d4ced396a1e6a7f6b5a7dc358e2a34c271da22fc185f657f2e5,8a69d882741c9042875045579f06172e194eedd707668175ecbe6420d5aea72c
pid201/internal-mp-48/none/t4/verify,201,verify,4,internal,,f,120,120,True,validation/stage1-20261004-0100/exact-counts.jsonl,197,db6e998d9b222d86e512c19a5819bb666e827c721d756b5702ba5a04d24f613f,2786e98bbee51d4ced396a1e6a7f6b5a7dc358e2a34c271da22fc185f657f2e5,8a69d882741c9042875045579f06172e194eedd707668175ecbe6420d5aea72c
pid201/internal-mp-48/none/t4/verify,201,verify,4,internal,,h,70,70,True,validation/stage1-20261004-0100/exact-counts.jsonl,197,db6e998d9b222d86e512c19a5819bb666e827c721d756b5702ba5a04d24f613f,2786e98bbee51d4ced396a1e6a7f6b5a7dc358e2a34c271da22fc185f657f2e5,8a69d882741c9042875045579f06172e194eedd707668175ecbe6420d5aea72c
pid201/internal-mp-48/none/t4/verify,201,verify,4,internal,,h_msg,1,1,True,validation/stage1-20261004-0100/exact-counts.jsonl,197,db6e998d9b222d86e512c19a5819bb666e827c721d756b5702ba5a04d24f613f,2786e98bbee51d4ced396a1e6a7f6b5a7dc358e2a34c271da22fc185f657f2e5,8a69d882741c9042875045579f06172e194eedd707668175ecbe6420d5aea72c
pid201/internal-mp-48/none/t4/verify,201,verify,4,internal,,prf,0,0,True,validation/stage1-20261004-0100/exact-counts.jsonl,197,db6e998d9b222d86e512c19a5819bb666e827c721d756b5702ba5a04d24f613f,2786e98bbee51d4ced396a1e6a7f6b5a7dc358e2a34c271da22fc185f657f2e5,8a69d882741c9042875045579f06172e194eedd707668175ecbe6420d5aea72c
pid201/internal-mp-48/none/t4/verify,201,verify,4,internal,,prf_msg,0,0,True,validation/stage1-20261004-0100/exact-counts.jsonl,197,db6e998d9b222d86e512c19a5819bb666e827c721d756b5702ba5a04d24f613f,2786e98bbee51d4ced396a1e6a7f6b5a7dc358e2a34c271da22fc185f657f2e5,8a69d882741c9042875045579f06172e194eedd707668175ecbe6420d5aea72c
pid201/internal-mp-48/none/t4/verify,201,verify,4,internal,,t,2,2,True,validation/stage1-20261004-0100/exact-counts.jsonl,197,db6e998d9b222d86e512c19a5819bb666e827c721d756b5702ba5a04d24f613f,2786e98bbee51d4ced396a1e6a7f6b5a7dc358e2a34c271da22fc185f657f2e5,8a69d882741c9042875045579f06172e194eedd707668175ecbe6420d5aea72c
pid201/internal-mp-55/none/t4/sign,201,sign,4,internal,,compress,316291,316291,True,validation/stage1-20261004-0100/exact-counts.jsonl,198,db6e998d9b222d86e512c19a5819bb666e827c721d756b5702ba5a04d24f613f,fe4c45c83c627f3f89c90e054262fe3b493d2472e2250f3030b0ec633e5dcc58,8a69d882741c9042875045579f06172e194eedd707668175ecbe6420d5aea72c
pid201/internal-mp-55/none/t4/sign,201,sign,4,internal,,f,214932,214932,True,validation/stage1-20261004-0100/exact-counts.jsonl,198,db6e998d9b222d86e512c19a5819bb666e827c721d756b5702ba5a04d24f613f,fe4c45c83c627f3f89c90e054262fe3b493d2472e2250f3030b0ec633e5dcc58,8a69d882741c9042875045579f06172e194eedd707668175ecbe6420d5aea72c
pid201/internal-mp-55/none/t4/sign,201,sign,4,internal,,h,7151,7151,True,validation/stage1-20261004-0100/exact-counts.jsonl,198,db6e998d9b222d86e512c19a5819bb666e827c721d756b5702ba5a04d24f613f,fe4c45c83c627f3f89c90e054262fe3b493d2472e2250f3030b0ec633e5dcc58,8a69d882741c9042875045579f06172e194eedd707668175ecbe6420d5aea72c
pid201/internal-mp-55/none/t4/sign,201,sign,4,internal,,h_msg,1,1,True,validation/stage1-20261004-0100/exact-counts.jsonl,198,db6e998d9b222d86e512c19a5819bb666e827c721d756b5702ba5a04d24f613f,fe4c45c83c627f3f89c90e054262fe3b493d2472e2250f3030b0ec633e5dcc58,8a69d882741c9042875045579f06172e194eedd707668175ecbe6420d5aea72c
pid201/internal-mp-55/none/t4/sign,201,sign,4,internal,,prf,75782,75782,True,validation/stage1-20261004-0100/exact-counts.jsonl,198,db6e998d9b222d86e512c19a5819bb666e827c721d756b5702ba5a04d24f613f,fe4c45c83c627f3f89c90e054262fe3b493d2472e2250f3030b0ec633e5dcc58,8a69d882741c9042875045579f06172e194eedd707668175ecbe6420d5aea72c
pid201/internal-mp-55/none/t4/sign,201,sign,4,internal,,prf_msg,1,1,True,validation/stage1-20261004-0100/exact-counts.jsonl,198,db6e998d9b222d86e512c19a5819bb666e827c721d756b5702ba5a04d24f613f,fe4c45c83c627f3f89c90e054262fe3b493d2472e2250f3030b0ec633e5dcc58,8a69d882741c9042875045579f06172e194eedd707668175ecbe6420d5aea72c
pid201/internal-mp-55/none/t4/sign,201,sign,4,internal,,t,1024,1024,True,validation/stage1-20261004-0100/exact-counts.jsonl,198,db6e998d9b222d86e512c19a5819bb666e827c721d756b5702ba5a04d24f613f,fe4c45c83c627f3f89c90e054262fe3b493d2472e2250f3030b0ec633e5dcc58,8a69d882741c9042875045579f06172e194eedd707668175ecbe6420d5aea72c
pid201/internal-mp-55/none/t4/verify,201,verify,4,internal,,compress,209,209,True,validation/stage1-20261004-0100/exact-counts.jsonl,199,db6e998d9b222d86e512c19a5819bb666e827c721d756b5702ba5a04d24f613f,eebb7741dce03398cd6f0da4d6ca8603f591b61104ec6c61ec8a346b0c6aca47,8a69d882741c9042875045579f06172e194eedd707668175ecbe6420d5aea72c
pid201/internal-mp-55/none/t4/verify,201,verify,4,internal,,f,114,114,True,validation/stage1-20261004-0100/exact-counts.jsonl,199,db6e998d9b222d86e512c19a5819bb666e827c721d756b5702ba5a04d24f613f,eebb7741dce03398cd6f0da4d6ca8603f591b61104ec6c61ec8a346b0c6aca47,8a69d882741c9042875045579f06172e194eedd707668175ecbe6420d5aea72c
pid201/internal-mp-55/none/t4/verify,201,verify,4,internal,,h,70,70,True,validation/stage1-20261004-0100/exact-counts.jsonl,199,db6e998d9b222d86e512c19a5819bb666e827c721d756b5702ba5a04d24f613f,eebb7741dce03398cd6f0da4d6ca8603f591b61104ec6c61ec8a346b0c6aca47,8a69d882741c9042875045579f06172e194eedd707668175ecbe6420d5aea72c
pid201/internal-mp-55/none/t4/verify,201,verify,4,internal,,h_msg,1,1,True,validation/stage1-20261004-0100/exact-counts.jsonl,199,db6e998d9b222d86e512c19a5819bb666e827c721d756b5702ba5a04d24f613f,eebb7741dce03398cd6f0da4d6ca8603f591b61104ec6c61ec8a346b0c6aca47,8a69d882741c9042875045579f06172e194eedd707668175ecbe6420d5aea72c
pid201/internal-mp-55/none/t4/verify,201,verify,4,internal,,prf,0,0,True,validation/stage1-20261004-0100/exact-counts.jsonl,199,db6e998d9b222d86e512c19a5819bb666e827c721d756b5702ba5a04d24f613f,eebb7741dce03398cd6f0da4d6ca8603f591b61104ec6c61ec8a346b0c6aca47,8a69d882741c9042875045579f06172e194eedd707668175ecbe6420d5aea72c
pid201/internal-mp-55/none/t4/verify,201,verify,4,internal,,prf_msg,0,0,True,validation/stage1-20261004-0100/exact-counts.jsonl,199,db6e998d9b222d86e512c19a5819bb666e827c721d756b5702ba5a04d24f613f,eebb7741dce03398cd6f0da4d6ca8603f591b61104ec6c61ec8a346b0c6aca47,8a69d882741c9042875045579f06172e194eedd707668175ecbe6420d5aea72c
pid201/internal-mp-55/none/t4/verify,201,verify,4,internal,,t,2,2,True,validation/stage1-20261004-0100/exact-counts.jsonl,199,db6e998d9b222d86e512c19a5819bb666e827c721d756b5702ba5a04d24f613f,eebb7741dce03398cd6f0da4d6ca8603f591b61104ec6c61ec8a346b0c6aca47,8a69d882741c9042875045579f06172e194eedd707668175ecbe6420d5aea72c
pid201/internal-mp-56/none/t4/sign,201,sign,4,internal,,compress,316309,316309,True,validation/stage1-20261004-0100/exact-counts.jsonl,200,db6e998d9b222d86e512c19a5819bb666e827c721d756b5702ba5a04d24f613f,016b07af6f98b9ec7d27dddf357e8ae8b304a65a8d7adfcd80ce1a15a37c0e0a,8a69d882741c9042875045579f06172e194eedd707668175ecbe6420d5aea72c
pid201/internal-mp-56/none/t4/sign,201,sign,4,internal,,f,214950,214950,True,validation/stage1-20261004-0100/exact-counts.jsonl,200,db6e998d9b222d86e512c19a5819bb666e827c721d756b5702ba5a04d24f613f,016b07af6f98b9ec7d27dddf357e8ae8b304a65a8d7adfcd80ce1a15a37c0e0a,8a69d882741c9042875045579f06172e194eedd707668175ecbe6420d5aea72c
pid201/internal-mp-56/none/t4/sign,201,sign,4,internal,,h,7151,7151,True,validation/stage1-20261004-0100/exact-counts.jsonl,200,db6e998d9b222d86e512c19a5819bb666e827c721d756b5702ba5a04d24f613f,016b07af6f98b9ec7d27dddf357e8ae8b304a65a8d7adfcd80ce1a15a37c0e0a,8a69d882741c9042875045579f06172e194eedd707668175ecbe6420d5aea72c
pid201/internal-mp-56/none/t4/sign,201,sign,4,internal,,h_msg,1,1,True,validation/stage1-20261004-0100/exact-counts.jsonl,200,db6e998d9b222d86e512c19a5819bb666e827c721d756b5702ba5a04d24f613f,016b07af6f98b9ec7d27dddf357e8ae8b304a65a8d7adfcd80ce1a15a37c0e0a,8a69d882741c9042875045579f06172e194eedd707668175ecbe6420d5aea72c
pid201/internal-mp-56/none/t4/sign,201,sign,4,internal,,prf,75782,75782,True,validation/stage1-20261004-0100/exact-counts.jsonl,200,db6e998d9b222d86e512c19a5819bb666e827c721d756b5702ba5a04d24f613f,016b07af6f98b9ec7d27dddf357e8ae8b304a65a8d7adfcd80ce1a15a37c0e0a,8a69d882741c9042875045579f06172e194eedd707668175ecbe6420d5aea72c
pid201/internal-mp-56/none/t4/sign,201,sign,4,internal,,prf_msg,1,1,True,validation/stage1-20261004-0100/exact-counts.jsonl,200,db6e998d9b222d86e512c19a5819bb666e827c721d756b5702ba5a04d24f613f,016b07af6f98b9ec7d27dddf357e8ae8b304a65a8d7adfcd80ce1a15a37c0e0a,8a69d882741c9042875045579f06172e194eedd707668175ecbe6420d5aea72c
pid201/internal-mp-56/none/t4/sign,201,sign,4,internal,,t,1024,1024,True,validation/stage1-20261004-0100/exact-counts.jsonl,200,db6e998d9b222d86e512c19a5819bb666e827c721d756b5702ba5a04d24f613f,016b07af6f98b9ec7d27dddf357e8ae8b304a65a8d7adfcd80ce1a15a37c0e0a,8a69d882741c9042875045579f06172e194eedd707668175ecbe6420d5aea72c
pid201/internal-mp-56/none/t4/verify,201,verify,4,internal,,compress,191,191,True,validation/stage1-20261004-0100/exact-counts.jsonl,201,db6e998d9b222d86e512c19a5819bb666e827c721d756b5702ba5a04d24f613f,379e19329ddec9ce6224f9f0b10dcd80c350890110e1ed4884ad6a9eda8b9a69,8a69d882741c9042875045579f06172e194eedd707668175ecbe6420d5aea72c
pid201/internal-mp-56/none/t4/verify,201,verify,4,internal,,f,96,96,True,validation/stage1-20261004-0100/exact-counts.jsonl,201,db6e998d9b222d86e512c19a5819bb666e827c721d756b5702ba5a04d24f613f,379e19329ddec9ce6224f9f0b10dcd80c350890110e1ed4884ad6a9eda8b9a69,8a69d882741c9042875045579f06172e194eedd707668175ecbe6420d5aea72c
pid201/internal-mp-56/none/t4/verify,201,verify,4,internal,,h,70,70,True,validation/stage1-20261004-0100/exact-counts.jsonl,201,db6e998d9b222d86e512c19a5819bb666e827c721d756b5702ba5a04d24f613f,379e19329ddec9ce6224f9f0b10dcd80c350890110e1ed4884ad6a9eda8b9a69,8a69d882741c9042875045579f06172e194eedd707668175ecbe6420d5aea72c
pid201/internal-mp-56/none/t4/verify,201,verify,4,internal,,h_msg,1,1,True,validation/stage1-20261004-0100/exact-counts.jsonl,201,db6e998d9b222d86e512c19a5819bb666e827c721d756b5702ba5a04d24f613f,379e19329ddec9ce6224f9f0b10dcd80c350890110e1ed4884ad6a9eda8b9a69,8a69d882741c9042875045579f06172e194eedd707668175ecbe6420d5aea72c
pid201/internal-mp-56/none/t4/verify,201,verify,4,internal,,prf,0,0,True,validation/stage1-20261004-0100/exact-counts.jsonl,201,db6e998d9b222d86e512c19a5819bb666e827c721d756b5702ba5a04d24f613f,379e19329ddec9ce6224f9f0b10dcd80c350890110e1ed4884ad6a9eda8b9a69,8a69d882741c9042875045579f06172e194eedd707668175ecbe6420d5aea72c
pid201/internal-mp-56/none/t4/verify,201,verify,4,internal,,prf_msg,0,0,True,validation/stage1-20261004-0100/exact-counts.jsonl,201,db6e998d9b222d86e512c19a5819bb666e827c721d756b5702ba5a04d24f613f,379e19329ddec9ce6224f9f0b10dcd80c350890110e1ed4884ad6a9eda8b9a69,8a69d882741c9042875045579f06172e194eedd707668175ecbe6420d5aea72c
pid201/internal-mp-56/none/t4/verify,201,verify,4,internal,,t,2,2,True,validation/stage1-20261004-0100/exact-counts.jsonl,201,db6e998d9b222d86e512c19a5819bb666e827c721d756b5702ba5a04d24f613f,379e19329ddec9ce6224f9f0b10dcd80c350890110e1ed4884ad6a9eda8b9a69,8a69d882741c9042875045579f06172e194eedd707668175ecbe6420d5aea72c
pid201/internal-mp-63/none/t4/sign,201,sign,4,internal,,compress,316294,316294,True,validation/stage1-20261004-0100/exact-counts.jsonl,202,db6e998d9b222d86e512c19a5819bb666e827c721d756b5702ba5a04d24f613f,7d8942507fabc6633642665009d16a9845680c1938ad95c9f4faf8c59c1c8f8a,8a69d882741c9042875045579f06172e194eedd707668175ecbe6420d5aea72c
pid201/internal-mp-63/none/t4/sign,201,sign,4,internal,,f,214935,214935,True,validation/stage1-20261004-0100/exact-counts.jsonl,202,db6e998d9b222d86e512c19a5819bb666e827c721d756b5702ba5a04d24f613f,7d8942507fabc6633642665009d16a9845680c1938ad95c9f4faf8c59c1c8f8a,8a69d882741c9042875045579f06172e194eedd707668175ecbe6420d5aea72c
pid201/internal-mp-63/none/t4/sign,201,sign,4,internal,,h,7151,7151,True,validation/stage1-20261004-0100/exact-counts.jsonl,202,db6e998d9b222d86e512c19a5819bb666e827c721d756b5702ba5a04d24f613f,7d8942507fabc6633642665009d16a9845680c1938ad95c9f4faf8c59c1c8f8a,8a69d882741c9042875045579f06172e194eedd707668175ecbe6420d5aea72c
pid201/internal-mp-63/none/t4/sign,201,sign,4,internal,,h_msg,1,1,True,validation/stage1-20261004-0100/exact-counts.jsonl,202,db6e998d9b222d86e512c19a5819bb666e827c721d756b5702ba5a04d24f613f,7d8942507fabc6633642665009d16a9845680c1938ad95c9f4faf8c59c1c8f8a,8a69d882741c9042875045579f06172e194eedd707668175ecbe6420d5aea72c
pid201/internal-mp-63/none/t4/sign,201,sign,4,internal,,prf,75782,75782,True,validation/stage1-20261004-0100/exact-counts.jsonl,202,db6e998d9b222d86e512c19a5819bb666e827c721d756b5702ba5a04d24f613f,7d8942507fabc6633642665009d16a9845680c1938ad95c9f4faf8c59c1c8f8a,8a69d882741c9042875045579f06172e194eedd707668175ecbe6420d5aea72c
pid201/internal-mp-63/none/t4/sign,201,sign,4,internal,,prf_msg,1,1,True,validation/stage1-20261004-0100/exact-counts.jsonl,202,db6e998d9b222d86e512c19a5819bb666e827c721d756b5702ba5a04d24f613f,7d8942507fabc6633642665009d16a9845680c1938ad95c9f4faf8c59c1c8f8a,8a69d882741c9042875045579f06172e194eedd707668175ecbe6420d5aea72c
pid201/internal-mp-63/none/t4/sign,201,sign,4,internal,,t,1024,1024,True,validation/stage1-20261004-0100/exact-counts.jsonl,202,db6e998d9b222d86e512c19a5819bb666e827c721d756b5702ba5a04d24f613f,7d8942507fabc6633642665009d16a9845680c1938ad95c9f4faf8c59c1c8f8a,8a69d882741c9042875045579f06172e194eedd707668175ecbe6420d5aea72c
pid201/internal-mp-63/none/t4/verify,201,verify,4,internal,,compress,206,206,True,validation/stage1-20261004-0100/exact-counts.jsonl,203,db6e998d9b222d86e512c19a5819bb666e827c721d756b5702ba5a04d24f613f,f5f35a17acea479ac32d680fad2becd4b45bf0e7856542727ef96b5274b1bbfc,8a69d882741c9042875045579f06172e194eedd707668175ecbe6420d5aea72c
pid201/internal-mp-63/none/t4/verify,201,verify,4,internal,,f,111,111,True,validation/stage1-20261004-0100/exact-counts.jsonl,203,db6e998d9b222d86e512c19a5819bb666e827c721d756b5702ba5a04d24f613f,f5f35a17acea479ac32d680fad2becd4b45bf0e7856542727ef96b5274b1bbfc,8a69d882741c9042875045579f06172e194eedd707668175ecbe6420d5aea72c
pid201/internal-mp-63/none/t4/verify,201,verify,4,internal,,h,70,70,True,validation/stage1-20261004-0100/exact-counts.jsonl,203,db6e998d9b222d86e512c19a5819bb666e827c721d756b5702ba5a04d24f613f,f5f35a17acea479ac32d680fad2becd4b45bf0e7856542727ef96b5274b1bbfc,8a69d882741c9042875045579f06172e194eedd707668175ecbe6420d5aea72c
pid201/internal-mp-63/none/t4/verify,201,verify,4,internal,,h_msg,1,1,True,validation/stage1-20261004-0100/exact-counts.jsonl,203,db6e998d9b222d86e512c19a5819bb666e827c721d756b5702ba5a04d24f613f,f5f35a17acea479ac32d680fad2becd4b45bf0e7856542727ef96b5274b1bbfc,8a69d882741c9042875045579f06172e194eedd707668175ecbe6420d5aea72c
pid201/internal-mp-63/none/t4/verify,201,verify,4,internal,,prf,0,0,True,validation/stage1-20261004-0100/exact-counts.jsonl,203,db6e998d9b222d86e512c19a5819bb666e827c721d756b5702ba5a04d24f613f,f5f35a17acea479ac32d680fad2becd4b45bf0e7856542727ef96b5274b1bbfc,8a69d882741c9042875045579f06172e194eedd707668175ecbe6420d5aea72c
pid201/internal-mp-63/none/t4/verify,201,verify,4,internal,,prf_msg,0,0,True,validation/stage1-20261004-0100/exact-counts.jsonl,203,db6e998d9b222d86e512c19a5819bb666e827c721d756b5702ba5a04d24f613f,f5f35a17acea479ac32d680fad2becd4b45bf0e7856542727ef96b5274b1bbfc,8a69d882741c9042875045579f06172e194eedd707668175ecbe6420d5aea72c
pid201/internal-mp-63/none/t4/verify,201,verify,4,internal,,t,2,2,True,validation/stage1-20261004-0100/exact-counts.jsonl,203,db6e998d9b222d86e512c19a5819bb666e827c721d756b5702ba5a04d24f613f,f5f35a17acea479ac32d680fad2becd4b45bf0e7856542727ef96b5274b1bbfc,8a69d882741c9042875045579f06172e194eedd707668175ecbe6420d5aea72c
pid201/internal-mp-64/none/t4/sign,201,sign,4,internal,,compress,316294,316294,True,validation/stage1-20261004-0100/exact-counts.jsonl,204,db6e998d9b222d86e512c19a5819bb666e827c721d756b5702ba5a04d24f613f,68a78fbf54605002abd83e698226da6a8d60cb8ef23dd65b1250d554761fb3f7,8a69d882741c9042875045579f06172e194eedd707668175ecbe6420d5aea72c
pid201/internal-mp-64/none/t4/sign,201,sign,4,internal,,f,214935,214935,True,validation/stage1-20261004-0100/exact-counts.jsonl,204,db6e998d9b222d86e512c19a5819bb666e827c721d756b5702ba5a04d24f613f,68a78fbf54605002abd83e698226da6a8d60cb8ef23dd65b1250d554761fb3f7,8a69d882741c9042875045579f06172e194eedd707668175ecbe6420d5aea72c
pid201/internal-mp-64/none/t4/sign,201,sign,4,internal,,h,7151,7151,True,validation/stage1-20261004-0100/exact-counts.jsonl,204,db6e998d9b222d86e512c19a5819bb666e827c721d756b5702ba5a04d24f613f,68a78fbf54605002abd83e698226da6a8d60cb8ef23dd65b1250d554761fb3f7,8a69d882741c9042875045579f06172e194eedd707668175ecbe6420d5aea72c
pid201/internal-mp-64/none/t4/sign,201,sign,4,internal,,h_msg,1,1,True,validation/stage1-20261004-0100/exact-counts.jsonl,204,db6e998d9b222d86e512c19a5819bb666e827c721d756b5702ba5a04d24f613f,68a78fbf54605002abd83e698226da6a8d60cb8ef23dd65b1250d554761fb3f7,8a69d882741c9042875045579f06172e194eedd707668175ecbe6420d5aea72c
pid201/internal-mp-64/none/t4/sign,201,sign,4,internal,,prf,75782,75782,True,validation/stage1-20261004-0100/exact-counts.jsonl,204,db6e998d9b222d86e512c19a5819bb666e827c721d756b5702ba5a04d24f613f,68a78fbf54605002abd83e698226da6a8d60cb8ef23dd65b1250d554761fb3f7,8a69d882741c9042875045579f06172e194eedd707668175ecbe6420d5aea72c
pid201/internal-mp-64/none/t4/sign,201,sign,4,internal,,prf_msg,1,1,True,validation/stage1-20261004-0100/exact-counts.jsonl,204,db6e998d9b222d86e512c19a5819bb666e827c721d756b5702ba5a04d24f613f,68a78fbf54605002abd83e698226da6a8d60cb8ef23dd65b1250d554761fb3f7,8a69d882741c9042875045579f06172e194eedd707668175ecbe6420d5aea72c
pid201/internal-mp-64/none/t4/sign,201,sign,4,internal,,t,1024,1024,True,validation/stage1-20261004-0100/exact-counts.jsonl,204,db6e998d9b222d86e512c19a5819bb666e827c721d756b5702ba5a04d24f613f,68a78fbf54605002abd83e698226da6a8d60cb8ef23dd65b1250d554761fb3f7,8a69d882741c9042875045579f06172e194eedd707668175ecbe6420d5aea72c
pid201/internal-mp-64/none/t4/verify,201,verify,4,internal,,compress,206,206,True,validation/stage1-20261004-0100/exact-counts.jsonl,205,db6e998d9b222d86e512c19a5819bb666e827c721d756b5702ba5a04d24f613f,908432a0a8df70bf310f7198b3aa9978c0b7b751f03fa7f2b973f5a4df08baab,8a69d882741c9042875045579f06172e194eedd707668175ecbe6420d5aea72c
pid201/internal-mp-64/none/t4/verify,201,verify,4,internal,,f,111,111,True,validation/stage1-20261004-0100/exact-counts.jsonl,205,db6e998d9b222d86e512c19a5819bb666e827c721d756b5702ba5a04d24f613f,908432a0a8df70bf310f7198b3aa9978c0b7b751f03fa7f2b973f5a4df08baab,8a69d882741c9042875045579f06172e194eedd707668175ecbe6420d5aea72c
pid201/internal-mp-64/none/t4/verify,201,verify,4,internal,,h,70,70,True,validation/stage1-20261004-0100/exact-counts.jsonl,205,db6e998d9b222d86e512c19a5819bb666e827c721d756b5702ba5a04d24f613f,908432a0a8df70bf310f7198b3aa9978c0b7b751f03fa7f2b973f5a4df08baab,8a69d882741c9042875045579f06172e194eedd707668175ecbe6420d5aea72c
pid201/internal-mp-64/none/t4/verify,201,verify,4,internal,,h_msg,1,1,True,validation/stage1-20261004-0100/exact-counts.jsonl,205,db6e998d9b222d86e512c19a5819bb666e827c721d756b5702ba5a04d24f613f,908432a0a8df70bf310f7198b3aa9978c0b7b751f03fa7f2b973f5a4df08baab,8a69d882741c9042875045579f06172e194eedd707668175ecbe6420d5aea72c
pid201/internal-mp-64/none/t4/verify,201,verify,4,internal,,prf,0,0,True,validation/stage1-20261004-0100/exact-counts.jsonl,205,db6e998d9b222d86e512c19a5819bb666e827c721d756b5702ba5a04d24f613f,908432a0a8df70bf310f7198b3aa9978c0b7b751f03fa7f2b973f5a4df08baab,8a69d882741c9042875045579f06172e194eedd707668175ecbe6420d5aea72c
pid201/internal-mp-64/none/t4/verify,201,verify,4,internal,,prf_msg,0,0,True,validation/stage1-20261004-0100/exact-counts.jsonl,205,db6e998d9b222d86e512c19a5819bb666e827c721d756b5702ba5a04d24f613f,908432a0a8df70bf310f7198b3aa9978c0b7b751f03fa7f2b973f5a4df08baab,8a69d882741c9042875045579f06172e194eedd707668175ecbe6420d5aea72c
pid201/internal-mp-64/none/t4/verify,201,verify,4,internal,,t,2,2,True,validation/stage1-20261004-0100/exact-counts.jsonl,205,db6e998d9b222d86e512c19a5819bb666e827c721d756b5702ba5a04d24f613f,908432a0a8df70bf310f7198b3aa9978c0b7b751f03fa7f2b973f5a4df08baab,8a69d882741c9042875045579f06172e194eedd707668175ecbe6420d5aea72c
pid201/internal-mp-257/none/t4/sign,201,sign,4,internal,,compress,316312,316312,True,validation/stage1-20261004-0100/exact-counts.jsonl,206,db6e998d9b222d86e512c19a5819bb666e827c721d756b5702ba5a04d24f613f,4c253b116b67799d2b86a29ae3909033f756042f88f95c7d27dd21766c4d7971,8a69d882741c9042875045579f06172e194eedd707668175ecbe6420d5aea72c
pid201/internal-mp-257/none/t4/sign,201,sign,4,internal,,f,214947,214947,True,validation/stage1-20261004-0100/exact-counts.jsonl,206,db6e998d9b222d86e512c19a5819bb666e827c721d756b5702ba5a04d24f613f,4c253b116b67799d2b86a29ae3909033f756042f88f95c7d27dd21766c4d7971,8a69d882741c9042875045579f06172e194eedd707668175ecbe6420d5aea72c
pid201/internal-mp-257/none/t4/sign,201,sign,4,internal,,h,7151,7151,True,validation/stage1-20261004-0100/exact-counts.jsonl,206,db6e998d9b222d86e512c19a5819bb666e827c721d756b5702ba5a04d24f613f,4c253b116b67799d2b86a29ae3909033f756042f88f95c7d27dd21766c4d7971,8a69d882741c9042875045579f06172e194eedd707668175ecbe6420d5aea72c
pid201/internal-mp-257/none/t4/sign,201,sign,4,internal,,h_msg,1,1,True,validation/stage1-20261004-0100/exact-counts.jsonl,206,db6e998d9b222d86e512c19a5819bb666e827c721d756b5702ba5a04d24f613f,4c253b116b67799d2b86a29ae3909033f756042f88f95c7d27dd21766c4d7971,8a69d882741c9042875045579f06172e194eedd707668175ecbe6420d5aea72c
pid201/internal-mp-257/none/t4/sign,201,sign,4,internal,,prf,75782,75782,True,validation/stage1-20261004-0100/exact-counts.jsonl,206,db6e998d9b222d86e512c19a5819bb666e827c721d756b5702ba5a04d24f613f,4c253b116b67799d2b86a29ae3909033f756042f88f95c7d27dd21766c4d7971,8a69d882741c9042875045579f06172e194eedd707668175ecbe6420d5aea72c
pid201/internal-mp-257/none/t4/sign,201,sign,4,internal,,prf_msg,1,1,True,validation/stage1-20261004-0100/exact-counts.jsonl,206,db6e998d9b222d86e512c19a5819bb666e827c721d756b5702ba5a04d24f613f,4c253b116b67799d2b86a29ae3909033f756042f88f95c7d27dd21766c4d7971,8a69d882741c9042875045579f06172e194eedd707668175ecbe6420d5aea72c
pid201/internal-mp-257/none/t4/sign,201,sign,4,internal,,t,1024,1024,True,validation/stage1-20261004-0100/exact-counts.jsonl,206,db6e998d9b222d86e512c19a5819bb666e827c721d756b5702ba5a04d24f613f,4c253b116b67799d2b86a29ae3909033f756042f88f95c7d27dd21766c4d7971,8a69d882741c9042875045579f06172e194eedd707668175ecbe6420d5aea72c
pid201/internal-mp-257/none/t4/verify,201,verify,4,internal,,compress,197,197,True,validation/stage1-20261004-0100/exact-counts.jsonl,207,db6e998d9b222d86e512c19a5819bb666e827c721d756b5702ba5a04d24f613f,0e9ae44326ed14b765bcc13d64a8f7ccbfe735adb24408c85aab5ec7ad00eb54,8a69d882741c9042875045579f06172e194eedd707668175ecbe6420d5aea72c
pid201/internal-mp-257/none/t4/verify,201,verify,4,internal,,f,99,99,True,validation/stage1-20261004-0100/exact-counts.jsonl,207,db6e998d9b222d86e512c19a5819bb666e827c721d756b5702ba5a04d24f613f,0e9ae44326ed14b765bcc13d64a8f7ccbfe735adb24408c85aab5ec7ad00eb54,8a69d882741c9042875045579f06172e194eedd707668175ecbe6420d5aea72c
pid201/internal-mp-257/none/t4/verify,201,verify,4,internal,,h,70,70,True,validation/stage1-20261004-0100/exact-counts.jsonl,207,db6e998d9b222d86e512c19a5819bb666e827c721d756b5702ba5a04d24f613f,0e9ae44326ed14b765bcc13d64a8f7ccbfe735adb24408c85aab5ec7ad00eb54,8a69d882741c9042875045579f06172e194eedd707668175ecbe6420d5aea72c
pid201/internal-mp-257/none/t4/verify,201,verify,4,internal,,h_msg,1,1,True,validation/stage1-20261004-0100/exact-counts.jsonl,207,db6e998d9b222d86e512c19a5819bb666e827c721d756b5702ba5a04d24f613f,0e9ae44326ed14b765bcc13d64a8f7ccbfe735adb24408c85aab5ec7ad00eb54,8a69d882741c9042875045579f06172e194eedd707668175ecbe6420d5aea72c
pid201/internal-mp-257/none/t4/verify,201,verify,4,internal,,prf,0,0,True,validation/stage1-20261004-0100/exact-counts.jsonl,207,db6e998d9b222d86e512c19a5819bb666e827c721d756b5702ba5a04d24f613f,0e9ae44326ed14b765bcc13d64a8f7ccbfe735adb24408c85aab5ec7ad00eb54,8a69d882741c9042875045579f06172e194eedd707668175ecbe6420d5aea72c
pid201/internal-mp-257/none/t4/verify,201,verify,4,internal,,prf_msg,0,0,True,validation/stage1-20261004-0100/exact-counts.jsonl,207,db6e998d9b222d86e512c19a5819bb666e827c721d756b5702ba5a04d24f613f,0e9ae44326ed14b765bcc13d64a8f7ccbfe735adb24408c85aab5ec7ad00eb54,8a69d882741c9042875045579f06172e194eedd707668175ecbe6420d5aea72c
pid201/internal-mp-257/none/t4/verify,201,verify,4,internal,,t,2,2,True,validation/stage1-20261004-0100/exact-counts.jsonl,207,db6e998d9b222d86e512c19a5819bb666e827c721d756b5702ba5a04d24f613f,0e9ae44326ed14b765bcc13d64a8f7ccbfe735adb24408c85aab5ec7ad00eb54,8a69d882741c9042875045579f06172e194eedd707668175ecbe6420d5aea72c
pid201/pure-context-0/none/t4/sign,201,sign,4,pure,,compress,316301,316301,True,validation/stage1-20261004-0100/exact-counts.jsonl,208,db6e998d9b222d86e512c19a5819bb666e827c721d756b5702ba5a04d24f613f,d6a87c5dd3c536d25f7902c9608abc69d73c6d12da73fc1f0f63418eaba40861,8a69d882741c9042875045579f06172e194eedd707668175ecbe6420d5aea72c
pid201/pure-context-0/none/t4/sign,201,sign,4,pure,,f,214944,214944,True,validation/stage1-20261004-0100/exact-counts.jsonl,208,db6e998d9b222d86e512c19a5819bb666e827c721d756b5702ba5a04d24f613f,d6a87c5dd3c536d25f7902c9608abc69d73c6d12da73fc1f0f63418eaba40861,8a69d882741c9042875045579f06172e194eedd707668175ecbe6420d5aea72c
pid201/pure-context-0/none/t4/sign,201,sign,4,pure,,h,7151,7151,True,validation/stage1-20261004-0100/exact-counts.jsonl,208,db6e998d9b222d86e512c19a5819bb666e827c721d756b5702ba5a04d24f613f,d6a87c5dd3c536d25f7902c9608abc69d73c6d12da73fc1f0f63418eaba40861,8a69d882741c9042875045579f06172e194eedd707668175ecbe6420d5aea72c
pid201/pure-context-0/none/t4/sign,201,sign,4,pure,,h_msg,1,1,True,validation/stage1-20261004-0100/exact-counts.jsonl,208,db6e998d9b222d86e512c19a5819bb666e827c721d756b5702ba5a04d24f613f,d6a87c5dd3c536d25f7902c9608abc69d73c6d12da73fc1f0f63418eaba40861,8a69d882741c9042875045579f06172e194eedd707668175ecbe6420d5aea72c
pid201/pure-context-0/none/t4/sign,201,sign,4,pure,,prf,75782,75782,True,validation/stage1-20261004-0100/exact-counts.jsonl,208,db6e998d9b222d86e512c19a5819bb666e827c721d756b5702ba5a04d24f613f,d6a87c5dd3c536d25f7902c9608abc69d73c6d12da73fc1f0f63418eaba40861,8a69d882741c9042875045579f06172e194eedd707668175ecbe6420d5aea72c
pid201/pure-context-0/none/t4/sign,201,sign,4,pure,,prf_msg,1,1,True,validation/stage1-20261004-0100/exact-counts.jsonl,208,db6e998d9b222d86e512c19a5819bb666e827c721d756b5702ba5a04d24f613f,d6a87c5dd3c536d25f7902c9608abc69d73c6d12da73fc1f0f63418eaba40861,8a69d882741c9042875045579f06172e194eedd707668175ecbe6420d5aea72c
pid201/pure-context-0/none/t4/sign,201,sign,4,pure,,t,1024,1024,True,validation/stage1-20261004-0100/exact-counts.jsonl,208,db6e998d9b222d86e512c19a5819bb666e827c721d756b5702ba5a04d24f613f,d6a87c5dd3c536d25f7902c9608abc69d73c6d12da73fc1f0f63418eaba40861,8a69d882741c9042875045579f06172e194eedd707668175ecbe6420d5aea72c
pid201/pure-context-0/none/t4/verify,201,verify,4,pure,,compress,196,196,True,validation/stage1-20261004-0100/exact-counts.jsonl,209,db6e998d9b222d86e512c19a5819bb666e827c721d756b5702ba5a04d24f613f,1a23b09b1b725b1bdb736666b1f9a61f8539434ade5629c495d44b8d670e7168,8a69d882741c9042875045579f06172e194eedd707668175ecbe6420d5aea72c
pid201/pure-context-0/none/t4/verify,201,verify,4,pure,,f,102,102,True,validation/stage1-20261004-0100/exact-counts.jsonl,209,db6e998d9b222d86e512c19a5819bb666e827c721d756b5702ba5a04d24f613f,1a23b09b1b725b1bdb736666b1f9a61f8539434ade5629c495d44b8d670e7168,8a69d882741c9042875045579f06172e194eedd707668175ecbe6420d5aea72c
pid201/pure-context-0/none/t4/verify,201,verify,4,pure,,h,70,70,True,validation/stage1-20261004-0100/exact-counts.jsonl,209,db6e998d9b222d86e512c19a5819bb666e827c721d756b5702ba5a04d24f613f,1a23b09b1b725b1bdb736666b1f9a61f8539434ade5629c495d44b8d670e7168,8a69d882741c9042875045579f06172e194eedd707668175ecbe6420d5aea72c
pid201/pure-context-0/none/t4/verify,201,verify,4,pure,,h_msg,1,1,True,validation/stage1-20261004-0100/exact-counts.jsonl,209,db6e998d9b222d86e512c19a5819bb666e827c721d756b5702ba5a04d24f613f,1a23b09b1b725b1bdb736666b1f9a61f8539434ade5629c495d44b8d670e7168,8a69d882741c9042875045579f06172e194eedd707668175ecbe6420d5aea72c
pid201/pure-context-0/none/t4/verify,201,verify,4,pure,,prf,0,0,True,validation/stage1-20261004-0100/exact-counts.jsonl,209,db6e998d9b222d86e512c19a5819bb666e827c721d756b5702ba5a04d24f613f,1a23b09b1b725b1bdb736666b1f9a61f8539434ade5629c495d44b8d670e7168,8a69d882741c9042875045579f06172e194eedd707668175ecbe6420d5aea72c
pid201/pure-context-0/none/t4/verify,201,verify,4,pure,,prf_msg,0,0,True,validation/stage1-20261004-0100/exact-counts.jsonl,209,db6e998d9b222d86e512c19a5819bb666e827c721d756b5702ba5a04d24f613f,1a23b09b1b725b1bdb736666b1f9a61f8539434ade5629c495d44b8d670e7168,8a69d882741c9042875045579f06172e194eedd707668175ecbe6420d5aea72c
pid201/pure-context-0/none/t4/verify,201,verify,4,pure,,t,2,2,True,validation/stage1-20261004-0100/exact-counts.jsonl,209,db6e998d9b222d86e512c19a5819bb666e827c721d756b5702ba5a04d24f613f,1a23b09b1b725b1bdb736666b1f9a61f8539434ade5629c495d44b8d670e7168,8a69d882741c9042875045579f06172e194eedd707668175ecbe6420d5aea72c
pid201/pure-context-255/none/t4/sign,201,sign,4,pure,,compress,316302,316302,True,validation/stage1-20261004-0100/exact-counts.jsonl,210,db6e998d9b222d86e512c19a5819bb666e827c721d756b5702ba5a04d24f613f,eeb64bb6bdae26b09754714082d31406c6c2881409f60bc640ef6b84624847ba,8a69d882741c9042875045579f06172e194eedd707668175ecbe6420d5aea72c
pid201/pure-context-255/none/t4/sign,201,sign,4,pure,,f,214935,214935,True,validation/stage1-20261004-0100/exact-counts.jsonl,210,db6e998d9b222d86e512c19a5819bb666e827c721d756b5702ba5a04d24f613f,eeb64bb6bdae26b09754714082d31406c6c2881409f60bc640ef6b84624847ba,8a69d882741c9042875045579f06172e194eedd707668175ecbe6420d5aea72c
pid201/pure-context-255/none/t4/sign,201,sign,4,pure,,h,7151,7151,True,validation/stage1-20261004-0100/exact-counts.jsonl,210,db6e998d9b222d86e512c19a5819bb666e827c721d756b5702ba5a04d24f613f,eeb64bb6bdae26b09754714082d31406c6c2881409f60bc640ef6b84624847ba,8a69d882741c9042875045579f06172e194eedd707668175ecbe6420d5aea72c
pid201/pure-context-255/none/t4/sign,201,sign,4,pure,,h_msg,1,1,True,validation/stage1-20261004-0100/exact-counts.jsonl,210,db6e998d9b222d86e512c19a5819bb666e827c721d756b5702ba5a04d24f613f,eeb64bb6bdae26b09754714082d31406c6c2881409f60bc640ef6b84624847ba,8a69d882741c9042875045579f06172e194eedd707668175ecbe6420d5aea72c
pid201/pure-context-255/none/t4/sign,201,sign,4,pure,,prf,75782,75782,True,validation/stage1-20261004-0100/exact-counts.jsonl,210,db6e998d9b222d86e512c19a5819bb666e827c721d756b5702ba5a04d24f613f,eeb64bb6bdae26b09754714082d31406c6c2881409f60bc640ef6b84624847ba,8a69d882741c9042875045579f06172e194eedd707668175ecbe6420d5aea72c
pid201/pure-context-255/none/t4/sign,201,sign,4,pure,,prf_msg,1,1,True,validation/stage1-20261004-0100/exact-counts.jsonl,210,db6e998d9b222d86e512c19a5819bb666e827c721d756b5702ba5a04d24f613f,eeb64bb6bdae26b09754714082d31406c6c2881409f60bc640ef6b84624847ba,8a69d882741c9042875045579f06172e194eedd707668175ecbe6420d5aea72c
pid201/pure-context-255/none/t4/sign,201,sign,4,pure,,t,1024,1024,True,validation/stage1-20261004-0100/exact-counts.jsonl,210,db6e998d9b222d86e512c19a5819bb666e827c721d756b5702ba5a04d24f613f,eeb64bb6bdae26b09754714082d31406c6c2881409f60bc640ef6b84624847ba,8a69d882741c9042875045579f06172e194eedd707668175ecbe6420d5aea72c
pid201/pure-context-255/none/t4/verify,201,verify,4,pure,,compress,210,210,True,validation/stage1-20261004-0100/exact-counts.jsonl,211,db6e998d9b222d86e512c19a5819bb666e827c721d756b5702ba5a04d24f613f,aca72d06e64b01118c999125b195496a4c24dc390f5f19818b2a238e0cc8aba8,8a69d882741c9042875045579f06172e194eedd707668175ecbe6420d5aea72c
pid201/pure-context-255/none/t4/verify,201,verify,4,pure,,f,111,111,True,validation/stage1-20261004-0100/exact-counts.jsonl,211,db6e998d9b222d86e512c19a5819bb666e827c721d756b5702ba5a04d24f613f,aca72d06e64b01118c999125b195496a4c24dc390f5f19818b2a238e0cc8aba8,8a69d882741c9042875045579f06172e194eedd707668175ecbe6420d5aea72c
pid201/pure-context-255/none/t4/verify,201,verify,4,pure,,h,70,70,True,validation/stage1-20261004-0100/exact-counts.jsonl,211,db6e998d9b222d86e512c19a5819bb666e827c721d756b5702ba5a04d24f613f,aca72d06e64b01118c999125b195496a4c24dc390f5f19818b2a238e0cc8aba8,8a69d882741c9042875045579f06172e194eedd707668175ecbe6420d5aea72c
pid201/pure-context-255/none/t4/verify,201,verify,4,pure,,h_msg,1,1,True,validation/stage1-20261004-0100/exact-counts.jsonl,211,db6e998d9b222d86e512c19a5819bb666e827c721d756b5702ba5a04d24f613f,aca72d06e64b01118c999125b195496a4c24dc390f5f19818b2a238e0cc8aba8,8a69d882741c9042875045579f06172e194eedd707668175ecbe6420d5aea72c
pid201/pure-context-255/none/t4/verify,201,verify,4,pure,,prf,0,0,True,validation/stage1-20261004-0100/exact-counts.jsonl,211,db6e998d9b222d86e512c19a5819bb666e827c721d756b5702ba5a04d24f613f,aca72d06e64b01118c999125b195496a4c24dc390f5f19818b2a238e0cc8aba8,8a69d882741c9042875045579f06172e194eedd707668175ecbe6420d5aea72c
pid201/pure-context-255/none/t4/verify,201,verify,4,pure,,prf_msg,0,0,True,validation/stage1-20261004-0100/exact-counts.jsonl,211,db6e998d9b222d86e512c19a5819bb666e827c721d756b5702ba5a04d24f613f,aca72d06e64b01118c999125b195496a4c24dc390f5f19818b2a238e0cc8aba8,8a69d882741c9042875045579f06172e194eedd707668175ecbe6420d5aea72c
pid201/pure-context-255/none/t4/verify,201,verify,4,pure,,t,2,2,True,validation/stage1-20261004-0100/exact-counts.jsonl,211,db6e998d9b222d86e512c19a5819bb666e827c721d756b5702ba5a04d24f613f,aca72d06e64b01118c999125b195496a4c24dc390f5f19818b2a238e0cc8aba8,8a69d882741c9042875045579f06172e194eedd707668175ecbe6420d5aea72c
pid201/internal-mp-0/loaded-t0/t4/sign,201,sign,4,internal,0,compress,18594,18594,True,validation/stage1-20261004-0100/exact-counts.jsonl,212,db6e998d9b222d86e512c19a5819bb666e827c721d756b5702ba5a04d24f613f,bd2fbd173c0374326a0d5922816364ec1d0415a2d04bfc4d8810c4c2cee89dc0,8a69d882741c9042875045579f06172e194eedd707668175ecbe6420d5aea72c
pid201/internal-mp-0/loaded-t0/t4/sign,201,sign,4,internal,0,f,6228,6228,True,validation/stage1-20261004-0100/exact-counts.jsonl,212,db6e998d9b222d86e512c19a5819bb666e827c721d756b5702ba5a04d24f613f,bd2fbd173c0374326a0d5922816364ec1d0415a2d04bfc4d8810c4c2cee89dc0,8a69d882741c9042875045579f06172e194eedd707668175ecbe6420d5aea72c
pid201/internal-mp-0/loaded-t0/t4/sign,201,sign,4,internal,0,h,6138,6138,True,validation/stage1-20261004-0100/exact-counts.jsonl,212,db6e998d9b222d86e512c19a5819bb666e827c721d756b5702ba5a04d24f613f,bd2fbd173c0374326a0d5922816364ec1d0415a2d04bfc4d8810c4c2cee89dc0,8a69d882741c9042875045579f06172e194eedd707668175ecbe6420d5aea72c
pid201/internal-mp-0/loaded-t0/t4/sign,201,sign,4,internal,0,h_msg,1,1,True,validation/stage1-20261004-0100/exact-counts.jsonl,212,db6e998d9b222d86e512c19a5819bb666e827c721d756b5702ba5a04d24f613f,bd2fbd173c0374326a0d5922816364ec1d0415a2d04bfc4d8810c4c2cee89dc0,8a69d882741c9042875045579f06172e194eedd707668175ecbe6420d5aea72c
pid201/internal-mp-0/loaded-t0/t4/sign,201,sign,4,internal,0,prf,6218,6218,True,validation/stage1-20261004-0100/exact-counts.jsonl,212,db6e998d9b222d86e512c19a5819bb666e827c721d756b5702ba5a04d24f613f,bd2fbd173c0374326a0d5922816364ec1d0415a2d04bfc4d8810c4c2cee89dc0,8a69d882741c9042875045579f06172e194eedd707668175ecbe6420d5aea72c
pid201/internal-mp-0/loaded-t0/t4/sign,201,sign,4,internal,0,prf_msg,1,1,True,validation/stage1-20261004-0100/exact-counts.jsonl,212,db6e998d9b222d86e512c19a5819bb666e827c721d756b5702ba5a04d24f613f,bd2fbd173c0374326a0d5922816364ec1d0415a2d04bfc4d8810c4c2cee89dc0,8a69d882741c9042875045579f06172e194eedd707668175ecbe6420d5aea72c
pid201/internal-mp-0/loaded-t0/t4/sign,201,sign,4,internal,0,t,1,1,True,validation/stage1-20261004-0100/exact-counts.jsonl,212,db6e998d9b222d86e512c19a5819bb666e827c721d756b5702ba5a04d24f613f,bd2fbd173c0374326a0d5922816364ec1d0415a2d04bfc4d8810c4c2cee89dc0,8a69d882741c9042875045579f06172e194eedd707668175ecbe6420d5aea72c
pid201/internal-mp-0/loaded-t0/t4/verify,201,verify,4,internal,0,compress,220,220,True,validation/stage1-20261004-0100/exact-counts.jsonl,213,db6e998d9b222d86e512c19a5819bb666e827c721d756b5702ba5a04d24f613f,320c970049534ebcf804fda93782157fd81d27b70734597009703da275f5a551,8a69d882741c9042875045579f06172e194eedd707668175ecbe6420d5aea72c
pid201/internal-mp-0/loaded-t0/t4/verify,201,verify,4,internal,0,f,126,126,True,validation/stage1-20261004-0100/exact-counts.jsonl,213,db6e998d9b222d86e512c19a5819bb666e827c721d756b5702ba5a04d24f613f,320c970049534ebcf804fda93782157fd81d27b70734597009703da275f5a551,8a69d882741c9042875045579f06172e194eedd707668175ecbe6420d5aea72c
pid201/internal-mp-0/loaded-t0/t4/verify,201,verify,4,internal,0,h,70,70,True,validation/stage1-20261004-0100/exact-counts.jsonl,213,db6e998d9b222d86e512c19a5819bb666e827c721d756b5702ba5a04d24f613f,320c970049534ebcf804fda93782157fd81d27b70734597009703da275f5a551,8a69d882741c9042875045579f06172e194eedd707668175ecbe6420d5aea72c
pid201/internal-mp-0/loaded-t0/t4/verify,201,verify,4,internal,0,h_msg,1,1,True,validation/stage1-20261004-0100/exact-counts.jsonl,213,db6e998d9b222d86e512c19a5819bb666e827c721d756b5702ba5a04d24f613f,320c970049534ebcf804fda93782157fd81d27b70734597009703da275f5a551,8a69d882741c9042875045579f06172e194eedd707668175ecbe6420d5aea72c
pid201/internal-mp-0/loaded-t0/t4/verify,201,verify,4,internal,0,prf,0,0,True,validation/stage1-20261004-0100/exact-counts.jsonl,213,db6e998d9b222d86e512c19a5819bb666e827c721d756b5702ba5a04d24f613f,320c970049534ebcf804fda93782157fd81d27b70734597009703da275f5a551,8a69d882741c9042875045579f06172e194eedd707668175ecbe6420d5aea72c
pid201/internal-mp-0/loaded-t0/t4/verify,201,verify,4,internal,0,prf_msg,0,0,True,validation/stage1-20261004-0100/exact-counts.jsonl,213,db6e998d9b222d86e512c19a5819bb666e827c721d756b5702ba5a04d24f613f,320c970049534ebcf804fda93782157fd81d27b70734597009703da275f5a551,8a69d882741c9042875045579f06172e194eedd707668175ecbe6420d5aea72c
pid201/internal-mp-0/loaded-t0/t4/verify,201,verify,4,internal,0,t,2,2,True,validation/stage1-20261004-0100/exact-counts.jsonl,213,db6e998d9b222d86e512c19a5819bb666e827c721d756b5702ba5a04d24f613f,320c970049534ebcf804fda93782157fd81d27b70734597009703da275f5a551,8a69d882741c9042875045579f06172e194eedd707668175ecbe6420d5aea72c
pid201/internal-mp-1/loaded-t0/t4/sign,201,sign,4,internal,0,compress,18621,18621,True,validation/stage1-20261004-0100/exact-counts.jsonl,214,db6e998d9b222d86e512c19a5819bb666e827c721d756b5702ba5a04d24f613f,2d994ba88a59e59fe3feb137cdcd4f4526a7556ad7977cbf4733ddac0cbae699,8a69d882741c9042875045579f06172e194eedd707668175ecbe6420d5aea72c
pid201/internal-mp-1/loaded-t0/t4/sign,201,sign,4,internal,0,f,6255,6255,True,validation/stage1-20261004-0100/exact-counts.jsonl,214,db6e998d9b222d86e512c19a5819bb666e827c721d756b5702ba5a04d24f613f,2d994ba88a59e59fe3feb137cdcd4f4526a7556ad7977cbf4733ddac0cbae699,8a69d882741c9042875045579f06172e194eedd707668175ecbe6420d5aea72c
pid201/internal-mp-1/loaded-t0/t4/sign,201,sign,4,internal,0,h,6138,6138,True,validation/stage1-20261004-0100/exact-counts.jsonl,214,db6e998d9b222d86e512c19a5819bb666e827c721d756b5702ba5a04d24f613f,2d994ba88a59e59fe3feb137cdcd4f4526a7556ad7977cbf4733ddac0cbae699,8a69d882741c9042875045579f06172e194eedd707668175ecbe6420d5aea72c
pid201/internal-mp-1/loaded-t0/t4/sign,201,sign,4,internal,0,h_msg,1,1,True,validation/stage1-20261004-0100/exact-counts.jsonl,214,db6e998d9b222d86e512c19a5819bb666e827c721d756b5702ba5a04d24f613f,2d994ba88a59e59fe3feb137cdcd4f4526a7556ad7977cbf4733ddac0cbae699,8a69d882741c9042875045579f06172e194eedd707668175ecbe6420d5aea72c
pid201/internal-mp-1/loaded-t0/t4/sign,201,sign,4,internal,0,prf,6218,6218,True,validation/stage1-20261004-0100/exact-counts.jsonl,214,db6e998d9b222d86e512c19a5819bb666e827c721d756b5702ba5a04d24f613f,2d994ba88a59e59fe3feb137cdcd4f4526a7556ad7977cbf4733ddac0cbae699,8a69d882741c9042875045579f06172e194eedd707668175ecbe6420d5aea72c
pid201/internal-mp-1/loaded-t0/t4/sign,201,sign,4,internal,0,prf_msg,1,1,True,validation/stage1-20261004-0100/exact-counts.jsonl,214,db6e998d9b222d86e512c19a5819bb666e827c721d756b5702ba5a04d24f613f,2d994ba88a59e59fe3feb137cdcd4f4526a7556ad7977cbf4733ddac0cbae699,8a69d882741c9042875045579f06172e194eedd707668175ecbe6420d5aea72c
pid201/internal-mp-1/loaded-t0/t4/sign,201,sign,4,internal,0,t,1,1,True,validation/stage1-20261004-0100/exact-counts.jsonl,214,db6e998d9b222d86e512c19a5819bb666e827c721d756b5702ba5a04d24f613f,2d994ba88a59e59fe3feb137cdcd4f4526a7556ad7977cbf4733ddac0cbae699,8a69d882741c9042875045579f06172e194eedd707668175ecbe6420d5aea72c
pid201/internal-mp-1/loaded-t0/t4/verify,201,verify,4,internal,0,compress,193,193,True,validation/stage1-20261004-0100/exact-counts.jsonl,215,db6e998d9b222d86e512c19a5819bb666e827c721d756b5702ba5a04d24f613f,a612eedb86df50850a93c23cac08d2cd5e3ed8fbc5036ab8a9d8852ae13b415b,8a69d882741c9042875045579f06172e194eedd707668175ecbe6420d5aea72c
pid201/internal-mp-1/loaded-t0/t4/verify,201,verify,4,internal,0,f,99,99,True,validation/stage1-20261004-0100/exact-counts.jsonl,215,db6e998d9b222d86e512c19a5819bb666e827c721d756b5702ba5a04d24f613f,a612eedb86df50850a93c23cac08d2cd5e3ed8fbc5036ab8a9d8852ae13b415b,8a69d882741c9042875045579f06172e194eedd707668175ecbe6420d5aea72c
pid201/internal-mp-1/loaded-t0/t4/verify,201,verify,4,internal,0,h,70,70,True,validation/stage1-20261004-0100/exact-counts.jsonl,215,db6e998d9b222d86e512c19a5819bb666e827c721d756b5702ba5a04d24f613f,a612eedb86df50850a93c23cac08d2cd5e3ed8fbc5036ab8a9d8852ae13b415b,8a69d882741c9042875045579f06172e194eedd707668175ecbe6420d5aea72c
pid201/internal-mp-1/loaded-t0/t4/verify,201,verify,4,internal,0,h_msg,1,1,True,validation/stage1-20261004-0100/exact-counts.jsonl,215,db6e998d9b222d86e512c19a5819bb666e827c721d756b5702ba5a04d24f613f,a612eedb86df50850a93c23cac08d2cd5e3ed8fbc5036ab8a9d8852ae13b415b,8a69d882741c9042875045579f06172e194eedd707668175ecbe6420d5aea72c
pid201/internal-mp-1/loaded-t0/t4/verify,201,verify,4,internal,0,prf,0,0,True,validation/stage1-20261004-0100/exact-counts.jsonl,215,db6e998d9b222d86e512c19a5819bb666e827c721d756b5702ba5a04d24f613f,a612eedb86df50850a93c23cac08d2cd5e3ed8fbc5036ab8a9d8852ae13b415b,8a69d882741c9042875045579f06172e194eedd707668175ecbe6420d5aea72c
pid201/internal-mp-1/loaded-t0/t4/verify,201,verify,4,internal,0,prf_msg,0,0,True,validation/stage1-20261004-0100/exact-counts.jsonl,215,db6e998d9b222d86e512c19a5819bb666e827c721d756b5702ba5a04d24f613f,a612eedb86df50850a93c23cac08d2cd5e3ed8fbc5036ab8a9d8852ae13b415b,8a69d882741c9042875045579f06172e194eedd707668175ecbe6420d5aea72c
pid201/internal-mp-1/loaded-t0/t4/verify,201,verify,4,internal,0,t,2,2,True,validation/stage1-20261004-0100/exact-counts.jsonl,215,db6e998d9b222d86e512c19a5819bb666e827c721d756b5702ba5a04d24f613f,a612eedb86df50850a93c23cac08d2cd5e3ed8fbc5036ab8a9d8852ae13b415b,8a69d882741c9042875045579f06172e194eedd707668175ecbe6420d5aea72c
pid201/internal-mp-7/loaded-t0/t4/sign,201,sign,4,internal,0,compress,18606,18606,True,validation/stage1-20261004-0100/exact-counts.jsonl,216,db6e998d9b222d86e512c19a5819bb666e827c721d756b5702ba5a04d24f613f,d8cede0fa36b72b93c1ee5d82aba7894c6cf209d985060a7f39326ea1fb9f4f8,8a69d882741c9042875045579f06172e194eedd707668175ecbe6420d5aea72c
pid201/internal-mp-7/loaded-t0/t4/sign,201,sign,4,internal,0,f,6240,6240,True,validation/stage1-20261004-0100/exact-counts.jsonl,216,db6e998d9b222d86e512c19a5819bb666e827c721d756b5702ba5a04d24f613f,d8cede0fa36b72b93c1ee5d82aba7894c6cf209d985060a7f39326ea1fb9f4f8,8a69d882741c9042875045579f06172e194eedd707668175ecbe6420d5aea72c
pid201/internal-mp-7/loaded-t0/t4/sign,201,sign,4,internal,0,h,6138,6138,True,validation/stage1-20261004-0100/exact-counts.jsonl,216,db6e998d9b222d86e512c19a5819bb666e827c721d756b5702ba5a04d24f613f,d8cede0fa36b72b93c1ee5d82aba7894c6cf209d985060a7f39326ea1fb9f4f8,8a69d882741c9042875045579f06172e194eedd707668175ecbe6420d5aea72c
pid201/internal-mp-7/loaded-t0/t4/sign,201,sign,4,internal,0,h_msg,1,1,True,validation/stage1-20261004-0100/exact-counts.jsonl,216,db6e998d9b222d86e512c19a5819bb666e827c721d756b5702ba5a04d24f613f,d8cede0fa36b72b93c1ee5d82aba7894c6cf209d985060a7f39326ea1fb9f4f8,8a69d882741c9042875045579f06172e194eedd707668175ecbe6420d5aea72c
pid201/internal-mp-7/loaded-t0/t4/sign,201,sign,4,internal,0,prf,6218,6218,True,validation/stage1-20261004-0100/exact-counts.jsonl,216,db6e998d9b222d86e512c19a5819bb666e827c721d756b5702ba5a04d24f613f,d8cede0fa36b72b93c1ee5d82aba7894c6cf209d985060a7f39326ea1fb9f4f8,8a69d882741c9042875045579f06172e194eedd707668175ecbe6420d5aea72c
pid201/internal-mp-7/loaded-t0/t4/sign,201,sign,4,internal,0,prf_msg,1,1,True,validation/stage1-20261004-0100/exact-counts.jsonl,216,db6e998d9b222d86e512c19a5819bb666e827c721d756b5702ba5a04d24f613f,d8cede0fa36b72b93c1ee5d82aba7894c6cf209d985060a7f39326ea1fb9f4f8,8a69d882741c9042875045579f06172e194eedd707668175ecbe6420d5aea72c
pid201/internal-mp-7/loaded-t0/t4/sign,201,sign,4,internal,0,t,1,1,True,validation/stage1-20261004-0100/exact-counts.jsonl,216,db6e998d9b222d86e512c19a5819bb666e827c721d756b5702ba5a04d24f613f,d8cede0fa36b72b93c1ee5d82aba7894c6cf209d985060a7f39326ea1fb9f4f8,8a69d882741c9042875045579f06172e194eedd707668175ecbe6420d5aea72c
pid201/internal-mp-7/loaded-t0/t4/verify,201,verify,4,internal,0,compress,208,208,True,validation/stage1-20261004-0100/exact-counts.jsonl,217,db6e998d9b222d86e512c19a5819bb666e827c721d756b5702ba5a04d24f613f,e1e4acf83793c2fd17410152519ebc3bc48ba8415f2b2ce42c1964d97d905ebb,8a69d882741c9042875045579f06172e194eedd707668175ecbe6420d5aea72c
pid201/internal-mp-7/loaded-t0/t4/verify,201,verify,4,internal,0,f,114,114,True,validation/stage1-20261004-0100/exact-counts.jsonl,217,db6e998d9b222d86e512c19a5819bb666e827c721d756b5702ba5a04d24f613f,e1e4acf83793c2fd17410152519ebc3bc48ba8415f2b2ce42c1964d97d905ebb,8a69d882741c9042875045579f06172e194eedd707668175ecbe6420d5aea72c
pid201/internal-mp-7/loaded-t0/t4/verify,201,verify,4,internal,0,h,70,70,True,validation/stage1-20261004-0100/exact-counts.jsonl,217,db6e998d9b222d86e512c19a5819bb666e827c721d756b5702ba5a04d24f613f,e1e4acf83793c2fd17410152519ebc3bc48ba8415f2b2ce42c1964d97d905ebb,8a69d882741c9042875045579f06172e194eedd707668175ecbe6420d5aea72c
pid201/internal-mp-7/loaded-t0/t4/verify,201,verify,4,internal,0,h_msg,1,1,True,validation/stage1-20261004-0100/exact-counts.jsonl,217,db6e998d9b222d86e512c19a5819bb666e827c721d756b5702ba5a04d24f613f,e1e4acf83793c2fd17410152519ebc3bc48ba8415f2b2ce42c1964d97d905ebb,8a69d882741c9042875045579f06172e194eedd707668175ecbe6420d5aea72c
pid201/internal-mp-7/loaded-t0/t4/verify,201,verify,4,internal,0,prf,0,0,True,validation/stage1-20261004-0100/exact-counts.jsonl,217,db6e998d9b222d86e512c19a5819bb666e827c721d756b5702ba5a04d24f613f,e1e4acf83793c2fd17410152519ebc3bc48ba8415f2b2ce42c1964d97d905ebb,8a69d882741c9042875045579f06172e194eedd707668175ecbe6420d5aea72c
pid201/internal-mp-7/loaded-t0/t4/verify,201,verify,4,internal,0,prf_msg,0,0,True,validation/stage1-20261004-0100/exact-counts.jsonl,217,db6e998d9b222d86e512c19a5819bb666e827c721d756b5702ba5a04d24f613f,e1e4acf83793c2fd17410152519ebc3bc48ba8415f2b2ce42c1964d97d905ebb,8a69d882741c9042875045579f06172e194eedd707668175ecbe6420d5aea72c
pid201/internal-mp-7/loaded-t0/t4/verify,201,verify,4,internal,0,t,2,2,True,validation/stage1-20261004-0100/exact-counts.jsonl,217,db6e998d9b222d86e512c19a5819bb666e827c721d756b5702ba5a04d24f613f,e1e4acf83793c2fd17410152519ebc3bc48ba8415f2b2ce42c1964d97d905ebb,8a69d882741c9042875045579f06172e194eedd707668175ecbe6420d5aea72c
pid201/internal-mp-8/loaded-t0/t4/sign,201,sign,4,internal,0,compress,18616,18616,True,validation/stage1-20261004-0100/exact-counts.jsonl,218,db6e998d9b222d86e512c19a5819bb666e827c721d756b5702ba5a04d24f613f,ded014cebc5aec8ff931ab84a0f9b32a464a5353d86bcc17bc536acfda58b0f5,8a69d882741c9042875045579f06172e194eedd707668175ecbe6420d5aea72c
pid201/internal-mp-8/loaded-t0/t4/sign,201,sign,4,internal,0,f,6249,6249,True,validation/stage1-20261004-0100/exact-counts.jsonl,218,db6e998d9b222d86e512c19a5819bb666e827c721d756b5702ba5a04d24f613f,ded014cebc5aec8ff931ab84a0f9b32a464a5353d86bcc17bc536acfda58b0f5,8a69d882741c9042875045579f06172e194eedd707668175ecbe6420d5aea72c
pid201/internal-mp-8/loaded-t0/t4/sign,201,sign,4,internal,0,h,6138,6138,True,validation/stage1-20261004-0100/exact-counts.jsonl,218,db6e998d9b222d86e512c19a5819bb666e827c721d756b5702ba5a04d24f613f,ded014cebc5aec8ff931ab84a0f9b32a464a5353d86bcc17bc536acfda58b0f5,8a69d882741c9042875045579f06172e194eedd707668175ecbe6420d5aea72c
pid201/internal-mp-8/loaded-t0/t4/sign,201,sign,4,internal,0,h_msg,1,1,True,validation/stage1-20261004-0100/exact-counts.jsonl,218,db6e998d9b222d86e512c19a5819bb666e827c721d756b5702ba5a04d24f613f,ded014cebc5aec8ff931ab84a0f9b32a464a5353d86bcc17bc536acfda58b0f5,8a69d882741c9042875045579f06172e194eedd707668175ecbe6420d5aea72c
pid201/internal-mp-8/loaded-t0/t4/sign,201,sign,4,internal,0,prf,6218,6218,True,validation/stage1-20261004-0100/exact-counts.jsonl,218,db6e998d9b222d86e512c19a5819bb666e827c721d756b5702ba5a04d24f613f,ded014cebc5aec8ff931ab84a0f9b32a464a5353d86bcc17bc536acfda58b0f5,8a69d882741c9042875045579f06172e194eedd707668175ecbe6420d5aea72c
pid201/internal-mp-8/loaded-t0/t4/sign,201,sign,4,internal,0,prf_msg,1,1,True,validation/stage1-20261004-0100/exact-counts.jsonl,218,db6e998d9b222d86e512c19a5819bb666e827c721d756b5702ba5a04d24f613f,ded014cebc5aec8ff931ab84a0f9b32a464a5353d86bcc17bc536acfda58b0f5,8a69d882741c9042875045579f06172e194eedd707668175ecbe6420d5aea72c
pid201/internal-mp-8/loaded-t0/t4/sign,201,sign,4,internal,0,t,1,1,True,validation/stage1-20261004-0100/exact-counts.jsonl,218,db6e998d9b222d86e512c19a5819bb666e827c721d756b5702ba5a04d24f613f,ded014cebc5aec8ff931ab84a0f9b32a464a5353d86bcc17bc536acfda58b0f5,8a69d882741c9042875045579f06172e194eedd707668175ecbe6420d5aea72c
pid201/internal-mp-8/loaded-t0/t4/verify,201,verify,4,internal,0,compress,200,200,True,validation/stage1-20261004-0100/exact-counts.jsonl,219,db6e998d9b222d86e512c19a5819bb666e827c721d756b5702ba5a04d24f613f,75805df036db719ff9756fbd21e88a36a634484a8fc67fa1183b08425535167f,8a69d882741c9042875045579f06172e194eedd707668175ecbe6420d5aea72c
pid201/internal-mp-8/loaded-t0/t4/verify,201,verify,4,internal,0,f,105,105,True,validation/stage1-20261004-0100/exact-counts.jsonl,219,db6e998d9b222d86e512c19a5819bb666e827c721d756b5702ba5a04d24f613f,75805df036db719ff9756fbd21e88a36a634484a8fc67fa1183b08425535167f,8a69d882741c9042875045579f06172e194eedd707668175ecbe6420d5aea72c
pid201/internal-mp-8/loaded-t0/t4/verify,201,verify,4,internal,0,h,70,70,True,validation/stage1-20261004-0100/exact-counts.jsonl,219,db6e998d9b222d86e512c19a5819bb666e827c721d756b5702ba5a04d24f613f,75805df036db719ff9756fbd21e88a36a634484a8fc67fa1183b08425535167f,8a69d882741c9042875045579f06172e194eedd707668175ecbe6420d5aea72c
pid201/internal-mp-8/loaded-t0/t4/verify,201,verify,4,internal,0,h_msg,1,1,True,validation/stage1-20261004-0100/exact-counts.jsonl,219,db6e998d9b222d86e512c19a5819bb666e827c721d756b5702ba5a04d24f613f,75805df036db719ff9756fbd21e88a36a634484a8fc67fa1183b08425535167f,8a69d882741c9042875045579f06172e194eedd707668175ecbe6420d5aea72c
pid201/internal-mp-8/loaded-t0/t4/verify,201,verify,4,internal,0,prf,0,0,True,validation/stage1-20261004-0100/exact-counts.jsonl,219,db6e998d9b222d86e512c19a5819bb666e827c721d756b5702ba5a04d24f613f,75805df036db719ff9756fbd21e88a36a634484a8fc67fa1183b08425535167f,8a69d882741c9042875045579f06172e194eedd707668175ecbe6420d5aea72c
pid201/internal-mp-8/loaded-t0/t4/verify,201,verify,4,internal,0,prf_msg,0,0,True,validation/stage1-20261004-0100/exact-counts.jsonl,219,db6e998d9b222d86e512c19a5819bb666e827c721d756b5702ba5a04d24f613f,75805df036db719ff9756fbd21e88a36a634484a8fc67fa1183b08425535167f,8a69d882741c9042875045579f06172e194eedd707668175ecbe6420d5aea72c
pid201/internal-mp-8/loaded-t0/t4/verify,201,verify,4,internal,0,t,2,2,True,validation/stage1-20261004-0100/exact-counts.jsonl,219,db6e998d9b222d86e512c19a5819bb666e827c721d756b5702ba5a04d24f613f,75805df036db719ff9756fbd21e88a36a634484a8fc67fa1183b08425535167f,8a69d882741c9042875045579f06172e194eedd707668175ecbe6420d5aea72c
pid201/internal-mp-39/loaded-t0/t4/sign,201,sign,4,internal,0,compress,18622,18622,True,validation/stage1-20261004-0100/exact-counts.jsonl,220,db6e998d9b222d86e512c19a5819bb666e827c721d756b5702ba5a04d24f613f,3b9c6a843eefb524477fb2f073a47654877be89fdf8fca64eeb933700b85dba9,8a69d882741c9042875045579f06172e194eedd707668175ecbe6420d5aea72c
pid201/internal-mp-39/loaded-t0/t4/sign,201,sign,4,internal,0,f,6255,6255,True,validation/stage1-20261004-0100/exact-counts.jsonl,220,db6e998d9b222d86e512c19a5819bb666e827c721d756b5702ba5a04d24f613f,3b9c6a843eefb524477fb2f073a47654877be89fdf8fca64eeb933700b85dba9,8a69d882741c9042875045579f06172e194eedd707668175ecbe6420d5aea72c
pid201/internal-mp-39/loaded-t0/t4/sign,201,sign,4,internal,0,h,6138,6138,True,validation/stage1-20261004-0100/exact-counts.jsonl,220,db6e998d9b222d86e512c19a5819bb666e827c721d756b5702ba5a04d24f613f,3b9c6a843eefb524477fb2f073a47654877be89fdf8fca64eeb933700b85dba9,8a69d882741c9042875045579f06172e194eedd707668175ecbe6420d5aea72c
pid201/internal-mp-39/loaded-t0/t4/sign,201,sign,4,internal,0,h_msg,1,1,True,validation/stage1-20261004-0100/exact-counts.jsonl,220,db6e998d9b222d86e512c19a5819bb666e827c721d756b5702ba5a04d24f613f,3b9c6a843eefb524477fb2f073a47654877be89fdf8fca64eeb933700b85dba9,8a69d882741c9042875045579f06172e194eedd707668175ecbe6420d5aea72c
pid201/internal-mp-39/loaded-t0/t4/sign,201,sign,4,internal,0,prf,6218,6218,True,validation/stage1-20261004-0100/exact-counts.jsonl,220,db6e998d9b222d86e512c19a5819bb666e827c721d756b5702ba5a04d24f613f,3b9c6a843eefb524477fb2f073a47654877be89fdf8fca64eeb933700b85dba9,8a69d882741c9042875045579f06172e194eedd707668175ecbe6420d5aea72c
pid201/internal-mp-39/loaded-t0/t4/sign,201,sign,4,internal,0,prf_msg,1,1,True,validation/stage1-20261004-0100/exact-counts.jsonl,220,db6e998d9b222d86e512c19a5819bb666e827c721d756b5702ba5a04d24f613f,3b9c6a843eefb524477fb2f073a47654877be89fdf8fca64eeb933700b85dba9,8a69d882741c9042875045579f06172e194eedd707668175ecbe6420d5aea72c
pid201/internal-mp-39/loaded-t0/t4/sign,201,sign,4,internal,0,t,1,1,True,validation/stage1-20261004-0100/exact-counts.jsonl,220,db6e998d9b222d86e512c19a5819bb666e827c721d756b5702ba5a04d24f613f,3b9c6a843eefb524477fb2f073a47654877be89fdf8fca64eeb933700b85dba9,8a69d882741c9042875045579f06172e194eedd707668175ecbe6420d5aea72c
pid201/internal-mp-39/loaded-t0/t4/verify,201,verify,4,internal,0,compress,194,194,True,validation/stage1-20261004-0100/exact-counts.jsonl,221,db6e998d9b222d86e512c19a5819bb666e827c721d756b5702ba5a04d24f613f,8a96ff3ff58991109484c1ac4c2ad84db9d07886195d30bff16ee839057980d8,8a69d882741c9042875045579f06172e194eedd707668175ecbe6420d5aea72c
pid201/internal-mp-39/loaded-t0/t4/verify,201,verify,4,internal,0,f,99,99,True,validation/stage1-20261004-0100/exact-counts.jsonl,221,db6e998d9b222d86e512c19a5819bb666e827c721d756b5702ba5a04d24f613f,8a96ff3ff58991109484c1ac4c2ad84db9d07886195d30bff16ee839057980d8,8a69d882741c9042875045579f06172e194eedd707668175ecbe6420d5aea72c
pid201/internal-mp-39/loaded-t0/t4/verify,201,verify,4,internal,0,h,70,70,True,validation/stage1-20261004-0100/exact-counts.jsonl,221,db6e998d9b222d86e512c19a5819bb666e827c721d756b5702ba5a04d24f613f,8a96ff3ff58991109484c1ac4c2ad84db9d07886195d30bff16ee839057980d8,8a69d882741c9042875045579f06172e194eedd707668175ecbe6420d5aea72c
pid201/internal-mp-39/loaded-t0/t4/verify,201,verify,4,internal,0,h_msg,1,1,True,validation/stage1-20261004-0100/exact-counts.jsonl,221,db6e998d9b222d86e512c19a5819bb666e827c721d756b5702ba5a04d24f613f,8a96ff3ff58991109484c1ac4c2ad84db9d07886195d30bff16ee839057980d8,8a69d882741c9042875045579f06172e194eedd707668175ecbe6420d5aea72c
pid201/internal-mp-39/loaded-t0/t4/verify,201,verify,4,internal,0,prf,0,0,True,validation/stage1-20261004-0100/exact-counts.jsonl,221,db6e998d9b222d86e512c19a5819bb666e827c721d756b5702ba5a04d24f613f,8a96ff3ff58991109484c1ac4c2ad84db9d07886195d30bff16ee839057980d8,8a69d882741c9042875045579f06172e194eedd707668175ecbe6420d5aea72c
pid201/internal-mp-39/loaded-t0/t4/verify,201,verify,4,internal,0,prf_msg,0,0,True,validation/stage1-20261004-0100/exact-counts.jsonl,221,db6e998d9b222d86e512c19a5819bb666e827c721d756b5702ba5a04d24f613f,8a96ff3ff58991109484c1ac4c2ad84db9d07886195d30bff16ee839057980d8,8a69d882741c9042875045579f06172e194eedd707668175ecbe6420d5aea72c
pid201/internal-mp-39/loaded-t0/t4/verify,201,verify,4,internal,0,t,2,2,True,validation/stage1-20261004-0100/exact-counts.jsonl,221,db6e998d9b222d86e512c19a5819bb666e827c721d756b5702ba5a04d24f613f,8a96ff3ff58991109484c1ac4c2ad84db9d07886195d30bff16ee839057980d8,8a69d882741c9042875045579f06172e194eedd707668175ecbe6420d5aea72c
pid201/internal-mp-40/loaded-t0/t4/sign,201,sign,4,internal,0,compress,18626,18626,True,validation/stage1-20261004-0100/exact-counts.jsonl,222,db6e998d9b222d86e512c19a5819bb666e827c721d756b5702ba5a04d24f613f,f9fa9b92cf802a1d25d9655d8cb873a8ae6fcf6e7d7f608884587bbfc2805835,8a69d882741c9042875045579f06172e194eedd707668175ecbe6420d5aea72c
pid201/internal-mp-40/loaded-t0/t4/sign,201,sign,4,internal,0,f,6258,6258,True,validation/stage1-20261004-0100/exact-counts.jsonl,222,db6e998d9b222d86e512c19a5819bb666e827c721d756b5702ba5a04d24f613f,f9fa9b92cf802a1d25d9655d8cb873a8ae6fcf6e7d7f608884587bbfc2805835,8a69d882741c9042875045579f06172e194eedd707668175ecbe6420d5aea72c
pid201/internal-mp-40/loaded-t0/t4/sign,201,sign,4,internal,0,h,6138,6138,True,validation/stage1-20261004-0100/exact-counts.jsonl,222,db6e998d9b222d86e512c19a5819bb666e827c721d756b5702ba5a04d24f613f,f9fa9b92cf802a1d25d9655d8cb873a8ae6fcf6e7d7f608884587bbfc2805835,8a69d882741c9042875045579f06172e194eedd707668175ecbe6420d5aea72c
pid201/internal-mp-40/loaded-t0/t4/sign,201,sign,4,internal,0,h_msg,1,1,True,validation/stage1-20261004-0100/exact-counts.jsonl,222,db6e998d9b222d86e512c19a5819bb666e827c721d756b5702ba5a04d24f613f,f9fa9b92cf802a1d25d9655d8cb873a8ae6fcf6e7d7f608884587bbfc2805835,8a69d882741c9042875045579f06172e194eedd707668175ecbe6420d5aea72c
pid201/internal-mp-40/loaded-t0/t4/sign,201,sign,4,internal,0,prf,6218,6218,True,validation/stage1-20261004-0100/exact-counts.jsonl,222,db6e998d9b222d86e512c19a5819bb666e827c721d756b5702ba5a04d24f613f,f9fa9b92cf802a1d25d9655d8cb873a8ae6fcf6e7d7f608884587bbfc2805835,8a69d882741c9042875045579f06172e194eedd707668175ecbe6420d5aea72c
pid201/internal-mp-40/loaded-t0/t4/sign,201,sign,4,internal,0,prf_msg,1,1,True,validation/stage1-20261004-0100/exact-counts.jsonl,222,db6e998d9b222d86e512c19a5819bb666e827c721d756b5702ba5a04d24f613f,f9fa9b92cf802a1d25d9655d8cb873a8ae6fcf6e7d7f608884587bbfc2805835,8a69d882741c9042875045579f06172e194eedd707668175ecbe6420d5aea72c
pid201/internal-mp-40/loaded-t0/t4/sign,201,sign,4,internal,0,t,1,1,True,validation/stage1-20261004-0100/exact-counts.jsonl,222,db6e998d9b222d86e512c19a5819bb666e827c721d756b5702ba5a04d24f613f,f9fa9b92cf802a1d25d9655d8cb873a8ae6fcf6e7d7f608884587bbfc2805835,8a69d882741c9042875045579f06172e194eedd707668175ecbe6420d5aea72c
pid201/internal-mp-40/loaded-t0/t4/verify,201,verify,4,internal,0,compress,191,191,True,validation/stage1-20261004-0100/exact-counts.jsonl,223,db6e998d9b222d86e512c19a5819bb666e827c721d756b5702ba5a04d24f613f,6a619f7c741c2a76542e5a25fd9927e6b59c8bbb5757803fb22a52ba23958f92,8a69d882741c9042875045579f06172e194eedd707668175ecbe6420d5aea72c
pid201/internal-mp-40/loaded-t0/t4/verify,201,verify,4,internal,0,f,96,96,True,validation/stage1-20261004-0100/exact-counts.jsonl,223,db6e998d9b222d86e512c19a5819bb666e827c721d756b5702ba5a04d24f613f,6a619f7c741c2a76542e5a25fd9927e6b59c8bbb5757803fb22a52ba23958f92,8a69d882741c9042875045579f06172e194eedd707668175ecbe6420d5aea72c
pid201/internal-mp-40/loaded-t0/t4/verify,201,verify,4,internal,0,h,70,70,True,validation/stage1-20261004-0100/exact-counts.jsonl,223,db6e998d9b222d86e512c19a5819bb666e827c721d756b5702ba5a04d24f613f,6a619f7c741c2a76542e5a25fd9927e6b59c8bbb5757803fb22a52ba23958f92,8a69d882741c9042875045579f06172e194eedd707668175ecbe6420d5aea72c
pid201/internal-mp-40/loaded-t0/t4/verify,201,verify,4,internal,0,h_msg,1,1,True,validation/stage1-20261004-0100/exact-counts.jsonl,223,db6e998d9b222d86e512c19a5819bb666e827c721d756b5702ba5a04d24f613f,6a619f7c741c2a76542e5a25fd9927e6b59c8bbb5757803fb22a52ba23958f92,8a69d882741c9042875045579f06172e194eedd707668175ecbe6420d5aea72c
pid201/internal-mp-40/loaded-t0/t4/verify,201,verify,4,internal,0,prf,0,0,True,validation/stage1-20261004-0100/exact-counts.jsonl,223,db6e998d9b222d86e512c19a5819bb666e827c721d756b5702ba5a04d24f613f,6a619f7c741c2a76542e5a25fd9927e6b59c8bbb5757803fb22a52ba23958f92,8a69d882741c9042875045579f06172e194eedd707668175ecbe6420d5aea72c
pid201/internal-mp-40/loaded-t0/t4/verify,201,verify,4,internal,0,prf_msg,0,0,True,validation/stage1-20261004-0100/exact-counts.jsonl,223,db6e998d9b222d86e512c19a5819bb666e827c721d756b5702ba5a04d24f613f,6a619f7c741c2a76542e5a25fd9927e6b59c8bbb5757803fb22a52ba23958f92,8a69d882741c9042875045579f06172e194eedd707668175ecbe6420d5aea72c
pid201/internal-mp-40/loaded-t0/t4/verify,201,verify,4,internal,0,t,2,2,True,validation/stage1-20261004-0100/exact-counts.jsonl,223,db6e998d9b222d86e512c19a5819bb666e827c721d756b5702ba5a04d24f613f,6a619f7c741c2a76542e5a25fd9927e6b59c8bbb5757803fb22a52ba23958f92,8a69d882741c9042875045579f06172e194eedd707668175ecbe6420d5aea72c
pid201/internal-mp-47/loaded-t0/t4/sign,201,sign,4,internal,0,compress,18620,18620,True,validation/stage1-20261004-0100/exact-counts.jsonl,224,db6e998d9b222d86e512c19a5819bb666e827c721d756b5702ba5a04d24f613f,b23a5e619c79da3e9bdfa00d451e78d9e83ed708073fd4cb36786e082b2adf82,8a69d882741c9042875045579f06172e194eedd707668175ecbe6420d5aea72c
pid201/internal-mp-47/loaded-t0/t4/sign,201,sign,4,internal,0,f,6252,6252,True,validation/stage1-20261004-0100/exact-counts.jsonl,224,db6e998d9b222d86e512c19a5819bb666e827c721d756b5702ba5a04d24f613f,b23a5e619c79da3e9bdfa00d451e78d9e83ed708073fd4cb36786e082b2adf82,8a69d882741c9042875045579f06172e194eedd707668175ecbe6420d5aea72c
pid201/internal-mp-47/loaded-t0/t4/sign,201,sign,4,internal,0,h,6138,6138,True,validation/stage1-20261004-0100/exact-counts.jsonl,224,db6e998d9b222d86e512c19a5819bb666e827c721d756b5702ba5a04d24f613f,b23a5e619c79da3e9bdfa00d451e78d9e83ed708073fd4cb36786e082b2adf82,8a69d882741c9042875045579f06172e194eedd707668175ecbe6420d5aea72c
pid201/internal-mp-47/loaded-t0/t4/sign,201,sign,4,internal,0,h_msg,1,1,True,validation/stage1-20261004-0100/exact-counts.jsonl,224,db6e998d9b222d86e512c19a5819bb666e827c721d756b5702ba5a04d24f613f,b23a5e619c79da3e9bdfa00d451e78d9e83ed708073fd4cb36786e082b2adf82,8a69d882741c9042875045579f06172e194eedd707668175ecbe6420d5aea72c
pid201/internal-mp-47/loaded-t0/t4/sign,201,sign,4,internal,0,prf,6218,6218,True,validation/stage1-20261004-0100/exact-counts.jsonl,224,db6e998d9b222d86e512c19a5819bb666e827c721d756b5702ba5a04d24f613f,b23a5e619c79da3e9bdfa00d451e78d9e83ed708073fd4cb36786e082b2adf82,8a69d882741c9042875045579f06172e194eedd707668175ecbe6420d5aea72c
pid201/internal-mp-47/loaded-t0/t4/sign,201,sign,4,internal,0,prf_msg,1,1,True,validation/stage1-20261004-0100/exact-counts.jsonl,224,db6e998d9b222d86e512c19a5819bb666e827c721d756b5702ba5a04d24f613f,b23a5e619c79da3e9bdfa00d451e78d9e83ed708073fd4cb36786e082b2adf82,8a69d882741c9042875045579f06172e194eedd707668175ecbe6420d5aea72c
pid201/internal-mp-47/loaded-t0/t4/sign,201,sign,4,internal,0,t,1,1,True,validation/stage1-20261004-0100/exact-counts.jsonl,224,db6e998d9b222d86e512c19a5819bb666e827c721d756b5702ba5a04d24f613f,b23a5e619c79da3e9bdfa00d451e78d9e83ed708073fd4cb36786e082b2adf82,8a69d882741c9042875045579f06172e194eedd707668175ecbe6420d5aea72c
pid201/internal-mp-47/loaded-t0/t4/verify,201,verify,4,internal,0,compress,197,197,True,validation/stage1-20261004-0100/exact-counts.jsonl,225,db6e998d9b222d86e512c19a5819bb666e827c721d756b5702ba5a04d24f613f,3fd8b8821341a1b20f86135785998ea4c49277db31cfafbf53c46a7d1ab008b4,8a69d882741c9042875045579f06172e194eedd707668175ecbe6420d5aea72c
pid201/internal-mp-47/loaded-t0/t4/verify,201,verify,4,internal,0,f,102,102,True,validation/stage1-20261004-0100/exact-counts.jsonl,225,db6e998d9b222d86e512c19a5819bb666e827c721d756b5702ba5a04d24f613f,3fd8b8821341a1b20f86135785998ea4c49277db31cfafbf53c46a7d1ab008b4,8a69d882741c9042875045579f06172e194eedd707668175ecbe6420d5aea72c
pid201/internal-mp-47/loaded-t0/t4/verify,201,verify,4,internal,0,h,70,70,True,validation/stage1-20261004-0100/exact-counts.jsonl,225,db6e998d9b222d86e512c19a5819bb666e827c721d756b5702ba5a04d24f613f,3fd8b8821341a1b20f86135785998ea4c49277db31cfafbf53c46a7d1ab008b4,8a69d882741c9042875045579f06172e194eedd707668175ecbe6420d5aea72c
pid201/internal-mp-47/loaded-t0/t4/verify,201,verify,4,internal,0,h_msg,1,1,True,validation/stage1-20261004-0100/exact-counts.jsonl,225,db6e998d9b222d86e512c19a5819bb666e827c721d756b5702ba5a04d24f613f,3fd8b8821341a1b20f86135785998ea4c49277db31cfafbf53c46a7d1ab008b4,8a69d882741c9042875045579f06172e194eedd707668175ecbe6420d5aea72c
pid201/internal-mp-47/loaded-t0/t4/verify,201,verify,4,internal,0,prf,0,0,True,validation/stage1-20261004-0100/exact-counts.jsonl,225,db6e998d9b222d86e512c19a5819bb666e827c721d756b5702ba5a04d24f613f,3fd8b8821341a1b20f86135785998ea4c49277db31cfafbf53c46a7d1ab008b4,8a69d882741c9042875045579f06172e194eedd707668175ecbe6420d5aea72c
pid201/internal-mp-47/loaded-t0/t4/verify,201,verify,4,internal,0,prf_msg,0,0,True,validation/stage1-20261004-0100/exact-counts.jsonl,225,db6e998d9b222d86e512c19a5819bb666e827c721d756b5702ba5a04d24f613f,3fd8b8821341a1b20f86135785998ea4c49277db31cfafbf53c46a7d1ab008b4,8a69d882741c9042875045579f06172e194eedd707668175ecbe6420d5aea72c
pid201/internal-mp-47/loaded-t0/t4/verify,201,verify,4,internal,0,t,2,2,True,validation/stage1-20261004-0100/exact-counts.jsonl,225,db6e998d9b222d86e512c19a5819bb666e827c721d756b5702ba5a04d24f613f,3fd8b8821341a1b20f86135785998ea4c49277db31cfafbf53c46a7d1ab008b4,8a69d882741c9042875045579f06172e194eedd707668175ecbe6420d5aea72c
pid201/internal-mp-48/loaded-t0/t4/sign,201,sign,4,internal,0,compress,18602,18602,True,validation/stage1-20261004-0100/exact-counts.jsonl,226,db6e998d9b222d86e512c19a5819bb666e827c721d756b5702ba5a04d24f613f,70ab10a1158571eea2782a99bbb3336d97134f05a3f7144ce0b1bcdce2b3becb,8a69d882741c9042875045579f06172e194eedd707668175ecbe6420d5aea72c
pid201/internal-mp-48/loaded-t0/t4/sign,201,sign,4,internal,0,f,6234,6234,True,validation/stage1-20261004-0100/exact-counts.jsonl,226,db6e998d9b222d86e512c19a5819bb666e827c721d756b5702ba5a04d24f613f,70ab10a1158571eea2782a99bbb3336d97134f05a3f7144ce0b1bcdce2b3becb,8a69d882741c9042875045579f06172e194eedd707668175ecbe6420d5aea72c
pid201/internal-mp-48/loaded-t0/t4/sign,201,sign,4,internal,0,h,6138,6138,True,validation/stage1-20261004-0100/exact-counts.jsonl,226,db6e998d9b222d86e512c19a5819bb666e827c721d756b5702ba5a04d24f613f,70ab10a1158571eea2782a99bbb3336d97134f05a3f7144ce0b1bcdce2b3becb,8a69d882741c9042875045579f06172e194eedd707668175ecbe6420d5aea72c
pid201/internal-mp-48/loaded-t0/t4/sign,201,sign,4,internal,0,h_msg,1,1,True,validation/stage1-20261004-0100/exact-counts.jsonl,226,db6e998d9b222d86e512c19a5819bb666e827c721d756b5702ba5a04d24f613f,70ab10a1158571eea2782a99bbb3336d97134f05a3f7144ce0b1bcdce2b3becb,8a69d882741c9042875045579f06172e194eedd707668175ecbe6420d5aea72c
pid201/internal-mp-48/loaded-t0/t4/sign,201,sign,4,internal,0,prf,6218,6218,True,validation/stage1-20261004-0100/exact-counts.jsonl,226,db6e998d9b222d86e512c19a5819bb666e827c721d756b5702ba5a04d24f613f,70ab10a1158571eea2782a99bbb3336d97134f05a3f7144ce0b1bcdce2b3becb,8a69d882741c9042875045579f06172e194eedd707668175ecbe6420d5aea72c
pid201/internal-mp-48/loaded-t0/t4/sign,201,sign,4,internal,0,prf_msg,1,1,True,validation/stage1-20261004-0100/exact-counts.jsonl,226,db6e998d9b222d86e512c19a5819bb666e827c721d756b5702ba5a04d24f613f,70ab10a1158571eea2782a99bbb3336d97134f05a3f7144ce0b1bcdce2b3becb,8a69d882741c9042875045579f06172e194eedd707668175ecbe6420d5aea72c
pid201/internal-mp-48/loaded-t0/t4/sign,201,sign,4,internal,0,t,1,1,True,validation/stage1-20261004-0100/exact-counts.jsonl,226,db6e998d9b222d86e512c19a5819bb666e827c721d756b5702ba5a04d24f613f,70ab10a1158571eea2782a99bbb3336d97134f05a3f7144ce0b1bcdce2b3becb,8a69d882741c9042875045579f06172e194eedd707668175ecbe6420d5aea72c
pid201/internal-mp-48/loaded-t0/t4/verify,201,verify,4,internal,0,compress,215,215,True,validation/stage1-20261004-0100/exact-counts.jsonl,227,db6e998d9b222d86e512c19a5819bb666e827c721d756b5702ba5a04d24f613f,2786e98bbee51d4ced396a1e6a7f6b5a7dc358e2a34c271da22fc185f657f2e5,8a69d882741c9042875045579f06172e194eedd707668175ecbe6420d5aea72c
pid201/internal-mp-48/loaded-t0/t4/verify,201,verify,4,internal,0,f,120,120,True,validation/stage1-20261004-0100/exact-counts.jsonl,227,db6e998d9b222d86e512c19a5819bb666e827c721d756b5702ba5a04d24f613f,2786e98bbee51d4ced396a1e6a7f6b5a7dc358e2a34c271da22fc185f657f2e5,8a69d882741c9042875045579f06172e194eedd707668175ecbe6420d5aea72c
pid201/internal-mp-48/loaded-t0/t4/verify,201,verify,4,internal,0,h,70,70,True,validation/stage1-20261004-0100/exact-counts.jsonl,227,db6e998d9b222d86e512c19a5819bb666e827c721d756b5702ba5a04d24f613f,2786e98bbee51d4ced396a1e6a7f6b5a7dc358e2a34c271da22fc185f657f2e5,8a69d882741c9042875045579f06172e194eedd707668175ecbe6420d5aea72c
pid201/internal-mp-48/loaded-t0/t4/verify,201,verify,4,internal,0,h_msg,1,1,True,validation/stage1-20261004-0100/exact-counts.jsonl,227,db6e998d9b222d86e512c19a5819bb666e827c721d756b5702ba5a04d24f613f,2786e98bbee51d4ced396a1e6a7f6b5a7dc358e2a34c271da22fc185f657f2e5,8a69d882741c9042875045579f06172e194eedd707668175ecbe6420d5aea72c
pid201/internal-mp-48/loaded-t0/t4/verify,201,verify,4,internal,0,prf,0,0,True,validation/stage1-20261004-0100/exact-counts.jsonl,227,db6e998d9b222d86e512c19a5819bb666e827c721d756b5702ba5a04d24f613f,2786e98bbee51d4ced396a1e6a7f6b5a7dc358e2a34c271da22fc185f657f2e5,8a69d882741c9042875045579f06172e194eedd707668175ecbe6420d5aea72c
pid201/internal-mp-48/loaded-t0/t4/verify,201,verify,4,internal,0,prf_msg,0,0,True,validation/stage1-20261004-0100/exact-counts.jsonl,227,db6e998d9b222d86e512c19a5819bb666e827c721d756b5702ba5a04d24f613f,2786e98bbee51d4ced396a1e6a7f6b5a7dc358e2a34c271da22fc185f657f2e5,8a69d882741c9042875045579f06172e194eedd707668175ecbe6420d5aea72c
pid201/internal-mp-48/loaded-t0/t4/verify,201,verify,4,internal,0,t,2,2,True,validation/stage1-20261004-0100/exact-counts.jsonl,227,db6e998d9b222d86e512c19a5819bb666e827c721d756b5702ba5a04d24f613f,2786e98bbee51d4ced396a1e6a7f6b5a7dc358e2a34c271da22fc185f657f2e5,8a69d882741c9042875045579f06172e194eedd707668175ecbe6420d5aea72c
pid201/internal-mp-55/loaded-t0/t4/sign,201,sign,4,internal,0,compress,18608,18608,True,validation/stage1-20261004-0100/exact-counts.jsonl,228,db6e998d9b222d86e512c19a5819bb666e827c721d756b5702ba5a04d24f613f,fe4c45c83c627f3f89c90e054262fe3b493d2472e2250f3030b0ec633e5dcc58,8a69d882741c9042875045579f06172e194eedd707668175ecbe6420d5aea72c
pid201/internal-mp-55/loaded-t0/t4/sign,201,sign,4,internal,0,f,6240,6240,True,validation/stage1-20261004-0100/exact-counts.jsonl,228,db6e998d9b222d86e512c19a5819bb666e827c721d756b5702ba5a04d24f613f,fe4c45c83c627f3f89c90e054262fe3b493d2472e2250f3030b0ec633e5dcc58,8a69d882741c9042875045579f06172e194eedd707668175ecbe6420d5aea72c
pid201/internal-mp-55/loaded-t0/t4/sign,201,sign,4,internal,0,h,6138,6138,True,validation/stage1-20261004-0100/exact-counts.jsonl,228,db6e998d9b222d86e512c19a5819bb666e827c721d756b5702ba5a04d24f613f,fe4c45c83c627f3f89c90e054262fe3b493d2472e2250f3030b0ec633e5dcc58,8a69d882741c9042875045579f06172e194eedd707668175ecbe6420d5aea72c
pid201/internal-mp-55/loaded-t0/t4/sign,201,sign,4,internal,0,h_msg,1,1,True,validation/stage1-20261004-0100/exact-counts.jsonl,228,db6e998d9b222d86e512c19a5819bb666e827c721d756b5702ba5a04d24f613f,fe4c45c83c627f3f89c90e054262fe3b493d2472e2250f3030b0ec633e5dcc58,8a69d882741c9042875045579f06172e194eedd707668175ecbe6420d5aea72c
pid201/internal-mp-55/loaded-t0/t4/sign,201,sign,4,internal,0,prf,6218,6218,True,validation/stage1-20261004-0100/exact-counts.jsonl,228,db6e998d9b222d86e512c19a5819bb666e827c721d756b5702ba5a04d24f613f,fe4c45c83c627f3f89c90e054262fe3b493d2472e2250f3030b0ec633e5dcc58,8a69d882741c9042875045579f06172e194eedd707668175ecbe6420d5aea72c
pid201/internal-mp-55/loaded-t0/t4/sign,201,sign,4,internal,0,prf_msg,1,1,True,validation/stage1-20261004-0100/exact-counts.jsonl,228,db6e998d9b222d86e512c19a5819bb666e827c721d756b5702ba5a04d24f613f,fe4c45c83c627f3f89c90e054262fe3b493d2472e2250f3030b0ec633e5dcc58,8a69d882741c9042875045579f06172e194eedd707668175ecbe6420d5aea72c
pid201/internal-mp-55/loaded-t0/t4/sign,201,sign,4,internal,0,t,1,1,True,validation/stage1-20261004-0100/exact-counts.jsonl,228,db6e998d9b222d86e512c19a5819bb666e827c721d756b5702ba5a04d24f613f,fe4c45c83c627f3f89c90e054262fe3b493d2472e2250f3030b0ec633e5dcc58,8a69d882741c9042875045579f06172e194eedd707668175ecbe6420d5aea72c
pid201/internal-mp-55/loaded-t0/t4/verify,201,verify,4,internal,0,compress,209,209,True,validation/stage1-20261004-0100/exact-counts.jsonl,229,db6e998d9b222d86e512c19a5819bb666e827c721d756b5702ba5a04d24f613f,eebb7741dce03398cd6f0da4d6ca8603f591b61104ec6c61ec8a346b0c6aca47,8a69d882741c9042875045579f06172e194eedd707668175ecbe6420d5aea72c
pid201/internal-mp-55/loaded-t0/t4/verify,201,verify,4,internal,0,f,114,114,True,validation/stage1-20261004-0100/exact-counts.jsonl,229,db6e998d9b222d86e512c19a5819bb666e827c721d756b5702ba5a04d24f613f,eebb7741dce03398cd6f0da4d6ca8603f591b61104ec6c61ec8a346b0c6aca47,8a69d882741c9042875045579f06172e194eedd707668175ecbe6420d5aea72c
pid201/internal-mp-55/loaded-t0/t4/verify,201,verify,4,internal,0,h,70,70,True,validation/stage1-20261004-0100/exact-counts.jsonl,229,db6e998d9b222d86e512c19a5819bb666e827c721d756b5702ba5a04d24f613f,eebb7741dce03398cd6f0da4d6ca8603f591b61104ec6c61ec8a346b0c6aca47,8a69d882741c9042875045579f06172e194eedd707668175ecbe6420d5aea72c
pid201/internal-mp-55/loaded-t0/t4/verify,201,verify,4,internal,0,h_msg,1,1,True,validation/stage1-20261004-0100/exact-counts.jsonl,229,db6e998d9b222d86e512c19a5819bb666e827c721d756b5702ba5a04d24f613f,eebb7741dce03398cd6f0da4d6ca8603f591b61104ec6c61ec8a346b0c6aca47,8a69d882741c9042875045579f06172e194eedd707668175ecbe6420d5aea72c
pid201/internal-mp-55/loaded-t0/t4/verify,201,verify,4,internal,0,prf,0,0,True,validation/stage1-20261004-0100/exact-counts.jsonl,229,db6e998d9b222d86e512c19a5819bb666e827c721d756b5702ba5a04d24f613f,eebb7741dce03398cd6f0da4d6ca8603f591b61104ec6c61ec8a346b0c6aca47,8a69d882741c9042875045579f06172e194eedd707668175ecbe6420d5aea72c
pid201/internal-mp-55/loaded-t0/t4/verify,201,verify,4,internal,0,prf_msg,0,0,True,validation/stage1-20261004-0100/exact-counts.jsonl,229,db6e998d9b222d86e512c19a5819bb666e827c721d756b5702ba5a04d24f613f,eebb7741dce03398cd6f0da4d6ca8603f591b61104ec6c61ec8a346b0c6aca47,8a69d882741c9042875045579f06172e194eedd707668175ecbe6420d5aea72c
pid201/internal-mp-55/loaded-t0/t4/verify,201,verify,4,internal,0,t,2,2,True,validation/stage1-20261004-0100/exact-counts.jsonl,229,db6e998d9b222d86e512c19a5819bb666e827c721d756b5702ba5a04d24f613f,eebb7741dce03398cd6f0da4d6ca8603f591b61104ec6c61ec8a346b0c6aca47,8a69d882741c9042875045579f06172e194eedd707668175ecbe6420d5aea72c
pid201/internal-mp-56/loaded-t0/t4/sign,201,sign,4,internal,0,compress,18626,18626,True,validation/stage1-20261004-0100/exact-counts.jsonl,230,db6e998d9b222d86e512c19a5819bb666e827c721d756b5702ba5a04d24f613f,016b07af6f98b9ec7d27dddf357e8ae8b304a65a8d7adfcd80ce1a15a37c0e0a,8a69d882741c9042875045579f06172e194eedd707668175ecbe6420d5aea72c
pid201/internal-mp-56/loaded-t0/t4/sign,201,sign,4,internal,0,f,6258,6258,True,validation/stage1-20261004-0100/exact-counts.jsonl,230,db6e998d9b222d86e512c19a5819bb666e827c721d756b5702ba5a04d24f613f,016b07af6f98b9ec7d27dddf357e8ae8b304a65a8d7adfcd80ce1a15a37c0e0a,8a69d882741c9042875045579f06172e194eedd707668175ecbe6420d5aea72c
pid201/internal-mp-56/loaded-t0/t4/sign,201,sign,4,internal,0,h,6138,6138,True,validation/stage1-20261004-0100/exact-counts.jsonl,230,db6e998d9b222d86e512c19a5819bb666e827c721d756b5702ba5a04d24f613f,016b07af6f98b9ec7d27dddf357e8ae8b304a65a8d7adfcd80ce1a15a37c0e0a,8a69d882741c9042875045579f06172e194eedd707668175ecbe6420d5aea72c
pid201/internal-mp-56/loaded-t0/t4/sign,201,sign,4,internal,0,h_msg,1,1,True,validation/stage1-20261004-0100/exact-counts.jsonl,230,db6e998d9b222d86e512c19a5819bb666e827c721d756b5702ba5a04d24f613f,016b07af6f98b9ec7d27dddf357e8ae8b304a65a8d7adfcd80ce1a15a37c0e0a,8a69d882741c9042875045579f06172e194eedd707668175ecbe6420d5aea72c
pid201/internal-mp-56/loaded-t0/t4/sign,201,sign,4,internal,0,prf,6218,6218,True,validation/stage1-20261004-0100/exact-counts.jsonl,230,db6e998d9b222d86e512c19a5819bb666e827c721d756b5702ba5a04d24f613f,016b07af6f98b9ec7d27dddf357e8ae8b304a65a8d7adfcd80ce1a15a37c0e0a,8a69d882741c9042875045579f06172e194eedd707668175ecbe6420d5aea72c
pid201/internal-mp-56/loaded-t0/t4/sign,201,sign,4,internal,0,prf_msg,1,1,True,validation/stage1-20261004-0100/exact-counts.jsonl,230,db6e998d9b222d86e512c19a5819bb666e827c721d756b5702ba5a04d24f613f,016b07af6f98b9ec7d27dddf357e8ae8b304a65a8d7adfcd80ce1a15a37c0e0a,8a69d882741c9042875045579f06172e194eedd707668175ecbe6420d5aea72c
pid201/internal-mp-56/loaded-t0/t4/sign,201,sign,4,internal,0,t,1,1,True,validation/stage1-20261004-0100/exact-counts.jsonl,230,db6e998d9b222d86e512c19a5819bb666e827c721d756b5702ba5a04d24f613f,016b07af6f98b9ec7d27dddf357e8ae8b304a65a8d7adfcd80ce1a15a37c0e0a,8a69d882741c9042875045579f06172e194eedd707668175ecbe6420d5aea72c
pid201/internal-mp-56/loaded-t0/t4/verify,201,verify,4,internal,0,compress,191,191,True,validation/stage1-20261004-0100/exact-counts.jsonl,231,db6e998d9b222d86e512c19a5819bb666e827c721d756b5702ba5a04d24f613f,379e19329ddec9ce6224f9f0b10dcd80c350890110e1ed4884ad6a9eda8b9a69,8a69d882741c9042875045579f06172e194eedd707668175ecbe6420d5aea72c
pid201/internal-mp-56/loaded-t0/t4/verify,201,verify,4,internal,0,f,96,96,True,validation/stage1-20261004-0100/exact-counts.jsonl,231,db6e998d9b222d86e512c19a5819bb666e827c721d756b5702ba5a04d24f613f,379e19329ddec9ce6224f9f0b10dcd80c350890110e1ed4884ad6a9eda8b9a69,8a69d882741c9042875045579f06172e194eedd707668175ecbe6420d5aea72c
pid201/internal-mp-56/loaded-t0/t4/verify,201,verify,4,internal,0,h,70,70,True,validation/stage1-20261004-0100/exact-counts.jsonl,231,db6e998d9b222d86e512c19a5819bb666e827c721d756b5702ba5a04d24f613f,379e19329ddec9ce6224f9f0b10dcd80c350890110e1ed4884ad6a9eda8b9a69,8a69d882741c9042875045579f06172e194eedd707668175ecbe6420d5aea72c
pid201/internal-mp-56/loaded-t0/t4/verify,201,verify,4,internal,0,h_msg,1,1,True,validation/stage1-20261004-0100/exact-counts.jsonl,231,db6e998d9b222d86e512c19a5819bb666e827c721d756b5702ba5a04d24f613f,379e19329ddec9ce6224f9f0b10dcd80c350890110e1ed4884ad6a9eda8b9a69,8a69d882741c9042875045579f06172e194eedd707668175ecbe6420d5aea72c
pid201/internal-mp-56/loaded-t0/t4/verify,201,verify,4,internal,0,prf,0,0,True,validation/stage1-20261004-0100/exact-counts.jsonl,231,db6e998d9b222d86e512c19a5819bb666e827c721d756b5702ba5a04d24f613f,379e19329ddec9ce6224f9f0b10dcd80c350890110e1ed4884ad6a9eda8b9a69,8a69d882741c9042875045579f06172e194eedd707668175ecbe6420d5aea72c
pid201/internal-mp-56/loaded-t0/t4/verify,201,verify,4,internal,0,prf_msg,0,0,True,validation/stage1-20261004-0100/exact-counts.jsonl,231,db6e998d9b222d86e512c19a5819bb666e827c721d756b5702ba5a04d24f613f,379e19329ddec9ce6224f9f0b10dcd80c350890110e1ed4884ad6a9eda8b9a69,8a69d882741c9042875045579f06172e194eedd707668175ecbe6420d5aea72c
pid201/internal-mp-56/loaded-t0/t4/verify,201,verify,4,internal,0,t,2,2,True,validation/stage1-20261004-0100/exact-counts.jsonl,231,db6e998d9b222d86e512c19a5819bb666e827c721d756b5702ba5a04d24f613f,379e19329ddec9ce6224f9f0b10dcd80c350890110e1ed4884ad6a9eda8b9a69,8a69d882741c9042875045579f06172e194eedd707668175ecbe6420d5aea72c
pid201/internal-mp-63/loaded-t0/t4/sign,201,sign,4,internal,0,compress,18611,18611,True,validation/stage1-20261004-0100/exact-counts.jsonl,232,db6e998d9b222d86e512c19a5819bb666e827c721d756b5702ba5a04d24f613f,7d8942507fabc6633642665009d16a9845680c1938ad95c9f4faf8c59c1c8f8a,8a69d882741c9042875045579f06172e194eedd707668175ecbe6420d5aea72c
pid201/internal-mp-63/loaded-t0/t4/sign,201,sign,4,internal,0,f,6243,6243,True,validation/stage1-20261004-0100/exact-counts.jsonl,232,db6e998d9b222d86e512c19a5819bb666e827c721d756b5702ba5a04d24f613f,7d8942507fabc6633642665009d16a9845680c1938ad95c9f4faf8c59c1c8f8a,8a69d882741c9042875045579f06172e194eedd707668175ecbe6420d5aea72c
pid201/internal-mp-63/loaded-t0/t4/sign,201,sign,4,internal,0,h,6138,6138,True,validation/stage1-20261004-0100/exact-counts.jsonl,232,db6e998d9b222d86e512c19a5819bb666e827c721d756b5702ba5a04d24f613f,7d8942507fabc6633642665009d16a9845680c1938ad95c9f4faf8c59c1c8f8a,8a69d882741c9042875045579f06172e194eedd707668175ecbe6420d5aea72c
pid201/internal-mp-63/loaded-t0/t4/sign,201,sign,4,internal,0,h_msg,1,1,True,validation/stage1-20261004-0100/exact-counts.jsonl,232,db6e998d9b222d86e512c19a5819bb666e827c721d756b5702ba5a04d24f613f,7d8942507fabc6633642665009d16a9845680c1938ad95c9f4faf8c59c1c8f8a,8a69d882741c9042875045579f06172e194eedd707668175ecbe6420d5aea72c
pid201/internal-mp-63/loaded-t0/t4/sign,201,sign,4,internal,0,prf,6218,6218,True,validation/stage1-20261004-0100/exact-counts.jsonl,232,db6e998d9b222d86e512c19a5819bb666e827c721d756b5702ba5a04d24f613f,7d8942507fabc6633642665009d16a9845680c1938ad95c9f4faf8c59c1c8f8a,8a69d882741c9042875045579f06172e194eedd707668175ecbe6420d5aea72c
pid201/internal-mp-63/loaded-t0/t4/sign,201,sign,4,internal,0,prf_msg,1,1,True,validation/stage1-20261004-0100/exact-counts.jsonl,232,db6e998d9b222d86e512c19a5819bb666e827c721d756b5702ba5a04d24f613f,7d8942507fabc6633642665009d16a9845680c1938ad95c9f4faf8c59c1c8f8a,8a69d882741c9042875045579f06172e194eedd707668175ecbe6420d5aea72c
pid201/internal-mp-63/loaded-t0/t4/sign,201,sign,4,internal,0,t,1,1,True,validation/stage1-20261004-0100/exact-counts.jsonl,232,db6e998d9b222d86e512c19a5819bb666e827c721d756b5702ba5a04d24f613f,7d8942507fabc6633642665009d16a9845680c1938ad95c9f4faf8c59c1c8f8a,8a69d882741c9042875045579f06172e194eedd707668175ecbe6420d5aea72c
pid201/internal-mp-63/loaded-t0/t4/verify,201,verify,4,internal,0,compress,206,206,True,validation/stage1-20261004-0100/exact-counts.jsonl,233,db6e998d9b222d86e512c19a5819bb666e827c721d756b5702ba5a04d24f613f,f5f35a17acea479ac32d680fad2becd4b45bf0e7856542727ef96b5274b1bbfc,8a69d882741c9042875045579f06172e194eedd707668175ecbe6420d5aea72c
pid201/internal-mp-63/loaded-t0/t4/verify,201,verify,4,internal,0,f,111,111,True,validation/stage1-20261004-0100/exact-counts.jsonl,233,db6e998d9b222d86e512c19a5819bb666e827c721d756b5702ba5a04d24f613f,f5f35a17acea479ac32d680fad2becd4b45bf0e7856542727ef96b5274b1bbfc,8a69d882741c9042875045579f06172e194eedd707668175ecbe6420d5aea72c
pid201/internal-mp-63/loaded-t0/t4/verify,201,verify,4,internal,0,h,70,70,True,validation/stage1-20261004-0100/exact-counts.jsonl,233,db6e998d9b222d86e512c19a5819bb666e827c721d756b5702ba5a04d24f613f,f5f35a17acea479ac32d680fad2becd4b45bf0e7856542727ef96b5274b1bbfc,8a69d882741c9042875045579f06172e194eedd707668175ecbe6420d5aea72c
pid201/internal-mp-63/loaded-t0/t4/verify,201,verify,4,internal,0,h_msg,1,1,True,validation/stage1-20261004-0100/exact-counts.jsonl,233,db6e998d9b222d86e512c19a5819bb666e827c721d756b5702ba5a04d24f613f,f5f35a17acea479ac32d680fad2becd4b45bf0e7856542727ef96b5274b1bbfc,8a69d882741c9042875045579f06172e194eedd707668175ecbe6420d5aea72c
pid201/internal-mp-63/loaded-t0/t4/verify,201,verify,4,internal,0,prf,0,0,True,validation/stage1-20261004-0100/exact-counts.jsonl,233,db6e998d9b222d86e512c19a5819bb666e827c721d756b5702ba5a04d24f613f,f5f35a17acea479ac32d680fad2becd4b45bf0e7856542727ef96b5274b1bbfc,8a69d882741c9042875045579f06172e194eedd707668175ecbe6420d5aea72c
pid201/internal-mp-63/loaded-t0/t4/verify,201,verify,4,internal,0,prf_msg,0,0,True,validation/stage1-20261004-0100/exact-counts.jsonl,233,db6e998d9b222d86e512c19a5819bb666e827c721d756b5702ba5a04d24f613f,f5f35a17acea479ac32d680fad2becd4b45bf0e7856542727ef96b5274b1bbfc,8a69d882741c9042875045579f06172e194eedd707668175ecbe6420d5aea72c
pid201/internal-mp-63/loaded-t0/t4/verify,201,verify,4,internal,0,t,2,2,True,validation/stage1-20261004-0100/exact-counts.jsonl,233,db6e998d9b222d86e512c19a5819bb666e827c721d756b5702ba5a04d24f613f,f5f35a17acea479ac32d680fad2becd4b45bf0e7856542727ef96b5274b1bbfc,8a69d882741c9042875045579f06172e194eedd707668175ecbe6420d5aea72c
pid201/internal-mp-64/loaded-t0/t4/sign,201,sign,4,internal,0,compress,18611,18611,True,validation/stage1-20261004-0100/exact-counts.jsonl,234,db6e998d9b222d86e512c19a5819bb666e827c721d756b5702ba5a04d24f613f,68a78fbf54605002abd83e698226da6a8d60cb8ef23dd65b1250d554761fb3f7,8a69d882741c9042875045579f06172e194eedd707668175ecbe6420d5aea72c
pid201/internal-mp-64/loaded-t0/t4/sign,201,sign,4,internal,0,f,6243,6243,True,validation/stage1-20261004-0100/exact-counts.jsonl,234,db6e998d9b222d86e512c19a5819bb666e827c721d756b5702ba5a04d24f613f,68a78fbf54605002abd83e698226da6a8d60cb8ef23dd65b1250d554761fb3f7,8a69d882741c9042875045579f06172e194eedd707668175ecbe6420d5aea72c
pid201/internal-mp-64/loaded-t0/t4/sign,201,sign,4,internal,0,h,6138,6138,True,validation/stage1-20261004-0100/exact-counts.jsonl,234,db6e998d9b222d86e512c19a5819bb666e827c721d756b5702ba5a04d24f613f,68a78fbf54605002abd83e698226da6a8d60cb8ef23dd65b1250d554761fb3f7,8a69d882741c9042875045579f06172e194eedd707668175ecbe6420d5aea72c
pid201/internal-mp-64/loaded-t0/t4/sign,201,sign,4,internal,0,h_msg,1,1,True,validation/stage1-20261004-0100/exact-counts.jsonl,234,db6e998d9b222d86e512c19a5819bb666e827c721d756b5702ba5a04d24f613f,68a78fbf54605002abd83e698226da6a8d60cb8ef23dd65b1250d554761fb3f7,8a69d882741c9042875045579f06172e194eedd707668175ecbe6420d5aea72c
pid201/internal-mp-64/loaded-t0/t4/sign,201,sign,4,internal,0,prf,6218,6218,True,validation/stage1-20261004-0100/exact-counts.jsonl,234,db6e998d9b222d86e512c19a5819bb666e827c721d756b5702ba5a04d24f613f,68a78fbf54605002abd83e698226da6a8d60cb8ef23dd65b1250d554761fb3f7,8a69d882741c9042875045579f06172e194eedd707668175ecbe6420d5aea72c
pid201/internal-mp-64/loaded-t0/t4/sign,201,sign,4,internal,0,prf_msg,1,1,True,validation/stage1-20261004-0100/exact-counts.jsonl,234,db6e998d9b222d86e512c19a5819bb666e827c721d756b5702ba5a04d24f613f,68a78fbf54605002abd83e698226da6a8d60cb8ef23dd65b1250d554761fb3f7,8a69d882741c9042875045579f06172e194eedd707668175ecbe6420d5aea72c
pid201/internal-mp-64/loaded-t0/t4/sign,201,sign,4,internal,0,t,1,1,True,validation/stage1-20261004-0100/exact-counts.jsonl,234,db6e998d9b222d86e512c19a5819bb666e827c721d756b5702ba5a04d24f613f,68a78fbf54605002abd83e698226da6a8d60cb8ef23dd65b1250d554761fb3f7,8a69d882741c9042875045579f06172e194eedd707668175ecbe6420d5aea72c
pid201/internal-mp-64/loaded-t0/t4/verify,201,verify,4,internal,0,compress,206,206,True,validation/stage1-20261004-0100/exact-counts.jsonl,235,db6e998d9b222d86e512c19a5819bb666e827c721d756b5702ba5a04d24f613f,908432a0a8df70bf310f7198b3aa9978c0b7b751f03fa7f2b973f5a4df08baab,8a69d882741c9042875045579f06172e194eedd707668175ecbe6420d5aea72c
pid201/internal-mp-64/loaded-t0/t4/verify,201,verify,4,internal,0,f,111,111,True,validation/stage1-20261004-0100/exact-counts.jsonl,235,db6e998d9b222d86e512c19a5819bb666e827c721d756b5702ba5a04d24f613f,908432a0a8df70bf310f7198b3aa9978c0b7b751f03fa7f2b973f5a4df08baab,8a69d882741c9042875045579f06172e194eedd707668175ecbe6420d5aea72c
pid201/internal-mp-64/loaded-t0/t4/verify,201,verify,4,internal,0,h,70,70,True,validation/stage1-20261004-0100/exact-counts.jsonl,235,db6e998d9b222d86e512c19a5819bb666e827c721d756b5702ba5a04d24f613f,908432a0a8df70bf310f7198b3aa9978c0b7b751f03fa7f2b973f5a4df08baab,8a69d882741c9042875045579f06172e194eedd707668175ecbe6420d5aea72c
pid201/internal-mp-64/loaded-t0/t4/verify,201,verify,4,internal,0,h_msg,1,1,True,validation/stage1-20261004-0100/exact-counts.jsonl,235,db6e998d9b222d86e512c19a5819bb666e827c721d756b5702ba5a04d24f613f,908432a0a8df70bf310f7198b3aa9978c0b7b751f03fa7f2b973f5a4df08baab,8a69d882741c9042875045579f06172e194eedd707668175ecbe6420d5aea72c
pid201/internal-mp-64/loaded-t0/t4/verify,201,verify,4,internal,0,prf,0,0,True,validation/stage1-20261004-0100/exact-counts.jsonl,235,db6e998d9b222d86e512c19a5819bb666e827c721d756b5702ba5a04d24f613f,908432a0a8df70bf310f7198b3aa9978c0b7b751f03fa7f2b973f5a4df08baab,8a69d882741c9042875045579f06172e194eedd707668175ecbe6420d5aea72c
pid201/internal-mp-64/loaded-t0/t4/verify,201,verify,4,internal,0,prf_msg,0,0,True,validation/stage1-20261004-0100/exact-counts.jsonl,235,db6e998d9b222d86e512c19a5819bb666e827c721d756b5702ba5a04d24f613f,908432a0a8df70bf310f7198b3aa9978c0b7b751f03fa7f2b973f5a4df08baab,8a69d882741c9042875045579f06172e194eedd707668175ecbe6420d5aea72c
pid201/internal-mp-64/loaded-t0/t4/verify,201,verify,4,internal,0,t,2,2,True,validation/stage1-20261004-0100/exact-counts.jsonl,235,db6e998d9b222d86e512c19a5819bb666e827c721d756b5702ba5a04d24f613f,908432a0a8df70bf310f7198b3aa9978c0b7b751f03fa7f2b973f5a4df08baab,8a69d882741c9042875045579f06172e194eedd707668175ecbe6420d5aea72c
pid201/internal-mp-257/loaded-t0/t4/sign,201,sign,4,internal,0,compress,18629,18629,True,validation/stage1-20261004-0100/exact-counts.jsonl,236,db6e998d9b222d86e512c19a5819bb666e827c721d756b5702ba5a04d24f613f,4c253b116b67799d2b86a29ae3909033f756042f88f95c7d27dd21766c4d7971,8a69d882741c9042875045579f06172e194eedd707668175ecbe6420d5aea72c
pid201/internal-mp-257/loaded-t0/t4/sign,201,sign,4,internal,0,f,6255,6255,True,validation/stage1-20261004-0100/exact-counts.jsonl,236,db6e998d9b222d86e512c19a5819bb666e827c721d756b5702ba5a04d24f613f,4c253b116b67799d2b86a29ae3909033f756042f88f95c7d27dd21766c4d7971,8a69d882741c9042875045579f06172e194eedd707668175ecbe6420d5aea72c
pid201/internal-mp-257/loaded-t0/t4/sign,201,sign,4,internal,0,h,6138,6138,True,validation/stage1-20261004-0100/exact-counts.jsonl,236,db6e998d9b222d86e512c19a5819bb666e827c721d756b5702ba5a04d24f613f,4c253b116b67799d2b86a29ae3909033f756042f88f95c7d27dd21766c4d7971,8a69d882741c9042875045579f06172e194eedd707668175ecbe6420d5aea72c
pid201/internal-mp-257/loaded-t0/t4/sign,201,sign,4,internal,0,h_msg,1,1,True,validation/stage1-20261004-0100/exact-counts.jsonl,236,db6e998d9b222d86e512c19a5819bb666e827c721d756b5702ba5a04d24f613f,4c253b116b67799d2b86a29ae3909033f756042f88f95c7d27dd21766c4d7971,8a69d882741c9042875045579f06172e194eedd707668175ecbe6420d5aea72c
pid201/internal-mp-257/loaded-t0/t4/sign,201,sign,4,internal,0,prf,6218,6218,True,validation/stage1-20261004-0100/exact-counts.jsonl,236,db6e998d9b222d86e512c19a5819bb666e827c721d756b5702ba5a04d24f613f,4c253b116b67799d2b86a29ae3909033f756042f88f95c7d27dd21766c4d7971,8a69d882741c9042875045579f06172e194eedd707668175ecbe6420d5aea72c
pid201/internal-mp-257/loaded-t0/t4/sign,201,sign,4,internal,0,prf_msg,1,1,True,validation/stage1-20261004-0100/exact-counts.jsonl,236,db6e998d9b222d86e512c19a5819bb666e827c721d756b5702ba5a04d24f613f,4c253b116b67799d2b86a29ae3909033f756042f88f95c7d27dd21766c4d7971,8a69d882741c9042875045579f06172e194eedd707668175ecbe6420d5aea72c
pid201/internal-mp-257/loaded-t0/t4/sign,201,sign,4,internal,0,t,1,1,True,validation/stage1-20261004-0100/exact-counts.jsonl,236,db6e998d9b222d86e512c19a5819bb666e827c721d756b5702ba5a04d24f613f,4c253b116b67799d2b86a29ae3909033f756042f88f95c7d27dd21766c4d7971,8a69d882741c9042875045579f06172e194eedd707668175ecbe6420d5aea72c
pid201/internal-mp-257/loaded-t0/t4/verify,201,verify,4,internal,0,compress,197,197,True,validation/stage1-20261004-0100/exact-counts.jsonl,237,db6e998d9b222d86e512c19a5819bb666e827c721d756b5702ba5a04d24f613f,0e9ae44326ed14b765bcc13d64a8f7ccbfe735adb24408c85aab5ec7ad00eb54,8a69d882741c9042875045579f06172e194eedd707668175ecbe6420d5aea72c
pid201/internal-mp-257/loaded-t0/t4/verify,201,verify,4,internal,0,f,99,99,True,validation/stage1-20261004-0100/exact-counts.jsonl,237,db6e998d9b222d86e512c19a5819bb666e827c721d756b5702ba5a04d24f613f,0e9ae44326ed14b765bcc13d64a8f7ccbfe735adb24408c85aab5ec7ad00eb54,8a69d882741c9042875045579f06172e194eedd707668175ecbe6420d5aea72c
pid201/internal-mp-257/loaded-t0/t4/verify,201,verify,4,internal,0,h,70,70,True,validation/stage1-20261004-0100/exact-counts.jsonl,237,db6e998d9b222d86e512c19a5819bb666e827c721d756b5702ba5a04d24f613f,0e9ae44326ed14b765bcc13d64a8f7ccbfe735adb24408c85aab5ec7ad00eb54,8a69d882741c9042875045579f06172e194eedd707668175ecbe6420d5aea72c
pid201/internal-mp-257/loaded-t0/t4/verify,201,verify,4,internal,0,h_msg,1,1,True,validation/stage1-20261004-0100/exact-counts.jsonl,237,db6e998d9b222d86e512c19a5819bb666e827c721d756b5702ba5a04d24f613f,0e9ae44326ed14b765bcc13d64a8f7ccbfe735adb24408c85aab5ec7ad00eb54,8a69d882741c9042875045579f06172e194eedd707668175ecbe6420d5aea72c
pid201/internal-mp-257/loaded-t0/t4/verify,201,verify,4,internal,0,prf,0,0,True,validation/stage1-20261004-0100/exact-counts.jsonl,237,db6e998d9b222d86e512c19a5819bb666e827c721d756b5702ba5a04d24f613f,0e9ae44326ed14b765bcc13d64a8f7ccbfe735adb24408c85aab5ec7ad00eb54,8a69d882741c9042875045579f06172e194eedd707668175ecbe6420d5aea72c
pid201/internal-mp-257/loaded-t0/t4/verify,201,verify,4,internal,0,prf_msg,0,0,True,validation/stage1-20261004-0100/exact-counts.jsonl,237,db6e998d9b222d86e512c19a5819bb666e827c721d756b5702ba5a04d24f613f,0e9ae44326ed14b765bcc13d64a8f7ccbfe735adb24408c85aab5ec7ad00eb54,8a69d882741c9042875045579f06172e194eedd707668175ecbe6420d5aea72c
pid201/internal-mp-257/loaded-t0/t4/verify,201,verify,4,internal,0,t,2,2,True,validation/stage1-20261004-0100/exact-counts.jsonl,237,db6e998d9b222d86e512c19a5819bb666e827c721d756b5702ba5a04d24f613f,0e9ae44326ed14b765bcc13d64a8f7ccbfe735adb24408c85aab5ec7ad00eb54,8a69d882741c9042875045579f06172e194eedd707668175ecbe6420d5aea72c
pid201/pure-context-0/loaded-t0/t4/sign,201,sign,4,pure,0,compress,18618,18618,True,validation/stage1-20261004-0100/exact-counts.jsonl,238,db6e998d9b222d86e512c19a5819bb666e827c721d756b5702ba5a04d24f613f,d6a87c5dd3c536d25f7902c9608abc69d73c6d12da73fc1f0f63418eaba40861,8a69d882741c9042875045579f06172e194eedd707668175ecbe6420d5aea72c
pid201/pure-context-0/loaded-t0/t4/sign,201,sign,4,pure,0,f,6252,6252,True,validation/stage1-20261004-0100/exact-counts.jsonl,238,db6e998d9b222d86e512c19a5819bb666e827c721d756b5702ba5a04d24f613f,d6a87c5dd3c536d25f7902c9608abc69d73c6d12da73fc1f0f63418eaba40861,8a69d882741c9042875045579f06172e194eedd707668175ecbe6420d5aea72c
pid201/pure-context-0/loaded-t0/t4/sign,201,sign,4,pure,0,h,6138,6138,True,validation/stage1-20261004-0100/exact-counts.jsonl,238,db6e998d9b222d86e512c19a5819bb666e827c721d756b5702ba5a04d24f613f,d6a87c5dd3c536d25f7902c9608abc69d73c6d12da73fc1f0f63418eaba40861,8a69d882741c9042875045579f06172e194eedd707668175ecbe6420d5aea72c
pid201/pure-context-0/loaded-t0/t4/sign,201,sign,4,pure,0,h_msg,1,1,True,validation/stage1-20261004-0100/exact-counts.jsonl,238,db6e998d9b222d86e512c19a5819bb666e827c721d756b5702ba5a04d24f613f,d6a87c5dd3c536d25f7902c9608abc69d73c6d12da73fc1f0f63418eaba40861,8a69d882741c9042875045579f06172e194eedd707668175ecbe6420d5aea72c
pid201/pure-context-0/loaded-t0/t4/sign,201,sign,4,pure,0,prf,6218,6218,True,validation/stage1-20261004-0100/exact-counts.jsonl,238,db6e998d9b222d86e512c19a5819bb666e827c721d756b5702ba5a04d24f613f,d6a87c5dd3c536d25f7902c9608abc69d73c6d12da73fc1f0f63418eaba40861,8a69d882741c9042875045579f06172e194eedd707668175ecbe6420d5aea72c
pid201/pure-context-0/loaded-t0/t4/sign,201,sign,4,pure,0,prf_msg,1,1,True,validation/stage1-20261004-0100/exact-counts.jsonl,238,db6e998d9b222d86e512c19a5819bb666e827c721d756b5702ba5a04d24f613f,d6a87c5dd3c536d25f7902c9608abc69d73c6d12da73fc1f0f63418eaba40861,8a69d882741c9042875045579f06172e194eedd707668175ecbe6420d5aea72c
pid201/pure-context-0/loaded-t0/t4/sign,201,sign,4,pure,0,t,1,1,True,validation/stage1-20261004-0100/exact-counts.jsonl,238,db6e998d9b222d86e512c19a5819bb666e827c721d756b5702ba5a04d24f613f,d6a87c5dd3c536d25f7902c9608abc69d73c6d12da73fc1f0f63418eaba40861,8a69d882741c9042875045579f06172e194eedd707668175ecbe6420d5aea72c
pid201/pure-context-0/loaded-t0/t4/verify,201,verify,4,pure,0,compress,196,196,True,validation/stage1-20261004-0100/exact-counts.jsonl,239,db6e998d9b222d86e512c19a5819bb666e827c721d756b5702ba5a04d24f613f,1a23b09b1b725b1bdb736666b1f9a61f8539434ade5629c495d44b8d670e7168,8a69d882741c9042875045579f06172e194eedd707668175ecbe6420d5aea72c
pid201/pure-context-0/loaded-t0/t4/verify,201,verify,4,pure,0,f,102,102,True,validation/stage1-20261004-0100/exact-counts.jsonl,239,db6e998d9b222d86e512c19a5819bb666e827c721d756b5702ba5a04d24f613f,1a23b09b1b725b1bdb736666b1f9a61f8539434ade5629c495d44b8d670e7168,8a69d882741c9042875045579f06172e194eedd707668175ecbe6420d5aea72c
pid201/pure-context-0/loaded-t0/t4/verify,201,verify,4,pure,0,h,70,70,True,validation/stage1-20261004-0100/exact-counts.jsonl,239,db6e998d9b222d86e512c19a5819bb666e827c721d756b5702ba5a04d24f613f,1a23b09b1b725b1bdb736666b1f9a61f8539434ade5629c495d44b8d670e7168,8a69d882741c9042875045579f06172e194eedd707668175ecbe6420d5aea72c
pid201/pure-context-0/loaded-t0/t4/verify,201,verify,4,pure,0,h_msg,1,1,True,validation/stage1-20261004-0100/exact-counts.jsonl,239,db6e998d9b222d86e512c19a5819bb666e827c721d756b5702ba5a04d24f613f,1a23b09b1b725b1bdb736666b1f9a61f8539434ade5629c495d44b8d670e7168,8a69d882741c9042875045579f06172e194eedd707668175ecbe6420d5aea72c
pid201/pure-context-0/loaded-t0/t4/verify,201,verify,4,pure,0,prf,0,0,True,validation/stage1-20261004-0100/exact-counts.jsonl,239,db6e998d9b222d86e512c19a5819bb666e827c721d756b5702ba5a04d24f613f,1a23b09b1b725b1bdb736666b1f9a61f8539434ade5629c495d44b8d670e7168,8a69d882741c9042875045579f06172e194eedd707668175ecbe6420d5aea72c
pid201/pure-context-0/loaded-t0/t4/verify,201,verify,4,pure,0,prf_msg,0,0,True,validation/stage1-20261004-0100/exact-counts.jsonl,239,db6e998d9b222d86e512c19a5819bb666e827c721d756b5702ba5a04d24f613f,1a23b09b1b725b1bdb736666b1f9a61f8539434ade5629c495d44b8d670e7168,8a69d882741c9042875045579f06172e194eedd707668175ecbe6420d5aea72c
pid201/pure-context-0/loaded-t0/t4/verify,201,verify,4,pure,0,t,2,2,True,validation/stage1-20261004-0100/exact-counts.jsonl,239,db6e998d9b222d86e512c19a5819bb666e827c721d756b5702ba5a04d24f613f,1a23b09b1b725b1bdb736666b1f9a61f8539434ade5629c495d44b8d670e7168,8a69d882741c9042875045579f06172e194eedd707668175ecbe6420d5aea72c
pid201/pure-context-255/loaded-t0/t4/sign,201,sign,4,pure,0,compress,18619,18619,True,validation/stage1-20261004-0100/exact-counts.jsonl,240,db6e998d9b222d86e512c19a5819bb666e827c721d756b5702ba5a04d24f613f,eeb64bb6bdae26b09754714082d31406c6c2881409f60bc640ef6b84624847ba,8a69d882741c9042875045579f06172e194eedd707668175ecbe6420d5aea72c
pid201/pure-context-255/loaded-t0/t4/sign,201,sign,4,pure,0,f,6243,6243,True,validation/stage1-20261004-0100/exact-counts.jsonl,240,db6e998d9b222d86e512c19a5819bb666e827c721d756b5702ba5a04d24f613f,eeb64bb6bdae26b09754714082d31406c6c2881409f60bc640ef6b84624847ba,8a69d882741c9042875045579f06172e194eedd707668175ecbe6420d5aea72c
pid201/pure-context-255/loaded-t0/t4/sign,201,sign,4,pure,0,h,6138,6138,True,validation/stage1-20261004-0100/exact-counts.jsonl,240,db6e998d9b222d86e512c19a5819bb666e827c721d756b5702ba5a04d24f613f,eeb64bb6bdae26b09754714082d31406c6c2881409f60bc640ef6b84624847ba,8a69d882741c9042875045579f06172e194eedd707668175ecbe6420d5aea72c
pid201/pure-context-255/loaded-t0/t4/sign,201,sign,4,pure,0,h_msg,1,1,True,validation/stage1-20261004-0100/exact-counts.jsonl,240,db6e998d9b222d86e512c19a5819bb666e827c721d756b5702ba5a04d24f613f,eeb64bb6bdae26b09754714082d31406c6c2881409f60bc640ef6b84624847ba,8a69d882741c9042875045579f06172e194eedd707668175ecbe6420d5aea72c
pid201/pure-context-255/loaded-t0/t4/sign,201,sign,4,pure,0,prf,6218,6218,True,validation/stage1-20261004-0100/exact-counts.jsonl,240,db6e998d9b222d86e512c19a5819bb666e827c721d756b5702ba5a04d24f613f,eeb64bb6bdae26b09754714082d31406c6c2881409f60bc640ef6b84624847ba,8a69d882741c9042875045579f06172e194eedd707668175ecbe6420d5aea72c
pid201/pure-context-255/loaded-t0/t4/sign,201,sign,4,pure,0,prf_msg,1,1,True,validation/stage1-20261004-0100/exact-counts.jsonl,240,db6e998d9b222d86e512c19a5819bb666e827c721d756b5702ba5a04d24f613f,eeb64bb6bdae26b09754714082d31406c6c2881409f60bc640ef6b84624847ba,8a69d882741c9042875045579f06172e194eedd707668175ecbe6420d5aea72c
pid201/pure-context-255/loaded-t0/t4/sign,201,sign,4,pure,0,t,1,1,True,validation/stage1-20261004-0100/exact-counts.jsonl,240,db6e998d9b222d86e512c19a5819bb666e827c721d756b5702ba5a04d24f613f,eeb64bb6bdae26b09754714082d31406c6c2881409f60bc640ef6b84624847ba,8a69d882741c9042875045579f06172e194eedd707668175ecbe6420d5aea72c
pid201/pure-context-255/loaded-t0/t4/verify,201,verify,4,pure,0,compress,210,210,True,validation/stage1-20261004-0100/exact-counts.jsonl,241,db6e998d9b222d86e512c19a5819bb666e827c721d756b5702ba5a04d24f613f,aca72d06e64b01118c999125b195496a4c24dc390f5f19818b2a238e0cc8aba8,8a69d882741c9042875045579f06172e194eedd707668175ecbe6420d5aea72c
pid201/pure-context-255/loaded-t0/t4/verify,201,verify,4,pure,0,f,111,111,True,validation/stage1-20261004-0100/exact-counts.jsonl,241,db6e998d9b222d86e512c19a5819bb666e827c721d756b5702ba5a04d24f613f,aca72d06e64b01118c999125b195496a4c24dc390f5f19818b2a238e0cc8aba8,8a69d882741c9042875045579f06172e194eedd707668175ecbe6420d5aea72c
pid201/pure-context-255/loaded-t0/t4/verify,201,verify,4,pure,0,h,70,70,True,validation/stage1-20261004-0100/exact-counts.jsonl,241,db6e998d9b222d86e512c19a5819bb666e827c721d756b5702ba5a04d24f613f,aca72d06e64b01118c999125b195496a4c24dc390f5f19818b2a238e0cc8aba8,8a69d882741c9042875045579f06172e194eedd707668175ecbe6420d5aea72c
pid201/pure-context-255/loaded-t0/t4/verify,201,verify,4,pure,0,h_msg,1,1,True,validation/stage1-20261004-0100/exact-counts.jsonl,241,db6e998d9b222d86e512c19a5819bb666e827c721d756b5702ba5a04d24f613f,aca72d06e64b01118c999125b195496a4c24dc390f5f19818b2a238e0cc8aba8,8a69d882741c9042875045579f06172e194eedd707668175ecbe6420d5aea72c
pid201/pure-context-255/loaded-t0/t4/verify,201,verify,4,pure,0,prf,0,0,True,validation/stage1-20261004-0100/exact-counts.jsonl,241,db6e998d9b222d86e512c19a5819bb666e827c721d756b5702ba5a04d24f613f,aca72d06e64b01118c999125b195496a4c24dc390f5f19818b2a238e0cc8aba8,8a69d882741c9042875045579f06172e194eedd707668175ecbe6420d5aea72c
pid201/pure-context-255/loaded-t0/t4/verify,201,verify,4,pure,0,prf_msg,0,0,True,validation/stage1-20261004-0100/exact-counts.jsonl,241,db6e998d9b222d86e512c19a5819bb666e827c721d756b5702ba5a04d24f613f,aca72d06e64b01118c999125b195496a4c24dc390f5f19818b2a238e0cc8aba8,8a69d882741c9042875045579f06172e194eedd707668175ecbe6420d5aea72c
pid201/pure-context-255/loaded-t0/t4/verify,201,verify,4,pure,0,t,2,2,True,validation/stage1-20261004-0100/exact-counts.jsonl,241,db6e998d9b222d86e512c19a5819bb666e827c721d756b5702ba5a04d24f613f,aca72d06e64b01118c999125b195496a4c24dc390f5f19818b2a238e0cc8aba8,8a69d882741c9042875045579f06172e194eedd707668175ecbe6420d5aea72c
pid201/internal-mp-0/loaded-t5/t4/sign,201,sign,4,internal,5,compress,27610,27610,True,validation/stage1-20261004-0100/exact-counts.jsonl,242,db6e998d9b222d86e512c19a5819bb666e827c721d756b5702ba5a04d24f613f,bd2fbd173c0374326a0d5922816364ec1d0415a2d04bfc4d8810c4c2cee89dc0,8a69d882741c9042875045579f06172e194eedd707668175ecbe6420d5aea72c
pid201/internal-mp-0/loaded-t5/t4/sign,201,sign,4,internal,5,f,12552,12552,True,validation/stage1-20261004-0100/exact-counts.jsonl,242,db6e998d9b222d86e512c19a5819bb666e827c721d756b5702ba5a04d24f613f,bd2fbd173c0374326a0d5922816364ec1d0415a2d04bfc4d8810c4c2cee89dc0,8a69d882741c9042875045579f06172e194eedd707668175ecbe6420d5aea72c
pid201/internal-mp-0/loaded-t5/t4/sign,201,sign,4,internal,5,h,6164,6164,True,validation/stage1-20261004-0100/exact-counts.jsonl,242,db6e998d9b222d86e512c19a5819bb666e827c721d756b5702ba5a04d24f613f,bd2fbd173c0374326a0d5922816364ec1d0415a2d04bfc4d8810c4c2cee89dc0,8a69d882741c9042875045579f06172e194eedd707668175ecbe6420d5aea72c
pid201/internal-mp-0/loaded-t5/t4/sign,201,sign,4,internal,5,h_msg,1,1,True,validation/stage1-20261004-0100/exact-counts.jsonl,242,db6e998d9b222d86e512c19a5819bb666e827c721d756b5702ba5a04d24f613f,bd2fbd173c0374326a0d5922816364ec1d0415a2d04bfc4d8810c4c2cee89dc0,8a69d882741c9042875045579f06172e194eedd707668175ecbe6420d5aea72c
pid201/internal-mp-0/loaded-t5/t4/sign,201,sign,4,internal,5,prf,8326,8326,True,validation/stage1-20261004-0100/exact-counts.jsonl,242,db6e998d9b222d86e512c19a5819bb666e827c721d756b5702ba5a04d24f613f,bd2fbd173c0374326a0d5922816364ec1d0415a2d04bfc4d8810c4c2cee89dc0,8a69d882741c9042875045579f06172e194eedd707668175ecbe6420d5aea72c
pid201/internal-mp-0/loaded-t5/t4/sign,201,sign,4,internal,5,prf_msg,1,1,True,validation/stage1-20261004-0100/exact-counts.jsonl,242,db6e998d9b222d86e512c19a5819bb666e827c721d756b5702ba5a04d24f613f,bd2fbd173c0374326a0d5922816364ec1d0415a2d04bfc4d8810c4c2cee89dc0,8a69d882741c9042875045579f06172e194eedd707668175ecbe6420d5aea72c
pid201/internal-mp-0/loaded-t5/t4/sign,201,sign,4,internal,5,t,32,32,True,validation/stage1-20261004-0100/exact-counts.jsonl,242,db6e998d9b222d86e512c19a5819bb666e827c721d756b5702ba5a04d24f613f,bd2fbd173c0374326a0d5922816364ec1d0415a2d04bfc4d8810c4c2cee89dc0,8a69d882741c9042875045579f06172e194eedd707668175ecbe6420d5aea72c
pid201/internal-mp-0/loaded-t5/t4/verify,201,verify,4,internal,5,compress,220,220,True,validation/stage1-20261004-0100/exact-counts.jsonl,243,db6e998d9b222d86e512c19a5819bb666e827c721d756b5702ba5a04d24f613f,320c970049534ebcf804fda93782157fd81d27b70734597009703da275f5a551,8a69d882741c9042875045579f06172e194eedd707668175ecbe6420d5aea72c
pid201/internal-mp-0/loaded-t5/t4/verify,201,verify,4,internal,5,f,126,126,True,validation/stage1-20261004-0100/exact-counts.jsonl,243,db6e998d9b222d86e512c19a5819bb666e827c721d756b5702ba5a04d24f613f,320c970049534ebcf804fda93782157fd81d27b70734597009703da275f5a551,8a69d882741c9042875045579f06172e194eedd707668175ecbe6420d5aea72c
pid201/internal-mp-0/loaded-t5/t4/verify,201,verify,4,internal,5,h,70,70,True,validation/stage1-20261004-0100/exact-counts.jsonl,243,db6e998d9b222d86e512c19a5819bb666e827c721d756b5702ba5a04d24f613f,320c970049534ebcf804fda93782157fd81d27b70734597009703da275f5a551,8a69d882741c9042875045579f06172e194eedd707668175ecbe6420d5aea72c
pid201/internal-mp-0/loaded-t5/t4/verify,201,verify,4,internal,5,h_msg,1,1,True,validation/stage1-20261004-0100/exact-counts.jsonl,243,db6e998d9b222d86e512c19a5819bb666e827c721d756b5702ba5a04d24f613f,320c970049534ebcf804fda93782157fd81d27b70734597009703da275f5a551,8a69d882741c9042875045579f06172e194eedd707668175ecbe6420d5aea72c
pid201/internal-mp-0/loaded-t5/t4/verify,201,verify,4,internal,5,prf,0,0,True,validation/stage1-20261004-0100/exact-counts.jsonl,243,db6e998d9b222d86e512c19a5819bb666e827c721d756b5702ba5a04d24f613f,320c970049534ebcf804fda93782157fd81d27b70734597009703da275f5a551,8a69d882741c9042875045579f06172e194eedd707668175ecbe6420d5aea72c
pid201/internal-mp-0/loaded-t5/t4/verify,201,verify,4,internal,5,prf_msg,0,0,True,validation/stage1-20261004-0100/exact-counts.jsonl,243,db6e998d9b222d86e512c19a5819bb666e827c721d756b5702ba5a04d24f613f,320c970049534ebcf804fda93782157fd81d27b70734597009703da275f5a551,8a69d882741c9042875045579f06172e194eedd707668175ecbe6420d5aea72c
pid201/internal-mp-0/loaded-t5/t4/verify,201,verify,4,internal,5,t,2,2,True,validation/stage1-20261004-0100/exact-counts.jsonl,243,db6e998d9b222d86e512c19a5819bb666e827c721d756b5702ba5a04d24f613f,320c970049534ebcf804fda93782157fd81d27b70734597009703da275f5a551,8a69d882741c9042875045579f06172e194eedd707668175ecbe6420d5aea72c
pid201/internal-mp-1/loaded-t5/t4/sign,201,sign,4,internal,5,compress,27637,27637,True,validation/stage1-20261004-0100/exact-counts.jsonl,244,db6e998d9b222d86e512c19a5819bb666e827c721d756b5702ba5a04d24f613f,2d994ba88a59e59fe3feb137cdcd4f4526a7556ad7977cbf4733ddac0cbae699,8a69d882741c9042875045579f06172e194eedd707668175ecbe6420d5aea72c
pid201/internal-mp-1/loaded-t5/t4/sign,201,sign,4,internal,5,f,12579,12579,True,validation/stage1-20261004-0100/exact-counts.jsonl,244,db6e998d9b222d86e512c19a5819bb666e827c721d756b5702ba5a04d24f613f,2d994ba88a59e59fe3feb137cdcd4f4526a7556ad7977cbf4733ddac0cbae699,8a69d882741c9042875045579f06172e194eedd707668175ecbe6420d5aea72c
pid201/internal-mp-1/loaded-t5/t4/sign,201,sign,4,internal,5,h,6164,6164,True,validation/stage1-20261004-0100/exact-counts.jsonl,244,db6e998d9b222d86e512c19a5819bb666e827c721d756b5702ba5a04d24f613f,2d994ba88a59e59fe3feb137cdcd4f4526a7556ad7977cbf4733ddac0cbae699,8a69d882741c9042875045579f06172e194eedd707668175ecbe6420d5aea72c
pid201/internal-mp-1/loaded-t5/t4/sign,201,sign,4,internal,5,h_msg,1,1,True,validation/stage1-20261004-0100/exact-counts.jsonl,244,db6e998d9b222d86e512c19a5819bb666e827c721d756b5702ba5a04d24f613f,2d994ba88a59e59fe3feb137cdcd4f4526a7556ad7977cbf4733ddac0cbae699,8a69d882741c9042875045579f06172e194eedd707668175ecbe6420d5aea72c
pid201/internal-mp-1/loaded-t5/t4/sign,201,sign,4,internal,5,prf,8326,8326,True,validation/stage1-20261004-0100/exact-counts.jsonl,244,db6e998d9b222d86e512c19a5819bb666e827c721d756b5702ba5a04d24f613f,2d994ba88a59e59fe3feb137cdcd4f4526a7556ad7977cbf4733ddac0cbae699,8a69d882741c9042875045579f06172e194eedd707668175ecbe6420d5aea72c
pid201/internal-mp-1/loaded-t5/t4/sign,201,sign,4,internal,5,prf_msg,1,1,True,validation/stage1-20261004-0100/exact-counts.jsonl,244,db6e998d9b222d86e512c19a5819bb666e827c721d756b5702ba5a04d24f613f,2d994ba88a59e59fe3feb137cdcd4f4526a7556ad7977cbf4733ddac0cbae699,8a69d882741c9042875045579f06172e194eedd707668175ecbe6420d5aea72c
pid201/internal-mp-1/loaded-t5/t4/sign,201,sign,4,internal,5,t,32,32,True,validation/stage1-20261004-0100/exact-counts.jsonl,244,db6e998d9b222d86e512c19a5819bb666e827c721d756b5702ba5a04d24f613f,2d994ba88a59e59fe3feb137cdcd4f4526a7556ad7977cbf4733ddac0cbae699,8a69d882741c9042875045579f06172e194eedd707668175ecbe6420d5aea72c
pid201/internal-mp-1/loaded-t5/t4/verify,201,verify,4,internal,5,compress,193,193,True,validation/stage1-20261004-0100/exact-counts.jsonl,245,db6e998d9b222d86e512c19a5819bb666e827c721d756b5702ba5a04d24f613f,a612eedb86df50850a93c23cac08d2cd5e3ed8fbc5036ab8a9d8852ae13b415b,8a69d882741c9042875045579f06172e194eedd707668175ecbe6420d5aea72c
pid201/internal-mp-1/loaded-t5/t4/verify,201,verify,4,internal,5,f,99,99,True,validation/stage1-20261004-0100/exact-counts.jsonl,245,db6e998d9b222d86e512c19a5819bb666e827c721d756b5702ba5a04d24f613f,a612eedb86df50850a93c23cac08d2cd5e3ed8fbc5036ab8a9d8852ae13b415b,8a69d882741c9042875045579f06172e194eedd707668175ecbe6420d5aea72c
pid201/internal-mp-1/loaded-t5/t4/verify,201,verify,4,internal,5,h,70,70,True,validation/stage1-20261004-0100/exact-counts.jsonl,245,db6e998d9b222d86e512c19a5819bb666e827c721d756b5702ba5a04d24f613f,a612eedb86df50850a93c23cac08d2cd5e3ed8fbc5036ab8a9d8852ae13b415b,8a69d882741c9042875045579f06172e194eedd707668175ecbe6420d5aea72c
pid201/internal-mp-1/loaded-t5/t4/verify,201,verify,4,internal,5,h_msg,1,1,True,validation/stage1-20261004-0100/exact-counts.jsonl,245,db6e998d9b222d86e512c19a5819bb666e827c721d756b5702ba5a04d24f613f,a612eedb86df50850a93c23cac08d2cd5e3ed8fbc5036ab8a9d8852ae13b415b,8a69d882741c9042875045579f06172e194eedd707668175ecbe6420d5aea72c
pid201/internal-mp-1/loaded-t5/t4/verify,201,verify,4,internal,5,prf,0,0,True,validation/stage1-20261004-0100/exact-counts.jsonl,245,db6e998d9b222d86e512c19a5819bb666e827c721d756b5702ba5a04d24f613f,a612eedb86df50850a93c23cac08d2cd5e3ed8fbc5036ab8a9d8852ae13b415b,8a69d882741c9042875045579f06172e194eedd707668175ecbe6420d5aea72c
pid201/internal-mp-1/loaded-t5/t4/verify,201,verify,4,internal,5,prf_msg,0,0,True,validation/stage1-20261004-0100/exact-counts.jsonl,245,db6e998d9b222d86e512c19a5819bb666e827c721d756b5702ba5a04d24f613f,a612eedb86df50850a93c23cac08d2cd5e3ed8fbc5036ab8a9d8852ae13b415b,8a69d882741c9042875045579f06172e194eedd707668175ecbe6420d5aea72c
pid201/internal-mp-1/loaded-t5/t4/verify,201,verify,4,internal,5,t,2,2,True,validation/stage1-20261004-0100/exact-counts.jsonl,245,db6e998d9b222d86e512c19a5819bb666e827c721d756b5702ba5a04d24f613f,a612eedb86df50850a93c23cac08d2cd5e3ed8fbc5036ab8a9d8852ae13b415b,8a69d882741c9042875045579f06172e194eedd707668175ecbe6420d5aea72c
pid201/internal-mp-7/loaded-t5/t4/sign,201,sign,4,internal,5,compress,27622,27622,True,validation/stage1-20261004-0100/exact-counts.jsonl,246,db6e998d9b222d86e512c19a5819bb666e827c721d756b5702ba5a04d24f613f,d8cede0fa36b72b93c1ee5d82aba7894c6cf209d985060a7f39326ea1fb9f4f8,8a69d882741c9042875045579f06172e194eedd707668175ecbe6420d5aea72c
pid201/internal-mp-7/loaded-t5/t4/sign,201,sign,4,internal,5,f,12564,12564,True,validation/stage1-20261004-0100/exact-counts.jsonl,246,db6e998d9b222d86e512c19a5819bb666e827c721d756b5702ba5a04d24f613f,d8cede0fa36b72b93c1ee5d82aba7894c6cf209d985060a7f39326ea1fb9f4f8,8a69d882741c9042875045579f06172e194eedd707668175ecbe6420d5aea72c
pid201/internal-mp-7/loaded-t5/t4/sign,201,sign,4,internal,5,h,6164,6164,True,validation/stage1-20261004-0100/exact-counts.jsonl,246,db6e998d9b222d86e512c19a5819bb666e827c721d756b5702ba5a04d24f613f,d8cede0fa36b72b93c1ee5d82aba7894c6cf209d985060a7f39326ea1fb9f4f8,8a69d882741c9042875045579f06172e194eedd707668175ecbe6420d5aea72c
pid201/internal-mp-7/loaded-t5/t4/sign,201,sign,4,internal,5,h_msg,1,1,True,validation/stage1-20261004-0100/exact-counts.jsonl,246,db6e998d9b222d86e512c19a5819bb666e827c721d756b5702ba5a04d24f613f,d8cede0fa36b72b93c1ee5d82aba7894c6cf209d985060a7f39326ea1fb9f4f8,8a69d882741c9042875045579f06172e194eedd707668175ecbe6420d5aea72c
pid201/internal-mp-7/loaded-t5/t4/sign,201,sign,4,internal,5,prf,8326,8326,True,validation/stage1-20261004-0100/exact-counts.jsonl,246,db6e998d9b222d86e512c19a5819bb666e827c721d756b5702ba5a04d24f613f,d8cede0fa36b72b93c1ee5d82aba7894c6cf209d985060a7f39326ea1fb9f4f8,8a69d882741c9042875045579f06172e194eedd707668175ecbe6420d5aea72c
pid201/internal-mp-7/loaded-t5/t4/sign,201,sign,4,internal,5,prf_msg,1,1,True,validation/stage1-20261004-0100/exact-counts.jsonl,246,db6e998d9b222d86e512c19a5819bb666e827c721d756b5702ba5a04d24f613f,d8cede0fa36b72b93c1ee5d82aba7894c6cf209d985060a7f39326ea1fb9f4f8,8a69d882741c9042875045579f06172e194eedd707668175ecbe6420d5aea72c
pid201/internal-mp-7/loaded-t5/t4/sign,201,sign,4,internal,5,t,32,32,True,validation/stage1-20261004-0100/exact-counts.jsonl,246,db6e998d9b222d86e512c19a5819bb666e827c721d756b5702ba5a04d24f613f,d8cede0fa36b72b93c1ee5d82aba7894c6cf209d985060a7f39326ea1fb9f4f8,8a69d882741c9042875045579f06172e194eedd707668175ecbe6420d5aea72c
pid201/internal-mp-7/loaded-t5/t4/verify,201,verify,4,internal,5,compress,208,208,True,validation/stage1-20261004-0100/exact-counts.jsonl,247,db6e998d9b222d86e512c19a5819bb666e827c721d756b5702ba5a04d24f613f,e1e4acf83793c2fd17410152519ebc3bc48ba8415f2b2ce42c1964d97d905ebb,8a69d882741c9042875045579f06172e194eedd707668175ecbe6420d5aea72c
pid201/internal-mp-7/loaded-t5/t4/verify,201,verify,4,internal,5,f,114,114,True,validation/stage1-20261004-0100/exact-counts.jsonl,247,db6e998d9b222d86e512c19a5819bb666e827c721d756b5702ba5a04d24f613f,e1e4acf83793c2fd17410152519ebc3bc48ba8415f2b2ce42c1964d97d905ebb,8a69d882741c9042875045579f06172e194eedd707668175ecbe6420d5aea72c
pid201/internal-mp-7/loaded-t5/t4/verify,201,verify,4,internal,5,h,70,70,True,validation/stage1-20261004-0100/exact-counts.jsonl,247,db6e998d9b222d86e512c19a5819bb666e827c721d756b5702ba5a04d24f613f,e1e4acf83793c2fd17410152519ebc3bc48ba8415f2b2ce42c1964d97d905ebb,8a69d882741c9042875045579f06172e194eedd707668175ecbe6420d5aea72c
pid201/internal-mp-7/loaded-t5/t4/verify,201,verify,4,internal,5,h_msg,1,1,True,validation/stage1-20261004-0100/exact-counts.jsonl,247,db6e998d9b222d86e512c19a5819bb666e827c721d756b5702ba5a04d24f613f,e1e4acf83793c2fd17410152519ebc3bc48ba8415f2b2ce42c1964d97d905ebb,8a69d882741c9042875045579f06172e194eedd707668175ecbe6420d5aea72c
pid201/internal-mp-7/loaded-t5/t4/verify,201,verify,4,internal,5,prf,0,0,True,validation/stage1-20261004-0100/exact-counts.jsonl,247,db6e998d9b222d86e512c19a5819bb666e827c721d756b5702ba5a04d24f613f,e1e4acf83793c2fd17410152519ebc3bc48ba8415f2b2ce42c1964d97d905ebb,8a69d882741c9042875045579f06172e194eedd707668175ecbe6420d5aea72c
pid201/internal-mp-7/loaded-t5/t4/verify,201,verify,4,internal,5,prf_msg,0,0,True,validation/stage1-20261004-0100/exact-counts.jsonl,247,db6e998d9b222d86e512c19a5819bb666e827c721d756b5702ba5a04d24f613f,e1e4acf83793c2fd17410152519ebc3bc48ba8415f2b2ce42c1964d97d905ebb,8a69d882741c9042875045579f06172e194eedd707668175ecbe6420d5aea72c
pid201/internal-mp-7/loaded-t5/t4/verify,201,verify,4,internal,5,t,2,2,True,validation/stage1-20261004-0100/exact-counts.jsonl,247,db6e998d9b222d86e512c19a5819bb666e827c721d756b5702ba5a04d24f613f,e1e4acf83793c2fd17410152519ebc3bc48ba8415f2b2ce42c1964d97d905ebb,8a69d882741c9042875045579f06172e194eedd707668175ecbe6420d5aea72c
pid201/internal-mp-8/loaded-t5/t4/sign,201,sign,4,internal,5,compress,27632,27632,True,validation/stage1-20261004-0100/exact-counts.jsonl,248,db6e998d9b222d86e512c19a5819bb666e827c721d756b5702ba5a04d24f613f,ded014cebc5aec8ff931ab84a0f9b32a464a5353d86bcc17bc536acfda58b0f5,8a69d882741c9042875045579f06172e194eedd707668175ecbe6420d5aea72c
pid201/internal-mp-8/loaded-t5/t4/sign,201,sign,4,internal,5,f,12573,12573,True,validation/stage1-20261004-0100/exact-counts.jsonl,248,db6e998d9b222d86e512c19a5819bb666e827c721d756b5702ba5a04d24f613f,ded014cebc5aec8ff931ab84a0f9b32a464a5353d86bcc17bc536acfda58b0f5,8a69d882741c9042875045579f06172e194eedd707668175ecbe6420d5aea72c
pid201/internal-mp-8/loaded-t5/t4/sign,201,sign,4,internal,5,h,6164,6164,True,validation/stage1-20261004-0100/exact-counts.jsonl,248,db6e998d9b222d86e512c19a5819bb666e827c721d756b5702ba5a04d24f613f,ded014cebc5aec8ff931ab84a0f9b32a464a5353d86bcc17bc536acfda58b0f5,8a69d882741c9042875045579f06172e194eedd707668175ecbe6420d5aea72c
pid201/internal-mp-8/loaded-t5/t4/sign,201,sign,4,internal,5,h_msg,1,1,True,validation/stage1-20261004-0100/exact-counts.jsonl,248,db6e998d9b222d86e512c19a5819bb666e827c721d756b5702ba5a04d24f613f,ded014cebc5aec8ff931ab84a0f9b32a464a5353d86bcc17bc536acfda58b0f5,8a69d882741c9042875045579f06172e194eedd707668175ecbe6420d5aea72c
pid201/internal-mp-8/loaded-t5/t4/sign,201,sign,4,internal,5,prf,8326,8326,True,validation/stage1-20261004-0100/exact-counts.jsonl,248,db6e998d9b222d86e512c19a5819bb666e827c721d756b5702ba5a04d24f613f,ded014cebc5aec8ff931ab84a0f9b32a464a5353d86bcc17bc536acfda58b0f5,8a69d882741c9042875045579f06172e194eedd707668175ecbe6420d5aea72c
pid201/internal-mp-8/loaded-t5/t4/sign,201,sign,4,internal,5,prf_msg,1,1,True,validation/stage1-20261004-0100/exact-counts.jsonl,248,db6e998d9b222d86e512c19a5819bb666e827c721d756b5702ba5a04d24f613f,ded014cebc5aec8ff931ab84a0f9b32a464a5353d86bcc17bc536acfda58b0f5,8a69d882741c9042875045579f06172e194eedd707668175ecbe6420d5aea72c
pid201/internal-mp-8/loaded-t5/t4/sign,201,sign,4,internal,5,t,32,32,True,validation/stage1-20261004-0100/exact-counts.jsonl,248,db6e998d9b222d86e512c19a5819bb666e827c721d756b5702ba5a04d24f613f,ded014cebc5aec8ff931ab84a0f9b32a464a5353d86bcc17bc536acfda58b0f5,8a69d882741c9042875045579f06172e194eedd707668175ecbe6420d5aea72c
pid201/internal-mp-8/loaded-t5/t4/verify,201,verify,4,internal,5,compress,200,200,True,validation/stage1-20261004-0100/exact-counts.jsonl,249,db6e998d9b222d86e512c19a5819bb666e827c721d756b5702ba5a04d24f613f,75805df036db719ff9756fbd21e88a36a634484a8fc67fa1183b08425535167f,8a69d882741c9042875045579f06172e194eedd707668175ecbe6420d5aea72c
pid201/internal-mp-8/loaded-t5/t4/verify,201,verify,4,internal,5,f,105,105,True,validation/stage1-20261004-0100/exact-counts.jsonl,249,db6e998d9b222d86e512c19a5819bb666e827c721d756b5702ba5a04d24f613f,75805df036db719ff9756fbd21e88a36a634484a8fc67fa1183b08425535167f,8a69d882741c9042875045579f06172e194eedd707668175ecbe6420d5aea72c
pid201/internal-mp-8/loaded-t5/t4/verify,201,verify,4,internal,5,h,70,70,True,validation/stage1-20261004-0100/exact-counts.jsonl,249,db6e998d9b222d86e512c19a5819bb666e827c721d756b5702ba5a04d24f613f,75805df036db719ff9756fbd21e88a36a634484a8fc67fa1183b08425535167f,8a69d882741c9042875045579f06172e194eedd707668175ecbe6420d5aea72c
pid201/internal-mp-8/loaded-t5/t4/verify,201,verify,4,internal,5,h_msg,1,1,True,validation/stage1-20261004-0100/exact-counts.jsonl,249,db6e998d9b222d86e512c19a5819bb666e827c721d756b5702ba5a04d24f613f,75805df036db719ff9756fbd21e88a36a634484a8fc67fa1183b08425535167f,8a69d882741c9042875045579f06172e194eedd707668175ecbe6420d5aea72c
pid201/internal-mp-8/loaded-t5/t4/verify,201,verify,4,internal,5,prf,0,0,True,validation/stage1-20261004-0100/exact-counts.jsonl,249,db6e998d9b222d86e512c19a5819bb666e827c721d756b5702ba5a04d24f613f,75805df036db719ff9756fbd21e88a36a634484a8fc67fa1183b08425535167f,8a69d882741c9042875045579f06172e194eedd707668175ecbe6420d5aea72c
pid201/internal-mp-8/loaded-t5/t4/verify,201,verify,4,internal,5,prf_msg,0,0,True,validation/stage1-20261004-0100/exact-counts.jsonl,249,db6e998d9b222d86e512c19a5819bb666e827c721d756b5702ba5a04d24f613f,75805df036db719ff9756fbd21e88a36a634484a8fc67fa1183b08425535167f,8a69d882741c9042875045579f06172e194eedd707668175ecbe6420d5aea72c
pid201/internal-mp-8/loaded-t5/t4/verify,201,verify,4,internal,5,t,2,2,True,validation/stage1-20261004-0100/exact-counts.jsonl,249,db6e998d9b222d86e512c19a5819bb666e827c721d756b5702ba5a04d24f613f,75805df036db719ff9756fbd21e88a36a634484a8fc67fa1183b08425535167f,8a69d882741c9042875045579f06172e194eedd707668175ecbe6420d5aea72c
pid201/internal-mp-39/loaded-t5/t4/sign,201,sign,4,internal,5,compress,27638,27638,True,validation/stage1-20261004-0100/exact-counts.jsonl,250,db6e998d9b222d86e512c19a5819bb666e827c721d756b5702ba5a04d24f613f,3b9c6a843eefb524477fb2f073a47654877be89fdf8fca64eeb933700b85dba9,8a69d882741c9042875045579f06172e194eedd707668175ecbe6420d5aea72c
pid201/internal-mp-39/loaded-t5/t4/sign,201,sign,4,internal,5,f,12579,12579,True,validation/stage1-20261004-0100/exact-counts.jsonl,250,db6e998d9b222d86e512c19a5819bb666e827c721d756b5702ba5a04d24f613f,3b9c6a843eefb524477fb2f073a47654877be89fdf8fca64eeb933700b85dba9,8a69d882741c9042875045579f06172e194eedd707668175ecbe6420d5aea72c
pid201/internal-mp-39/loaded-t5/t4/sign,201,sign,4,internal,5,h,6164,6164,True,validation/stage1-20261004-0100/exact-counts.jsonl,250,db6e998d9b222d86e512c19a5819bb666e827c721d756b5702ba5a04d24f613f,3b9c6a843eefb524477fb2f073a47654877be89fdf8fca64eeb933700b85dba9,8a69d882741c9042875045579f06172e194eedd707668175ecbe6420d5aea72c
pid201/internal-mp-39/loaded-t5/t4/sign,201,sign,4,internal,5,h_msg,1,1,True,validation/stage1-20261004-0100/exact-counts.jsonl,250,db6e998d9b222d86e512c19a5819bb666e827c721d756b5702ba5a04d24f613f,3b9c6a843eefb524477fb2f073a47654877be89fdf8fca64eeb933700b85dba9,8a69d882741c9042875045579f06172e194eedd707668175ecbe6420d5aea72c
pid201/internal-mp-39/loaded-t5/t4/sign,201,sign,4,internal,5,prf,8326,8326,True,validation/stage1-20261004-0100/exact-counts.jsonl,250,db6e998d9b222d86e512c19a5819bb666e827c721d756b5702ba5a04d24f613f,3b9c6a843eefb524477fb2f073a47654877be89fdf8fca64eeb933700b85dba9,8a69d882741c9042875045579f06172e194eedd707668175ecbe6420d5aea72c
pid201/internal-mp-39/loaded-t5/t4/sign,201,sign,4,internal,5,prf_msg,1,1,True,validation/stage1-20261004-0100/exact-counts.jsonl,250,db6e998d9b222d86e512c19a5819bb666e827c721d756b5702ba5a04d24f613f,3b9c6a843eefb524477fb2f073a47654877be89fdf8fca64eeb933700b85dba9,8a69d882741c9042875045579f06172e194eedd707668175ecbe6420d5aea72c
pid201/internal-mp-39/loaded-t5/t4/sign,201,sign,4,internal,5,t,32,32,True,validation/stage1-20261004-0100/exact-counts.jsonl,250,db6e998d9b222d86e512c19a5819bb666e827c721d756b5702ba5a04d24f613f,3b9c6a843eefb524477fb2f073a47654877be89fdf8fca64eeb933700b85dba9,8a69d882741c9042875045579f06172e194eedd707668175ecbe6420d5aea72c
pid201/internal-mp-39/loaded-t5/t4/verify,201,verify,4,internal,5,compress,194,194,True,validation/stage1-20261004-0100/exact-counts.jsonl,251,db6e998d9b222d86e512c19a5819bb666e827c721d756b5702ba5a04d24f613f,8a96ff3ff58991109484c1ac4c2ad84db9d07886195d30bff16ee839057980d8,8a69d882741c9042875045579f06172e194eedd707668175ecbe6420d5aea72c
pid201/internal-mp-39/loaded-t5/t4/verify,201,verify,4,internal,5,f,99,99,True,validation/stage1-20261004-0100/exact-counts.jsonl,251,db6e998d9b222d86e512c19a5819bb666e827c721d756b5702ba5a04d24f613f,8a96ff3ff58991109484c1ac4c2ad84db9d07886195d30bff16ee839057980d8,8a69d882741c9042875045579f06172e194eedd707668175ecbe6420d5aea72c
pid201/internal-mp-39/loaded-t5/t4/verify,201,verify,4,internal,5,h,70,70,True,validation/stage1-20261004-0100/exact-counts.jsonl,251,db6e998d9b222d86e512c19a5819bb666e827c721d756b5702ba5a04d24f613f,8a96ff3ff58991109484c1ac4c2ad84db9d07886195d30bff16ee839057980d8,8a69d882741c9042875045579f06172e194eedd707668175ecbe6420d5aea72c
pid201/internal-mp-39/loaded-t5/t4/verify,201,verify,4,internal,5,h_msg,1,1,True,validation/stage1-20261004-0100/exact-counts.jsonl,251,db6e998d9b222d86e512c19a5819bb666e827c721d756b5702ba5a04d24f613f,8a96ff3ff58991109484c1ac4c2ad84db9d07886195d30bff16ee839057980d8,8a69d882741c9042875045579f06172e194eedd707668175ecbe6420d5aea72c
pid201/internal-mp-39/loaded-t5/t4/verify,201,verify,4,internal,5,prf,0,0,True,validation/stage1-20261004-0100/exact-counts.jsonl,251,db6e998d9b222d86e512c19a5819bb666e827c721d756b5702ba5a04d24f613f,8a96ff3ff58991109484c1ac4c2ad84db9d07886195d30bff16ee839057980d8,8a69d882741c9042875045579f06172e194eedd707668175ecbe6420d5aea72c
pid201/internal-mp-39/loaded-t5/t4/verify,201,verify,4,internal,5,prf_msg,0,0,True,validation/stage1-20261004-0100/exact-counts.jsonl,251,db6e998d9b222d86e512c19a5819bb666e827c721d756b5702ba5a04d24f613f,8a96ff3ff58991109484c1ac4c2ad84db9d07886195d30bff16ee839057980d8,8a69d882741c9042875045579f06172e194eedd707668175ecbe6420d5aea72c
pid201/internal-mp-39/loaded-t5/t4/verify,201,verify,4,internal,5,t,2,2,True,validation/stage1-20261004-0100/exact-counts.jsonl,251,db6e998d9b222d86e512c19a5819bb666e827c721d756b5702ba5a04d24f613f,8a96ff3ff58991109484c1ac4c2ad84db9d07886195d30bff16ee839057980d8,8a69d882741c9042875045579f06172e194eedd707668175ecbe6420d5aea72c
pid201/internal-mp-40/loaded-t5/t4/sign,201,sign,4,internal,5,compress,27642,27642,True,validation/stage1-20261004-0100/exact-counts.jsonl,252,db6e998d9b222d86e512c19a5819bb666e827c721d756b5702ba5a04d24f613f,f9fa9b92cf802a1d25d9655d8cb873a8ae6fcf6e7d7f608884587bbfc2805835,8a69d882741c9042875045579f06172e194eedd707668175ecbe6420d5aea72c
pid201/internal-mp-40/loaded-t5/t4/sign,201,sign,4,internal,5,f,12582,12582,True,validation/stage1-20261004-0100/exact-counts.jsonl,252,db6e998d9b222d86e512c19a5819bb666e827c721d756b5702ba5a04d24f613f,f9fa9b92cf802a1d25d9655d8cb873a8ae6fcf6e7d7f608884587bbfc2805835,8a69d882741c9042875045579f06172e194eedd707668175ecbe6420d5aea72c
pid201/internal-mp-40/loaded-t5/t4/sign,201,sign,4,internal,5,h,6164,6164,True,validation/stage1-20261004-0100/exact-counts.jsonl,252,db6e998d9b222d86e512c19a5819bb666e827c721d756b5702ba5a04d24f613f,f9fa9b92cf802a1d25d9655d8cb873a8ae6fcf6e7d7f608884587bbfc2805835,8a69d882741c9042875045579f06172e194eedd707668175ecbe6420d5aea72c
pid201/internal-mp-40/loaded-t5/t4/sign,201,sign,4,internal,5,h_msg,1,1,True,validation/stage1-20261004-0100/exact-counts.jsonl,252,db6e998d9b222d86e512c19a5819bb666e827c721d756b5702ba5a04d24f613f,f9fa9b92cf802a1d25d9655d8cb873a8ae6fcf6e7d7f608884587bbfc2805835,8a69d882741c9042875045579f06172e194eedd707668175ecbe6420d5aea72c
pid201/internal-mp-40/loaded-t5/t4/sign,201,sign,4,internal,5,prf,8326,8326,True,validation/stage1-20261004-0100/exact-counts.jsonl,252,db6e998d9b222d86e512c19a5819bb666e827c721d756b5702ba5a04d24f613f,f9fa9b92cf802a1d25d9655d8cb873a8ae6fcf6e7d7f608884587bbfc2805835,8a69d882741c9042875045579f06172e194eedd707668175ecbe6420d5aea72c
pid201/internal-mp-40/loaded-t5/t4/sign,201,sign,4,internal,5,prf_msg,1,1,True,validation/stage1-20261004-0100/exact-counts.jsonl,252,db6e998d9b222d86e512c19a5819bb666e827c721d756b5702ba5a04d24f613f,f9fa9b92cf802a1d25d9655d8cb873a8ae6fcf6e7d7f608884587bbfc2805835,8a69d882741c9042875045579f06172e194eedd707668175ecbe6420d5aea72c
pid201/internal-mp-40/loaded-t5/t4/sign,201,sign,4,internal,5,t,32,32,True,validation/stage1-20261004-0100/exact-counts.jsonl,252,db6e998d9b222d86e512c19a5819bb666e827c721d756b5702ba5a04d24f613f,f9fa9b92cf802a1d25d9655d8cb873a8ae6fcf6e7d7f608884587bbfc2805835,8a69d882741c9042875045579f06172e194eedd707668175ecbe6420d5aea72c
pid201/internal-mp-40/loaded-t5/t4/verify,201,verify,4,internal,5,compress,191,191,True,validation/stage1-20261004-0100/exact-counts.jsonl,253,db6e998d9b222d86e512c19a5819bb666e827c721d756b5702ba5a04d24f613f,6a619f7c741c2a76542e5a25fd9927e6b59c8bbb5757803fb22a52ba23958f92,8a69d882741c9042875045579f06172e194eedd707668175ecbe6420d5aea72c
pid201/internal-mp-40/loaded-t5/t4/verify,201,verify,4,internal,5,f,96,96,True,validation/stage1-20261004-0100/exact-counts.jsonl,253,db6e998d9b222d86e512c19a5819bb666e827c721d756b5702ba5a04d24f613f,6a619f7c741c2a76542e5a25fd9927e6b59c8bbb5757803fb22a52ba23958f92,8a69d882741c9042875045579f06172e194eedd707668175ecbe6420d5aea72c
pid201/internal-mp-40/loaded-t5/t4/verify,201,verify,4,internal,5,h,70,70,True,validation/stage1-20261004-0100/exact-counts.jsonl,253,db6e998d9b222d86e512c19a5819bb666e827c721d756b5702ba5a04d24f613f,6a619f7c741c2a76542e5a25fd9927e6b59c8bbb5757803fb22a52ba23958f92,8a69d882741c9042875045579f06172e194eedd707668175ecbe6420d5aea72c
pid201/internal-mp-40/loaded-t5/t4/verify,201,verify,4,internal,5,h_msg,1,1,True,validation/stage1-20261004-0100/exact-counts.jsonl,253,db6e998d9b222d86e512c19a5819bb666e827c721d756b5702ba5a04d24f613f,6a619f7c741c2a76542e5a25fd9927e6b59c8bbb5757803fb22a52ba23958f92,8a69d882741c9042875045579f06172e194eedd707668175ecbe6420d5aea72c
pid201/internal-mp-40/loaded-t5/t4/verify,201,verify,4,internal,5,prf,0,0,True,validation/stage1-20261004-0100/exact-counts.jsonl,253,db6e998d9b222d86e512c19a5819bb666e827c721d756b5702ba5a04d24f613f,6a619f7c741c2a76542e5a25fd9927e6b59c8bbb5757803fb22a52ba23958f92,8a69d882741c9042875045579f06172e194eedd707668175ecbe6420d5aea72c
pid201/internal-mp-40/loaded-t5/t4/verify,201,verify,4,internal,5,prf_msg,0,0,True,validation/stage1-20261004-0100/exact-counts.jsonl,253,db6e998d9b222d86e512c19a5819bb666e827c721d756b5702ba5a04d24f613f,6a619f7c741c2a76542e5a25fd9927e6b59c8bbb5757803fb22a52ba23958f92,8a69d882741c9042875045579f06172e194eedd707668175ecbe6420d5aea72c
pid201/internal-mp-40/loaded-t5/t4/verify,201,verify,4,internal,5,t,2,2,True,validation/stage1-20261004-0100/exact-counts.jsonl,253,db6e998d9b222d86e512c19a5819bb666e827c721d756b5702ba5a04d24f613f,6a619f7c741c2a76542e5a25fd9927e6b59c8bbb5757803fb22a52ba23958f92,8a69d882741c9042875045579f06172e194eedd707668175ecbe6420d5aea72c
pid201/internal-mp-47/loaded-t5/t4/sign,201,sign,4,internal,5,compress,27636,27636,True,validation/stage1-20261004-0100/exact-counts.jsonl,254,db6e998d9b222d86e512c19a5819bb666e827c721d756b5702ba5a04d24f613f,b23a5e619c79da3e9bdfa00d451e78d9e83ed708073fd4cb36786e082b2adf82,8a69d882741c9042875045579f06172e194eedd707668175ecbe6420d5aea72c
pid201/internal-mp-47/loaded-t5/t4/sign,201,sign,4,internal,5,f,12576,12576,True,validation/stage1-20261004-0100/exact-counts.jsonl,254,db6e998d9b222d86e512c19a5819bb666e827c721d756b5702ba5a04d24f613f,b23a5e619c79da3e9bdfa00d451e78d9e83ed708073fd4cb36786e082b2adf82,8a69d882741c9042875045579f06172e194eedd707668175ecbe6420d5aea72c
pid201/internal-mp-47/loaded-t5/t4/sign,201,sign,4,internal,5,h,6164,6164,True,validation/stage1-20261004-0100/exact-counts.jsonl,254,db6e998d9b222d86e512c19a5819bb666e827c721d756b5702ba5a04d24f613f,b23a5e619c79da3e9bdfa00d451e78d9e83ed708073fd4cb36786e082b2adf82,8a69d882741c9042875045579f06172e194eedd707668175ecbe6420d5aea72c
pid201/internal-mp-47/loaded-t5/t4/sign,201,sign,4,internal,5,h_msg,1,1,True,validation/stage1-20261004-0100/exact-counts.jsonl,254,db6e998d9b222d86e512c19a5819bb666e827c721d756b5702ba5a04d24f613f,b23a5e619c79da3e9bdfa00d451e78d9e83ed708073fd4cb36786e082b2adf82,8a69d882741c9042875045579f06172e194eedd707668175ecbe6420d5aea72c
pid201/internal-mp-47/loaded-t5/t4/sign,201,sign,4,internal,5,prf,8326,8326,True,validation/stage1-20261004-0100/exact-counts.jsonl,254,db6e998d9b222d86e512c19a5819bb666e827c721d756b5702ba5a04d24f613f,b23a5e619c79da3e9bdfa00d451e78d9e83ed708073fd4cb36786e082b2adf82,8a69d882741c9042875045579f06172e194eedd707668175ecbe6420d5aea72c
pid201/internal-mp-47/loaded-t5/t4/sign,201,sign,4,internal,5,prf_msg,1,1,True,validation/stage1-20261004-0100/exact-counts.jsonl,254,db6e998d9b222d86e512c19a5819bb666e827c721d756b5702ba5a04d24f613f,b23a5e619c79da3e9bdfa00d451e78d9e83ed708073fd4cb36786e082b2adf82,8a69d882741c9042875045579f06172e194eedd707668175ecbe6420d5aea72c
pid201/internal-mp-47/loaded-t5/t4/sign,201,sign,4,internal,5,t,32,32,True,validation/stage1-20261004-0100/exact-counts.jsonl,254,db6e998d9b222d86e512c19a5819bb666e827c721d756b5702ba5a04d24f613f,b23a5e619c79da3e9bdfa00d451e78d9e83ed708073fd4cb36786e082b2adf82,8a69d882741c9042875045579f06172e194eedd707668175ecbe6420d5aea72c
pid201/internal-mp-47/loaded-t5/t4/verify,201,verify,4,internal,5,compress,197,197,True,validation/stage1-20261004-0100/exact-counts.jsonl,255,db6e998d9b222d86e512c19a5819bb666e827c721d756b5702ba5a04d24f613f,3fd8b8821341a1b20f86135785998ea4c49277db31cfafbf53c46a7d1ab008b4,8a69d882741c9042875045579f06172e194eedd707668175ecbe6420d5aea72c
pid201/internal-mp-47/loaded-t5/t4/verify,201,verify,4,internal,5,f,102,102,True,validation/stage1-20261004-0100/exact-counts.jsonl,255,db6e998d9b222d86e512c19a5819bb666e827c721d756b5702ba5a04d24f613f,3fd8b8821341a1b20f86135785998ea4c49277db31cfafbf53c46a7d1ab008b4,8a69d882741c9042875045579f06172e194eedd707668175ecbe6420d5aea72c
pid201/internal-mp-47/loaded-t5/t4/verify,201,verify,4,internal,5,h,70,70,True,validation/stage1-20261004-0100/exact-counts.jsonl,255,db6e998d9b222d86e512c19a5819bb666e827c721d756b5702ba5a04d24f613f,3fd8b8821341a1b20f86135785998ea4c49277db31cfafbf53c46a7d1ab008b4,8a69d882741c9042875045579f06172e194eedd707668175ecbe6420d5aea72c
pid201/internal-mp-47/loaded-t5/t4/verify,201,verify,4,internal,5,h_msg,1,1,True,validation/stage1-20261004-0100/exact-counts.jsonl,255,db6e998d9b222d86e512c19a5819bb666e827c721d756b5702ba5a04d24f613f,3fd8b8821341a1b20f86135785998ea4c49277db31cfafbf53c46a7d1ab008b4,8a69d882741c9042875045579f06172e194eedd707668175ecbe6420d5aea72c
pid201/internal-mp-47/loaded-t5/t4/verify,201,verify,4,internal,5,prf,0,0,True,validation/stage1-20261004-0100/exact-counts.jsonl,255,db6e998d9b222d86e512c19a5819bb666e827c721d756b5702ba5a04d24f613f,3fd8b8821341a1b20f86135785998ea4c49277db31cfafbf53c46a7d1ab008b4,8a69d882741c9042875045579f06172e194eedd707668175ecbe6420d5aea72c
pid201/internal-mp-47/loaded-t5/t4/verify,201,verify,4,internal,5,prf_msg,0,0,True,validation/stage1-20261004-0100/exact-counts.jsonl,255,db6e998d9b222d86e512c19a5819bb666e827c721d756b5702ba5a04d24f613f,3fd8b8821341a1b20f86135785998ea4c49277db31cfafbf53c46a7d1ab008b4,8a69d882741c9042875045579f06172e194eedd707668175ecbe6420d5aea72c
pid201/internal-mp-47/loaded-t5/t4/verify,201,verify,4,internal,5,t,2,2,True,validation/stage1-20261004-0100/exact-counts.jsonl,255,db6e998d9b222d86e512c19a5819bb666e827c721d756b5702ba5a04d24f613f,3fd8b8821341a1b20f86135785998ea4c49277db31cfafbf53c46a7d1ab008b4,8a69d882741c9042875045579f06172e194eedd707668175ecbe6420d5aea72c
pid201/internal-mp-48/loaded-t5/t4/sign,201,sign,4,internal,5,compress,27618,27618,True,validation/stage1-20261004-0100/exact-counts.jsonl,256,db6e998d9b222d86e512c19a5819bb666e827c721d756b5702ba5a04d24f613f,70ab10a1158571eea2782a99bbb3336d97134f05a3f7144ce0b1bcdce2b3becb,8a69d882741c9042875045579f06172e194eedd707668175ecbe6420d5aea72c
pid201/internal-mp-48/loaded-t5/t4/sign,201,sign,4,internal,5,f,12558,12558,True,validation/stage1-20261004-0100/exact-counts.jsonl,256,db6e998d9b222d86e512c19a5819bb666e827c721d756b5702ba5a04d24f613f,70ab10a1158571eea2782a99bbb3336d97134f05a3f7144ce0b1bcdce2b3becb,8a69d882741c9042875045579f06172e194eedd707668175ecbe6420d5aea72c
pid201/internal-mp-48/loaded-t5/t4/sign,201,sign,4,internal,5,h,6164,6164,True,validation/stage1-20261004-0100/exact-counts.jsonl,256,db6e998d9b222d86e512c19a5819bb666e827c721d756b5702ba5a04d24f613f,70ab10a1158571eea2782a99bbb3336d97134f05a3f7144ce0b1bcdce2b3becb,8a69d882741c9042875045579f06172e194eedd707668175ecbe6420d5aea72c
pid201/internal-mp-48/loaded-t5/t4/sign,201,sign,4,internal,5,h_msg,1,1,True,validation/stage1-20261004-0100/exact-counts.jsonl,256,db6e998d9b222d86e512c19a5819bb666e827c721d756b5702ba5a04d24f613f,70ab10a1158571eea2782a99bbb3336d97134f05a3f7144ce0b1bcdce2b3becb,8a69d882741c9042875045579f06172e194eedd707668175ecbe6420d5aea72c
pid201/internal-mp-48/loaded-t5/t4/sign,201,sign,4,internal,5,prf,8326,8326,True,validation/stage1-20261004-0100/exact-counts.jsonl,256,db6e998d9b222d86e512c19a5819bb666e827c721d756b5702ba5a04d24f613f,70ab10a1158571eea2782a99bbb3336d97134f05a3f7144ce0b1bcdce2b3becb,8a69d882741c9042875045579f06172e194eedd707668175ecbe6420d5aea72c
pid201/internal-mp-48/loaded-t5/t4/sign,201,sign,4,internal,5,prf_msg,1,1,True,validation/stage1-20261004-0100/exact-counts.jsonl,256,db6e998d9b222d86e512c19a5819bb666e827c721d756b5702ba5a04d24f613f,70ab10a1158571eea2782a99bbb3336d97134f05a3f7144ce0b1bcdce2b3becb,8a69d882741c9042875045579f06172e194eedd707668175ecbe6420d5aea72c
pid201/internal-mp-48/loaded-t5/t4/sign,201,sign,4,internal,5,t,32,32,True,validation/stage1-20261004-0100/exact-counts.jsonl,256,db6e998d9b222d86e512c19a5819bb666e827c721d756b5702ba5a04d24f613f,70ab10a1158571eea2782a99bbb3336d97134f05a3f7144ce0b1bcdce2b3becb,8a69d882741c9042875045579f06172e194eedd707668175ecbe6420d5aea72c
pid201/internal-mp-48/loaded-t5/t4/verify,201,verify,4,internal,5,compress,215,215,True,validation/stage1-20261004-0100/exact-counts.jsonl,257,db6e998d9b222d86e512c19a5819bb666e827c721d756b5702ba5a04d24f613f,2786e98bbee51d4ced396a1e6a7f6b5a7dc358e2a34c271da22fc185f657f2e5,8a69d882741c9042875045579f06172e194eedd707668175ecbe6420d5aea72c
pid201/internal-mp-48/loaded-t5/t4/verify,201,verify,4,internal,5,f,120,120,True,validation/stage1-20261004-0100/exact-counts.jsonl,257,db6e998d9b222d86e512c19a5819bb666e827c721d756b5702ba5a04d24f613f,2786e98bbee51d4ced396a1e6a7f6b5a7dc358e2a34c271da22fc185f657f2e5,8a69d882741c9042875045579f06172e194eedd707668175ecbe6420d5aea72c
pid201/internal-mp-48/loaded-t5/t4/verify,201,verify,4,internal,5,h,70,70,True,validation/stage1-20261004-0100/exact-counts.jsonl,257,db6e998d9b222d86e512c19a5819bb666e827c721d756b5702ba5a04d24f613f,2786e98bbee51d4ced396a1e6a7f6b5a7dc358e2a34c271da22fc185f657f2e5,8a69d882741c9042875045579f06172e194eedd707668175ecbe6420d5aea72c
pid201/internal-mp-48/loaded-t5/t4/verify,201,verify,4,internal,5,h_msg,1,1,True,validation/stage1-20261004-0100/exact-counts.jsonl,257,db6e998d9b222d86e512c19a5819bb666e827c721d756b5702ba5a04d24f613f,2786e98bbee51d4ced396a1e6a7f6b5a7dc358e2a34c271da22fc185f657f2e5,8a69d882741c9042875045579f06172e194eedd707668175ecbe6420d5aea72c
pid201/internal-mp-48/loaded-t5/t4/verify,201,verify,4,internal,5,prf,0,0,True,validation/stage1-20261004-0100/exact-counts.jsonl,257,db6e998d9b222d86e512c19a5819bb666e827c721d756b5702ba5a04d24f613f,2786e98bbee51d4ced396a1e6a7f6b5a7dc358e2a34c271da22fc185f657f2e5,8a69d882741c9042875045579f06172e194eedd707668175ecbe6420d5aea72c
pid201/internal-mp-48/loaded-t5/t4/verify,201,verify,4,internal,5,prf_msg,0,0,True,validation/stage1-20261004-0100/exact-counts.jsonl,257,db6e998d9b222d86e512c19a5819bb666e827c721d756b5702ba5a04d24f613f,2786e98bbee51d4ced396a1e6a7f6b5a7dc358e2a34c271da22fc185f657f2e5,8a69d882741c9042875045579f06172e194eedd707668175ecbe6420d5aea72c
pid201/internal-mp-48/loaded-t5/t4/verify,201,verify,4,internal,5,t,2,2,True,validation/stage1-20261004-0100/exact-counts.jsonl,257,db6e998d9b222d86e512c19a5819bb666e827c721d756b5702ba5a04d24f613f,2786e98bbee51d4ced396a1e6a7f6b5a7dc358e2a34c271da22fc185f657f2e5,8a69d882741c9042875045579f06172e194eedd707668175ecbe6420d5aea72c
pid201/internal-mp-55/loaded-t5/t4/sign,201,sign,4,internal,5,compress,27624,27624,True,validation/stage1-20261004-0100/exact-counts.jsonl,258,db6e998d9b222d86e512c19a5819bb666e827c721d756b5702ba5a04d24f613f,fe4c45c83c627f3f89c90e054262fe3b493d2472e2250f3030b0ec633e5dcc58,8a69d882741c9042875045579f06172e194eedd707668175ecbe6420d5aea72c
pid201/internal-mp-55/loaded-t5/t4/sign,201,sign,4,internal,5,f,12564,12564,True,validation/stage1-20261004-0100/exact-counts.jsonl,258,db6e998d9b222d86e512c19a5819bb666e827c721d756b5702ba5a04d24f613f,fe4c45c83c627f3f89c90e054262fe3b493d2472e2250f3030b0ec633e5dcc58,8a69d882741c9042875045579f06172e194eedd707668175ecbe6420d5aea72c
pid201/internal-mp-55/loaded-t5/t4/sign,201,sign,4,internal,5,h,6164,6164,True,validation/stage1-20261004-0100/exact-counts.jsonl,258,db6e998d9b222d86e512c19a5819bb666e827c721d756b5702ba5a04d24f613f,fe4c45c83c627f3f89c90e054262fe3b493d2472e2250f3030b0ec633e5dcc58,8a69d882741c9042875045579f06172e194eedd707668175ecbe6420d5aea72c
pid201/internal-mp-55/loaded-t5/t4/sign,201,sign,4,internal,5,h_msg,1,1,True,validation/stage1-20261004-0100/exact-counts.jsonl,258,db6e998d9b222d86e512c19a5819bb666e827c721d756b5702ba5a04d24f613f,fe4c45c83c627f3f89c90e054262fe3b493d2472e2250f3030b0ec633e5dcc58,8a69d882741c9042875045579f06172e194eedd707668175ecbe6420d5aea72c
pid201/internal-mp-55/loaded-t5/t4/sign,201,sign,4,internal,5,prf,8326,8326,True,validation/stage1-20261004-0100/exact-counts.jsonl,258,db6e998d9b222d86e512c19a5819bb666e827c721d756b5702ba5a04d24f613f,fe4c45c83c627f3f89c90e054262fe3b493d2472e2250f3030b0ec633e5dcc58,8a69d882741c9042875045579f06172e194eedd707668175ecbe6420d5aea72c
pid201/internal-mp-55/loaded-t5/t4/sign,201,sign,4,internal,5,prf_msg,1,1,True,validation/stage1-20261004-0100/exact-counts.jsonl,258,db6e998d9b222d86e512c19a5819bb666e827c721d756b5702ba5a04d24f613f,fe4c45c83c627f3f89c90e054262fe3b493d2472e2250f3030b0ec633e5dcc58,8a69d882741c9042875045579f06172e194eedd707668175ecbe6420d5aea72c
pid201/internal-mp-55/loaded-t5/t4/sign,201,sign,4,internal,5,t,32,32,True,validation/stage1-20261004-0100/exact-counts.jsonl,258,db6e998d9b222d86e512c19a5819bb666e827c721d756b5702ba5a04d24f613f,fe4c45c83c627f3f89c90e054262fe3b493d2472e2250f3030b0ec633e5dcc58,8a69d882741c9042875045579f06172e194eedd707668175ecbe6420d5aea72c
pid201/internal-mp-55/loaded-t5/t4/verify,201,verify,4,internal,5,compress,209,209,True,validation/stage1-20261004-0100/exact-counts.jsonl,259,db6e998d9b222d86e512c19a5819bb666e827c721d756b5702ba5a04d24f613f,eebb7741dce03398cd6f0da4d6ca8603f591b61104ec6c61ec8a346b0c6aca47,8a69d882741c9042875045579f06172e194eedd707668175ecbe6420d5aea72c
pid201/internal-mp-55/loaded-t5/t4/verify,201,verify,4,internal,5,f,114,114,True,validation/stage1-20261004-0100/exact-counts.jsonl,259,db6e998d9b222d86e512c19a5819bb666e827c721d756b5702ba5a04d24f613f,eebb7741dce03398cd6f0da4d6ca8603f591b61104ec6c61ec8a346b0c6aca47,8a69d882741c9042875045579f06172e194eedd707668175ecbe6420d5aea72c
pid201/internal-mp-55/loaded-t5/t4/verify,201,verify,4,internal,5,h,70,70,True,validation/stage1-20261004-0100/exact-counts.jsonl,259,db6e998d9b222d86e512c19a5819bb666e827c721d756b5702ba5a04d24f613f,eebb7741dce03398cd6f0da4d6ca8603f591b61104ec6c61ec8a346b0c6aca47,8a69d882741c9042875045579f06172e194eedd707668175ecbe6420d5aea72c
pid201/internal-mp-55/loaded-t5/t4/verify,201,verify,4,internal,5,h_msg,1,1,True,validation/stage1-20261004-0100/exact-counts.jsonl,259,db6e998d9b222d86e512c19a5819bb666e827c721d756b5702ba5a04d24f613f,eebb7741dce03398cd6f0da4d6ca8603f591b61104ec6c61ec8a346b0c6aca47,8a69d882741c9042875045579f06172e194eedd707668175ecbe6420d5aea72c
pid201/internal-mp-55/loaded-t5/t4/verify,201,verify,4,internal,5,prf,0,0,True,validation/stage1-20261004-0100/exact-counts.jsonl,259,db6e998d9b222d86e512c19a5819bb666e827c721d756b5702ba5a04d24f613f,eebb7741dce03398cd6f0da4d6ca8603f591b61104ec6c61ec8a346b0c6aca47,8a69d882741c9042875045579f06172e194eedd707668175ecbe6420d5aea72c
pid201/internal-mp-55/loaded-t5/t4/verify,201,verify,4,internal,5,prf_msg,0,0,True,validation/stage1-20261004-0100/exact-counts.jsonl,259,db6e998d9b222d86e512c19a5819bb666e827c721d756b5702ba5a04d24f613f,eebb7741dce03398cd6f0da4d6ca8603f591b61104ec6c61ec8a346b0c6aca47,8a69d882741c9042875045579f06172e194eedd707668175ecbe6420d5aea72c
pid201/internal-mp-55/loaded-t5/t4/verify,201,verify,4,internal,5,t,2,2,True,validation/stage1-20261004-0100/exact-counts.jsonl,259,db6e998d9b222d86e512c19a5819bb666e827c721d756b5702ba5a04d24f613f,eebb7741dce03398cd6f0da4d6ca8603f591b61104ec6c61ec8a346b0c6aca47,8a69d882741c9042875045579f06172e194eedd707668175ecbe6420d5aea72c
pid201/internal-mp-56/loaded-t5/t4/sign,201,sign,4,internal,5,compress,27642,27642,True,validation/stage1-20261004-0100/exact-counts.jsonl,260,db6e998d9b222d86e512c19a5819bb666e827c721d756b5702ba5a04d24f613f,016b07af6f98b9ec7d27dddf357e8ae8b304a65a8d7adfcd80ce1a15a37c0e0a,8a69d882741c9042875045579f06172e194eedd707668175ecbe6420d5aea72c
pid201/internal-mp-56/loaded-t5/t4/sign,201,sign,4,internal,5,f,12582,12582,True,validation/stage1-20261004-0100/exact-counts.jsonl,260,db6e998d9b222d86e512c19a5819bb666e827c721d756b5702ba5a04d24f613f,016b07af6f98b9ec7d27dddf357e8ae8b304a65a8d7adfcd80ce1a15a37c0e0a,8a69d882741c9042875045579f06172e194eedd707668175ecbe6420d5aea72c
pid201/internal-mp-56/loaded-t5/t4/sign,201,sign,4,internal,5,h,6164,6164,True,validation/stage1-20261004-0100/exact-counts.jsonl,260,db6e998d9b222d86e512c19a5819bb666e827c721d756b5702ba5a04d24f613f,016b07af6f98b9ec7d27dddf357e8ae8b304a65a8d7adfcd80ce1a15a37c0e0a,8a69d882741c9042875045579f06172e194eedd707668175ecbe6420d5aea72c
pid201/internal-mp-56/loaded-t5/t4/sign,201,sign,4,internal,5,h_msg,1,1,True,validation/stage1-20261004-0100/exact-counts.jsonl,260,db6e998d9b222d86e512c19a5819bb666e827c721d756b5702ba5a04d24f613f,016b07af6f98b9ec7d27dddf357e8ae8b304a65a8d7adfcd80ce1a15a37c0e0a,8a69d882741c9042875045579f06172e194eedd707668175ecbe6420d5aea72c
pid201/internal-mp-56/loaded-t5/t4/sign,201,sign,4,internal,5,prf,8326,8326,True,validation/stage1-20261004-0100/exact-counts.jsonl,260,db6e998d9b222d86e512c19a5819bb666e827c721d756b5702ba5a04d24f613f,016b07af6f98b9ec7d27dddf357e8ae8b304a65a8d7adfcd80ce1a15a37c0e0a,8a69d882741c9042875045579f06172e194eedd707668175ecbe6420d5aea72c
pid201/internal-mp-56/loaded-t5/t4/sign,201,sign,4,internal,5,prf_msg,1,1,True,validation/stage1-20261004-0100/exact-counts.jsonl,260,db6e998d9b222d86e512c19a5819bb666e827c721d756b5702ba5a04d24f613f,016b07af6f98b9ec7d27dddf357e8ae8b304a65a8d7adfcd80ce1a15a37c0e0a,8a69d882741c9042875045579f06172e194eedd707668175ecbe6420d5aea72c
pid201/internal-mp-56/loaded-t5/t4/sign,201,sign,4,internal,5,t,32,32,True,validation/stage1-20261004-0100/exact-counts.jsonl,260,db6e998d9b222d86e512c19a5819bb666e827c721d756b5702ba5a04d24f613f,016b07af6f98b9ec7d27dddf357e8ae8b304a65a8d7adfcd80ce1a15a37c0e0a,8a69d882741c9042875045579f06172e194eedd707668175ecbe6420d5aea72c
pid201/internal-mp-56/loaded-t5/t4/verify,201,verify,4,internal,5,compress,191,191,True,validation/stage1-20261004-0100/exact-counts.jsonl,261,db6e998d9b222d86e512c19a5819bb666e827c721d756b5702ba5a04d24f613f,379e19329ddec9ce6224f9f0b10dcd80c350890110e1ed4884ad6a9eda8b9a69,8a69d882741c9042875045579f06172e194eedd707668175ecbe6420d5aea72c
pid201/internal-mp-56/loaded-t5/t4/verify,201,verify,4,internal,5,f,96,96,True,validation/stage1-20261004-0100/exact-counts.jsonl,261,db6e998d9b222d86e512c19a5819bb666e827c721d756b5702ba5a04d24f613f,379e19329ddec9ce6224f9f0b10dcd80c350890110e1ed4884ad6a9eda8b9a69,8a69d882741c9042875045579f06172e194eedd707668175ecbe6420d5aea72c
pid201/internal-mp-56/loaded-t5/t4/verify,201,verify,4,internal,5,h,70,70,True,validation/stage1-20261004-0100/exact-counts.jsonl,261,db6e998d9b222d86e512c19a5819bb666e827c721d756b5702ba5a04d24f613f,379e19329ddec9ce6224f9f0b10dcd80c350890110e1ed4884ad6a9eda8b9a69,8a69d882741c9042875045579f06172e194eedd707668175ecbe6420d5aea72c
pid201/internal-mp-56/loaded-t5/t4/verify,201,verify,4,internal,5,h_msg,1,1,True,validation/stage1-20261004-0100/exact-counts.jsonl,261,db6e998d9b222d86e512c19a5819bb666e827c721d756b5702ba5a04d24f613f,379e19329ddec9ce6224f9f0b10dcd80c350890110e1ed4884ad6a9eda8b9a69,8a69d882741c9042875045579f06172e194eedd707668175ecbe6420d5aea72c
pid201/internal-mp-56/loaded-t5/t4/verify,201,verify,4,internal,5,prf,0,0,True,validation/stage1-20261004-0100/exact-counts.jsonl,261,db6e998d9b222d86e512c19a5819bb666e827c721d756b5702ba5a04d24f613f,379e19329ddec9ce6224f9f0b10dcd80c350890110e1ed4884ad6a9eda8b9a69,8a69d882741c9042875045579f06172e194eedd707668175ecbe6420d5aea72c
pid201/internal-mp-56/loaded-t5/t4/verify,201,verify,4,internal,5,prf_msg,0,0,True,validation/stage1-20261004-0100/exact-counts.jsonl,261,db6e998d9b222d86e512c19a5819bb666e827c721d756b5702ba5a04d24f613f,379e19329ddec9ce6224f9f0b10dcd80c350890110e1ed4884ad6a9eda8b9a69,8a69d882741c9042875045579f06172e194eedd707668175ecbe6420d5aea72c
pid201/internal-mp-56/loaded-t5/t4/verify,201,verify,4,internal,5,t,2,2,True,validation/stage1-20261004-0100/exact-counts.jsonl,261,db6e998d9b222d86e512c19a5819bb666e827c721d756b5702ba5a04d24f613f,379e19329ddec9ce6224f9f0b10dcd80c350890110e1ed4884ad6a9eda8b9a69,8a69d882741c9042875045579f06172e194eedd707668175ecbe6420d5aea72c
pid201/internal-mp-63/loaded-t5/t4/sign,201,sign,4,internal,5,compress,27627,27627,True,validation/stage1-20261004-0100/exact-counts.jsonl,262,db6e998d9b222d86e512c19a5819bb666e827c721d756b5702ba5a04d24f613f,7d8942507fabc6633642665009d16a9845680c1938ad95c9f4faf8c59c1c8f8a,8a69d882741c9042875045579f06172e194eedd707668175ecbe6420d5aea72c
pid201/internal-mp-63/loaded-t5/t4/sign,201,sign,4,internal,5,f,12567,12567,True,validation/stage1-20261004-0100/exact-counts.jsonl,262,db6e998d9b222d86e512c19a5819bb666e827c721d756b5702ba5a04d24f613f,7d8942507fabc6633642665009d16a9845680c1938ad95c9f4faf8c59c1c8f8a,8a69d882741c9042875045579f06172e194eedd707668175ecbe6420d5aea72c
pid201/internal-mp-63/loaded-t5/t4/sign,201,sign,4,internal,5,h,6164,6164,True,validation/stage1-20261004-0100/exact-counts.jsonl,262,db6e998d9b222d86e512c19a5819bb666e827c721d756b5702ba5a04d24f613f,7d8942507fabc6633642665009d16a9845680c1938ad95c9f4faf8c59c1c8f8a,8a69d882741c9042875045579f06172e194eedd707668175ecbe6420d5aea72c
pid201/internal-mp-63/loaded-t5/t4/sign,201,sign,4,internal,5,h_msg,1,1,True,validation/stage1-20261004-0100/exact-counts.jsonl,262,db6e998d9b222d86e512c19a5819bb666e827c721d756b5702ba5a04d24f613f,7d8942507fabc6633642665009d16a9845680c1938ad95c9f4faf8c59c1c8f8a,8a69d882741c9042875045579f06172e194eedd707668175ecbe6420d5aea72c
pid201/internal-mp-63/loaded-t5/t4/sign,201,sign,4,internal,5,prf,8326,8326,True,validation/stage1-20261004-0100/exact-counts.jsonl,262,db6e998d9b222d86e512c19a5819bb666e827c721d756b5702ba5a04d24f613f,7d8942507fabc6633642665009d16a9845680c1938ad95c9f4faf8c59c1c8f8a,8a69d882741c9042875045579f06172e194eedd707668175ecbe6420d5aea72c
pid201/internal-mp-63/loaded-t5/t4/sign,201,sign,4,internal,5,prf_msg,1,1,True,validation/stage1-20261004-0100/exact-counts.jsonl,262,db6e998d9b222d86e512c19a5819bb666e827c721d756b5702ba5a04d24f613f,7d8942507fabc6633642665009d16a9845680c1938ad95c9f4faf8c59c1c8f8a,8a69d882741c9042875045579f06172e194eedd707668175ecbe6420d5aea72c
pid201/internal-mp-63/loaded-t5/t4/sign,201,sign,4,internal,5,t,32,32,True,validation/stage1-20261004-0100/exact-counts.jsonl,262,db6e998d9b222d86e512c19a5819bb666e827c721d756b5702ba5a04d24f613f,7d8942507fabc6633642665009d16a9845680c1938ad95c9f4faf8c59c1c8f8a,8a69d882741c9042875045579f06172e194eedd707668175ecbe6420d5aea72c
pid201/internal-mp-63/loaded-t5/t4/verify,201,verify,4,internal,5,compress,206,206,True,validation/stage1-20261004-0100/exact-counts.jsonl,263,db6e998d9b222d86e512c19a5819bb666e827c721d756b5702ba5a04d24f613f,f5f35a17acea479ac32d680fad2becd4b45bf0e7856542727ef96b5274b1bbfc,8a69d882741c9042875045579f06172e194eedd707668175ecbe6420d5aea72c
pid201/internal-mp-63/loaded-t5/t4/verify,201,verify,4,internal,5,f,111,111,True,validation/stage1-20261004-0100/exact-counts.jsonl,263,db6e998d9b222d86e512c19a5819bb666e827c721d756b5702ba5a04d24f613f,f5f35a17acea479ac32d680fad2becd4b45bf0e7856542727ef96b5274b1bbfc,8a69d882741c9042875045579f06172e194eedd707668175ecbe6420d5aea72c
pid201/internal-mp-63/loaded-t5/t4/verify,201,verify,4,internal,5,h,70,70,True,validation/stage1-20261004-0100/exact-counts.jsonl,263,db6e998d9b222d86e512c19a5819bb666e827c721d756b5702ba5a04d24f613f,f5f35a17acea479ac32d680fad2becd4b45bf0e7856542727ef96b5274b1bbfc,8a69d882741c9042875045579f06172e194eedd707668175ecbe6420d5aea72c
pid201/internal-mp-63/loaded-t5/t4/verify,201,verify,4,internal,5,h_msg,1,1,True,validation/stage1-20261004-0100/exact-counts.jsonl,263,db6e998d9b222d86e512c19a5819bb666e827c721d756b5702ba5a04d24f613f,f5f35a17acea479ac32d680fad2becd4b45bf0e7856542727ef96b5274b1bbfc,8a69d882741c9042875045579f06172e194eedd707668175ecbe6420d5aea72c
pid201/internal-mp-63/loaded-t5/t4/verify,201,verify,4,internal,5,prf,0,0,True,validation/stage1-20261004-0100/exact-counts.jsonl,263,db6e998d9b222d86e512c19a5819bb666e827c721d756b5702ba5a04d24f613f,f5f35a17acea479ac32d680fad2becd4b45bf0e7856542727ef96b5274b1bbfc,8a69d882741c9042875045579f06172e194eedd707668175ecbe6420d5aea72c
pid201/internal-mp-63/loaded-t5/t4/verify,201,verify,4,internal,5,prf_msg,0,0,True,validation/stage1-20261004-0100/exact-counts.jsonl,263,db6e998d9b222d86e512c19a5819bb666e827c721d756b5702ba5a04d24f613f,f5f35a17acea479ac32d680fad2becd4b45bf0e7856542727ef96b5274b1bbfc,8a69d882741c9042875045579f06172e194eedd707668175ecbe6420d5aea72c
pid201/internal-mp-63/loaded-t5/t4/verify,201,verify,4,internal,5,t,2,2,True,validation/stage1-20261004-0100/exact-counts.jsonl,263,db6e998d9b222d86e512c19a5819bb666e827c721d756b5702ba5a04d24f613f,f5f35a17acea479ac32d680fad2becd4b45bf0e7856542727ef96b5274b1bbfc,8a69d882741c9042875045579f06172e194eedd707668175ecbe6420d5aea72c
pid201/internal-mp-64/loaded-t5/t4/sign,201,sign,4,internal,5,compress,27627,27627,True,validation/stage1-20261004-0100/exact-counts.jsonl,264,db6e998d9b222d86e512c19a5819bb666e827c721d756b5702ba5a04d24f613f,68a78fbf54605002abd83e698226da6a8d60cb8ef23dd65b1250d554761fb3f7,8a69d882741c9042875045579f06172e194eedd707668175ecbe6420d5aea72c
pid201/internal-mp-64/loaded-t5/t4/sign,201,sign,4,internal,5,f,12567,12567,True,validation/stage1-20261004-0100/exact-counts.jsonl,264,db6e998d9b222d86e512c19a5819bb666e827c721d756b5702ba5a04d24f613f,68a78fbf54605002abd83e698226da6a8d60cb8ef23dd65b1250d554761fb3f7,8a69d882741c9042875045579f06172e194eedd707668175ecbe6420d5aea72c
pid201/internal-mp-64/loaded-t5/t4/sign,201,sign,4,internal,5,h,6164,6164,True,validation/stage1-20261004-0100/exact-counts.jsonl,264,db6e998d9b222d86e512c19a5819bb666e827c721d756b5702ba5a04d24f613f,68a78fbf54605002abd83e698226da6a8d60cb8ef23dd65b1250d554761fb3f7,8a69d882741c9042875045579f06172e194eedd707668175ecbe6420d5aea72c
pid201/internal-mp-64/loaded-t5/t4/sign,201,sign,4,internal,5,h_msg,1,1,True,validation/stage1-20261004-0100/exact-counts.jsonl,264,db6e998d9b222d86e512c19a5819bb666e827c721d756b5702ba5a04d24f613f,68a78fbf54605002abd83e698226da6a8d60cb8ef23dd65b1250d554761fb3f7,8a69d882741c9042875045579f06172e194eedd707668175ecbe6420d5aea72c
pid201/internal-mp-64/loaded-t5/t4/sign,201,sign,4,internal,5,prf,8326,8326,True,validation/stage1-20261004-0100/exact-counts.jsonl,264,db6e998d9b222d86e512c19a5819bb666e827c721d756b5702ba5a04d24f613f,68a78fbf54605002abd83e698226da6a8d60cb8ef23dd65b1250d554761fb3f7,8a69d882741c9042875045579f06172e194eedd707668175ecbe6420d5aea72c
pid201/internal-mp-64/loaded-t5/t4/sign,201,sign,4,internal,5,prf_msg,1,1,True,validation/stage1-20261004-0100/exact-counts.jsonl,264,db6e998d9b222d86e512c19a5819bb666e827c721d756b5702ba5a04d24f613f,68a78fbf54605002abd83e698226da6a8d60cb8ef23dd65b1250d554761fb3f7,8a69d882741c9042875045579f06172e194eedd707668175ecbe6420d5aea72c
pid201/internal-mp-64/loaded-t5/t4/sign,201,sign,4,internal,5,t,32,32,True,validation/stage1-20261004-0100/exact-counts.jsonl,264,db6e998d9b222d86e512c19a5819bb666e827c721d756b5702ba5a04d24f613f,68a78fbf54605002abd83e698226da6a8d60cb8ef23dd65b1250d554761fb3f7,8a69d882741c9042875045579f06172e194eedd707668175ecbe6420d5aea72c
pid201/internal-mp-64/loaded-t5/t4/verify,201,verify,4,internal,5,compress,206,206,True,validation/stage1-20261004-0100/exact-counts.jsonl,265,db6e998d9b222d86e512c19a5819bb666e827c721d756b5702ba5a04d24f613f,908432a0a8df70bf310f7198b3aa9978c0b7b751f03fa7f2b973f5a4df08baab,8a69d882741c9042875045579f06172e194eedd707668175ecbe6420d5aea72c
pid201/internal-mp-64/loaded-t5/t4/verify,201,verify,4,internal,5,f,111,111,True,validation/stage1-20261004-0100/exact-counts.jsonl,265,db6e998d9b222d86e512c19a5819bb666e827c721d756b5702ba5a04d24f613f,908432a0a8df70bf310f7198b3aa9978c0b7b751f03fa7f2b973f5a4df08baab,8a69d882741c9042875045579f06172e194eedd707668175ecbe6420d5aea72c
pid201/internal-mp-64/loaded-t5/t4/verify,201,verify,4,internal,5,h,70,70,True,validation/stage1-20261004-0100/exact-counts.jsonl,265,db6e998d9b222d86e512c19a5819bb666e827c721d756b5702ba5a04d24f613f,908432a0a8df70bf310f7198b3aa9978c0b7b751f03fa7f2b973f5a4df08baab,8a69d882741c9042875045579f06172e194eedd707668175ecbe6420d5aea72c
pid201/internal-mp-64/loaded-t5/t4/verify,201,verify,4,internal,5,h_msg,1,1,True,validation/stage1-20261004-0100/exact-counts.jsonl,265,db6e998d9b222d86e512c19a5819bb666e827c721d756b5702ba5a04d24f613f,908432a0a8df70bf310f7198b3aa9978c0b7b751f03fa7f2b973f5a4df08baab,8a69d882741c9042875045579f06172e194eedd707668175ecbe6420d5aea72c
pid201/internal-mp-64/loaded-t5/t4/verify,201,verify,4,internal,5,prf,0,0,True,validation/stage1-20261004-0100/exact-counts.jsonl,265,db6e998d9b222d86e512c19a5819bb666e827c721d756b5702ba5a04d24f613f,908432a0a8df70bf310f7198b3aa9978c0b7b751f03fa7f2b973f5a4df08baab,8a69d882741c9042875045579f06172e194eedd707668175ecbe6420d5aea72c
pid201/internal-mp-64/loaded-t5/t4/verify,201,verify,4,internal,5,prf_msg,0,0,True,validation/stage1-20261004-0100/exact-counts.jsonl,265,db6e998d9b222d86e512c19a5819bb666e827c721d756b5702ba5a04d24f613f,908432a0a8df70bf310f7198b3aa9978c0b7b751f03fa7f2b973f5a4df08baab,8a69d882741c9042875045579f06172e194eedd707668175ecbe6420d5aea72c
pid201/internal-mp-64/loaded-t5/t4/verify,201,verify,4,internal,5,t,2,2,True,validation/stage1-20261004-0100/exact-counts.jsonl,265,db6e998d9b222d86e512c19a5819bb666e827c721d756b5702ba5a04d24f613f,908432a0a8df70bf310f7198b3aa9978c0b7b751f03fa7f2b973f5a4df08baab,8a69d882741c9042875045579f06172e194eedd707668175ecbe6420d5aea72c
pid201/internal-mp-257/loaded-t5/t4/sign,201,sign,4,internal,5,compress,27645,27645,True,validation/stage1-20261004-0100/exact-counts.jsonl,266,db6e998d9b222d86e512c19a5819bb666e827c721d756b5702ba5a04d24f613f,4c253b116b67799d2b86a29ae3909033f756042f88f95c7d27dd21766c4d7971,8a69d882741c9042875045579f06172e194eedd707668175ecbe6420d5aea72c
pid201/internal-mp-257/loaded-t5/t4/sign,201,sign,4,internal,5,f,12579,12579,True,validation/stage1-20261004-0100/exact-counts.jsonl,266,db6e998d9b222d86e512c19a5819bb666e827c721d756b5702ba5a04d24f613f,4c253b116b67799d2b86a29ae3909033f756042f88f95c7d27dd21766c4d7971,8a69d882741c9042875045579f06172e194eedd707668175ecbe6420d5aea72c
pid201/internal-mp-257/loaded-t5/t4/sign,201,sign,4,internal,5,h,6164,6164,True,validation/stage1-20261004-0100/exact-counts.jsonl,266,db6e998d9b222d86e512c19a5819bb666e827c721d756b5702ba5a04d24f613f,4c253b116b67799d2b86a29ae3909033f756042f88f95c7d27dd21766c4d7971,8a69d882741c9042875045579f06172e194eedd707668175ecbe6420d5aea72c
pid201/internal-mp-257/loaded-t5/t4/sign,201,sign,4,internal,5,h_msg,1,1,True,validation/stage1-20261004-0100/exact-counts.jsonl,266,db6e998d9b222d86e512c19a5819bb666e827c721d756b5702ba5a04d24f613f,4c253b116b67799d2b86a29ae3909033f756042f88f95c7d27dd21766c4d7971,8a69d882741c9042875045579f06172e194eedd707668175ecbe6420d5aea72c
pid201/internal-mp-257/loaded-t5/t4/sign,201,sign,4,internal,5,prf,8326,8326,True,validation/stage1-20261004-0100/exact-counts.jsonl,266,db6e998d9b222d86e512c19a5819bb666e827c721d756b5702ba5a04d24f613f,4c253b116b67799d2b86a29ae3909033f756042f88f95c7d27dd21766c4d7971,8a69d882741c9042875045579f06172e194eedd707668175ecbe6420d5aea72c
pid201/internal-mp-257/loaded-t5/t4/sign,201,sign,4,internal,5,prf_msg,1,1,True,validation/stage1-20261004-0100/exact-counts.jsonl,266,db6e998d9b222d86e512c19a5819bb666e827c721d756b5702ba5a04d24f613f,4c253b116b67799d2b86a29ae3909033f756042f88f95c7d27dd21766c4d7971,8a69d882741c9042875045579f06172e194eedd707668175ecbe6420d5aea72c
pid201/internal-mp-257/loaded-t5/t4/sign,201,sign,4,internal,5,t,32,32,True,validation/stage1-20261004-0100/exact-counts.jsonl,266,db6e998d9b222d86e512c19a5819bb666e827c721d756b5702ba5a04d24f613f,4c253b116b67799d2b86a29ae3909033f756042f88f95c7d27dd21766c4d7971,8a69d882741c9042875045579f06172e194eedd707668175ecbe6420d5aea72c
pid201/internal-mp-257/loaded-t5/t4/verify,201,verify,4,internal,5,compress,197,197,True,validation/stage1-20261004-0100/exact-counts.jsonl,267,db6e998d9b222d86e512c19a5819bb666e827c721d756b5702ba5a04d24f613f,0e9ae44326ed14b765bcc13d64a8f7ccbfe735adb24408c85aab5ec7ad00eb54,8a69d882741c9042875045579f06172e194eedd707668175ecbe6420d5aea72c
pid201/internal-mp-257/loaded-t5/t4/verify,201,verify,4,internal,5,f,99,99,True,validation/stage1-20261004-0100/exact-counts.jsonl,267,db6e998d9b222d86e512c19a5819bb666e827c721d756b5702ba5a04d24f613f,0e9ae44326ed14b765bcc13d64a8f7ccbfe735adb24408c85aab5ec7ad00eb54,8a69d882741c9042875045579f06172e194eedd707668175ecbe6420d5aea72c
pid201/internal-mp-257/loaded-t5/t4/verify,201,verify,4,internal,5,h,70,70,True,validation/stage1-20261004-0100/exact-counts.jsonl,267,db6e998d9b222d86e512c19a5819bb666e827c721d756b5702ba5a04d24f613f,0e9ae44326ed14b765bcc13d64a8f7ccbfe735adb24408c85aab5ec7ad00eb54,8a69d882741c9042875045579f06172e194eedd707668175ecbe6420d5aea72c
pid201/internal-mp-257/loaded-t5/t4/verify,201,verify,4,internal,5,h_msg,1,1,True,validation/stage1-20261004-0100/exact-counts.jsonl,267,db6e998d9b222d86e512c19a5819bb666e827c721d756b5702ba5a04d24f613f,0e9ae44326ed14b765bcc13d64a8f7ccbfe735adb24408c85aab5ec7ad00eb54,8a69d882741c9042875045579f06172e194eedd707668175ecbe6420d5aea72c
pid201/internal-mp-257/loaded-t5/t4/verify,201,verify,4,internal,5,prf,0,0,True,validation/stage1-20261004-0100/exact-counts.jsonl,267,db6e998d9b222d86e512c19a5819bb666e827c721d756b5702ba5a04d24f613f,0e9ae44326ed14b765bcc13d64a8f7ccbfe735adb24408c85aab5ec7ad00eb54,8a69d882741c9042875045579f06172e194eedd707668175ecbe6420d5aea72c
pid201/internal-mp-257/loaded-t5/t4/verify,201,verify,4,internal,5,prf_msg,0,0,True,validation/stage1-20261004-0100/exact-counts.jsonl,267,db6e998d9b222d86e512c19a5819bb666e827c721d756b5702ba5a04d24f613f,0e9ae44326ed14b765bcc13d64a8f7ccbfe735adb24408c85aab5ec7ad00eb54,8a69d882741c9042875045579f06172e194eedd707668175ecbe6420d5aea72c
pid201/internal-mp-257/loaded-t5/t4/verify,201,verify,4,internal,5,t,2,2,True,validation/stage1-20261004-0100/exact-counts.jsonl,267,db6e998d9b222d86e512c19a5819bb666e827c721d756b5702ba5a04d24f613f,0e9ae44326ed14b765bcc13d64a8f7ccbfe735adb24408c85aab5ec7ad00eb54,8a69d882741c9042875045579f06172e194eedd707668175ecbe6420d5aea72c
pid201/pure-context-0/loaded-t5/t4/sign,201,sign,4,pure,5,compress,27634,27634,True,validation/stage1-20261004-0100/exact-counts.jsonl,268,db6e998d9b222d86e512c19a5819bb666e827c721d756b5702ba5a04d24f613f,d6a87c5dd3c536d25f7902c9608abc69d73c6d12da73fc1f0f63418eaba40861,8a69d882741c9042875045579f06172e194eedd707668175ecbe6420d5aea72c
pid201/pure-context-0/loaded-t5/t4/sign,201,sign,4,pure,5,f,12576,12576,True,validation/stage1-20261004-0100/exact-counts.jsonl,268,db6e998d9b222d86e512c19a5819bb666e827c721d756b5702ba5a04d24f613f,d6a87c5dd3c536d25f7902c9608abc69d73c6d12da73fc1f0f63418eaba40861,8a69d882741c9042875045579f06172e194eedd707668175ecbe6420d5aea72c
pid201/pure-context-0/loaded-t5/t4/sign,201,sign,4,pure,5,h,6164,6164,True,validation/stage1-20261004-0100/exact-counts.jsonl,268,db6e998d9b222d86e512c19a5819bb666e827c721d756b5702ba5a04d24f613f,d6a87c5dd3c536d25f7902c9608abc69d73c6d12da73fc1f0f63418eaba40861,8a69d882741c9042875045579f06172e194eedd707668175ecbe6420d5aea72c
pid201/pure-context-0/loaded-t5/t4/sign,201,sign,4,pure,5,h_msg,1,1,True,validation/stage1-20261004-0100/exact-counts.jsonl,268,db6e998d9b222d86e512c19a5819bb666e827c721d756b5702ba5a04d24f613f,d6a87c5dd3c536d25f7902c9608abc69d73c6d12da73fc1f0f63418eaba40861,8a69d882741c9042875045579f06172e194eedd707668175ecbe6420d5aea72c
pid201/pure-context-0/loaded-t5/t4/sign,201,sign,4,pure,5,prf,8326,8326,True,validation/stage1-20261004-0100/exact-counts.jsonl,268,db6e998d9b222d86e512c19a5819bb666e827c721d756b5702ba5a04d24f613f,d6a87c5dd3c536d25f7902c9608abc69d73c6d12da73fc1f0f63418eaba40861,8a69d882741c9042875045579f06172e194eedd707668175ecbe6420d5aea72c
pid201/pure-context-0/loaded-t5/t4/sign,201,sign,4,pure,5,prf_msg,1,1,True,validation/stage1-20261004-0100/exact-counts.jsonl,268,db6e998d9b222d86e512c19a5819bb666e827c721d756b5702ba5a04d24f613f,d6a87c5dd3c536d25f7902c9608abc69d73c6d12da73fc1f0f63418eaba40861,8a69d882741c9042875045579f06172e194eedd707668175ecbe6420d5aea72c
pid201/pure-context-0/loaded-t5/t4/sign,201,sign,4,pure,5,t,32,32,True,validation/stage1-20261004-0100/exact-counts.jsonl,268,db6e998d9b222d86e512c19a5819bb666e827c721d756b5702ba5a04d24f613f,d6a87c5dd3c536d25f7902c9608abc69d73c6d12da73fc1f0f63418eaba40861,8a69d882741c9042875045579f06172e194eedd707668175ecbe6420d5aea72c
pid201/pure-context-0/loaded-t5/t4/verify,201,verify,4,pure,5,compress,196,196,True,validation/stage1-20261004-0100/exact-counts.jsonl,269,db6e998d9b222d86e512c19a5819bb666e827c721d756b5702ba5a04d24f613f,1a23b09b1b725b1bdb736666b1f9a61f8539434ade5629c495d44b8d670e7168,8a69d882741c9042875045579f06172e194eedd707668175ecbe6420d5aea72c
pid201/pure-context-0/loaded-t5/t4/verify,201,verify,4,pure,5,f,102,102,True,validation/stage1-20261004-0100/exact-counts.jsonl,269,db6e998d9b222d86e512c19a5819bb666e827c721d756b5702ba5a04d24f613f,1a23b09b1b725b1bdb736666b1f9a61f8539434ade5629c495d44b8d670e7168,8a69d882741c9042875045579f06172e194eedd707668175ecbe6420d5aea72c
pid201/pure-context-0/loaded-t5/t4/verify,201,verify,4,pure,5,h,70,70,True,validation/stage1-20261004-0100/exact-counts.jsonl,269,db6e998d9b222d86e512c19a5819bb666e827c721d756b5702ba5a04d24f613f,1a23b09b1b725b1bdb736666b1f9a61f8539434ade5629c495d44b8d670e7168,8a69d882741c9042875045579f06172e194eedd707668175ecbe6420d5aea72c
pid201/pure-context-0/loaded-t5/t4/verify,201,verify,4,pure,5,h_msg,1,1,True,validation/stage1-20261004-0100/exact-counts.jsonl,269,db6e998d9b222d86e512c19a5819bb666e827c721d756b5702ba5a04d24f613f,1a23b09b1b725b1bdb736666b1f9a61f8539434ade5629c495d44b8d670e7168,8a69d882741c9042875045579f06172e194eedd707668175ecbe6420d5aea72c
pid201/pure-context-0/loaded-t5/t4/verify,201,verify,4,pure,5,prf,0,0,True,validation/stage1-20261004-0100/exact-counts.jsonl,269,db6e998d9b222d86e512c19a5819bb666e827c721d756b5702ba5a04d24f613f,1a23b09b1b725b1bdb736666b1f9a61f8539434ade5629c495d44b8d670e7168,8a69d882741c9042875045579f06172e194eedd707668175ecbe6420d5aea72c
pid201/pure-context-0/loaded-t5/t4/verify,201,verify,4,pure,5,prf_msg,0,0,True,validation/stage1-20261004-0100/exact-counts.jsonl,269,db6e998d9b222d86e512c19a5819bb666e827c721d756b5702ba5a04d24f613f,1a23b09b1b725b1bdb736666b1f9a61f8539434ade5629c495d44b8d670e7168,8a69d882741c9042875045579f06172e194eedd707668175ecbe6420d5aea72c
pid201/pure-context-0/loaded-t5/t4/verify,201,verify,4,pure,5,t,2,2,True,validation/stage1-20261004-0100/exact-counts.jsonl,269,db6e998d9b222d86e512c19a5819bb666e827c721d756b5702ba5a04d24f613f,1a23b09b1b725b1bdb736666b1f9a61f8539434ade5629c495d44b8d670e7168,8a69d882741c9042875045579f06172e194eedd707668175ecbe6420d5aea72c
pid201/pure-context-255/loaded-t5/t4/sign,201,sign,4,pure,5,compress,27635,27635,True,validation/stage1-20261004-0100/exact-counts.jsonl,270,db6e998d9b222d86e512c19a5819bb666e827c721d756b5702ba5a04d24f613f,eeb64bb6bdae26b09754714082d31406c6c2881409f60bc640ef6b84624847ba,8a69d882741c9042875045579f06172e194eedd707668175ecbe6420d5aea72c
pid201/pure-context-255/loaded-t5/t4/sign,201,sign,4,pure,5,f,12567,12567,True,validation/stage1-20261004-0100/exact-counts.jsonl,270,db6e998d9b222d86e512c19a5819bb666e827c721d756b5702ba5a04d24f613f,eeb64bb6bdae26b09754714082d31406c6c2881409f60bc640ef6b84624847ba,8a69d882741c9042875045579f06172e194eedd707668175ecbe6420d5aea72c
pid201/pure-context-255/loaded-t5/t4/sign,201,sign,4,pure,5,h,6164,6164,True,validation/stage1-20261004-0100/exact-counts.jsonl,270,db6e998d9b222d86e512c19a5819bb666e827c721d756b5702ba5a04d24f613f,eeb64bb6bdae26b09754714082d31406c6c2881409f60bc640ef6b84624847ba,8a69d882741c9042875045579f06172e194eedd707668175ecbe6420d5aea72c
pid201/pure-context-255/loaded-t5/t4/sign,201,sign,4,pure,5,h_msg,1,1,True,validation/stage1-20261004-0100/exact-counts.jsonl,270,db6e998d9b222d86e512c19a5819bb666e827c721d756b5702ba5a04d24f613f,eeb64bb6bdae26b09754714082d31406c6c2881409f60bc640ef6b84624847ba,8a69d882741c9042875045579f06172e194eedd707668175ecbe6420d5aea72c
pid201/pure-context-255/loaded-t5/t4/sign,201,sign,4,pure,5,prf,8326,8326,True,validation/stage1-20261004-0100/exact-counts.jsonl,270,db6e998d9b222d86e512c19a5819bb666e827c721d756b5702ba5a04d24f613f,eeb64bb6bdae26b09754714082d31406c6c2881409f60bc640ef6b84624847ba,8a69d882741c9042875045579f06172e194eedd707668175ecbe6420d5aea72c
pid201/pure-context-255/loaded-t5/t4/sign,201,sign,4,pure,5,prf_msg,1,1,True,validation/stage1-20261004-0100/exact-counts.jsonl,270,db6e998d9b222d86e512c19a5819bb666e827c721d756b5702ba5a04d24f613f,eeb64bb6bdae26b09754714082d31406c6c2881409f60bc640ef6b84624847ba,8a69d882741c9042875045579f06172e194eedd707668175ecbe6420d5aea72c
pid201/pure-context-255/loaded-t5/t4/sign,201,sign,4,pure,5,t,32,32,True,validation/stage1-20261004-0100/exact-counts.jsonl,270,db6e998d9b222d86e512c19a5819bb666e827c721d756b5702ba5a04d24f613f,eeb64bb6bdae26b09754714082d31406c6c2881409f60bc640ef6b84624847ba,8a69d882741c9042875045579f06172e194eedd707668175ecbe6420d5aea72c
pid201/pure-context-255/loaded-t5/t4/verify,201,verify,4,pure,5,compress,210,210,True,validation/stage1-20261004-0100/exact-counts.jsonl,271,db6e998d9b222d86e512c19a5819bb666e827c721d756b5702ba5a04d24f613f,aca72d06e64b01118c999125b195496a4c24dc390f5f19818b2a238e0cc8aba8,8a69d882741c9042875045579f06172e194eedd707668175ecbe6420d5aea72c
pid201/pure-context-255/loaded-t5/t4/verify,201,verify,4,pure,5,f,111,111,True,validation/stage1-20261004-0100/exact-counts.jsonl,271,db6e998d9b222d86e512c19a5819bb666e827c721d756b5702ba5a04d24f613f,aca72d06e64b01118c999125b195496a4c24dc390f5f19818b2a238e0cc8aba8,8a69d882741c9042875045579f06172e194eedd707668175ecbe6420d5aea72c
pid201/pure-context-255/loaded-t5/t4/verify,201,verify,4,pure,5,h,70,70,True,validation/stage1-20261004-0100/exact-counts.jsonl,271,db6e998d9b222d86e512c19a5819bb666e827c721d756b5702ba5a04d24f613f,aca72d06e64b01118c999125b195496a4c24dc390f5f19818b2a238e0cc8aba8,8a69d882741c9042875045579f06172e194eedd707668175ecbe6420d5aea72c
pid201/pure-context-255/loaded-t5/t4/verify,201,verify,4,pure,5,h_msg,1,1,True,validation/stage1-20261004-0100/exact-counts.jsonl,271,db6e998d9b222d86e512c19a5819bb666e827c721d756b5702ba5a04d24f613f,aca72d06e64b01118c999125b195496a4c24dc390f5f19818b2a238e0cc8aba8,8a69d882741c9042875045579f06172e194eedd707668175ecbe6420d5aea72c
pid201/pure-context-255/loaded-t5/t4/verify,201,verify,4,pure,5,prf,0,0,True,validation/stage1-20261004-0100/exact-counts.jsonl,271,db6e998d9b222d86e512c19a5819bb666e827c721d756b5702ba5a04d24f613f,aca72d06e64b01118c999125b195496a4c24dc390f5f19818b2a238e0cc8aba8,8a69d882741c9042875045579f06172e194eedd707668175ecbe6420d5aea72c
pid201/pure-context-255/loaded-t5/t4/verify,201,verify,4,pure,5,prf_msg,0,0,True,validation/stage1-20261004-0100/exact-counts.jsonl,271,db6e998d9b222d86e512c19a5819bb666e827c721d756b5702ba5a04d24f613f,aca72d06e64b01118c999125b195496a4c24dc390f5f19818b2a238e0cc8aba8,8a69d882741c9042875045579f06172e194eedd707668175ecbe6420d5aea72c
pid201/pure-context-255/loaded-t5/t4/verify,201,verify,4,pure,5,t,2,2,True,validation/stage1-20261004-0100/exact-counts.jsonl,271,db6e998d9b222d86e512c19a5819bb666e827c721d756b5702ba5a04d24f613f,aca72d06e64b01118c999125b195496a4c24dc390f5f19818b2a238e0cc8aba8,8a69d882741c9042875045579f06172e194eedd707668175ecbe6420d5aea72c
pid201/internal-mp-0/loaded-t10/t4/sign,201,sign,4,internal,10,compress,316277,316277,True,validation/stage1-20261004-0100/exact-counts.jsonl,272,db6e998d9b222d86e512c19a5819bb666e827c721d756b5702ba5a04d24f613f,bd2fbd173c0374326a0d5922816364ec1d0415a2d04bfc4d8810c4c2cee89dc0,8a69d882741c9042875045579f06172e194eedd707668175ecbe6420d5aea72c
pid201/internal-mp-0/loaded-t10/t4/sign,201,sign,4,internal,10,f,214920,214920,True,validation/stage1-20261004-0100/exact-counts.jsonl,272,db6e998d9b222d86e512c19a5819bb666e827c721d756b5702ba5a04d24f613f,bd2fbd173c0374326a0d5922816364ec1d0415a2d04bfc4d8810c4c2cee89dc0,8a69d882741c9042875045579f06172e194eedd707668175ecbe6420d5aea72c
pid201/internal-mp-0/loaded-t10/t4/sign,201,sign,4,internal,10,h,7151,7151,True,validation/stage1-20261004-0100/exact-counts.jsonl,272,db6e998d9b222d86e512c19a5819bb666e827c721d756b5702ba5a04d24f613f,bd2fbd173c0374326a0d5922816364ec1d0415a2d04bfc4d8810c4c2cee89dc0,8a69d882741c9042875045579f06172e194eedd707668175ecbe6420d5aea72c
pid201/internal-mp-0/loaded-t10/t4/sign,201,sign,4,internal,10,h_msg,1,1,True,validation/stage1-20261004-0100/exact-counts.jsonl,272,db6e998d9b222d86e512c19a5819bb666e827c721d756b5702ba5a04d24f613f,bd2fbd173c0374326a0d5922816364ec1d0415a2d04bfc4d8810c4c2cee89dc0,8a69d882741c9042875045579f06172e194eedd707668175ecbe6420d5aea72c
pid201/internal-mp-0/loaded-t10/t4/sign,201,sign,4,internal,10,prf,75782,75782,True,validation/stage1-20261004-0100/exact-counts.jsonl,272,db6e998d9b222d86e512c19a5819bb666e827c721d756b5702ba5a04d24f613f,bd2fbd173c0374326a0d5922816364ec1d0415a2d04bfc4d8810c4c2cee89dc0,8a69d882741c9042875045579f06172e194eedd707668175ecbe6420d5aea72c
pid201/internal-mp-0/loaded-t10/t4/sign,201,sign,4,internal,10,prf_msg,1,1,True,validation/stage1-20261004-0100/exact-counts.jsonl,272,db6e998d9b222d86e512c19a5819bb666e827c721d756b5702ba5a04d24f613f,bd2fbd173c0374326a0d5922816364ec1d0415a2d04bfc4d8810c4c2cee89dc0,8a69d882741c9042875045579f06172e194eedd707668175ecbe6420d5aea72c
pid201/internal-mp-0/loaded-t10/t4/sign,201,sign,4,internal,10,t,1024,1024,True,validation/stage1-20261004-0100/exact-counts.jsonl,272,db6e998d9b222d86e512c19a5819bb666e827c721d756b5702ba5a04d24f613f,bd2fbd173c0374326a0d5922816364ec1d0415a2d04bfc4d8810c4c2cee89dc0,8a69d882741c9042875045579f06172e194eedd707668175ecbe6420d5aea72c
pid201/internal-mp-0/loaded-t10/t4/verify,201,verify,4,internal,10,compress,220,220,True,validation/stage1-20261004-0100/exact-counts.jsonl,273,db6e998d9b222d86e512c19a5819bb666e827c721d756b5702ba5a04d24f613f,320c970049534ebcf804fda93782157fd81d27b70734597009703da275f5a551,8a69d882741c9042875045579f06172e194eedd707668175ecbe6420d5aea72c
pid201/internal-mp-0/loaded-t10/t4/verify,201,verify,4,internal,10,f,126,126,True,validation/stage1-20261004-0100/exact-counts.jsonl,273,db6e998d9b222d86e512c19a5819bb666e827c721d756b5702ba5a04d24f613f,320c970049534ebcf804fda93782157fd81d27b70734597009703da275f5a551,8a69d882741c9042875045579f06172e194eedd707668175ecbe6420d5aea72c
pid201/internal-mp-0/loaded-t10/t4/verify,201,verify,4,internal,10,h,70,70,True,validation/stage1-20261004-0100/exact-counts.jsonl,273,db6e998d9b222d86e512c19a5819bb666e827c721d756b5702ba5a04d24f613f,320c970049534ebcf804fda93782157fd81d27b70734597009703da275f5a551,8a69d882741c9042875045579f06172e194eedd707668175ecbe6420d5aea72c
pid201/internal-mp-0/loaded-t10/t4/verify,201,verify,4,internal,10,h_msg,1,1,True,validation/stage1-20261004-0100/exact-counts.jsonl,273,db6e998d9b222d86e512c19a5819bb666e827c721d756b5702ba5a04d24f613f,320c970049534ebcf804fda93782157fd81d27b70734597009703da275f5a551,8a69d882741c9042875045579f06172e194eedd707668175ecbe6420d5aea72c
pid201/internal-mp-0/loaded-t10/t4/verify,201,verify,4,internal,10,prf,0,0,True,validation/stage1-20261004-0100/exact-counts.jsonl,273,db6e998d9b222d86e512c19a5819bb666e827c721d756b5702ba5a04d24f613f,320c970049534ebcf804fda93782157fd81d27b70734597009703da275f5a551,8a69d882741c9042875045579f06172e194eedd707668175ecbe6420d5aea72c
pid201/internal-mp-0/loaded-t10/t4/verify,201,verify,4,internal,10,prf_msg,0,0,True,validation/stage1-20261004-0100/exact-counts.jsonl,273,db6e998d9b222d86e512c19a5819bb666e827c721d756b5702ba5a04d24f613f,320c970049534ebcf804fda93782157fd81d27b70734597009703da275f5a551,8a69d882741c9042875045579f06172e194eedd707668175ecbe6420d5aea72c
pid201/internal-mp-0/loaded-t10/t4/verify,201,verify,4,internal,10,t,2,2,True,validation/stage1-20261004-0100/exact-counts.jsonl,273,db6e998d9b222d86e512c19a5819bb666e827c721d756b5702ba5a04d24f613f,320c970049534ebcf804fda93782157fd81d27b70734597009703da275f5a551,8a69d882741c9042875045579f06172e194eedd707668175ecbe6420d5aea72c
pid201/internal-mp-1/loaded-t10/t4/sign,201,sign,4,internal,10,compress,316304,316304,True,validation/stage1-20261004-0100/exact-counts.jsonl,274,db6e998d9b222d86e512c19a5819bb666e827c721d756b5702ba5a04d24f613f,2d994ba88a59e59fe3feb137cdcd4f4526a7556ad7977cbf4733ddac0cbae699,8a69d882741c9042875045579f06172e194eedd707668175ecbe6420d5aea72c
pid201/internal-mp-1/loaded-t10/t4/sign,201,sign,4,internal,10,f,214947,214947,True,validation/stage1-20261004-0100/exact-counts.jsonl,274,db6e998d9b222d86e512c19a5819bb666e827c721d756b5702ba5a04d24f613f,2d994ba88a59e59fe3feb137cdcd4f4526a7556ad7977cbf4733ddac0cbae699,8a69d882741c9042875045579f06172e194eedd707668175ecbe6420d5aea72c
pid201/internal-mp-1/loaded-t10/t4/sign,201,sign,4,internal,10,h,7151,7151,True,validation/stage1-20261004-0100/exact-counts.jsonl,274,db6e998d9b222d86e512c19a5819bb666e827c721d756b5702ba5a04d24f613f,2d994ba88a59e59fe3feb137cdcd4f4526a7556ad7977cbf4733ddac0cbae699,8a69d882741c9042875045579f06172e194eedd707668175ecbe6420d5aea72c
pid201/internal-mp-1/loaded-t10/t4/sign,201,sign,4,internal,10,h_msg,1,1,True,validation/stage1-20261004-0100/exact-counts.jsonl,274,db6e998d9b222d86e512c19a5819bb666e827c721d756b5702ba5a04d24f613f,2d994ba88a59e59fe3feb137cdcd4f4526a7556ad7977cbf4733ddac0cbae699,8a69d882741c9042875045579f06172e194eedd707668175ecbe6420d5aea72c
pid201/internal-mp-1/loaded-t10/t4/sign,201,sign,4,internal,10,prf,75782,75782,True,validation/stage1-20261004-0100/exact-counts.jsonl,274,db6e998d9b222d86e512c19a5819bb666e827c721d756b5702ba5a04d24f613f,2d994ba88a59e59fe3feb137cdcd4f4526a7556ad7977cbf4733ddac0cbae699,8a69d882741c9042875045579f06172e194eedd707668175ecbe6420d5aea72c
pid201/internal-mp-1/loaded-t10/t4/sign,201,sign,4,internal,10,prf_msg,1,1,True,validation/stage1-20261004-0100/exact-counts.jsonl,274,db6e998d9b222d86e512c19a5819bb666e827c721d756b5702ba5a04d24f613f,2d994ba88a59e59fe3feb137cdcd4f4526a7556ad7977cbf4733ddac0cbae699,8a69d882741c9042875045579f06172e194eedd707668175ecbe6420d5aea72c
pid201/internal-mp-1/loaded-t10/t4/sign,201,sign,4,internal,10,t,1024,1024,True,validation/stage1-20261004-0100/exact-counts.jsonl,274,db6e998d9b222d86e512c19a5819bb666e827c721d756b5702ba5a04d24f613f,2d994ba88a59e59fe3feb137cdcd4f4526a7556ad7977cbf4733ddac0cbae699,8a69d882741c9042875045579f06172e194eedd707668175ecbe6420d5aea72c
pid201/internal-mp-1/loaded-t10/t4/verify,201,verify,4,internal,10,compress,193,193,True,validation/stage1-20261004-0100/exact-counts.jsonl,275,db6e998d9b222d86e512c19a5819bb666e827c721d756b5702ba5a04d24f613f,a612eedb86df50850a93c23cac08d2cd5e3ed8fbc5036ab8a9d8852ae13b415b,8a69d882741c9042875045579f06172e194eedd707668175ecbe6420d5aea72c
pid201/internal-mp-1/loaded-t10/t4/verify,201,verify,4,internal,10,f,99,99,True,validation/stage1-20261004-0100/exact-counts.jsonl,275,db6e998d9b222d86e512c19a5819bb666e827c721d756b5702ba5a04d24f613f,a612eedb86df50850a93c23cac08d2cd5e3ed8fbc5036ab8a9d8852ae13b415b,8a69d882741c9042875045579f06172e194eedd707668175ecbe6420d5aea72c
pid201/internal-mp-1/loaded-t10/t4/verify,201,verify,4,internal,10,h,70,70,True,validation/stage1-20261004-0100/exact-counts.jsonl,275,db6e998d9b222d86e512c19a5819bb666e827c721d756b5702ba5a04d24f613f,a612eedb86df50850a93c23cac08d2cd5e3ed8fbc5036ab8a9d8852ae13b415b,8a69d882741c9042875045579f06172e194eedd707668175ecbe6420d5aea72c
pid201/internal-mp-1/loaded-t10/t4/verify,201,verify,4,internal,10,h_msg,1,1,True,validation/stage1-20261004-0100/exact-counts.jsonl,275,db6e998d9b222d86e512c19a5819bb666e827c721d756b5702ba5a04d24f613f,a612eedb86df50850a93c23cac08d2cd5e3ed8fbc5036ab8a9d8852ae13b415b,8a69d882741c9042875045579f06172e194eedd707668175ecbe6420d5aea72c
pid201/internal-mp-1/loaded-t10/t4/verify,201,verify,4,internal,10,prf,0,0,True,validation/stage1-20261004-0100/exact-counts.jsonl,275,db6e998d9b222d86e512c19a5819bb666e827c721d756b5702ba5a04d24f613f,a612eedb86df50850a93c23cac08d2cd5e3ed8fbc5036ab8a9d8852ae13b415b,8a69d882741c9042875045579f06172e194eedd707668175ecbe6420d5aea72c
pid201/internal-mp-1/loaded-t10/t4/verify,201,verify,4,internal,10,prf_msg,0,0,True,validation/stage1-20261004-0100/exact-counts.jsonl,275,db6e998d9b222d86e512c19a5819bb666e827c721d756b5702ba5a04d24f613f,a612eedb86df50850a93c23cac08d2cd5e3ed8fbc5036ab8a9d8852ae13b415b,8a69d882741c9042875045579f06172e194eedd707668175ecbe6420d5aea72c
pid201/internal-mp-1/loaded-t10/t4/verify,201,verify,4,internal,10,t,2,2,True,validation/stage1-20261004-0100/exact-counts.jsonl,275,db6e998d9b222d86e512c19a5819bb666e827c721d756b5702ba5a04d24f613f,a612eedb86df50850a93c23cac08d2cd5e3ed8fbc5036ab8a9d8852ae13b415b,8a69d882741c9042875045579f06172e194eedd707668175ecbe6420d5aea72c
pid201/internal-mp-7/loaded-t10/t4/sign,201,sign,4,internal,10,compress,316289,316289,True,validation/stage1-20261004-0100/exact-counts.jsonl,276,db6e998d9b222d86e512c19a5819bb666e827c721d756b5702ba5a04d24f613f,d8cede0fa36b72b93c1ee5d82aba7894c6cf209d985060a7f39326ea1fb9f4f8,8a69d882741c9042875045579f06172e194eedd707668175ecbe6420d5aea72c
pid201/internal-mp-7/loaded-t10/t4/sign,201,sign,4,internal,10,f,214932,214932,True,validation/stage1-20261004-0100/exact-counts.jsonl,276,db6e998d9b222d86e512c19a5819bb666e827c721d756b5702ba5a04d24f613f,d8cede0fa36b72b93c1ee5d82aba7894c6cf209d985060a7f39326ea1fb9f4f8,8a69d882741c9042875045579f06172e194eedd707668175ecbe6420d5aea72c
pid201/internal-mp-7/loaded-t10/t4/sign,201,sign,4,internal,10,h,7151,7151,True,validation/stage1-20261004-0100/exact-counts.jsonl,276,db6e998d9b222d86e512c19a5819bb666e827c721d756b5702ba5a04d24f613f,d8cede0fa36b72b93c1ee5d82aba7894c6cf209d985060a7f39326ea1fb9f4f8,8a69d882741c9042875045579f06172e194eedd707668175ecbe6420d5aea72c
pid201/internal-mp-7/loaded-t10/t4/sign,201,sign,4,internal,10,h_msg,1,1,True,validation/stage1-20261004-0100/exact-counts.jsonl,276,db6e998d9b222d86e512c19a5819bb666e827c721d756b5702ba5a04d24f613f,d8cede0fa36b72b93c1ee5d82aba7894c6cf209d985060a7f39326ea1fb9f4f8,8a69d882741c9042875045579f06172e194eedd707668175ecbe6420d5aea72c
pid201/internal-mp-7/loaded-t10/t4/sign,201,sign,4,internal,10,prf,75782,75782,True,validation/stage1-20261004-0100/exact-counts.jsonl,276,db6e998d9b222d86e512c19a5819bb666e827c721d756b5702ba5a04d24f613f,d8cede0fa36b72b93c1ee5d82aba7894c6cf209d985060a7f39326ea1fb9f4f8,8a69d882741c9042875045579f06172e194eedd707668175ecbe6420d5aea72c
pid201/internal-mp-7/loaded-t10/t4/sign,201,sign,4,internal,10,prf_msg,1,1,True,validation/stage1-20261004-0100/exact-counts.jsonl,276,db6e998d9b222d86e512c19a5819bb666e827c721d756b5702ba5a04d24f613f,d8cede0fa36b72b93c1ee5d82aba7894c6cf209d985060a7f39326ea1fb9f4f8,8a69d882741c9042875045579f06172e194eedd707668175ecbe6420d5aea72c
pid201/internal-mp-7/loaded-t10/t4/sign,201,sign,4,internal,10,t,1024,1024,True,validation/stage1-20261004-0100/exact-counts.jsonl,276,db6e998d9b222d86e512c19a5819bb666e827c721d756b5702ba5a04d24f613f,d8cede0fa36b72b93c1ee5d82aba7894c6cf209d985060a7f39326ea1fb9f4f8,8a69d882741c9042875045579f06172e194eedd707668175ecbe6420d5aea72c
pid201/internal-mp-7/loaded-t10/t4/verify,201,verify,4,internal,10,compress,208,208,True,validation/stage1-20261004-0100/exact-counts.jsonl,277,db6e998d9b222d86e512c19a5819bb666e827c721d756b5702ba5a04d24f613f,e1e4acf83793c2fd17410152519ebc3bc48ba8415f2b2ce42c1964d97d905ebb,8a69d882741c9042875045579f06172e194eedd707668175ecbe6420d5aea72c
pid201/internal-mp-7/loaded-t10/t4/verify,201,verify,4,internal,10,f,114,114,True,validation/stage1-20261004-0100/exact-counts.jsonl,277,db6e998d9b222d86e512c19a5819bb666e827c721d756b5702ba5a04d24f613f,e1e4acf83793c2fd17410152519ebc3bc48ba8415f2b2ce42c1964d97d905ebb,8a69d882741c9042875045579f06172e194eedd707668175ecbe6420d5aea72c
pid201/internal-mp-7/loaded-t10/t4/verify,201,verify,4,internal,10,h,70,70,True,validation/stage1-20261004-0100/exact-counts.jsonl,277,db6e998d9b222d86e512c19a5819bb666e827c721d756b5702ba5a04d24f613f,e1e4acf83793c2fd17410152519ebc3bc48ba8415f2b2ce42c1964d97d905ebb,8a69d882741c9042875045579f06172e194eedd707668175ecbe6420d5aea72c
pid201/internal-mp-7/loaded-t10/t4/verify,201,verify,4,internal,10,h_msg,1,1,True,validation/stage1-20261004-0100/exact-counts.jsonl,277,db6e998d9b222d86e512c19a5819bb666e827c721d756b5702ba5a04d24f613f,e1e4acf83793c2fd17410152519ebc3bc48ba8415f2b2ce42c1964d97d905ebb,8a69d882741c9042875045579f06172e194eedd707668175ecbe6420d5aea72c
pid201/internal-mp-7/loaded-t10/t4/verify,201,verify,4,internal,10,prf,0,0,True,validation/stage1-20261004-0100/exact-counts.jsonl,277,db6e998d9b222d86e512c19a5819bb666e827c721d756b5702ba5a04d24f613f,e1e4acf83793c2fd17410152519ebc3bc48ba8415f2b2ce42c1964d97d905ebb,8a69d882741c9042875045579f06172e194eedd707668175ecbe6420d5aea72c
pid201/internal-mp-7/loaded-t10/t4/verify,201,verify,4,internal,10,prf_msg,0,0,True,validation/stage1-20261004-0100/exact-counts.jsonl,277,db6e998d9b222d86e512c19a5819bb666e827c721d756b5702ba5a04d24f613f,e1e4acf83793c2fd17410152519ebc3bc48ba8415f2b2ce42c1964d97d905ebb,8a69d882741c9042875045579f06172e194eedd707668175ecbe6420d5aea72c
pid201/internal-mp-7/loaded-t10/t4/verify,201,verify,4,internal,10,t,2,2,True,validation/stage1-20261004-0100/exact-counts.jsonl,277,db6e998d9b222d86e512c19a5819bb666e827c721d756b5702ba5a04d24f613f,e1e4acf83793c2fd17410152519ebc3bc48ba8415f2b2ce42c1964d97d905ebb,8a69d882741c9042875045579f06172e194eedd707668175ecbe6420d5aea72c
pid201/internal-mp-8/loaded-t10/t4/sign,201,sign,4,internal,10,compress,316299,316299,True,validation/stage1-20261004-0100/exact-counts.jsonl,278,db6e998d9b222d86e512c19a5819bb666e827c721d756b5702ba5a04d24f613f,ded014cebc5aec8ff931ab84a0f9b32a464a5353d86bcc17bc536acfda58b0f5,8a69d882741c9042875045579f06172e194eedd707668175ecbe6420d5aea72c
pid201/internal-mp-8/loaded-t10/t4/sign,201,sign,4,internal,10,f,214941,214941,True,validation/stage1-20261004-0100/exact-counts.jsonl,278,db6e998d9b222d86e512c19a5819bb666e827c721d756b5702ba5a04d24f613f,ded014cebc5aec8ff931ab84a0f9b32a464a5353d86bcc17bc536acfda58b0f5,8a69d882741c9042875045579f06172e194eedd707668175ecbe6420d5aea72c
pid201/internal-mp-8/loaded-t10/t4/sign,201,sign,4,internal,10,h,7151,7151,True,validation/stage1-20261004-0100/exact-counts.jsonl,278,db6e998d9b222d86e512c19a5819bb666e827c721d756b5702ba5a04d24f613f,ded014cebc5aec8ff931ab84a0f9b32a464a5353d86bcc17bc536acfda58b0f5,8a69d882741c9042875045579f06172e194eedd707668175ecbe6420d5aea72c
pid201/internal-mp-8/loaded-t10/t4/sign,201,sign,4,internal,10,h_msg,1,1,True,validation/stage1-20261004-0100/exact-counts.jsonl,278,db6e998d9b222d86e512c19a5819bb666e827c721d756b5702ba5a04d24f613f,ded014cebc5aec8ff931ab84a0f9b32a464a5353d86bcc17bc536acfda58b0f5,8a69d882741c9042875045579f06172e194eedd707668175ecbe6420d5aea72c
pid201/internal-mp-8/loaded-t10/t4/sign,201,sign,4,internal,10,prf,75782,75782,True,validation/stage1-20261004-0100/exact-counts.jsonl,278,db6e998d9b222d86e512c19a5819bb666e827c721d756b5702ba5a04d24f613f,ded014cebc5aec8ff931ab84a0f9b32a464a5353d86bcc17bc536acfda58b0f5,8a69d882741c9042875045579f06172e194eedd707668175ecbe6420d5aea72c
pid201/internal-mp-8/loaded-t10/t4/sign,201,sign,4,internal,10,prf_msg,1,1,True,validation/stage1-20261004-0100/exact-counts.jsonl,278,db6e998d9b222d86e512c19a5819bb666e827c721d756b5702ba5a04d24f613f,ded014cebc5aec8ff931ab84a0f9b32a464a5353d86bcc17bc536acfda58b0f5,8a69d882741c9042875045579f06172e194eedd707668175ecbe6420d5aea72c
pid201/internal-mp-8/loaded-t10/t4/sign,201,sign,4,internal,10,t,1024,1024,True,validation/stage1-20261004-0100/exact-counts.jsonl,278,db6e998d9b222d86e512c19a5819bb666e827c721d756b5702ba5a04d24f613f,ded014cebc5aec8ff931ab84a0f9b32a464a5353d86bcc17bc536acfda58b0f5,8a69d882741c9042875045579f06172e194eedd707668175ecbe6420d5aea72c
pid201/internal-mp-8/loaded-t10/t4/verify,201,verify,4,internal,10,compress,200,200,True,validation/stage1-20261004-0100/exact-counts.jsonl,279,db6e998d9b222d86e512c19a5819bb666e827c721d756b5702ba5a04d24f613f,75805df036db719ff9756fbd21e88a36a634484a8fc67fa1183b08425535167f,8a69d882741c9042875045579f06172e194eedd707668175ecbe6420d5aea72c
pid201/internal-mp-8/loaded-t10/t4/verify,201,verify,4,internal,10,f,105,105,True,validation/stage1-20261004-0100/exact-counts.jsonl,279,db6e998d9b222d86e512c19a5819bb666e827c721d756b5702ba5a04d24f613f,75805df036db719ff9756fbd21e88a36a634484a8fc67fa1183b08425535167f,8a69d882741c9042875045579f06172e194eedd707668175ecbe6420d5aea72c
pid201/internal-mp-8/loaded-t10/t4/verify,201,verify,4,internal,10,h,70,70,True,validation/stage1-20261004-0100/exact-counts.jsonl,279,db6e998d9b222d86e512c19a5819bb666e827c721d756b5702ba5a04d24f613f,75805df036db719ff9756fbd21e88a36a634484a8fc67fa1183b08425535167f,8a69d882741c9042875045579f06172e194eedd707668175ecbe6420d5aea72c
pid201/internal-mp-8/loaded-t10/t4/verify,201,verify,4,internal,10,h_msg,1,1,True,validation/stage1-20261004-0100/exact-counts.jsonl,279,db6e998d9b222d86e512c19a5819bb666e827c721d756b5702ba5a04d24f613f,75805df036db719ff9756fbd21e88a36a634484a8fc67fa1183b08425535167f,8a69d882741c9042875045579f06172e194eedd707668175ecbe6420d5aea72c
pid201/internal-mp-8/loaded-t10/t4/verify,201,verify,4,internal,10,prf,0,0,True,validation/stage1-20261004-0100/exact-counts.jsonl,279,db6e998d9b222d86e512c19a5819bb666e827c721d756b5702ba5a04d24f613f,75805df036db719ff9756fbd21e88a36a634484a8fc67fa1183b08425535167f,8a69d882741c9042875045579f06172e194eedd707668175ecbe6420d5aea72c
pid201/internal-mp-8/loaded-t10/t4/verify,201,verify,4,internal,10,prf_msg,0,0,True,validation/stage1-20261004-0100/exact-counts.jsonl,279,db6e998d9b222d86e512c19a5819bb666e827c721d756b5702ba5a04d24f613f,75805df036db719ff9756fbd21e88a36a634484a8fc67fa1183b08425535167f,8a69d882741c9042875045579f06172e194eedd707668175ecbe6420d5aea72c
pid201/internal-mp-8/loaded-t10/t4/verify,201,verify,4,internal,10,t,2,2,True,validation/stage1-20261004-0100/exact-counts.jsonl,279,db6e998d9b222d86e512c19a5819bb666e827c721d756b5702ba5a04d24f613f,75805df036db719ff9756fbd21e88a36a634484a8fc67fa1183b08425535167f,8a69d882741c9042875045579f06172e194eedd707668175ecbe6420d5aea72c
pid201/internal-mp-39/loaded-t10/t4/sign,201,sign,4,internal,10,compress,316305,316305,True,validation/stage1-20261004-0100/exact-counts.jsonl,280,db6e998d9b222d86e512c19a5819bb666e827c721d756b5702ba5a04d24f613f,3b9c6a843eefb524477fb2f073a47654877be89fdf8fca64eeb933700b85dba9,8a69d882741c9042875045579f06172e194eedd707668175ecbe6420d5aea72c
pid201/internal-mp-39/loaded-t10/t4/sign,201,sign,4,internal,10,f,214947,214947,True,validation/stage1-20261004-0100/exact-counts.jsonl,280,db6e998d9b222d86e512c19a5819bb666e827c721d756b5702ba5a04d24f613f,3b9c6a843eefb524477fb2f073a47654877be89fdf8fca64eeb933700b85dba9,8a69d882741c9042875045579f06172e194eedd707668175ecbe6420d5aea72c
pid201/internal-mp-39/loaded-t10/t4/sign,201,sign,4,internal,10,h,7151,7151,True,validation/stage1-20261004-0100/exact-counts.jsonl,280,db6e998d9b222d86e512c19a5819bb666e827c721d756b5702ba5a04d24f613f,3b9c6a843eefb524477fb2f073a47654877be89fdf8fca64eeb933700b85dba9,8a69d882741c9042875045579f06172e194eedd707668175ecbe6420d5aea72c
pid201/internal-mp-39/loaded-t10/t4/sign,201,sign,4,internal,10,h_msg,1,1,True,validation/stage1-20261004-0100/exact-counts.jsonl,280,db6e998d9b222d86e512c19a5819bb666e827c721d756b5702ba5a04d24f613f,3b9c6a843eefb524477fb2f073a47654877be89fdf8fca64eeb933700b85dba9,8a69d882741c9042875045579f06172e194eedd707668175ecbe6420d5aea72c
pid201/internal-mp-39/loaded-t10/t4/sign,201,sign,4,internal,10,prf,75782,75782,True,validation/stage1-20261004-0100/exact-counts.jsonl,280,db6e998d9b222d86e512c19a5819bb666e827c721d756b5702ba5a04d24f613f,3b9c6a843eefb524477fb2f073a47654877be89fdf8fca64eeb933700b85dba9,8a69d882741c9042875045579f06172e194eedd707668175ecbe6420d5aea72c
pid201/internal-mp-39/loaded-t10/t4/sign,201,sign,4,internal,10,prf_msg,1,1,True,validation/stage1-20261004-0100/exact-counts.jsonl,280,db6e998d9b222d86e512c19a5819bb666e827c721d756b5702ba5a04d24f613f,3b9c6a843eefb524477fb2f073a47654877be89fdf8fca64eeb933700b85dba9,8a69d882741c9042875045579f06172e194eedd707668175ecbe6420d5aea72c
pid201/internal-mp-39/loaded-t10/t4/sign,201,sign,4,internal,10,t,1024,1024,True,validation/stage1-20261004-0100/exact-counts.jsonl,280,db6e998d9b222d86e512c19a5819bb666e827c721d756b5702ba5a04d24f613f,3b9c6a843eefb524477fb2f073a47654877be89fdf8fca64eeb933700b85dba9,8a69d882741c9042875045579f06172e194eedd707668175ecbe6420d5aea72c
pid201/internal-mp-39/loaded-t10/t4/verify,201,verify,4,internal,10,compress,194,194,True,validation/stage1-20261004-0100/exact-counts.jsonl,281,db6e998d9b222d86e512c19a5819bb666e827c721d756b5702ba5a04d24f613f,8a96ff3ff58991109484c1ac4c2ad84db9d07886195d30bff16ee839057980d8,8a69d882741c9042875045579f06172e194eedd707668175ecbe6420d5aea72c
pid201/internal-mp-39/loaded-t10/t4/verify,201,verify,4,internal,10,f,99,99,True,validation/stage1-20261004-0100/exact-counts.jsonl,281,db6e998d9b222d86e512c19a5819bb666e827c721d756b5702ba5a04d24f613f,8a96ff3ff58991109484c1ac4c2ad84db9d07886195d30bff16ee839057980d8,8a69d882741c9042875045579f06172e194eedd707668175ecbe6420d5aea72c
pid201/internal-mp-39/loaded-t10/t4/verify,201,verify,4,internal,10,h,70,70,True,validation/stage1-20261004-0100/exact-counts.jsonl,281,db6e998d9b222d86e512c19a5819bb666e827c721d756b5702ba5a04d24f613f,8a96ff3ff58991109484c1ac4c2ad84db9d07886195d30bff16ee839057980d8,8a69d882741c9042875045579f06172e194eedd707668175ecbe6420d5aea72c
pid201/internal-mp-39/loaded-t10/t4/verify,201,verify,4,internal,10,h_msg,1,1,True,validation/stage1-20261004-0100/exact-counts.jsonl,281,db6e998d9b222d86e512c19a5819bb666e827c721d756b5702ba5a04d24f613f,8a96ff3ff58991109484c1ac4c2ad84db9d07886195d30bff16ee839057980d8,8a69d882741c9042875045579f06172e194eedd707668175ecbe6420d5aea72c
pid201/internal-mp-39/loaded-t10/t4/verify,201,verify,4,internal,10,prf,0,0,True,validation/stage1-20261004-0100/exact-counts.jsonl,281,db6e998d9b222d86e512c19a5819bb666e827c721d756b5702ba5a04d24f613f,8a96ff3ff58991109484c1ac4c2ad84db9d07886195d30bff16ee839057980d8,8a69d882741c9042875045579f06172e194eedd707668175ecbe6420d5aea72c
pid201/internal-mp-39/loaded-t10/t4/verify,201,verify,4,internal,10,prf_msg,0,0,True,validation/stage1-20261004-0100/exact-counts.jsonl,281,db6e998d9b222d86e512c19a5819bb666e827c721d756b5702ba5a04d24f613f,8a96ff3ff58991109484c1ac4c2ad84db9d07886195d30bff16ee839057980d8,8a69d882741c9042875045579f06172e194eedd707668175ecbe6420d5aea72c
pid201/internal-mp-39/loaded-t10/t4/verify,201,verify,4,internal,10,t,2,2,True,validation/stage1-20261004-0100/exact-counts.jsonl,281,db6e998d9b222d86e512c19a5819bb666e827c721d756b5702ba5a04d24f613f,8a96ff3ff58991109484c1ac4c2ad84db9d07886195d30bff16ee839057980d8,8a69d882741c9042875045579f06172e194eedd707668175ecbe6420d5aea72c
pid201/internal-mp-40/loaded-t10/t4/sign,201,sign,4,internal,10,compress,316309,316309,True,validation/stage1-20261004-0100/exact-counts.jsonl,282,db6e998d9b222d86e512c19a5819bb666e827c721d756b5702ba5a04d24f613f,f9fa9b92cf802a1d25d9655d8cb873a8ae6fcf6e7d7f608884587bbfc2805835,8a69d882741c9042875045579f06172e194eedd707668175ecbe6420d5aea72c
pid201/internal-mp-40/loaded-t10/t4/sign,201,sign,4,internal,10,f,214950,214950,True,validation/stage1-20261004-0100/exact-counts.jsonl,282,db6e998d9b222d86e512c19a5819bb666e827c721d756b5702ba5a04d24f613f,f9fa9b92cf802a1d25d9655d8cb873a8ae6fcf6e7d7f608884587bbfc2805835,8a69d882741c9042875045579f06172e194eedd707668175ecbe6420d5aea72c
pid201/internal-mp-40/loaded-t10/t4/sign,201,sign,4,internal,10,h,7151,7151,True,validation/stage1-20261004-0100/exact-counts.jsonl,282,db6e998d9b222d86e512c19a5819bb666e827c721d756b5702ba5a04d24f613f,f9fa9b92cf802a1d25d9655d8cb873a8ae6fcf6e7d7f608884587bbfc2805835,8a69d882741c9042875045579f06172e194eedd707668175ecbe6420d5aea72c
pid201/internal-mp-40/loaded-t10/t4/sign,201,sign,4,internal,10,h_msg,1,1,True,validation/stage1-20261004-0100/exact-counts.jsonl,282,db6e998d9b222d86e512c19a5819bb666e827c721d756b5702ba5a04d24f613f,f9fa9b92cf802a1d25d9655d8cb873a8ae6fcf6e7d7f608884587bbfc2805835,8a69d882741c9042875045579f06172e194eedd707668175ecbe6420d5aea72c
pid201/internal-mp-40/loaded-t10/t4/sign,201,sign,4,internal,10,prf,75782,75782,True,validation/stage1-20261004-0100/exact-counts.jsonl,282,db6e998d9b222d86e512c19a5819bb666e827c721d756b5702ba5a04d24f613f,f9fa9b92cf802a1d25d9655d8cb873a8ae6fcf6e7d7f608884587bbfc2805835,8a69d882741c9042875045579f06172e194eedd707668175ecbe6420d5aea72c
pid201/internal-mp-40/loaded-t10/t4/sign,201,sign,4,internal,10,prf_msg,1,1,True,validation/stage1-20261004-0100/exact-counts.jsonl,282,db6e998d9b222d86e512c19a5819bb666e827c721d756b5702ba5a04d24f613f,f9fa9b92cf802a1d25d9655d8cb873a8ae6fcf6e7d7f608884587bbfc2805835,8a69d882741c9042875045579f06172e194eedd707668175ecbe6420d5aea72c
pid201/internal-mp-40/loaded-t10/t4/sign,201,sign,4,internal,10,t,1024,1024,True,validation/stage1-20261004-0100/exact-counts.jsonl,282,db6e998d9b222d86e512c19a5819bb666e827c721d756b5702ba5a04d24f613f,f9fa9b92cf802a1d25d9655d8cb873a8ae6fcf6e7d7f608884587bbfc2805835,8a69d882741c9042875045579f06172e194eedd707668175ecbe6420d5aea72c
pid201/internal-mp-40/loaded-t10/t4/verify,201,verify,4,internal,10,compress,191,191,True,validation/stage1-20261004-0100/exact-counts.jsonl,283,db6e998d9b222d86e512c19a5819bb666e827c721d756b5702ba5a04d24f613f,6a619f7c741c2a76542e5a25fd9927e6b59c8bbb5757803fb22a52ba23958f92,8a69d882741c9042875045579f06172e194eedd707668175ecbe6420d5aea72c
pid201/internal-mp-40/loaded-t10/t4/verify,201,verify,4,internal,10,f,96,96,True,validation/stage1-20261004-0100/exact-counts.jsonl,283,db6e998d9b222d86e512c19a5819bb666e827c721d756b5702ba5a04d24f613f,6a619f7c741c2a76542e5a25fd9927e6b59c8bbb5757803fb22a52ba23958f92,8a69d882741c9042875045579f06172e194eedd707668175ecbe6420d5aea72c
pid201/internal-mp-40/loaded-t10/t4/verify,201,verify,4,internal,10,h,70,70,True,validation/stage1-20261004-0100/exact-counts.jsonl,283,db6e998d9b222d86e512c19a5819bb666e827c721d756b5702ba5a04d24f613f,6a619f7c741c2a76542e5a25fd9927e6b59c8bbb5757803fb22a52ba23958f92,8a69d882741c9042875045579f06172e194eedd707668175ecbe6420d5aea72c
pid201/internal-mp-40/loaded-t10/t4/verify,201,verify,4,internal,10,h_msg,1,1,True,validation/stage1-20261004-0100/exact-counts.jsonl,283,db6e998d9b222d86e512c19a5819bb666e827c721d756b5702ba5a04d24f613f,6a619f7c741c2a76542e5a25fd9927e6b59c8bbb5757803fb22a52ba23958f92,8a69d882741c9042875045579f06172e194eedd707668175ecbe6420d5aea72c
pid201/internal-mp-40/loaded-t10/t4/verify,201,verify,4,internal,10,prf,0,0,True,validation/stage1-20261004-0100/exact-counts.jsonl,283,db6e998d9b222d86e512c19a5819bb666e827c721d756b5702ba5a04d24f613f,6a619f7c741c2a76542e5a25fd9927e6b59c8bbb5757803fb22a52ba23958f92,8a69d882741c9042875045579f06172e194eedd707668175ecbe6420d5aea72c
pid201/internal-mp-40/loaded-t10/t4/verify,201,verify,4,internal,10,prf_msg,0,0,True,validation/stage1-20261004-0100/exact-counts.jsonl,283,db6e998d9b222d86e512c19a5819bb666e827c721d756b5702ba5a04d24f613f,6a619f7c741c2a76542e5a25fd9927e6b59c8bbb5757803fb22a52ba23958f92,8a69d882741c9042875045579f06172e194eedd707668175ecbe6420d5aea72c
pid201/internal-mp-40/loaded-t10/t4/verify,201,verify,4,internal,10,t,2,2,True,validation/stage1-20261004-0100/exact-counts.jsonl,283,db6e998d9b222d86e512c19a5819bb666e827c721d756b5702ba5a04d24f613f,6a619f7c741c2a76542e5a25fd9927e6b59c8bbb5757803fb22a52ba23958f92,8a69d882741c9042875045579f06172e194eedd707668175ecbe6420d5aea72c
pid201/internal-mp-47/loaded-t10/t4/sign,201,sign,4,internal,10,compress,316303,316303,True,validation/stage1-20261004-0100/exact-counts.jsonl,284,db6e998d9b222d86e512c19a5819bb666e827c721d756b5702ba5a04d24f613f,b23a5e619c79da3e9bdfa00d451e78d9e83ed708073fd4cb36786e082b2adf82,8a69d882741c9042875045579f06172e194eedd707668175ecbe6420d5aea72c
pid201/internal-mp-47/loaded-t10/t4/sign,201,sign,4,internal,10,f,214944,214944,True,validation/stage1-20261004-0100/exact-counts.jsonl,284,db6e998d9b222d86e512c19a5819bb666e827c721d756b5702ba5a04d24f613f,b23a5e619c79da3e9bdfa00d451e78d9e83ed708073fd4cb36786e082b2adf82,8a69d882741c9042875045579f06172e194eedd707668175ecbe6420d5aea72c
pid201/internal-mp-47/loaded-t10/t4/sign,201,sign,4,internal,10,h,7151,7151,True,validation/stage1-20261004-0100/exact-counts.jsonl,284,db6e998d9b222d86e512c19a5819bb666e827c721d756b5702ba5a04d24f613f,b23a5e619c79da3e9bdfa00d451e78d9e83ed708073fd4cb36786e082b2adf82,8a69d882741c9042875045579f06172e194eedd707668175ecbe6420d5aea72c
pid201/internal-mp-47/loaded-t10/t4/sign,201,sign,4,internal,10,h_msg,1,1,True,validation/stage1-20261004-0100/exact-counts.jsonl,284,db6e998d9b222d86e512c19a5819bb666e827c721d756b5702ba5a04d24f613f,b23a5e619c79da3e9bdfa00d451e78d9e83ed708073fd4cb36786e082b2adf82,8a69d882741c9042875045579f06172e194eedd707668175ecbe6420d5aea72c
pid201/internal-mp-47/loaded-t10/t4/sign,201,sign,4,internal,10,prf,75782,75782,True,validation/stage1-20261004-0100/exact-counts.jsonl,284,db6e998d9b222d86e512c19a5819bb666e827c721d756b5702ba5a04d24f613f,b23a5e619c79da3e9bdfa00d451e78d9e83ed708073fd4cb36786e082b2adf82,8a69d882741c9042875045579f06172e194eedd707668175ecbe6420d5aea72c
pid201/internal-mp-47/loaded-t10/t4/sign,201,sign,4,internal,10,prf_msg,1,1,True,validation/stage1-20261004-0100/exact-counts.jsonl,284,db6e998d9b222d86e512c19a5819bb666e827c721d756b5702ba5a04d24f613f,b23a5e619c79da3e9bdfa00d451e78d9e83ed708073fd4cb36786e082b2adf82,8a69d882741c9042875045579f06172e194eedd707668175ecbe6420d5aea72c
pid201/internal-mp-47/loaded-t10/t4/sign,201,sign,4,internal,10,t,1024,1024,True,validation/stage1-20261004-0100/exact-counts.jsonl,284,db6e998d9b222d86e512c19a5819bb666e827c721d756b5702ba5a04d24f613f,b23a5e619c79da3e9bdfa00d451e78d9e83ed708073fd4cb36786e082b2adf82,8a69d882741c9042875045579f06172e194eedd707668175ecbe6420d5aea72c
pid201/internal-mp-47/loaded-t10/t4/verify,201,verify,4,internal,10,compress,197,197,True,validation/stage1-20261004-0100/exact-counts.jsonl,285,db6e998d9b222d86e512c19a5819bb666e827c721d756b5702ba5a04d24f613f,3fd8b8821341a1b20f86135785998ea4c49277db31cfafbf53c46a7d1ab008b4,8a69d882741c9042875045579f06172e194eedd707668175ecbe6420d5aea72c
pid201/internal-mp-47/loaded-t10/t4/verify,201,verify,4,internal,10,f,102,102,True,validation/stage1-20261004-0100/exact-counts.jsonl,285,db6e998d9b222d86e512c19a5819bb666e827c721d756b5702ba5a04d24f613f,3fd8b8821341a1b20f86135785998ea4c49277db31cfafbf53c46a7d1ab008b4,8a69d882741c9042875045579f06172e194eedd707668175ecbe6420d5aea72c
pid201/internal-mp-47/loaded-t10/t4/verify,201,verify,4,internal,10,h,70,70,True,validation/stage1-20261004-0100/exact-counts.jsonl,285,db6e998d9b222d86e512c19a5819bb666e827c721d756b5702ba5a04d24f613f,3fd8b8821341a1b20f86135785998ea4c49277db31cfafbf53c46a7d1ab008b4,8a69d882741c9042875045579f06172e194eedd707668175ecbe6420d5aea72c
pid201/internal-mp-47/loaded-t10/t4/verify,201,verify,4,internal,10,h_msg,1,1,True,validation/stage1-20261004-0100/exact-counts.jsonl,285,db6e998d9b222d86e512c19a5819bb666e827c721d756b5702ba5a04d24f613f,3fd8b8821341a1b20f86135785998ea4c49277db31cfafbf53c46a7d1ab008b4,8a69d882741c9042875045579f06172e194eedd707668175ecbe6420d5aea72c
pid201/internal-mp-47/loaded-t10/t4/verify,201,verify,4,internal,10,prf,0,0,True,validation/stage1-20261004-0100/exact-counts.jsonl,285,db6e998d9b222d86e512c19a5819bb666e827c721d756b5702ba5a04d24f613f,3fd8b8821341a1b20f86135785998ea4c49277db31cfafbf53c46a7d1ab008b4,8a69d882741c9042875045579f06172e194eedd707668175ecbe6420d5aea72c
pid201/internal-mp-47/loaded-t10/t4/verify,201,verify,4,internal,10,prf_msg,0,0,True,validation/stage1-20261004-0100/exact-counts.jsonl,285,db6e998d9b222d86e512c19a5819bb666e827c721d756b5702ba5a04d24f613f,3fd8b8821341a1b20f86135785998ea4c49277db31cfafbf53c46a7d1ab008b4,8a69d882741c9042875045579f06172e194eedd707668175ecbe6420d5aea72c
pid201/internal-mp-47/loaded-t10/t4/verify,201,verify,4,internal,10,t,2,2,True,validation/stage1-20261004-0100/exact-counts.jsonl,285,db6e998d9b222d86e512c19a5819bb666e827c721d756b5702ba5a04d24f613f,3fd8b8821341a1b20f86135785998ea4c49277db31cfafbf53c46a7d1ab008b4,8a69d882741c9042875045579f06172e194eedd707668175ecbe6420d5aea72c
pid201/internal-mp-48/loaded-t10/t4/sign,201,sign,4,internal,10,compress,316285,316285,True,validation/stage1-20261004-0100/exact-counts.jsonl,286,db6e998d9b222d86e512c19a5819bb666e827c721d756b5702ba5a04d24f613f,70ab10a1158571eea2782a99bbb3336d97134f05a3f7144ce0b1bcdce2b3becb,8a69d882741c9042875045579f06172e194eedd707668175ecbe6420d5aea72c
pid201/internal-mp-48/loaded-t10/t4/sign,201,sign,4,internal,10,f,214926,214926,True,validation/stage1-20261004-0100/exact-counts.jsonl,286,db6e998d9b222d86e512c19a5819bb666e827c721d756b5702ba5a04d24f613f,70ab10a1158571eea2782a99bbb3336d97134f05a3f7144ce0b1bcdce2b3becb,8a69d882741c9042875045579f06172e194eedd707668175ecbe6420d5aea72c
pid201/internal-mp-48/loaded-t10/t4/sign,201,sign,4,internal,10,h,7151,7151,True,validation/stage1-20261004-0100/exact-counts.jsonl,286,db6e998d9b222d86e512c19a5819bb666e827c721d756b5702ba5a04d24f613f,70ab10a1158571eea2782a99bbb3336d97134f05a3f7144ce0b1bcdce2b3becb,8a69d882741c9042875045579f06172e194eedd707668175ecbe6420d5aea72c
pid201/internal-mp-48/loaded-t10/t4/sign,201,sign,4,internal,10,h_msg,1,1,True,validation/stage1-20261004-0100/exact-counts.jsonl,286,db6e998d9b222d86e512c19a5819bb666e827c721d756b5702ba5a04d24f613f,70ab10a1158571eea2782a99bbb3336d97134f05a3f7144ce0b1bcdce2b3becb,8a69d882741c9042875045579f06172e194eedd707668175ecbe6420d5aea72c
pid201/internal-mp-48/loaded-t10/t4/sign,201,sign,4,internal,10,prf,75782,75782,True,validation/stage1-20261004-0100/exact-counts.jsonl,286,db6e998d9b222d86e512c19a5819bb666e827c721d756b5702ba5a04d24f613f,70ab10a1158571eea2782a99bbb3336d97134f05a3f7144ce0b1bcdce2b3becb,8a69d882741c9042875045579f06172e194eedd707668175ecbe6420d5aea72c
pid201/internal-mp-48/loaded-t10/t4/sign,201,sign,4,internal,10,prf_msg,1,1,True,validation/stage1-20261004-0100/exact-counts.jsonl,286,db6e998d9b222d86e512c19a5819bb666e827c721d756b5702ba5a04d24f613f,70ab10a1158571eea2782a99bbb3336d97134f05a3f7144ce0b1bcdce2b3becb,8a69d882741c9042875045579f06172e194eedd707668175ecbe6420d5aea72c
pid201/internal-mp-48/loaded-t10/t4/sign,201,sign,4,internal,10,t,1024,1024,True,validation/stage1-20261004-0100/exact-counts.jsonl,286,db6e998d9b222d86e512c19a5819bb666e827c721d756b5702ba5a04d24f613f,70ab10a1158571eea2782a99bbb3336d97134f05a3f7144ce0b1bcdce2b3becb,8a69d882741c9042875045579f06172e194eedd707668175ecbe6420d5aea72c
pid201/internal-mp-48/loaded-t10/t4/verify,201,verify,4,internal,10,compress,215,215,True,validation/stage1-20261004-0100/exact-counts.jsonl,287,db6e998d9b222d86e512c19a5819bb666e827c721d756b5702ba5a04d24f613f,2786e98bbee51d4ced396a1e6a7f6b5a7dc358e2a34c271da22fc185f657f2e5,8a69d882741c9042875045579f06172e194eedd707668175ecbe6420d5aea72c
pid201/internal-mp-48/loaded-t10/t4/verify,201,verify,4,internal,10,f,120,120,True,validation/stage1-20261004-0100/exact-counts.jsonl,287,db6e998d9b222d86e512c19a5819bb666e827c721d756b5702ba5a04d24f613f,2786e98bbee51d4ced396a1e6a7f6b5a7dc358e2a34c271da22fc185f657f2e5,8a69d882741c9042875045579f06172e194eedd707668175ecbe6420d5aea72c
pid201/internal-mp-48/loaded-t10/t4/verify,201,verify,4,internal,10,h,70,70,True,validation/stage1-20261004-0100/exact-counts.jsonl,287,db6e998d9b222d86e512c19a5819bb666e827c721d756b5702ba5a04d24f613f,2786e98bbee51d4ced396a1e6a7f6b5a7dc358e2a34c271da22fc185f657f2e5,8a69d882741c9042875045579f06172e194eedd707668175ecbe6420d5aea72c
pid201/internal-mp-48/loaded-t10/t4/verify,201,verify,4,internal,10,h_msg,1,1,True,validation/stage1-20261004-0100/exact-counts.jsonl,287,db6e998d9b222d86e512c19a5819bb666e827c721d756b5702ba5a04d24f613f,2786e98bbee51d4ced396a1e6a7f6b5a7dc358e2a34c271da22fc185f657f2e5,8a69d882741c9042875045579f06172e194eedd707668175ecbe6420d5aea72c
pid201/internal-mp-48/loaded-t10/t4/verify,201,verify,4,internal,10,prf,0,0,True,validation/stage1-20261004-0100/exact-counts.jsonl,287,db6e998d9b222d86e512c19a5819bb666e827c721d756b5702ba5a04d24f613f,2786e98bbee51d4ced396a1e6a7f6b5a7dc358e2a34c271da22fc185f657f2e5,8a69d882741c9042875045579f06172e194eedd707668175ecbe6420d5aea72c
pid201/internal-mp-48/loaded-t10/t4/verify,201,verify,4,internal,10,prf_msg,0,0,True,validation/stage1-20261004-0100/exact-counts.jsonl,287,db6e998d9b222d86e512c19a5819bb666e827c721d756b5702ba5a04d24f613f,2786e98bbee51d4ced396a1e6a7f6b5a7dc358e2a34c271da22fc185f657f2e5,8a69d882741c9042875045579f06172e194eedd707668175ecbe6420d5aea72c
pid201/internal-mp-48/loaded-t10/t4/verify,201,verify,4,internal,10,t,2,2,True,validation/stage1-20261004-0100/exact-counts.jsonl,287,db6e998d9b222d86e512c19a5819bb666e827c721d756b5702ba5a04d24f613f,2786e98bbee51d4ced396a1e6a7f6b5a7dc358e2a34c271da22fc185f657f2e5,8a69d882741c9042875045579f06172e194eedd707668175ecbe6420d5aea72c
pid201/internal-mp-55/loaded-t10/t4/sign,201,sign,4,internal,10,compress,316291,316291,True,validation/stage1-20261004-0100/exact-counts.jsonl,288,db6e998d9b222d86e512c19a5819bb666e827c721d756b5702ba5a04d24f613f,fe4c45c83c627f3f89c90e054262fe3b493d2472e2250f3030b0ec633e5dcc58,8a69d882741c9042875045579f06172e194eedd707668175ecbe6420d5aea72c
pid201/internal-mp-55/loaded-t10/t4/sign,201,sign,4,internal,10,f,214932,214932,True,validation/stage1-20261004-0100/exact-counts.jsonl,288,db6e998d9b222d86e512c19a5819bb666e827c721d756b5702ba5a04d24f613f,fe4c45c83c627f3f89c90e054262fe3b493d2472e2250f3030b0ec633e5dcc58,8a69d882741c9042875045579f06172e194eedd707668175ecbe6420d5aea72c
pid201/internal-mp-55/loaded-t10/t4/sign,201,sign,4,internal,10,h,7151,7151,True,validation/stage1-20261004-0100/exact-counts.jsonl,288,db6e998d9b222d86e512c19a5819bb666e827c721d756b5702ba5a04d24f613f,fe4c45c83c627f3f89c90e054262fe3b493d2472e2250f3030b0ec633e5dcc58,8a69d882741c9042875045579f06172e194eedd707668175ecbe6420d5aea72c
pid201/internal-mp-55/loaded-t10/t4/sign,201,sign,4,internal,10,h_msg,1,1,True,validation/stage1-20261004-0100/exact-counts.jsonl,288,db6e998d9b222d86e512c19a5819bb666e827c721d756b5702ba5a04d24f613f,fe4c45c83c627f3f89c90e054262fe3b493d2472e2250f3030b0ec633e5dcc58,8a69d882741c9042875045579f06172e194eedd707668175ecbe6420d5aea72c
pid201/internal-mp-55/loaded-t10/t4/sign,201,sign,4,internal,10,prf,75782,75782,True,validation/stage1-20261004-0100/exact-counts.jsonl,288,db6e998d9b222d86e512c19a5819bb666e827c721d756b5702ba5a04d24f613f,fe4c45c83c627f3f89c90e054262fe3b493d2472e2250f3030b0ec633e5dcc58,8a69d882741c9042875045579f06172e194eedd707668175ecbe6420d5aea72c
pid201/internal-mp-55/loaded-t10/t4/sign,201,sign,4,internal,10,prf_msg,1,1,True,validation/stage1-20261004-0100/exact-counts.jsonl,288,db6e998d9b222d86e512c19a5819bb666e827c721d756b5702ba5a04d24f613f,fe4c45c83c627f3f89c90e054262fe3b493d2472e2250f3030b0ec633e5dcc58,8a69d882741c9042875045579f06172e194eedd707668175ecbe6420d5aea72c
pid201/internal-mp-55/loaded-t10/t4/sign,201,sign,4,internal,10,t,1024,1024,True,validation/stage1-20261004-0100/exact-counts.jsonl,288,db6e998d9b222d86e512c19a5819bb666e827c721d756b5702ba5a04d24f613f,fe4c45c83c627f3f89c90e054262fe3b493d2472e2250f3030b0ec633e5dcc58,8a69d882741c9042875045579f06172e194eedd707668175ecbe6420d5aea72c
pid201/internal-mp-55/loaded-t10/t4/verify,201,verify,4,internal,10,compress,209,209,True,validation/stage1-20261004-0100/exact-counts.jsonl,289,db6e998d9b222d86e512c19a5819bb666e827c721d756b5702ba5a04d24f613f,eebb7741dce03398cd6f0da4d6ca8603f591b61104ec6c61ec8a346b0c6aca47,8a69d882741c9042875045579f06172e194eedd707668175ecbe6420d5aea72c
pid201/internal-mp-55/loaded-t10/t4/verify,201,verify,4,internal,10,f,114,114,True,validation/stage1-20261004-0100/exact-counts.jsonl,289,db6e998d9b222d86e512c19a5819bb666e827c721d756b5702ba5a04d24f613f,eebb7741dce03398cd6f0da4d6ca8603f591b61104ec6c61ec8a346b0c6aca47,8a69d882741c9042875045579f06172e194eedd707668175ecbe6420d5aea72c
pid201/internal-mp-55/loaded-t10/t4/verify,201,verify,4,internal,10,h,70,70,True,validation/stage1-20261004-0100/exact-counts.jsonl,289,db6e998d9b222d86e512c19a5819bb666e827c721d756b5702ba5a04d24f613f,eebb7741dce03398cd6f0da4d6ca8603f591b61104ec6c61ec8a346b0c6aca47,8a69d882741c9042875045579f06172e194eedd707668175ecbe6420d5aea72c
pid201/internal-mp-55/loaded-t10/t4/verify,201,verify,4,internal,10,h_msg,1,1,True,validation/stage1-20261004-0100/exact-counts.jsonl,289,db6e998d9b222d86e512c19a5819bb666e827c721d756b5702ba5a04d24f613f,eebb7741dce03398cd6f0da4d6ca8603f591b61104ec6c61ec8a346b0c6aca47,8a69d882741c9042875045579f06172e194eedd707668175ecbe6420d5aea72c
pid201/internal-mp-55/loaded-t10/t4/verify,201,verify,4,internal,10,prf,0,0,True,validation/stage1-20261004-0100/exact-counts.jsonl,289,db6e998d9b222d86e512c19a5819bb666e827c721d756b5702ba5a04d24f613f,eebb7741dce03398cd6f0da4d6ca8603f591b61104ec6c61ec8a346b0c6aca47,8a69d882741c9042875045579f06172e194eedd707668175ecbe6420d5aea72c
pid201/internal-mp-55/loaded-t10/t4/verify,201,verify,4,internal,10,prf_msg,0,0,True,validation/stage1-20261004-0100/exact-counts.jsonl,289,db6e998d9b222d86e512c19a5819bb666e827c721d756b5702ba5a04d24f613f,eebb7741dce03398cd6f0da4d6ca8603f591b61104ec6c61ec8a346b0c6aca47,8a69d882741c9042875045579f06172e194eedd707668175ecbe6420d5aea72c
pid201/internal-mp-55/loaded-t10/t4/verify,201,verify,4,internal,10,t,2,2,True,validation/stage1-20261004-0100/exact-counts.jsonl,289,db6e998d9b222d86e512c19a5819bb666e827c721d756b5702ba5a04d24f613f,eebb7741dce03398cd6f0da4d6ca8603f591b61104ec6c61ec8a346b0c6aca47,8a69d882741c9042875045579f06172e194eedd707668175ecbe6420d5aea72c
pid201/internal-mp-56/loaded-t10/t4/sign,201,sign,4,internal,10,compress,316309,316309,True,validation/stage1-20261004-0100/exact-counts.jsonl,290,db6e998d9b222d86e512c19a5819bb666e827c721d756b5702ba5a04d24f613f,016b07af6f98b9ec7d27dddf357e8ae8b304a65a8d7adfcd80ce1a15a37c0e0a,8a69d882741c9042875045579f06172e194eedd707668175ecbe6420d5aea72c
pid201/internal-mp-56/loaded-t10/t4/sign,201,sign,4,internal,10,f,214950,214950,True,validation/stage1-20261004-0100/exact-counts.jsonl,290,db6e998d9b222d86e512c19a5819bb666e827c721d756b5702ba5a04d24f613f,016b07af6f98b9ec7d27dddf357e8ae8b304a65a8d7adfcd80ce1a15a37c0e0a,8a69d882741c9042875045579f06172e194eedd707668175ecbe6420d5aea72c
pid201/internal-mp-56/loaded-t10/t4/sign,201,sign,4,internal,10,h,7151,7151,True,validation/stage1-20261004-0100/exact-counts.jsonl,290,db6e998d9b222d86e512c19a5819bb666e827c721d756b5702ba5a04d24f613f,016b07af6f98b9ec7d27dddf357e8ae8b304a65a8d7adfcd80ce1a15a37c0e0a,8a69d882741c9042875045579f06172e194eedd707668175ecbe6420d5aea72c
pid201/internal-mp-56/loaded-t10/t4/sign,201,sign,4,internal,10,h_msg,1,1,True,validation/stage1-20261004-0100/exact-counts.jsonl,290,db6e998d9b222d86e512c19a5819bb666e827c721d756b5702ba5a04d24f613f,016b07af6f98b9ec7d27dddf357e8ae8b304a65a8d7adfcd80ce1a15a37c0e0a,8a69d882741c9042875045579f06172e194eedd707668175ecbe6420d5aea72c
pid201/internal-mp-56/loaded-t10/t4/sign,201,sign,4,internal,10,prf,75782,75782,True,validation/stage1-20261004-0100/exact-counts.jsonl,290,db6e998d9b222d86e512c19a5819bb666e827c721d756b5702ba5a04d24f613f,016b07af6f98b9ec7d27dddf357e8ae8b304a65a8d7adfcd80ce1a15a37c0e0a,8a69d882741c9042875045579f06172e194eedd707668175ecbe6420d5aea72c
pid201/internal-mp-56/loaded-t10/t4/sign,201,sign,4,internal,10,prf_msg,1,1,True,validation/stage1-20261004-0100/exact-counts.jsonl,290,db6e998d9b222d86e512c19a5819bb666e827c721d756b5702ba5a04d24f613f,016b07af6f98b9ec7d27dddf357e8ae8b304a65a8d7adfcd80ce1a15a37c0e0a,8a69d882741c9042875045579f06172e194eedd707668175ecbe6420d5aea72c
pid201/internal-mp-56/loaded-t10/t4/sign,201,sign,4,internal,10,t,1024,1024,True,validation/stage1-20261004-0100/exact-counts.jsonl,290,db6e998d9b222d86e512c19a5819bb666e827c721d756b5702ba5a04d24f613f,016b07af6f98b9ec7d27dddf357e8ae8b304a65a8d7adfcd80ce1a15a37c0e0a,8a69d882741c9042875045579f06172e194eedd707668175ecbe6420d5aea72c
pid201/internal-mp-56/loaded-t10/t4/verify,201,verify,4,internal,10,compress,191,191,True,validation/stage1-20261004-0100/exact-counts.jsonl,291,db6e998d9b222d86e512c19a5819bb666e827c721d756b5702ba5a04d24f613f,379e19329ddec9ce6224f9f0b10dcd80c350890110e1ed4884ad6a9eda8b9a69,8a69d882741c9042875045579f06172e194eedd707668175ecbe6420d5aea72c
pid201/internal-mp-56/loaded-t10/t4/verify,201,verify,4,internal,10,f,96,96,True,validation/stage1-20261004-0100/exact-counts.jsonl,291,db6e998d9b222d86e512c19a5819bb666e827c721d756b5702ba5a04d24f613f,379e19329ddec9ce6224f9f0b10dcd80c350890110e1ed4884ad6a9eda8b9a69,8a69d882741c9042875045579f06172e194eedd707668175ecbe6420d5aea72c
pid201/internal-mp-56/loaded-t10/t4/verify,201,verify,4,internal,10,h,70,70,True,validation/stage1-20261004-0100/exact-counts.jsonl,291,db6e998d9b222d86e512c19a5819bb666e827c721d756b5702ba5a04d24f613f,379e19329ddec9ce6224f9f0b10dcd80c350890110e1ed4884ad6a9eda8b9a69,8a69d882741c9042875045579f06172e194eedd707668175ecbe6420d5aea72c
pid201/internal-mp-56/loaded-t10/t4/verify,201,verify,4,internal,10,h_msg,1,1,True,validation/stage1-20261004-0100/exact-counts.jsonl,291,db6e998d9b222d86e512c19a5819bb666e827c721d756b5702ba5a04d24f613f,379e19329ddec9ce6224f9f0b10dcd80c350890110e1ed4884ad6a9eda8b9a69,8a69d882741c9042875045579f06172e194eedd707668175ecbe6420d5aea72c
pid201/internal-mp-56/loaded-t10/t4/verify,201,verify,4,internal,10,prf,0,0,True,validation/stage1-20261004-0100/exact-counts.jsonl,291,db6e998d9b222d86e512c19a5819bb666e827c721d756b5702ba5a04d24f613f,379e19329ddec9ce6224f9f0b10dcd80c350890110e1ed4884ad6a9eda8b9a69,8a69d882741c9042875045579f06172e194eedd707668175ecbe6420d5aea72c
pid201/internal-mp-56/loaded-t10/t4/verify,201,verify,4,internal,10,prf_msg,0,0,True,validation/stage1-20261004-0100/exact-counts.jsonl,291,db6e998d9b222d86e512c19a5819bb666e827c721d756b5702ba5a04d24f613f,379e19329ddec9ce6224f9f0b10dcd80c350890110e1ed4884ad6a9eda8b9a69,8a69d882741c9042875045579f06172e194eedd707668175ecbe6420d5aea72c
pid201/internal-mp-56/loaded-t10/t4/verify,201,verify,4,internal,10,t,2,2,True,validation/stage1-20261004-0100/exact-counts.jsonl,291,db6e998d9b222d86e512c19a5819bb666e827c721d756b5702ba5a04d24f613f,379e19329ddec9ce6224f9f0b10dcd80c350890110e1ed4884ad6a9eda8b9a69,8a69d882741c9042875045579f06172e194eedd707668175ecbe6420d5aea72c
pid201/internal-mp-63/loaded-t10/t4/sign,201,sign,4,internal,10,compress,316294,316294,True,validation/stage1-20261004-0100/exact-counts.jsonl,292,db6e998d9b222d86e512c19a5819bb666e827c721d756b5702ba5a04d24f613f,7d8942507fabc6633642665009d16a9845680c1938ad95c9f4faf8c59c1c8f8a,8a69d882741c9042875045579f06172e194eedd707668175ecbe6420d5aea72c
pid201/internal-mp-63/loaded-t10/t4/sign,201,sign,4,internal,10,f,214935,214935,True,validation/stage1-20261004-0100/exact-counts.jsonl,292,db6e998d9b222d86e512c19a5819bb666e827c721d756b5702ba5a04d24f613f,7d8942507fabc6633642665009d16a9845680c1938ad95c9f4faf8c59c1c8f8a,8a69d882741c9042875045579f06172e194eedd707668175ecbe6420d5aea72c
pid201/internal-mp-63/loaded-t10/t4/sign,201,sign,4,internal,10,h,7151,7151,True,validation/stage1-20261004-0100/exact-counts.jsonl,292,db6e998d9b222d86e512c19a5819bb666e827c721d756b5702ba5a04d24f613f,7d8942507fabc6633642665009d16a9845680c1938ad95c9f4faf8c59c1c8f8a,8a69d882741c9042875045579f06172e194eedd707668175ecbe6420d5aea72c
pid201/internal-mp-63/loaded-t10/t4/sign,201,sign,4,internal,10,h_msg,1,1,True,validation/stage1-20261004-0100/exact-counts.jsonl,292,db6e998d9b222d86e512c19a5819bb666e827c721d756b5702ba5a04d24f613f,7d8942507fabc6633642665009d16a9845680c1938ad95c9f4faf8c59c1c8f8a,8a69d882741c9042875045579f06172e194eedd707668175ecbe6420d5aea72c
pid201/internal-mp-63/loaded-t10/t4/sign,201,sign,4,internal,10,prf,75782,75782,True,validation/stage1-20261004-0100/exact-counts.jsonl,292,db6e998d9b222d86e512c19a5819bb666e827c721d756b5702ba5a04d24f613f,7d8942507fabc6633642665009d16a9845680c1938ad95c9f4faf8c59c1c8f8a,8a69d882741c9042875045579f06172e194eedd707668175ecbe6420d5aea72c
pid201/internal-mp-63/loaded-t10/t4/sign,201,sign,4,internal,10,prf_msg,1,1,True,validation/stage1-20261004-0100/exact-counts.jsonl,292,db6e998d9b222d86e512c19a5819bb666e827c721d756b5702ba5a04d24f613f,7d8942507fabc6633642665009d16a9845680c1938ad95c9f4faf8c59c1c8f8a,8a69d882741c9042875045579f06172e194eedd707668175ecbe6420d5aea72c
pid201/internal-mp-63/loaded-t10/t4/sign,201,sign,4,internal,10,t,1024,1024,True,validation/stage1-20261004-0100/exact-counts.jsonl,292,db6e998d9b222d86e512c19a5819bb666e827c721d756b5702ba5a04d24f613f,7d8942507fabc6633642665009d16a9845680c1938ad95c9f4faf8c59c1c8f8a,8a69d882741c9042875045579f06172e194eedd707668175ecbe6420d5aea72c
pid201/internal-mp-63/loaded-t10/t4/verify,201,verify,4,internal,10,compress,206,206,True,validation/stage1-20261004-0100/exact-counts.jsonl,293,db6e998d9b222d86e512c19a5819bb666e827c721d756b5702ba5a04d24f613f,f5f35a17acea479ac32d680fad2becd4b45bf0e7856542727ef96b5274b1bbfc,8a69d882741c9042875045579f06172e194eedd707668175ecbe6420d5aea72c
pid201/internal-mp-63/loaded-t10/t4/verify,201,verify,4,internal,10,f,111,111,True,validation/stage1-20261004-0100/exact-counts.jsonl,293,db6e998d9b222d86e512c19a5819bb666e827c721d756b5702ba5a04d24f613f,f5f35a17acea479ac32d680fad2becd4b45bf0e7856542727ef96b5274b1bbfc,8a69d882741c9042875045579f06172e194eedd707668175ecbe6420d5aea72c
pid201/internal-mp-63/loaded-t10/t4/verify,201,verify,4,internal,10,h,70,70,True,validation/stage1-20261004-0100/exact-counts.jsonl,293,db6e998d9b222d86e512c19a5819bb666e827c721d756b5702ba5a04d24f613f,f5f35a17acea479ac32d680fad2becd4b45bf0e7856542727ef96b5274b1bbfc,8a69d882741c9042875045579f06172e194eedd707668175ecbe6420d5aea72c
pid201/internal-mp-63/loaded-t10/t4/verify,201,verify,4,internal,10,h_msg,1,1,True,validation/stage1-20261004-0100/exact-counts.jsonl,293,db6e998d9b222d86e512c19a5819bb666e827c721d756b5702ba5a04d24f613f,f5f35a17acea479ac32d680fad2becd4b45bf0e7856542727ef96b5274b1bbfc,8a69d882741c9042875045579f06172e194eedd707668175ecbe6420d5aea72c
pid201/internal-mp-63/loaded-t10/t4/verify,201,verify,4,internal,10,prf,0,0,True,validation/stage1-20261004-0100/exact-counts.jsonl,293,db6e998d9b222d86e512c19a5819bb666e827c721d756b5702ba5a04d24f613f,f5f35a17acea479ac32d680fad2becd4b45bf0e7856542727ef96b5274b1bbfc,8a69d882741c9042875045579f06172e194eedd707668175ecbe6420d5aea72c
pid201/internal-mp-63/loaded-t10/t4/verify,201,verify,4,internal,10,prf_msg,0,0,True,validation/stage1-20261004-0100/exact-counts.jsonl,293,db6e998d9b222d86e512c19a5819bb666e827c721d756b5702ba5a04d24f613f,f5f35a17acea479ac32d680fad2becd4b45bf0e7856542727ef96b5274b1bbfc,8a69d882741c9042875045579f06172e194eedd707668175ecbe6420d5aea72c
pid201/internal-mp-63/loaded-t10/t4/verify,201,verify,4,internal,10,t,2,2,True,validation/stage1-20261004-0100/exact-counts.jsonl,293,db6e998d9b222d86e512c19a5819bb666e827c721d756b5702ba5a04d24f613f,f5f35a17acea479ac32d680fad2becd4b45bf0e7856542727ef96b5274b1bbfc,8a69d882741c9042875045579f06172e194eedd707668175ecbe6420d5aea72c
pid201/internal-mp-64/loaded-t10/t4/sign,201,sign,4,internal,10,compress,316294,316294,True,validation/stage1-20261004-0100/exact-counts.jsonl,294,db6e998d9b222d86e512c19a5819bb666e827c721d756b5702ba5a04d24f613f,68a78fbf54605002abd83e698226da6a8d60cb8ef23dd65b1250d554761fb3f7,8a69d882741c9042875045579f06172e194eedd707668175ecbe6420d5aea72c
pid201/internal-mp-64/loaded-t10/t4/sign,201,sign,4,internal,10,f,214935,214935,True,validation/stage1-20261004-0100/exact-counts.jsonl,294,db6e998d9b222d86e512c19a5819bb666e827c721d756b5702ba5a04d24f613f,68a78fbf54605002abd83e698226da6a8d60cb8ef23dd65b1250d554761fb3f7,8a69d882741c9042875045579f06172e194eedd707668175ecbe6420d5aea72c
pid201/internal-mp-64/loaded-t10/t4/sign,201,sign,4,internal,10,h,7151,7151,True,validation/stage1-20261004-0100/exact-counts.jsonl,294,db6e998d9b222d86e512c19a5819bb666e827c721d756b5702ba5a04d24f613f,68a78fbf54605002abd83e698226da6a8d60cb8ef23dd65b1250d554761fb3f7,8a69d882741c9042875045579f06172e194eedd707668175ecbe6420d5aea72c
pid201/internal-mp-64/loaded-t10/t4/sign,201,sign,4,internal,10,h_msg,1,1,True,validation/stage1-20261004-0100/exact-counts.jsonl,294,db6e998d9b222d86e512c19a5819bb666e827c721d756b5702ba5a04d24f613f,68a78fbf54605002abd83e698226da6a8d60cb8ef23dd65b1250d554761fb3f7,8a69d882741c9042875045579f06172e194eedd707668175ecbe6420d5aea72c
pid201/internal-mp-64/loaded-t10/t4/sign,201,sign,4,internal,10,prf,75782,75782,True,validation/stage1-20261004-0100/exact-counts.jsonl,294,db6e998d9b222d86e512c19a5819bb666e827c721d756b5702ba5a04d24f613f,68a78fbf54605002abd83e698226da6a8d60cb8ef23dd65b1250d554761fb3f7,8a69d882741c9042875045579f06172e194eedd707668175ecbe6420d5aea72c
pid201/internal-mp-64/loaded-t10/t4/sign,201,sign,4,internal,10,prf_msg,1,1,True,validation/stage1-20261004-0100/exact-counts.jsonl,294,db6e998d9b222d86e512c19a5819bb666e827c721d756b5702ba5a04d24f613f,68a78fbf54605002abd83e698226da6a8d60cb8ef23dd65b1250d554761fb3f7,8a69d882741c9042875045579f06172e194eedd707668175ecbe6420d5aea72c
pid201/internal-mp-64/loaded-t10/t4/sign,201,sign,4,internal,10,t,1024,1024,True,validation/stage1-20261004-0100/exact-counts.jsonl,294,db6e998d9b222d86e512c19a5819bb666e827c721d756b5702ba5a04d24f613f,68a78fbf54605002abd83e698226da6a8d60cb8ef23dd65b1250d554761fb3f7,8a69d882741c9042875045579f06172e194eedd707668175ecbe6420d5aea72c
pid201/internal-mp-64/loaded-t10/t4/verify,201,verify,4,internal,10,compress,206,206,True,validation/stage1-20261004-0100/exact-counts.jsonl,295,db6e998d9b222d86e512c19a5819bb666e827c721d756b5702ba5a04d24f613f,908432a0a8df70bf310f7198b3aa9978c0b7b751f03fa7f2b973f5a4df08baab,8a69d882741c9042875045579f06172e194eedd707668175ecbe6420d5aea72c
pid201/internal-mp-64/loaded-t10/t4/verify,201,verify,4,internal,10,f,111,111,True,validation/stage1-20261004-0100/exact-counts.jsonl,295,db6e998d9b222d86e512c19a5819bb666e827c721d756b5702ba5a04d24f613f,908432a0a8df70bf310f7198b3aa9978c0b7b751f03fa7f2b973f5a4df08baab,8a69d882741c9042875045579f06172e194eedd707668175ecbe6420d5aea72c
pid201/internal-mp-64/loaded-t10/t4/verify,201,verify,4,internal,10,h,70,70,True,validation/stage1-20261004-0100/exact-counts.jsonl,295,db6e998d9b222d86e512c19a5819bb666e827c721d756b5702ba5a04d24f613f,908432a0a8df70bf310f7198b3aa9978c0b7b751f03fa7f2b973f5a4df08baab,8a69d882741c9042875045579f06172e194eedd707668175ecbe6420d5aea72c
pid201/internal-mp-64/loaded-t10/t4/verify,201,verify,4,internal,10,h_msg,1,1,True,validation/stage1-20261004-0100/exact-counts.jsonl,295,db6e998d9b222d86e512c19a5819bb666e827c721d756b5702ba5a04d24f613f,908432a0a8df70bf310f7198b3aa9978c0b7b751f03fa7f2b973f5a4df08baab,8a69d882741c9042875045579f06172e194eedd707668175ecbe6420d5aea72c
pid201/internal-mp-64/loaded-t10/t4/verify,201,verify,4,internal,10,prf,0,0,True,validation/stage1-20261004-0100/exact-counts.jsonl,295,db6e998d9b222d86e512c19a5819bb666e827c721d756b5702ba5a04d24f613f,908432a0a8df70bf310f7198b3aa9978c0b7b751f03fa7f2b973f5a4df08baab,8a69d882741c9042875045579f06172e194eedd707668175ecbe6420d5aea72c
pid201/internal-mp-64/loaded-t10/t4/verify,201,verify,4,internal,10,prf_msg,0,0,True,validation/stage1-20261004-0100/exact-counts.jsonl,295,db6e998d9b222d86e512c19a5819bb666e827c721d756b5702ba5a04d24f613f,908432a0a8df70bf310f7198b3aa9978c0b7b751f03fa7f2b973f5a4df08baab,8a69d882741c9042875045579f06172e194eedd707668175ecbe6420d5aea72c
pid201/internal-mp-64/loaded-t10/t4/verify,201,verify,4,internal,10,t,2,2,True,validation/stage1-20261004-0100/exact-counts.jsonl,295,db6e998d9b222d86e512c19a5819bb666e827c721d756b5702ba5a04d24f613f,908432a0a8df70bf310f7198b3aa9978c0b7b751f03fa7f2b973f5a4df08baab,8a69d882741c9042875045579f06172e194eedd707668175ecbe6420d5aea72c
pid201/internal-mp-257/loaded-t10/t4/sign,201,sign,4,internal,10,compress,316312,316312,True,validation/stage1-20261004-0100/exact-counts.jsonl,296,db6e998d9b222d86e512c19a5819bb666e827c721d756b5702ba5a04d24f613f,4c253b116b67799d2b86a29ae3909033f756042f88f95c7d27dd21766c4d7971,8a69d882741c9042875045579f06172e194eedd707668175ecbe6420d5aea72c
pid201/internal-mp-257/loaded-t10/t4/sign,201,sign,4,internal,10,f,214947,214947,True,validation/stage1-20261004-0100/exact-counts.jsonl,296,db6e998d9b222d86e512c19a5819bb666e827c721d756b5702ba5a04d24f613f,4c253b116b67799d2b86a29ae3909033f756042f88f95c7d27dd21766c4d7971,8a69d882741c9042875045579f06172e194eedd707668175ecbe6420d5aea72c
pid201/internal-mp-257/loaded-t10/t4/sign,201,sign,4,internal,10,h,7151,7151,True,validation/stage1-20261004-0100/exact-counts.jsonl,296,db6e998d9b222d86e512c19a5819bb666e827c721d756b5702ba5a04d24f613f,4c253b116b67799d2b86a29ae3909033f756042f88f95c7d27dd21766c4d7971,8a69d882741c9042875045579f06172e194eedd707668175ecbe6420d5aea72c
pid201/internal-mp-257/loaded-t10/t4/sign,201,sign,4,internal,10,h_msg,1,1,True,validation/stage1-20261004-0100/exact-counts.jsonl,296,db6e998d9b222d86e512c19a5819bb666e827c721d756b5702ba5a04d24f613f,4c253b116b67799d2b86a29ae3909033f756042f88f95c7d27dd21766c4d7971,8a69d882741c9042875045579f06172e194eedd707668175ecbe6420d5aea72c
pid201/internal-mp-257/loaded-t10/t4/sign,201,sign,4,internal,10,prf,75782,75782,True,validation/stage1-20261004-0100/exact-counts.jsonl,296,db6e998d9b222d86e512c19a5819bb666e827c721d756b5702ba5a04d24f613f,4c253b116b67799d2b86a29ae3909033f756042f88f95c7d27dd21766c4d7971,8a69d882741c9042875045579f06172e194eedd707668175ecbe6420d5aea72c
pid201/internal-mp-257/loaded-t10/t4/sign,201,sign,4,internal,10,prf_msg,1,1,True,validation/stage1-20261004-0100/exact-counts.jsonl,296,db6e998d9b222d86e512c19a5819bb666e827c721d756b5702ba5a04d24f613f,4c253b116b67799d2b86a29ae3909033f756042f88f95c7d27dd21766c4d7971,8a69d882741c9042875045579f06172e194eedd707668175ecbe6420d5aea72c
pid201/internal-mp-257/loaded-t10/t4/sign,201,sign,4,internal,10,t,1024,1024,True,validation/stage1-20261004-0100/exact-counts.jsonl,296,db6e998d9b222d86e512c19a5819bb666e827c721d756b5702ba5a04d24f613f,4c253b116b67799d2b86a29ae3909033f756042f88f95c7d27dd21766c4d7971,8a69d882741c9042875045579f06172e194eedd707668175ecbe6420d5aea72c
pid201/internal-mp-257/loaded-t10/t4/verify,201,verify,4,internal,10,compress,197,197,True,validation/stage1-20261004-0100/exact-counts.jsonl,297,db6e998d9b222d86e512c19a5819bb666e827c721d756b5702ba5a04d24f613f,0e9ae44326ed14b765bcc13d64a8f7ccbfe735adb24408c85aab5ec7ad00eb54,8a69d882741c9042875045579f06172e194eedd707668175ecbe6420d5aea72c
pid201/internal-mp-257/loaded-t10/t4/verify,201,verify,4,internal,10,f,99,99,True,validation/stage1-20261004-0100/exact-counts.jsonl,297,db6e998d9b222d86e512c19a5819bb666e827c721d756b5702ba5a04d24f613f,0e9ae44326ed14b765bcc13d64a8f7ccbfe735adb24408c85aab5ec7ad00eb54,8a69d882741c9042875045579f06172e194eedd707668175ecbe6420d5aea72c
pid201/internal-mp-257/loaded-t10/t4/verify,201,verify,4,internal,10,h,70,70,True,validation/stage1-20261004-0100/exact-counts.jsonl,297,db6e998d9b222d86e512c19a5819bb666e827c721d756b5702ba5a04d24f613f,0e9ae44326ed14b765bcc13d64a8f7ccbfe735adb24408c85aab5ec7ad00eb54,8a69d882741c9042875045579f06172e194eedd707668175ecbe6420d5aea72c
pid201/internal-mp-257/loaded-t10/t4/verify,201,verify,4,internal,10,h_msg,1,1,True,validation/stage1-20261004-0100/exact-counts.jsonl,297,db6e998d9b222d86e512c19a5819bb666e827c721d756b5702ba5a04d24f613f,0e9ae44326ed14b765bcc13d64a8f7ccbfe735adb24408c85aab5ec7ad00eb54,8a69d882741c9042875045579f06172e194eedd707668175ecbe6420d5aea72c
pid201/internal-mp-257/loaded-t10/t4/verify,201,verify,4,internal,10,prf,0,0,True,validation/stage1-20261004-0100/exact-counts.jsonl,297,db6e998d9b222d86e512c19a5819bb666e827c721d756b5702ba5a04d24f613f,0e9ae44326ed14b765bcc13d64a8f7ccbfe735adb24408c85aab5ec7ad00eb54,8a69d882741c9042875045579f06172e194eedd707668175ecbe6420d5aea72c
pid201/internal-mp-257/loaded-t10/t4/verify,201,verify,4,internal,10,prf_msg,0,0,True,validation/stage1-20261004-0100/exact-counts.jsonl,297,db6e998d9b222d86e512c19a5819bb666e827c721d756b5702ba5a04d24f613f,0e9ae44326ed14b765bcc13d64a8f7ccbfe735adb24408c85aab5ec7ad00eb54,8a69d882741c9042875045579f06172e194eedd707668175ecbe6420d5aea72c
pid201/internal-mp-257/loaded-t10/t4/verify,201,verify,4,internal,10,t,2,2,True,validation/stage1-20261004-0100/exact-counts.jsonl,297,db6e998d9b222d86e512c19a5819bb666e827c721d756b5702ba5a04d24f613f,0e9ae44326ed14b765bcc13d64a8f7ccbfe735adb24408c85aab5ec7ad00eb54,8a69d882741c9042875045579f06172e194eedd707668175ecbe6420d5aea72c
pid201/pure-context-0/loaded-t10/t4/sign,201,sign,4,pure,10,compress,316301,316301,True,validation/stage1-20261004-0100/exact-counts.jsonl,298,db6e998d9b222d86e512c19a5819bb666e827c721d756b5702ba5a04d24f613f,d6a87c5dd3c536d25f7902c9608abc69d73c6d12da73fc1f0f63418eaba40861,8a69d882741c9042875045579f06172e194eedd707668175ecbe6420d5aea72c
pid201/pure-context-0/loaded-t10/t4/sign,201,sign,4,pure,10,f,214944,214944,True,validation/stage1-20261004-0100/exact-counts.jsonl,298,db6e998d9b222d86e512c19a5819bb666e827c721d756b5702ba5a04d24f613f,d6a87c5dd3c536d25f7902c9608abc69d73c6d12da73fc1f0f63418eaba40861,8a69d882741c9042875045579f06172e194eedd707668175ecbe6420d5aea72c
pid201/pure-context-0/loaded-t10/t4/sign,201,sign,4,pure,10,h,7151,7151,True,validation/stage1-20261004-0100/exact-counts.jsonl,298,db6e998d9b222d86e512c19a5819bb666e827c721d756b5702ba5a04d24f613f,d6a87c5dd3c536d25f7902c9608abc69d73c6d12da73fc1f0f63418eaba40861,8a69d882741c9042875045579f06172e194eedd707668175ecbe6420d5aea72c
pid201/pure-context-0/loaded-t10/t4/sign,201,sign,4,pure,10,h_msg,1,1,True,validation/stage1-20261004-0100/exact-counts.jsonl,298,db6e998d9b222d86e512c19a5819bb666e827c721d756b5702ba5a04d24f613f,d6a87c5dd3c536d25f7902c9608abc69d73c6d12da73fc1f0f63418eaba40861,8a69d882741c9042875045579f06172e194eedd707668175ecbe6420d5aea72c
pid201/pure-context-0/loaded-t10/t4/sign,201,sign,4,pure,10,prf,75782,75782,True,validation/stage1-20261004-0100/exact-counts.jsonl,298,db6e998d9b222d86e512c19a5819bb666e827c721d756b5702ba5a04d24f613f,d6a87c5dd3c536d25f7902c9608abc69d73c6d12da73fc1f0f63418eaba40861,8a69d882741c9042875045579f06172e194eedd707668175ecbe6420d5aea72c
pid201/pure-context-0/loaded-t10/t4/sign,201,sign,4,pure,10,prf_msg,1,1,True,validation/stage1-20261004-0100/exact-counts.jsonl,298,db6e998d9b222d86e512c19a5819bb666e827c721d756b5702ba5a04d24f613f,d6a87c5dd3c536d25f7902c9608abc69d73c6d12da73fc1f0f63418eaba40861,8a69d882741c9042875045579f06172e194eedd707668175ecbe6420d5aea72c
pid201/pure-context-0/loaded-t10/t4/sign,201,sign,4,pure,10,t,1024,1024,True,validation/stage1-20261004-0100/exact-counts.jsonl,298,db6e998d9b222d86e512c19a5819bb666e827c721d756b5702ba5a04d24f613f,d6a87c5dd3c536d25f7902c9608abc69d73c6d12da73fc1f0f63418eaba40861,8a69d882741c9042875045579f06172e194eedd707668175ecbe6420d5aea72c
pid201/pure-context-0/loaded-t10/t4/verify,201,verify,4,pure,10,compress,196,196,True,validation/stage1-20261004-0100/exact-counts.jsonl,299,db6e998d9b222d86e512c19a5819bb666e827c721d756b5702ba5a04d24f613f,1a23b09b1b725b1bdb736666b1f9a61f8539434ade5629c495d44b8d670e7168,8a69d882741c9042875045579f06172e194eedd707668175ecbe6420d5aea72c
pid201/pure-context-0/loaded-t10/t4/verify,201,verify,4,pure,10,f,102,102,True,validation/stage1-20261004-0100/exact-counts.jsonl,299,db6e998d9b222d86e512c19a5819bb666e827c721d756b5702ba5a04d24f613f,1a23b09b1b725b1bdb736666b1f9a61f8539434ade5629c495d44b8d670e7168,8a69d882741c9042875045579f06172e194eedd707668175ecbe6420d5aea72c
pid201/pure-context-0/loaded-t10/t4/verify,201,verify,4,pure,10,h,70,70,True,validation/stage1-20261004-0100/exact-counts.jsonl,299,db6e998d9b222d86e512c19a5819bb666e827c721d756b5702ba5a04d24f613f,1a23b09b1b725b1bdb736666b1f9a61f8539434ade5629c495d44b8d670e7168,8a69d882741c9042875045579f06172e194eedd707668175ecbe6420d5aea72c
pid201/pure-context-0/loaded-t10/t4/verify,201,verify,4,pure,10,h_msg,1,1,True,validation/stage1-20261004-0100/exact-counts.jsonl,299,db6e998d9b222d86e512c19a5819bb666e827c721d756b5702ba5a04d24f613f,1a23b09b1b725b1bdb736666b1f9a61f8539434ade5629c495d44b8d670e7168,8a69d882741c9042875045579f06172e194eedd707668175ecbe6420d5aea72c
pid201/pure-context-0/loaded-t10/t4/verify,201,verify,4,pure,10,prf,0,0,True,validation/stage1-20261004-0100/exact-counts.jsonl,299,db6e998d9b222d86e512c19a5819bb666e827c721d756b5702ba5a04d24f613f,1a23b09b1b725b1bdb736666b1f9a61f8539434ade5629c495d44b8d670e7168,8a69d882741c9042875045579f06172e194eedd707668175ecbe6420d5aea72c
pid201/pure-context-0/loaded-t10/t4/verify,201,verify,4,pure,10,prf_msg,0,0,True,validation/stage1-20261004-0100/exact-counts.jsonl,299,db6e998d9b222d86e512c19a5819bb666e827c721d756b5702ba5a04d24f613f,1a23b09b1b725b1bdb736666b1f9a61f8539434ade5629c495d44b8d670e7168,8a69d882741c9042875045579f06172e194eedd707668175ecbe6420d5aea72c
pid201/pure-context-0/loaded-t10/t4/verify,201,verify,4,pure,10,t,2,2,True,validation/stage1-20261004-0100/exact-counts.jsonl,299,db6e998d9b222d86e512c19a5819bb666e827c721d756b5702ba5a04d24f613f,1a23b09b1b725b1bdb736666b1f9a61f8539434ade5629c495d44b8d670e7168,8a69d882741c9042875045579f06172e194eedd707668175ecbe6420d5aea72c
pid201/pure-context-255/loaded-t10/t4/sign,201,sign,4,pure,10,compress,316302,316302,True,validation/stage1-20261004-0100/exact-counts.jsonl,300,db6e998d9b222d86e512c19a5819bb666e827c721d756b5702ba5a04d24f613f,eeb64bb6bdae26b09754714082d31406c6c2881409f60bc640ef6b84624847ba,8a69d882741c9042875045579f06172e194eedd707668175ecbe6420d5aea72c
pid201/pure-context-255/loaded-t10/t4/sign,201,sign,4,pure,10,f,214935,214935,True,validation/stage1-20261004-0100/exact-counts.jsonl,300,db6e998d9b222d86e512c19a5819bb666e827c721d756b5702ba5a04d24f613f,eeb64bb6bdae26b09754714082d31406c6c2881409f60bc640ef6b84624847ba,8a69d882741c9042875045579f06172e194eedd707668175ecbe6420d5aea72c
pid201/pure-context-255/loaded-t10/t4/sign,201,sign,4,pure,10,h,7151,7151,True,validation/stage1-20261004-0100/exact-counts.jsonl,300,db6e998d9b222d86e512c19a5819bb666e827c721d756b5702ba5a04d24f613f,eeb64bb6bdae26b09754714082d31406c6c2881409f60bc640ef6b84624847ba,8a69d882741c9042875045579f06172e194eedd707668175ecbe6420d5aea72c
pid201/pure-context-255/loaded-t10/t4/sign,201,sign,4,pure,10,h_msg,1,1,True,validation/stage1-20261004-0100/exact-counts.jsonl,300,db6e998d9b222d86e512c19a5819bb666e827c721d756b5702ba5a04d24f613f,eeb64bb6bdae26b09754714082d31406c6c2881409f60bc640ef6b84624847ba,8a69d882741c9042875045579f06172e194eedd707668175ecbe6420d5aea72c
pid201/pure-context-255/loaded-t10/t4/sign,201,sign,4,pure,10,prf,75782,75782,True,validation/stage1-20261004-0100/exact-counts.jsonl,300,db6e998d9b222d86e512c19a5819bb666e827c721d756b5702ba5a04d24f613f,eeb64bb6bdae26b09754714082d31406c6c2881409f60bc640ef6b84624847ba,8a69d882741c9042875045579f06172e194eedd707668175ecbe6420d5aea72c
pid201/pure-context-255/loaded-t10/t4/sign,201,sign,4,pure,10,prf_msg,1,1,True,validation/stage1-20261004-0100/exact-counts.jsonl,300,db6e998d9b222d86e512c19a5819bb666e827c721d756b5702ba5a04d24f613f,eeb64bb6bdae26b09754714082d31406c6c2881409f60bc640ef6b84624847ba,8a69d882741c9042875045579f06172e194eedd707668175ecbe6420d5aea72c
pid201/pure-context-255/loaded-t10/t4/sign,201,sign,4,pure,10,t,1024,1024,True,validation/stage1-20261004-0100/exact-counts.jsonl,300,db6e998d9b222d86e512c19a5819bb666e827c721d756b5702ba5a04d24f613f,eeb64bb6bdae26b09754714082d31406c6c2881409f60bc640ef6b84624847ba,8a69d882741c9042875045579f06172e194eedd707668175ecbe6420d5aea72c
pid201/pure-context-255/loaded-t10/t4/verify,201,verify,4,pure,10,compress,210,210,True,validation/stage1-20261004-0100/exact-counts.jsonl,301,db6e998d9b222d86e512c19a5819bb666e827c721d756b5702ba5a04d24f613f,aca72d06e64b01118c999125b195496a4c24dc390f5f19818b2a238e0cc8aba8,8a69d882741c9042875045579f06172e194eedd707668175ecbe6420d5aea72c
pid201/pure-context-255/loaded-t10/t4/verify,201,verify,4,pure,10,f,111,111,True,validation/stage1-20261004-0100/exact-counts.jsonl,301,db6e998d9b222d86e512c19a5819bb666e827c721d756b5702ba5a04d24f613f,aca72d06e64b01118c999125b195496a4c24dc390f5f19818b2a238e0cc8aba8,8a69d882741c9042875045579f06172e194eedd707668175ecbe6420d5aea72c
pid201/pure-context-255/loaded-t10/t4/verify,201,verify,4,pure,10,h,70,70,True,validation/stage1-20261004-0100/exact-counts.jsonl,301,db6e998d9b222d86e512c19a5819bb666e827c721d756b5702ba5a04d24f613f,aca72d06e64b01118c999125b195496a4c24dc390f5f19818b2a238e0cc8aba8,8a69d882741c9042875045579f06172e194eedd707668175ecbe6420d5aea72c
pid201/pure-context-255/loaded-t10/t4/verify,201,verify,4,pure,10,h_msg,1,1,True,validation/stage1-20261004-0100/exact-counts.jsonl,301,db6e998d9b222d86e512c19a5819bb666e827c721d756b5702ba5a04d24f613f,aca72d06e64b01118c999125b195496a4c24dc390f5f19818b2a238e0cc8aba8,8a69d882741c9042875045579f06172e194eedd707668175ecbe6420d5aea72c
pid201/pure-context-255/loaded-t10/t4/verify,201,verify,4,pure,10,prf,0,0,True,validation/stage1-20261004-0100/exact-counts.jsonl,301,db6e998d9b222d86e512c19a5819bb666e827c721d756b5702ba5a04d24f613f,aca72d06e64b01118c999125b195496a4c24dc390f5f19818b2a238e0cc8aba8,8a69d882741c9042875045579f06172e194eedd707668175ecbe6420d5aea72c
pid201/pure-context-255/loaded-t10/t4/verify,201,verify,4,pure,10,prf_msg,0,0,True,validation/stage1-20261004-0100/exact-counts.jsonl,301,db6e998d9b222d86e512c19a5819bb666e827c721d756b5702ba5a04d24f613f,aca72d06e64b01118c999125b195496a4c24dc390f5f19818b2a238e0cc8aba8,8a69d882741c9042875045579f06172e194eedd707668175ecbe6420d5aea72c
pid201/pure-context-255/loaded-t10/t4/verify,201,verify,4,pure,10,t,2,2,True,validation/stage1-20261004-0100/exact-counts.jsonl,301,db6e998d9b222d86e512c19a5819bb666e827c721d756b5702ba5a04d24f613f,aca72d06e64b01118c999125b195496a4c24dc390f5f19818b2a238e0cc8aba8,8a69d882741c9042875045579f06172e194eedd707668175ecbe6420d5aea72c
pid201/pure-context-255/key-mismatch/t4/sign,201,sign,4,pure,0,compress,316308,316308,True,validation/stage1-20261004-0100/exact-counts.jsonl,302,db6e998d9b222d86e512c19a5819bb666e827c721d756b5702ba5a04d24f613f,cd72ef1b9e84144b325eb340371e33f2f9b064bac6d9ff5aaf02f893d0aa84f3,8a69d882741c9042875045579f06172e194eedd707668175ecbe6420d5aea72c
pid201/pure-context-255/key-mismatch/t4/sign,201,sign,4,pure,0,f,214941,214941,True,validation/stage1-20261004-0100/exact-counts.jsonl,302,db6e998d9b222d86e512c19a5819bb666e827c721d756b5702ba5a04d24f613f,cd72ef1b9e84144b325eb340371e33f2f9b064bac6d9ff5aaf02f893d0aa84f3,8a69d882741c9042875045579f06172e194eedd707668175ecbe6420d5aea72c
pid201/pure-context-255/key-mismatch/t4/sign,201,sign,4,pure,0,h,7151,7151,True,validation/stage1-20261004-0100/exact-counts.jsonl,302,db6e998d9b222d86e512c19a5819bb666e827c721d756b5702ba5a04d24f613f,cd72ef1b9e84144b325eb340371e33f2f9b064bac6d9ff5aaf02f893d0aa84f3,8a69d882741c9042875045579f06172e194eedd707668175ecbe6420d5aea72c
pid201/pure-context-255/key-mismatch/t4/sign,201,sign,4,pure,0,h_msg,1,1,True,validation/stage1-20261004-0100/exact-counts.jsonl,302,db6e998d9b222d86e512c19a5819bb666e827c721d756b5702ba5a04d24f613f,cd72ef1b9e84144b325eb340371e33f2f9b064bac6d9ff5aaf02f893d0aa84f3,8a69d882741c9042875045579f06172e194eedd707668175ecbe6420d5aea72c
pid201/pure-context-255/key-mismatch/t4/sign,201,sign,4,pure,0,prf,75782,75782,True,validation/stage1-20261004-0100/exact-counts.jsonl,302,db6e998d9b222d86e512c19a5819bb666e827c721d756b5702ba5a04d24f613f,cd72ef1b9e84144b325eb340371e33f2f9b064bac6d9ff5aaf02f893d0aa84f3,8a69d882741c9042875045579f06172e194eedd707668175ecbe6420d5aea72c
pid201/pure-context-255/key-mismatch/t4/sign,201,sign,4,pure,0,prf_msg,1,1,True,validation/stage1-20261004-0100/exact-counts.jsonl,302,db6e998d9b222d86e512c19a5819bb666e827c721d756b5702ba5a04d24f613f,cd72ef1b9e84144b325eb340371e33f2f9b064bac6d9ff5aaf02f893d0aa84f3,8a69d882741c9042875045579f06172e194eedd707668175ecbe6420d5aea72c
pid201/pure-context-255/key-mismatch/t4/sign,201,sign,4,pure,0,t,1024,1024,True,validation/stage1-20261004-0100/exact-counts.jsonl,302,db6e998d9b222d86e512c19a5819bb666e827c721d756b5702ba5a04d24f613f,cd72ef1b9e84144b325eb340371e33f2f9b064bac6d9ff5aaf02f893d0aa84f3,8a69d882741c9042875045579f06172e194eedd707668175ecbe6420d5aea72c
pid201/pure-context-255/key-mismatch/t4/verify,201,verify,4,pure,0,compress,204,204,True,validation/stage1-20261004-0100/exact-counts.jsonl,303,db6e998d9b222d86e512c19a5819bb666e827c721d756b5702ba5a04d24f613f,2a96a0aa5fc05edc5f22c9e9c9089c90b1c3d2f92a7ca84ba479bcaf11cbaada,8a69d882741c9042875045579f06172e194eedd707668175ecbe6420d5aea72c
pid201/pure-context-255/key-mismatch/t4/verify,201,verify,4,pure,0,f,105,105,True,validation/stage1-20261004-0100/exact-counts.jsonl,303,db6e998d9b222d86e512c19a5819bb666e827c721d756b5702ba5a04d24f613f,2a96a0aa5fc05edc5f22c9e9c9089c90b1c3d2f92a7ca84ba479bcaf11cbaada,8a69d882741c9042875045579f06172e194eedd707668175ecbe6420d5aea72c
pid201/pure-context-255/key-mismatch/t4/verify,201,verify,4,pure,0,h,70,70,True,validation/stage1-20261004-0100/exact-counts.jsonl,303,db6e998d9b222d86e512c19a5819bb666e827c721d756b5702ba5a04d24f613f,2a96a0aa5fc05edc5f22c9e9c9089c90b1c3d2f92a7ca84ba479bcaf11cbaada,8a69d882741c9042875045579f06172e194eedd707668175ecbe6420d5aea72c
pid201/pure-context-255/key-mismatch/t4/verify,201,verify,4,pure,0,h_msg,1,1,True,validation/stage1-20261004-0100/exact-counts.jsonl,303,db6e998d9b222d86e512c19a5819bb666e827c721d756b5702ba5a04d24f613f,2a96a0aa5fc05edc5f22c9e9c9089c90b1c3d2f92a7ca84ba479bcaf11cbaada,8a69d882741c9042875045579f06172e194eedd707668175ecbe6420d5aea72c
pid201/pure-context-255/key-mismatch/t4/verify,201,verify,4,pure,0,prf,0,0,True,validation/stage1-20261004-0100/exact-counts.jsonl,303,db6e998d9b222d86e512c19a5819bb666e827c721d756b5702ba5a04d24f613f,2a96a0aa5fc05edc5f22c9e9c9089c90b1c3d2f92a7ca84ba479bcaf11cbaada,8a69d882741c9042875045579f06172e194eedd707668175ecbe6420d5aea72c
pid201/pure-context-255/key-mismatch/t4/verify,201,verify,4,pure,0,prf_msg,0,0,True,validation/stage1-20261004-0100/exact-counts.jsonl,303,db6e998d9b222d86e512c19a5819bb666e827c721d756b5702ba5a04d24f613f,2a96a0aa5fc05edc5f22c9e9c9089c90b1c3d2f92a7ca84ba479bcaf11cbaada,8a69d882741c9042875045579f06172e194eedd707668175ecbe6420d5aea72c
pid201/pure-context-255/key-mismatch/t4/verify,201,verify,4,pure,0,t,2,2,True,validation/stage1-20261004-0100/exact-counts.jsonl,303,db6e998d9b222d86e512c19a5819bb666e827c721d756b5702ba5a04d24f613f,2a96a0aa5fc05edc5f22c9e9c9089c90b1c3d2f92a7ca84ba479bcaf11cbaada,8a69d882741c9042875045579f06172e194eedd707668175ecbe6420d5aea72c
pid201/pure-context-255-internal-alias/none/t4/sign,201,sign,4,internal,,compress,316302,316302,True,validation/stage1-20261004-0100/exact-counts.jsonl,304,db6e998d9b222d86e512c19a5819bb666e827c721d756b5702ba5a04d24f613f,eeb64bb6bdae26b09754714082d31406c6c2881409f60bc640ef6b84624847ba,8a69d882741c9042875045579f06172e194eedd707668175ecbe6420d5aea72c
pid201/pure-context-255-internal-alias/none/t4/sign,201,sign,4,internal,,f,214935,214935,True,validation/stage1-20261004-0100/exact-counts.jsonl,304,db6e998d9b222d86e512c19a5819bb666e827c721d756b5702ba5a04d24f613f,eeb64bb6bdae26b09754714082d31406c6c2881409f60bc640ef6b84624847ba,8a69d882741c9042875045579f06172e194eedd707668175ecbe6420d5aea72c
pid201/pure-context-255-internal-alias/none/t4/sign,201,sign,4,internal,,h,7151,7151,True,validation/stage1-20261004-0100/exact-counts.jsonl,304,db6e998d9b222d86e512c19a5819bb666e827c721d756b5702ba5a04d24f613f,eeb64bb6bdae26b09754714082d31406c6c2881409f60bc640ef6b84624847ba,8a69d882741c9042875045579f06172e194eedd707668175ecbe6420d5aea72c
pid201/pure-context-255-internal-alias/none/t4/sign,201,sign,4,internal,,h_msg,1,1,True,validation/stage1-20261004-0100/exact-counts.jsonl,304,db6e998d9b222d86e512c19a5819bb666e827c721d756b5702ba5a04d24f613f,eeb64bb6bdae26b09754714082d31406c6c2881409f60bc640ef6b84624847ba,8a69d882741c9042875045579f06172e194eedd707668175ecbe6420d5aea72c
pid201/pure-context-255-internal-alias/none/t4/sign,201,sign,4,internal,,prf,75782,75782,True,validation/stage1-20261004-0100/exact-counts.jsonl,304,db6e998d9b222d86e512c19a5819bb666e827c721d756b5702ba5a04d24f613f,eeb64bb6bdae26b09754714082d31406c6c2881409f60bc640ef6b84624847ba,8a69d882741c9042875045579f06172e194eedd707668175ecbe6420d5aea72c
pid201/pure-context-255-internal-alias/none/t4/sign,201,sign,4,internal,,prf_msg,1,1,True,validation/stage1-20261004-0100/exact-counts.jsonl,304,db6e998d9b222d86e512c19a5819bb666e827c721d756b5702ba5a04d24f613f,eeb64bb6bdae26b09754714082d31406c6c2881409f60bc640ef6b84624847ba,8a69d882741c9042875045579f06172e194eedd707668175ecbe6420d5aea72c
pid201/pure-context-255-internal-alias/none/t4/sign,201,sign,4,internal,,t,1024,1024,True,validation/stage1-20261004-0100/exact-counts.jsonl,304,db6e998d9b222d86e512c19a5819bb666e827c721d756b5702ba5a04d24f613f,eeb64bb6bdae26b09754714082d31406c6c2881409f60bc640ef6b84624847ba,8a69d882741c9042875045579f06172e194eedd707668175ecbe6420d5aea72c
pid201/pure-context-255-internal-alias/none/t4/verify,201,verify,4,internal,,compress,210,210,True,validation/stage1-20261004-0100/exact-counts.jsonl,305,db6e998d9b222d86e512c19a5819bb666e827c721d756b5702ba5a04d24f613f,aca72d06e64b01118c999125b195496a4c24dc390f5f19818b2a238e0cc8aba8,8a69d882741c9042875045579f06172e194eedd707668175ecbe6420d5aea72c
pid201/pure-context-255-internal-alias/none/t4/verify,201,verify,4,internal,,f,111,111,True,validation/stage1-20261004-0100/exact-counts.jsonl,305,db6e998d9b222d86e512c19a5819bb666e827c721d756b5702ba5a04d24f613f,aca72d06e64b01118c999125b195496a4c24dc390f5f19818b2a238e0cc8aba8,8a69d882741c9042875045579f06172e194eedd707668175ecbe6420d5aea72c
pid201/pure-context-255-internal-alias/none/t4/verify,201,verify,4,internal,,h,70,70,True,validation/stage1-20261004-0100/exact-counts.jsonl,305,db6e998d9b222d86e512c19a5819bb666e827c721d756b5702ba5a04d24f613f,aca72d06e64b01118c999125b195496a4c24dc390f5f19818b2a238e0cc8aba8,8a69d882741c9042875045579f06172e194eedd707668175ecbe6420d5aea72c
pid201/pure-context-255-internal-alias/none/t4/verify,201,verify,4,internal,,h_msg,1,1,True,validation/stage1-20261004-0100/exact-counts.jsonl,305,db6e998d9b222d86e512c19a5819bb666e827c721d756b5702ba5a04d24f613f,aca72d06e64b01118c999125b195496a4c24dc390f5f19818b2a238e0cc8aba8,8a69d882741c9042875045579f06172e194eedd707668175ecbe6420d5aea72c
pid201/pure-context-255-internal-alias/none/t4/verify,201,verify,4,internal,,prf,0,0,True,validation/stage1-20261004-0100/exact-counts.jsonl,305,db6e998d9b222d86e512c19a5819bb666e827c721d756b5702ba5a04d24f613f,aca72d06e64b01118c999125b195496a4c24dc390f5f19818b2a238e0cc8aba8,8a69d882741c9042875045579f06172e194eedd707668175ecbe6420d5aea72c
pid201/pure-context-255-internal-alias/none/t4/verify,201,verify,4,internal,,prf_msg,0,0,True,validation/stage1-20261004-0100/exact-counts.jsonl,305,db6e998d9b222d86e512c19a5819bb666e827c721d756b5702ba5a04d24f613f,aca72d06e64b01118c999125b195496a4c24dc390f5f19818b2a238e0cc8aba8,8a69d882741c9042875045579f06172e194eedd707668175ecbe6420d5aea72c
pid201/pure-context-255-internal-alias/none/t4/verify,201,verify,4,internal,,t,2,2,True,validation/stage1-20261004-0100/exact-counts.jsonl,305,db6e998d9b222d86e512c19a5819bb666e827c721d756b5702ba5a04d24f613f,aca72d06e64b01118c999125b195496a4c24dc390f5f19818b2a238e0cc8aba8,8a69d882741c9042875045579f06172e194eedd707668175ecbe6420d5aea72c
pid201/pure-context-255/self-verify-t5/t4/sign,201,sign,4,pure,5,compress,27845,27845,True,validation/stage1-20261004-0100/exact-counts.jsonl,306,db6e998d9b222d86e512c19a5819bb666e827c721d756b5702ba5a04d24f613f,eeb64bb6bdae26b09754714082d31406c6c2881409f60bc640ef6b84624847ba,8a69d882741c9042875045579f06172e194eedd707668175ecbe6420d5aea72c
pid201/pure-context-255/self-verify-t5/t4/sign,201,sign,4,pure,5,f,12678,12678,True,validation/stage1-20261004-0100/exact-counts.jsonl,306,db6e998d9b222d86e512c19a5819bb666e827c721d756b5702ba5a04d24f613f,eeb64bb6bdae26b09754714082d31406c6c2881409f60bc640ef6b84624847ba,8a69d882741c9042875045579f06172e194eedd707668175ecbe6420d5aea72c
pid201/pure-context-255/self-verify-t5/t4/sign,201,sign,4,pure,5,h,6234,6234,True,validation/stage1-20261004-0100/exact-counts.jsonl,306,db6e998d9b222d86e512c19a5819bb666e827c721d756b5702ba5a04d24f613f,eeb64bb6bdae26b09754714082d31406c6c2881409f60bc640ef6b84624847ba,8a69d882741c9042875045579f06172e194eedd707668175ecbe6420d5aea72c
pid201/pure-context-255/self-verify-t5/t4/sign,201,sign,4,pure,5,h_msg,2,2,True,validation/stage1-20261004-0100/exact-counts.jsonl,306,db6e998d9b222d86e512c19a5819bb666e827c721d756b5702ba5a04d24f613f,eeb64bb6bdae26b09754714082d31406c6c2881409f60bc640ef6b84624847ba,8a69d882741c9042875045579f06172e194eedd707668175ecbe6420d5aea72c
pid201/pure-context-255/self-verify-t5/t4/sign,201,sign,4,pure,5,prf,8326,8326,True,validation/stage1-20261004-0100/exact-counts.jsonl,306,db6e998d9b222d86e512c19a5819bb666e827c721d756b5702ba5a04d24f613f,eeb64bb6bdae26b09754714082d31406c6c2881409f60bc640ef6b84624847ba,8a69d882741c9042875045579f06172e194eedd707668175ecbe6420d5aea72c
pid201/pure-context-255/self-verify-t5/t4/sign,201,sign,4,pure,5,prf_msg,1,1,True,validation/stage1-20261004-0100/exact-counts.jsonl,306,db6e998d9b222d86e512c19a5819bb666e827c721d756b5702ba5a04d24f613f,eeb64bb6bdae26b09754714082d31406c6c2881409f60bc640ef6b84624847ba,8a69d882741c9042875045579f06172e194eedd707668175ecbe6420d5aea72c
pid201/pure-context-255/self-verify-t5/t4/sign,201,sign,4,pure,5,t,34,34,True,validation/stage1-20261004-0100/exact-counts.jsonl,306,db6e998d9b222d86e512c19a5819bb666e827c721d756b5702ba5a04d24f613f,eeb64bb6bdae26b09754714082d31406c6c2881409f60bc640ef6b84624847ba,8a69d882741c9042875045579f06172e194eedd707668175ecbe6420d5aea72c
pid201/pure-context-255/self-verify-t5/t4/verify,201,verify,4,pure,5,compress,210,210,True,validation/stage1-20261004-0100/exact-counts.jsonl,307,db6e998d9b222d86e512c19a5819bb666e827c721d756b5702ba5a04d24f613f,aca72d06e64b01118c999125b195496a4c24dc390f5f19818b2a238e0cc8aba8,8a69d882741c9042875045579f06172e194eedd707668175ecbe6420d5aea72c
pid201/pure-context-255/self-verify-t5/t4/verify,201,verify,4,pure,5,f,111,111,True,validation/stage1-20261004-0100/exact-counts.jsonl,307,db6e998d9b222d86e512c19a5819bb666e827c721d756b5702ba5a04d24f613f,aca72d06e64b01118c999125b195496a4c24dc390f5f19818b2a238e0cc8aba8,8a69d882741c9042875045579f06172e194eedd707668175ecbe6420d5aea72c
pid201/pure-context-255/self-verify-t5/t4/verify,201,verify,4,pure,5,h,70,70,True,validation/stage1-20261004-0100/exact-counts.jsonl,307,db6e998d9b222d86e512c19a5819bb666e827c721d756b5702ba5a04d24f613f,aca72d06e64b01118c999125b195496a4c24dc390f5f19818b2a238e0cc8aba8,8a69d882741c9042875045579f06172e194eedd707668175ecbe6420d5aea72c
pid201/pure-context-255/self-verify-t5/t4/verify,201,verify,4,pure,5,h_msg,1,1,True,validation/stage1-20261004-0100/exact-counts.jsonl,307,db6e998d9b222d86e512c19a5819bb666e827c721d756b5702ba5a04d24f613f,aca72d06e64b01118c999125b195496a4c24dc390f5f19818b2a238e0cc8aba8,8a69d882741c9042875045579f06172e194eedd707668175ecbe6420d5aea72c
pid201/pure-context-255/self-verify-t5/t4/verify,201,verify,4,pure,5,prf,0,0,True,validation/stage1-20261004-0100/exact-counts.jsonl,307,db6e998d9b222d86e512c19a5819bb666e827c721d756b5702ba5a04d24f613f,aca72d06e64b01118c999125b195496a4c24dc390f5f19818b2a238e0cc8aba8,8a69d882741c9042875045579f06172e194eedd707668175ecbe6420d5aea72c
pid201/pure-context-255/self-verify-t5/t4/verify,201,verify,4,pure,5,prf_msg,0,0,True,validation/stage1-20261004-0100/exact-counts.jsonl,307,db6e998d9b222d86e512c19a5819bb666e827c721d756b5702ba5a04d24f613f,aca72d06e64b01118c999125b195496a4c24dc390f5f19818b2a238e0cc8aba8,8a69d882741c9042875045579f06172e194eedd707668175ecbe6420d5aea72c
pid201/pure-context-255/self-verify-t5/t4/verify,201,verify,4,pure,5,t,2,2,True,validation/stage1-20261004-0100/exact-counts.jsonl,307,db6e998d9b222d86e512c19a5819bb666e827c721d756b5702ba5a04d24f613f,aca72d06e64b01118c999125b195496a4c24dc390f5f19818b2a238e0cc8aba8,8a69d882741c9042875045579f06172e194eedd707668175ecbe6420d5aea72c
toy/verify-invalid-length/t4,201,verify_invalid_length,4,,,compress,0,0,True,validation/stage1-20261004-0100/exact-counts.jsonl,308,db6e998d9b222d86e512c19a5819bb666e827c721d756b5702ba5a04d24f613f,1d1ad7291e304cbcd5f23740ac54f3f4b3faf626b49b5c80c3590165822312e3,8a69d882741c9042875045579f06172e194eedd707668175ecbe6420d5aea72c
toy/verify-invalid-length/t4,201,verify_invalid_length,4,,,f,0,0,True,validation/stage1-20261004-0100/exact-counts.jsonl,308,db6e998d9b222d86e512c19a5819bb666e827c721d756b5702ba5a04d24f613f,1d1ad7291e304cbcd5f23740ac54f3f4b3faf626b49b5c80c3590165822312e3,8a69d882741c9042875045579f06172e194eedd707668175ecbe6420d5aea72c
toy/verify-invalid-length/t4,201,verify_invalid_length,4,,,h,0,0,True,validation/stage1-20261004-0100/exact-counts.jsonl,308,db6e998d9b222d86e512c19a5819bb666e827c721d756b5702ba5a04d24f613f,1d1ad7291e304cbcd5f23740ac54f3f4b3faf626b49b5c80c3590165822312e3,8a69d882741c9042875045579f06172e194eedd707668175ecbe6420d5aea72c
toy/verify-invalid-length/t4,201,verify_invalid_length,4,,,h_msg,0,0,True,validation/stage1-20261004-0100/exact-counts.jsonl,308,db6e998d9b222d86e512c19a5819bb666e827c721d756b5702ba5a04d24f613f,1d1ad7291e304cbcd5f23740ac54f3f4b3faf626b49b5c80c3590165822312e3,8a69d882741c9042875045579f06172e194eedd707668175ecbe6420d5aea72c
toy/verify-invalid-length/t4,201,verify_invalid_length,4,,,prf,0,0,True,validation/stage1-20261004-0100/exact-counts.jsonl,308,db6e998d9b222d86e512c19a5819bb666e827c721d756b5702ba5a04d24f613f,1d1ad7291e304cbcd5f23740ac54f3f4b3faf626b49b5c80c3590165822312e3,8a69d882741c9042875045579f06172e194eedd707668175ecbe6420d5aea72c
toy/verify-invalid-length/t4,201,verify_invalid_length,4,,,prf_msg,0,0,True,validation/stage1-20261004-0100/exact-counts.jsonl,308,db6e998d9b222d86e512c19a5819bb666e827c721d756b5702ba5a04d24f613f,1d1ad7291e304cbcd5f23740ac54f3f4b3faf626b49b5c80c3590165822312e3,8a69d882741c9042875045579f06172e194eedd707668175ecbe6420d5aea72c
toy/verify-invalid-length/t4,201,verify_invalid_length,4,,,t,0,0,True,validation/stage1-20261004-0100/exact-counts.jsonl,308,db6e998d9b222d86e512c19a5819bb666e827c721d756b5702ba5a04d24f613f,1d1ad7291e304cbcd5f23740ac54f3f4b3faf626b49b5c80c3590165822312e3,8a69d882741c9042875045579f06172e194eedd707668175ecbe6420d5aea72c
pid2/key0/keygen/t1,2,keygen,1,,,compress,4568,4568,True,validation/stage1-20261004-0100/exact-counts.jsonl,309,db6e998d9b222d86e512c19a5819bb666e827c721d756b5702ba5a04d24f613f,edcd055bec12e0dea2cee8591cd6799660408c7eaec7ccf453c7c0be1c55503a,8a69d882741c9042875045579f06172e194eedd707668175ecbe6420d5aea72c
pid2/key0/keygen/t1,2,keygen,1,,,f,4200,4200,True,validation/stage1-20261004-0100/exact-counts.jsonl,309,db6e998d9b222d86e512c19a5819bb666e827c721d756b5702ba5a04d24f613f,edcd055bec12e0dea2cee8591cd6799660408c7eaec7ccf453c7c0be1c55503a,8a69d882741c9042875045579f06172e194eedd707668175ecbe6420d5aea72c
pid2/key0/keygen/t1,2,keygen,1,,,h,7,7,True,validation/stage1-20261004-0100/exact-counts.jsonl,309,db6e998d9b222d86e512c19a5819bb666e827c721d756b5702ba5a04d24f613f,edcd055bec12e0dea2cee8591cd6799660408c7eaec7ccf453c7c0be1c55503a,8a69d882741c9042875045579f06172e194eedd707668175ecbe6420d5aea72c
pid2/key0/keygen/t1,2,keygen,1,,,h_msg,0,0,True,validation/stage1-20261004-0100/exact-counts.jsonl,309,db6e998d9b222d86e512c19a5819bb666e827c721d756b5702ba5a04d24f613f,edcd055bec12e0dea2cee8591cd6799660408c7eaec7ccf453c7c0be1c55503a,8a69d882741c9042875045579f06172e194eedd707668175ecbe6420d5aea72c
pid2/key0/keygen/t1,2,keygen,1,,,prf,280,280,True,validation/stage1-20261004-0100/exact-counts.jsonl,309,db6e998d9b222d86e512c19a5819bb666e827c721d756b5702ba5a04d24f613f,edcd055bec12e0dea2cee8591cd6799660408c7eaec7ccf453c7c0be1c55503a,8a69d882741c9042875045579f06172e194eedd707668175ecbe6420d5aea72c
pid2/key0/keygen/t1,2,keygen,1,,,prf_msg,0,0,True,validation/stage1-20261004-0100/exact-counts.jsonl,309,db6e998d9b222d86e512c19a5819bb666e827c721d756b5702ba5a04d24f613f,edcd055bec12e0dea2cee8591cd6799660408c7eaec7ccf453c7c0be1c55503a,8a69d882741c9042875045579f06172e194eedd707668175ecbe6420d5aea72c
pid2/key0/keygen/t1,2,keygen,1,,,t,8,8,True,validation/stage1-20261004-0100/exact-counts.jsonl,309,db6e998d9b222d86e512c19a5819bb666e827c721d756b5702ba5a04d24f613f,edcd055bec12e0dea2cee8591cd6799660408c7eaec7ccf453c7c0be1c55503a,8a69d882741c9042875045579f06172e194eedd707668175ecbe6420d5aea72c
pid2/multilayer-internal-mp-40/none/t1/sign,2,sign,1,internal,,compress,106593,106593,True,validation/stage1-20261004-0100/exact-counts.jsonl,310,db6e998d9b222d86e512c19a5819bb666e827c721d756b5702ba5a04d24f613f,1c1d9f924dfbfe1fa5c715be47fe0fa55bce6347b7a459c7b5ccae2448502a3a,8a69d882741c9042875045579f06172e194eedd707668175ecbe6420d5aea72c
pid2/multilayer-internal-mp-40/none/t1/sign,2,sign,1,internal,,f,94287,94287,True,validation/stage1-20261004-0100/exact-counts.jsonl,310,db6e998d9b222d86e512c19a5819bb666e827c721d756b5702ba5a04d24f613f,1c1d9f924dfbfe1fa5c715be47fe0fa55bce6347b7a459c7b5ccae2448502a3a,8a69d882741c9042875045579f06172e194eedd707668175ecbe6420d5aea72c
pid2/multilayer-internal-mp-40/none/t1/sign,2,sign,1,internal,,h,2230,2230,True,validation/stage1-20261004-0100/exact-counts.jsonl,310,db6e998d9b222d86e512c19a5819bb666e827c721d756b5702ba5a04d24f613f,1c1d9f924dfbfe1fa5c715be47fe0fa55bce6347b7a459c7b5ccae2448502a3a,8a69d882741c9042875045579f06172e194eedd707668175ecbe6420d5aea72c
pid2/multilayer-internal-mp-40/none/t1/sign,2,sign,1,internal,,h_msg,1,1,True,validation/stage1-20261004-0100/exact-counts.jsonl,310,db6e998d9b222d86e512c19a5819bb666e827c721d756b5702ba5a04d24f613f,1c1d9f924dfbfe1fa5c715be47fe0fa55bce6347b7a459c7b5ccae2448502a3a,8a69d882741c9042875045579f06172e194eedd707668175ecbe6420d5aea72c
pid2/multilayer-internal-mp-40/none/t1/sign,2,sign,1,internal,,prf,8305,8305,True,validation/stage1-20261004-0100/exact-counts.jsonl,310,db6e998d9b222d86e512c19a5819bb666e827c721d756b5702ba5a04d24f613f,1c1d9f924dfbfe1fa5c715be47fe0fa55bce6347b7a459c7b5ccae2448502a3a,8a69d882741c9042875045579f06172e194eedd707668175ecbe6420d5aea72c
pid2/multilayer-internal-mp-40/none/t1/sign,2,sign,1,internal,,prf_msg,1,1,True,validation/stage1-20261004-0100/exact-counts.jsonl,310,db6e998d9b222d86e512c19a5819bb666e827c721d756b5702ba5a04d24f613f,1c1d9f924dfbfe1fa5c715be47fe0fa55bce6347b7a459c7b5ccae2448502a3a,8a69d882741c9042875045579f06172e194eedd707668175ecbe6420d5aea72c
pid2/multilayer-internal-mp-40/none/t1/sign,2,sign,1,internal,,t,176,176,True,validation/stage1-20261004-0100/exact-counts.jsonl,310,db6e998d9b222d86e512c19a5819bb666e827c721d756b5702ba5a04d24f613f,1c1d9f924dfbfe1fa5c715be47fe0fa55bce6347b7a459c7b5ccae2448502a3a,8a69d882741c9042875045579f06172e194eedd707668175ecbe6420d5aea72c
pid2/multilayer-internal-mp-40/none/t1/verify,2,verify,1,internal,,compress,6263,6263,True,validation/stage1-20261004-0100/exact-counts.jsonl,311,db6e998d9b222d86e512c19a5819bb666e827c721d756b5702ba5a04d24f613f,80da3fd6554a2494af1853a1e61093f6b6e4f3328c063e58ff2deb69be3d1503,8a69d882741c9042875045579f06172e194eedd707668175ecbe6420d5aea72c
pid2/multilayer-internal-mp-40/none/t1/verify,2,verify,1,internal,,f,5763,5763,True,validation/stage1-20261004-0100/exact-counts.jsonl,311,db6e998d9b222d86e512c19a5819bb666e827c721d756b5702ba5a04d24f613f,80da3fd6554a2494af1853a1e61093f6b6e4f3328c063e58ff2deb69be3d1503,8a69d882741c9042875045579f06172e194eedd707668175ecbe6420d5aea72c
pid2/multilayer-internal-mp-40/none/t1/verify,2,verify,1,internal,,h,264,264,True,validation/stage1-20261004-0100/exact-counts.jsonl,311,db6e998d9b222d86e512c19a5819bb666e827c721d756b5702ba5a04d24f613f,80da3fd6554a2494af1853a1e61093f6b6e4f3328c063e58ff2deb69be3d1503,8a69d882741c9042875045579f06172e194eedd707668175ecbe6420d5aea72c
pid2/multilayer-internal-mp-40/none/t1/verify,2,verify,1,internal,,h_msg,1,1,True,validation/stage1-20261004-0100/exact-counts.jsonl,311,db6e998d9b222d86e512c19a5819bb666e827c721d756b5702ba5a04d24f613f,80da3fd6554a2494af1853a1e61093f6b6e4f3328c063e58ff2deb69be3d1503,8a69d882741c9042875045579f06172e194eedd707668175ecbe6420d5aea72c
pid2/multilayer-internal-mp-40/none/t1/verify,2,verify,1,internal,,prf,0,0,True,validation/stage1-20261004-0100/exact-counts.jsonl,311,db6e998d9b222d86e512c19a5819bb666e827c721d756b5702ba5a04d24f613f,80da3fd6554a2494af1853a1e61093f6b6e4f3328c063e58ff2deb69be3d1503,8a69d882741c9042875045579f06172e194eedd707668175ecbe6420d5aea72c
pid2/multilayer-internal-mp-40/none/t1/verify,2,verify,1,internal,,prf_msg,0,0,True,validation/stage1-20261004-0100/exact-counts.jsonl,311,db6e998d9b222d86e512c19a5819bb666e827c721d756b5702ba5a04d24f613f,80da3fd6554a2494af1853a1e61093f6b6e4f3328c063e58ff2deb69be3d1503,8a69d882741c9042875045579f06172e194eedd707668175ecbe6420d5aea72c
pid2/multilayer-internal-mp-40/none/t1/verify,2,verify,1,internal,,t,23,23,True,validation/stage1-20261004-0100/exact-counts.jsonl,311,db6e998d9b222d86e512c19a5819bb666e827c721d756b5702ba5a04d24f613f,80da3fd6554a2494af1853a1e61093f6b6e4f3328c063e58ff2deb69be3d1503,8a69d882741c9042875045579f06172e194eedd707668175ecbe6420d5aea72c
pid2/multilayer-internal-mp-40/built-t0/t1/sign,2,sign,1,internal,0,compress,102599,102599,True,validation/stage1-20261004-0100/exact-counts.jsonl,312,db6e998d9b222d86e512c19a5819bb666e827c721d756b5702ba5a04d24f613f,1c1d9f924dfbfe1fa5c715be47fe0fa55bce6347b7a459c7b5ccae2448502a3a,8a69d882741c9042875045579f06172e194eedd707668175ecbe6420d5aea72c
pid2/multilayer-internal-mp-40/built-t0/t1/sign,2,sign,1,internal,0,f,90612,90612,True,validation/stage1-20261004-0100/exact-counts.jsonl,312,db6e998d9b222d86e512c19a5819bb666e827c721d756b5702ba5a04d24f613f,1c1d9f924dfbfe1fa5c715be47fe0fa55bce6347b7a459c7b5ccae2448502a3a,8a69d882741c9042875045579f06172e194eedd707668175ecbe6420d5aea72c
pid2/multilayer-internal-mp-40/built-t0/t1/sign,2,sign,1,internal,0,h,2226,2226,True,validation/stage1-20261004-0100/exact-counts.jsonl,312,db6e998d9b222d86e512c19a5819bb666e827c721d756b5702ba5a04d24f613f,1c1d9f924dfbfe1fa5c715be47fe0fa55bce6347b7a459c7b5ccae2448502a3a,8a69d882741c9042875045579f06172e194eedd707668175ecbe6420d5aea72c
pid2/multilayer-internal-mp-40/built-t0/t1/sign,2,sign,1,internal,0,h_msg,1,1,True,validation/stage1-20261004-0100/exact-counts.jsonl,312,db6e998d9b222d86e512c19a5819bb666e827c721d756b5702ba5a04d24f613f,1c1d9f924dfbfe1fa5c715be47fe0fa55bce6347b7a459c7b5ccae2448502a3a,8a69d882741c9042875045579f06172e194eedd707668175ecbe6420d5aea72c
pid2/multilayer-internal-mp-40/built-t0/t1/sign,2,sign,1,internal,0,prf,8060,8060,True,validation/stage1-20261004-0100/exact-counts.jsonl,312,db6e998d9b222d86e512c19a5819bb666e827c721d756b5702ba5a04d24f613f,1c1d9f924dfbfe1fa5c715be47fe0fa55bce6347b7a459c7b5ccae2448502a3a,8a69d882741c9042875045579f06172e194eedd707668175ecbe6420d5aea72c
pid2/multilayer-internal-mp-40/built-t0/t1/sign,2,sign,1,internal,0,prf_msg,1,1,True,validation/stage1-20261004-0100/exact-counts.jsonl,312,db6e998d9b222d86e512c19a5819bb666e827c721d756b5702ba5a04d24f613f,1c1d9f924dfbfe1fa5c715be47fe0fa55bce6347b7a459c7b5ccae2448502a3a,8a69d882741c9042875045579f06172e194eedd707668175ecbe6420d5aea72c
pid2/multilayer-internal-mp-40/built-t0/t1/sign,2,sign,1,internal,0,t,169,169,True,validation/stage1-20261004-0100/exact-counts.jsonl,312,db6e998d9b222d86e512c19a5819bb666e827c721d756b5702ba5a04d24f613f,1c1d9f924dfbfe1fa5c715be47fe0fa55bce6347b7a459c7b5ccae2448502a3a,8a69d882741c9042875045579f06172e194eedd707668175ecbe6420d5aea72c
pid2/multilayer-internal-mp-40/built-t0/t1/verify,2,verify,1,internal,0,compress,6263,6263,True,validation/stage1-20261004-0100/exact-counts.jsonl,313,db6e998d9b222d86e512c19a5819bb666e827c721d756b5702ba5a04d24f613f,80da3fd6554a2494af1853a1e61093f6b6e4f3328c063e58ff2deb69be3d1503,8a69d882741c9042875045579f06172e194eedd707668175ecbe6420d5aea72c
pid2/multilayer-internal-mp-40/built-t0/t1/verify,2,verify,1,internal,0,f,5763,5763,True,validation/stage1-20261004-0100/exact-counts.jsonl,313,db6e998d9b222d86e512c19a5819bb666e827c721d756b5702ba5a04d24f613f,80da3fd6554a2494af1853a1e61093f6b6e4f3328c063e58ff2deb69be3d1503,8a69d882741c9042875045579f06172e194eedd707668175ecbe6420d5aea72c
pid2/multilayer-internal-mp-40/built-t0/t1/verify,2,verify,1,internal,0,h,264,264,True,validation/stage1-20261004-0100/exact-counts.jsonl,313,db6e998d9b222d86e512c19a5819bb666e827c721d756b5702ba5a04d24f613f,80da3fd6554a2494af1853a1e61093f6b6e4f3328c063e58ff2deb69be3d1503,8a69d882741c9042875045579f06172e194eedd707668175ecbe6420d5aea72c
pid2/multilayer-internal-mp-40/built-t0/t1/verify,2,verify,1,internal,0,h_msg,1,1,True,validation/stage1-20261004-0100/exact-counts.jsonl,313,db6e998d9b222d86e512c19a5819bb666e827c721d756b5702ba5a04d24f613f,80da3fd6554a2494af1853a1e61093f6b6e4f3328c063e58ff2deb69be3d1503,8a69d882741c9042875045579f06172e194eedd707668175ecbe6420d5aea72c
pid2/multilayer-internal-mp-40/built-t0/t1/verify,2,verify,1,internal,0,prf,0,0,True,validation/stage1-20261004-0100/exact-counts.jsonl,313,db6e998d9b222d86e512c19a5819bb666e827c721d756b5702ba5a04d24f613f,80da3fd6554a2494af1853a1e61093f6b6e4f3328c063e58ff2deb69be3d1503,8a69d882741c9042875045579f06172e194eedd707668175ecbe6420d5aea72c
pid2/multilayer-internal-mp-40/built-t0/t1/verify,2,verify,1,internal,0,prf_msg,0,0,True,validation/stage1-20261004-0100/exact-counts.jsonl,313,db6e998d9b222d86e512c19a5819bb666e827c721d756b5702ba5a04d24f613f,80da3fd6554a2494af1853a1e61093f6b6e4f3328c063e58ff2deb69be3d1503,8a69d882741c9042875045579f06172e194eedd707668175ecbe6420d5aea72c
pid2/multilayer-internal-mp-40/built-t0/t1/verify,2,verify,1,internal,0,t,23,23,True,validation/stage1-20261004-0100/exact-counts.jsonl,313,db6e998d9b222d86e512c19a5819bb666e827c721d756b5702ba5a04d24f613f,80da3fd6554a2494af1853a1e61093f6b6e4f3328c063e58ff2deb69be3d1503,8a69d882741c9042875045579f06172e194eedd707668175ecbe6420d5aea72c
pid2/multilayer-internal-mp-40/none/t4/sign,2,sign,4,internal,,compress,106593,106593,True,validation/stage1-20261004-0100/exact-counts.jsonl,314,db6e998d9b222d86e512c19a5819bb666e827c721d756b5702ba5a04d24f613f,1c1d9f924dfbfe1fa5c715be47fe0fa55bce6347b7a459c7b5ccae2448502a3a,8a69d882741c9042875045579f06172e194eedd707668175ecbe6420d5aea72c
pid2/multilayer-internal-mp-40/none/t4/sign,2,sign,4,internal,,f,94287,94287,True,validation/stage1-20261004-0100/exact-counts.jsonl,314,db6e998d9b222d86e512c19a5819bb666e827c721d756b5702ba5a04d24f613f,1c1d9f924dfbfe1fa5c715be47fe0fa55bce6347b7a459c7b5ccae2448502a3a,8a69d882741c9042875045579f06172e194eedd707668175ecbe6420d5aea72c
pid2/multilayer-internal-mp-40/none/t4/sign,2,sign,4,internal,,h,2230,2230,True,validation/stage1-20261004-0100/exact-counts.jsonl,314,db6e998d9b222d86e512c19a5819bb666e827c721d756b5702ba5a04d24f613f,1c1d9f924dfbfe1fa5c715be47fe0fa55bce6347b7a459c7b5ccae2448502a3a,8a69d882741c9042875045579f06172e194eedd707668175ecbe6420d5aea72c
pid2/multilayer-internal-mp-40/none/t4/sign,2,sign,4,internal,,h_msg,1,1,True,validation/stage1-20261004-0100/exact-counts.jsonl,314,db6e998d9b222d86e512c19a5819bb666e827c721d756b5702ba5a04d24f613f,1c1d9f924dfbfe1fa5c715be47fe0fa55bce6347b7a459c7b5ccae2448502a3a,8a69d882741c9042875045579f06172e194eedd707668175ecbe6420d5aea72c
pid2/multilayer-internal-mp-40/none/t4/sign,2,sign,4,internal,,prf,8305,8305,True,validation/stage1-20261004-0100/exact-counts.jsonl,314,db6e998d9b222d86e512c19a5819bb666e827c721d756b5702ba5a04d24f613f,1c1d9f924dfbfe1fa5c715be47fe0fa55bce6347b7a459c7b5ccae2448502a3a,8a69d882741c9042875045579f06172e194eedd707668175ecbe6420d5aea72c
pid2/multilayer-internal-mp-40/none/t4/sign,2,sign,4,internal,,prf_msg,1,1,True,validation/stage1-20261004-0100/exact-counts.jsonl,314,db6e998d9b222d86e512c19a5819bb666e827c721d756b5702ba5a04d24f613f,1c1d9f924dfbfe1fa5c715be47fe0fa55bce6347b7a459c7b5ccae2448502a3a,8a69d882741c9042875045579f06172e194eedd707668175ecbe6420d5aea72c
pid2/multilayer-internal-mp-40/none/t4/sign,2,sign,4,internal,,t,176,176,True,validation/stage1-20261004-0100/exact-counts.jsonl,314,db6e998d9b222d86e512c19a5819bb666e827c721d756b5702ba5a04d24f613f,1c1d9f924dfbfe1fa5c715be47fe0fa55bce6347b7a459c7b5ccae2448502a3a,8a69d882741c9042875045579f06172e194eedd707668175ecbe6420d5aea72c
pid2/multilayer-internal-mp-40/none/t4/verify,2,verify,4,internal,,compress,6263,6263,True,validation/stage1-20261004-0100/exact-counts.jsonl,315,db6e998d9b222d86e512c19a5819bb666e827c721d756b5702ba5a04d24f613f,80da3fd6554a2494af1853a1e61093f6b6e4f3328c063e58ff2deb69be3d1503,8a69d882741c9042875045579f06172e194eedd707668175ecbe6420d5aea72c
pid2/multilayer-internal-mp-40/none/t4/verify,2,verify,4,internal,,f,5763,5763,True,validation/stage1-20261004-0100/exact-counts.jsonl,315,db6e998d9b222d86e512c19a5819bb666e827c721d756b5702ba5a04d24f613f,80da3fd6554a2494af1853a1e61093f6b6e4f3328c063e58ff2deb69be3d1503,8a69d882741c9042875045579f06172e194eedd707668175ecbe6420d5aea72c
pid2/multilayer-internal-mp-40/none/t4/verify,2,verify,4,internal,,h,264,264,True,validation/stage1-20261004-0100/exact-counts.jsonl,315,db6e998d9b222d86e512c19a5819bb666e827c721d756b5702ba5a04d24f613f,80da3fd6554a2494af1853a1e61093f6b6e4f3328c063e58ff2deb69be3d1503,8a69d882741c9042875045579f06172e194eedd707668175ecbe6420d5aea72c
pid2/multilayer-internal-mp-40/none/t4/verify,2,verify,4,internal,,h_msg,1,1,True,validation/stage1-20261004-0100/exact-counts.jsonl,315,db6e998d9b222d86e512c19a5819bb666e827c721d756b5702ba5a04d24f613f,80da3fd6554a2494af1853a1e61093f6b6e4f3328c063e58ff2deb69be3d1503,8a69d882741c9042875045579f06172e194eedd707668175ecbe6420d5aea72c
pid2/multilayer-internal-mp-40/none/t4/verify,2,verify,4,internal,,prf,0,0,True,validation/stage1-20261004-0100/exact-counts.jsonl,315,db6e998d9b222d86e512c19a5819bb666e827c721d756b5702ba5a04d24f613f,80da3fd6554a2494af1853a1e61093f6b6e4f3328c063e58ff2deb69be3d1503,8a69d882741c9042875045579f06172e194eedd707668175ecbe6420d5aea72c
pid2/multilayer-internal-mp-40/none/t4/verify,2,verify,4,internal,,prf_msg,0,0,True,validation/stage1-20261004-0100/exact-counts.jsonl,315,db6e998d9b222d86e512c19a5819bb666e827c721d756b5702ba5a04d24f613f,80da3fd6554a2494af1853a1e61093f6b6e4f3328c063e58ff2deb69be3d1503,8a69d882741c9042875045579f06172e194eedd707668175ecbe6420d5aea72c
pid2/multilayer-internal-mp-40/none/t4/verify,2,verify,4,internal,,t,23,23,True,validation/stage1-20261004-0100/exact-counts.jsonl,315,db6e998d9b222d86e512c19a5819bb666e827c721d756b5702ba5a04d24f613f,80da3fd6554a2494af1853a1e61093f6b6e4f3328c063e58ff2deb69be3d1503,8a69d882741c9042875045579f06172e194eedd707668175ecbe6420d5aea72c
pid2/multilayer-internal-mp-40/built-t0/t4/sign,2,sign,4,internal,0,compress,102599,102599,True,validation/stage1-20261004-0100/exact-counts.jsonl,316,db6e998d9b222d86e512c19a5819bb666e827c721d756b5702ba5a04d24f613f,1c1d9f924dfbfe1fa5c715be47fe0fa55bce6347b7a459c7b5ccae2448502a3a,8a69d882741c9042875045579f06172e194eedd707668175ecbe6420d5aea72c
pid2/multilayer-internal-mp-40/built-t0/t4/sign,2,sign,4,internal,0,f,90612,90612,True,validation/stage1-20261004-0100/exact-counts.jsonl,316,db6e998d9b222d86e512c19a5819bb666e827c721d756b5702ba5a04d24f613f,1c1d9f924dfbfe1fa5c715be47fe0fa55bce6347b7a459c7b5ccae2448502a3a,8a69d882741c9042875045579f06172e194eedd707668175ecbe6420d5aea72c
pid2/multilayer-internal-mp-40/built-t0/t4/sign,2,sign,4,internal,0,h,2226,2226,True,validation/stage1-20261004-0100/exact-counts.jsonl,316,db6e998d9b222d86e512c19a5819bb666e827c721d756b5702ba5a04d24f613f,1c1d9f924dfbfe1fa5c715be47fe0fa55bce6347b7a459c7b5ccae2448502a3a,8a69d882741c9042875045579f06172e194eedd707668175ecbe6420d5aea72c
pid2/multilayer-internal-mp-40/built-t0/t4/sign,2,sign,4,internal,0,h_msg,1,1,True,validation/stage1-20261004-0100/exact-counts.jsonl,316,db6e998d9b222d86e512c19a5819bb666e827c721d756b5702ba5a04d24f613f,1c1d9f924dfbfe1fa5c715be47fe0fa55bce6347b7a459c7b5ccae2448502a3a,8a69d882741c9042875045579f06172e194eedd707668175ecbe6420d5aea72c
pid2/multilayer-internal-mp-40/built-t0/t4/sign,2,sign,4,internal,0,prf,8060,8060,True,validation/stage1-20261004-0100/exact-counts.jsonl,316,db6e998d9b222d86e512c19a5819bb666e827c721d756b5702ba5a04d24f613f,1c1d9f924dfbfe1fa5c715be47fe0fa55bce6347b7a459c7b5ccae2448502a3a,8a69d882741c9042875045579f06172e194eedd707668175ecbe6420d5aea72c
pid2/multilayer-internal-mp-40/built-t0/t4/sign,2,sign,4,internal,0,prf_msg,1,1,True,validation/stage1-20261004-0100/exact-counts.jsonl,316,db6e998d9b222d86e512c19a5819bb666e827c721d756b5702ba5a04d24f613f,1c1d9f924dfbfe1fa5c715be47fe0fa55bce6347b7a459c7b5ccae2448502a3a,8a69d882741c9042875045579f06172e194eedd707668175ecbe6420d5aea72c
pid2/multilayer-internal-mp-40/built-t0/t4/sign,2,sign,4,internal,0,t,169,169,True,validation/stage1-20261004-0100/exact-counts.jsonl,316,db6e998d9b222d86e512c19a5819bb666e827c721d756b5702ba5a04d24f613f,1c1d9f924dfbfe1fa5c715be47fe0fa55bce6347b7a459c7b5ccae2448502a3a,8a69d882741c9042875045579f06172e194eedd707668175ecbe6420d5aea72c
pid2/multilayer-internal-mp-40/built-t0/t4/verify,2,verify,4,internal,0,compress,6263,6263,True,validation/stage1-20261004-0100/exact-counts.jsonl,317,db6e998d9b222d86e512c19a5819bb666e827c721d756b5702ba5a04d24f613f,80da3fd6554a2494af1853a1e61093f6b6e4f3328c063e58ff2deb69be3d1503,8a69d882741c9042875045579f06172e194eedd707668175ecbe6420d5aea72c
pid2/multilayer-internal-mp-40/built-t0/t4/verify,2,verify,4,internal,0,f,5763,5763,True,validation/stage1-20261004-0100/exact-counts.jsonl,317,db6e998d9b222d86e512c19a5819bb666e827c721d756b5702ba5a04d24f613f,80da3fd6554a2494af1853a1e61093f6b6e4f3328c063e58ff2deb69be3d1503,8a69d882741c9042875045579f06172e194eedd707668175ecbe6420d5aea72c
pid2/multilayer-internal-mp-40/built-t0/t4/verify,2,verify,4,internal,0,h,264,264,True,validation/stage1-20261004-0100/exact-counts.jsonl,317,db6e998d9b222d86e512c19a5819bb666e827c721d756b5702ba5a04d24f613f,80da3fd6554a2494af1853a1e61093f6b6e4f3328c063e58ff2deb69be3d1503,8a69d882741c9042875045579f06172e194eedd707668175ecbe6420d5aea72c
pid2/multilayer-internal-mp-40/built-t0/t4/verify,2,verify,4,internal,0,h_msg,1,1,True,validation/stage1-20261004-0100/exact-counts.jsonl,317,db6e998d9b222d86e512c19a5819bb666e827c721d756b5702ba5a04d24f613f,80da3fd6554a2494af1853a1e61093f6b6e4f3328c063e58ff2deb69be3d1503,8a69d882741c9042875045579f06172e194eedd707668175ecbe6420d5aea72c
pid2/multilayer-internal-mp-40/built-t0/t4/verify,2,verify,4,internal,0,prf,0,0,True,validation/stage1-20261004-0100/exact-counts.jsonl,317,db6e998d9b222d86e512c19a5819bb666e827c721d756b5702ba5a04d24f613f,80da3fd6554a2494af1853a1e61093f6b6e4f3328c063e58ff2deb69be3d1503,8a69d882741c9042875045579f06172e194eedd707668175ecbe6420d5aea72c
pid2/multilayer-internal-mp-40/built-t0/t4/verify,2,verify,4,internal,0,prf_msg,0,0,True,validation/stage1-20261004-0100/exact-counts.jsonl,317,db6e998d9b222d86e512c19a5819bb666e827c721d756b5702ba5a04d24f613f,80da3fd6554a2494af1853a1e61093f6b6e4f3328c063e58ff2deb69be3d1503,8a69d882741c9042875045579f06172e194eedd707668175ecbe6420d5aea72c
pid2/multilayer-internal-mp-40/built-t0/t4/verify,2,verify,4,internal,0,t,23,23,True,validation/stage1-20261004-0100/exact-counts.jsonl,317,db6e998d9b222d86e512c19a5819bb666e827c721d756b5702ba5a04d24f613f,80da3fd6554a2494af1853a1e61093f6b6e4f3328c063e58ff2deb69be3d1503,8a69d882741c9042875045579f06172e194eedd707668175ecbe6420d5aea72c
pid102/key0/keygen/t1,102,keygen,1,,,compress,4568,4568,True,validation/stage1-20261004-0100/exact-counts.jsonl,318,db6e998d9b222d86e512c19a5819bb666e827c721d756b5702ba5a04d24f613f,edcd055bec12e0dea2cee8591cd6799660408c7eaec7ccf453c7c0be1c55503a,8a69d882741c9042875045579f06172e194eedd707668175ecbe6420d5aea72c
pid102/key0/keygen/t1,102,keygen,1,,,f,4200,4200,True,validation/stage1-20261004-0100/exact-counts.jsonl,318,db6e998d9b222d86e512c19a5819bb666e827c721d756b5702ba5a04d24f613f,edcd055bec12e0dea2cee8591cd6799660408c7eaec7ccf453c7c0be1c55503a,8a69d882741c9042875045579f06172e194eedd707668175ecbe6420d5aea72c
pid102/key0/keygen/t1,102,keygen,1,,,h,7,7,True,validation/stage1-20261004-0100/exact-counts.jsonl,318,db6e998d9b222d86e512c19a5819bb666e827c721d756b5702ba5a04d24f613f,edcd055bec12e0dea2cee8591cd6799660408c7eaec7ccf453c7c0be1c55503a,8a69d882741c9042875045579f06172e194eedd707668175ecbe6420d5aea72c
pid102/key0/keygen/t1,102,keygen,1,,,h_msg,0,0,True,validation/stage1-20261004-0100/exact-counts.jsonl,318,db6e998d9b222d86e512c19a5819bb666e827c721d756b5702ba5a04d24f613f,edcd055bec12e0dea2cee8591cd6799660408c7eaec7ccf453c7c0be1c55503a,8a69d882741c9042875045579f06172e194eedd707668175ecbe6420d5aea72c
pid102/key0/keygen/t1,102,keygen,1,,,prf,280,280,True,validation/stage1-20261004-0100/exact-counts.jsonl,318,db6e998d9b222d86e512c19a5819bb666e827c721d756b5702ba5a04d24f613f,edcd055bec12e0dea2cee8591cd6799660408c7eaec7ccf453c7c0be1c55503a,8a69d882741c9042875045579f06172e194eedd707668175ecbe6420d5aea72c
pid102/key0/keygen/t1,102,keygen,1,,,prf_msg,0,0,True,validation/stage1-20261004-0100/exact-counts.jsonl,318,db6e998d9b222d86e512c19a5819bb666e827c721d756b5702ba5a04d24f613f,edcd055bec12e0dea2cee8591cd6799660408c7eaec7ccf453c7c0be1c55503a,8a69d882741c9042875045579f06172e194eedd707668175ecbe6420d5aea72c
pid102/key0/keygen/t1,102,keygen,1,,,t,8,8,True,validation/stage1-20261004-0100/exact-counts.jsonl,318,db6e998d9b222d86e512c19a5819bb666e827c721d756b5702ba5a04d24f613f,edcd055bec12e0dea2cee8591cd6799660408c7eaec7ccf453c7c0be1c55503a,8a69d882741c9042875045579f06172e194eedd707668175ecbe6420d5aea72c
pid102/multilayer-internal-mp-40/none/t1/sign,102,sign,1,internal,,compress,106518,106518,True,validation/stage1-20261004-0100/exact-counts.jsonl,319,db6e998d9b222d86e512c19a5819bb666e827c721d756b5702ba5a04d24f613f,9158de877638fd8897ca024dfd94fd791bd70aed78107505eb8c0dec1e430668,8a69d882741c9042875045579f06172e194eedd707668175ecbe6420d5aea72c
pid102/multilayer-internal-mp-40/none/t1/sign,102,sign,1,internal,,f,94212,94212,True,validation/stage1-20261004-0100/exact-counts.jsonl,319,db6e998d9b222d86e512c19a5819bb666e827c721d756b5702ba5a04d24f613f,9158de877638fd8897ca024dfd94fd791bd70aed78107505eb8c0dec1e430668,8a69d882741c9042875045579f06172e194eedd707668175ecbe6420d5aea72c
pid102/multilayer-internal-mp-40/none/t1/sign,102,sign,1,internal,,h,2230,2230,True,validation/stage1-20261004-0100/exact-counts.jsonl,319,db6e998d9b222d86e512c19a5819bb666e827c721d756b5702ba5a04d24f613f,9158de877638fd8897ca024dfd94fd791bd70aed78107505eb8c0dec1e430668,8a69d882741c9042875045579f06172e194eedd707668175ecbe6420d5aea72c
pid102/multilayer-internal-mp-40/none/t1/sign,102,sign,1,internal,,h_msg,1,1,True,validation/stage1-20261004-0100/exact-counts.jsonl,319,db6e998d9b222d86e512c19a5819bb666e827c721d756b5702ba5a04d24f613f,9158de877638fd8897ca024dfd94fd791bd70aed78107505eb8c0dec1e430668,8a69d882741c9042875045579f06172e194eedd707668175ecbe6420d5aea72c
pid102/multilayer-internal-mp-40/none/t1/sign,102,sign,1,internal,,prf,8305,8305,True,validation/stage1-20261004-0100/exact-counts.jsonl,319,db6e998d9b222d86e512c19a5819bb666e827c721d756b5702ba5a04d24f613f,9158de877638fd8897ca024dfd94fd791bd70aed78107505eb8c0dec1e430668,8a69d882741c9042875045579f06172e194eedd707668175ecbe6420d5aea72c
pid102/multilayer-internal-mp-40/none/t1/sign,102,sign,1,internal,,prf_msg,1,1,True,validation/stage1-20261004-0100/exact-counts.jsonl,319,db6e998d9b222d86e512c19a5819bb666e827c721d756b5702ba5a04d24f613f,9158de877638fd8897ca024dfd94fd791bd70aed78107505eb8c0dec1e430668,8a69d882741c9042875045579f06172e194eedd707668175ecbe6420d5aea72c
pid102/multilayer-internal-mp-40/none/t1/sign,102,sign,1,internal,,t,176,176,True,validation/stage1-20261004-0100/exact-counts.jsonl,319,db6e998d9b222d86e512c19a5819bb666e827c721d756b5702ba5a04d24f613f,9158de877638fd8897ca024dfd94fd791bd70aed78107505eb8c0dec1e430668,8a69d882741c9042875045579f06172e194eedd707668175ecbe6420d5aea72c
pid102/multilayer-internal-mp-40/none/t1/verify,102,verify,1,internal,,compress,6368,6368,True,validation/stage1-20261004-0100/exact-counts.jsonl,320,db6e998d9b222d86e512c19a5819bb666e827c721d756b5702ba5a04d24f613f,99e4e92e32a2a2dce97db05237454a4ff3225af38389059b53cd2f0afe106f13,8a69d882741c9042875045579f06172e194eedd707668175ecbe6420d5aea72c
pid102/multilayer-internal-mp-40/none/t1/verify,102,verify,1,internal,,f,5868,5868,True,validation/stage1-20261004-0100/exact-counts.jsonl,320,db6e998d9b222d86e512c19a5819bb666e827c721d756b5702ba5a04d24f613f,99e4e92e32a2a2dce97db05237454a4ff3225af38389059b53cd2f0afe106f13,8a69d882741c9042875045579f06172e194eedd707668175ecbe6420d5aea72c
pid102/multilayer-internal-mp-40/none/t1/verify,102,verify,1,internal,,h,264,264,True,validation/stage1-20261004-0100/exact-counts.jsonl,320,db6e998d9b222d86e512c19a5819bb666e827c721d756b5702ba5a04d24f613f,99e4e92e32a2a2dce97db05237454a4ff3225af38389059b53cd2f0afe106f13,8a69d882741c9042875045579f06172e194eedd707668175ecbe6420d5aea72c
pid102/multilayer-internal-mp-40/none/t1/verify,102,verify,1,internal,,h_msg,1,1,True,validation/stage1-20261004-0100/exact-counts.jsonl,320,db6e998d9b222d86e512c19a5819bb666e827c721d756b5702ba5a04d24f613f,99e4e92e32a2a2dce97db05237454a4ff3225af38389059b53cd2f0afe106f13,8a69d882741c9042875045579f06172e194eedd707668175ecbe6420d5aea72c
pid102/multilayer-internal-mp-40/none/t1/verify,102,verify,1,internal,,prf,0,0,True,validation/stage1-20261004-0100/exact-counts.jsonl,320,db6e998d9b222d86e512c19a5819bb666e827c721d756b5702ba5a04d24f613f,99e4e92e32a2a2dce97db05237454a4ff3225af38389059b53cd2f0afe106f13,8a69d882741c9042875045579f06172e194eedd707668175ecbe6420d5aea72c
pid102/multilayer-internal-mp-40/none/t1/verify,102,verify,1,internal,,prf_msg,0,0,True,validation/stage1-20261004-0100/exact-counts.jsonl,320,db6e998d9b222d86e512c19a5819bb666e827c721d756b5702ba5a04d24f613f,99e4e92e32a2a2dce97db05237454a4ff3225af38389059b53cd2f0afe106f13,8a69d882741c9042875045579f06172e194eedd707668175ecbe6420d5aea72c
pid102/multilayer-internal-mp-40/none/t1/verify,102,verify,1,internal,,t,23,23,True,validation/stage1-20261004-0100/exact-counts.jsonl,320,db6e998d9b222d86e512c19a5819bb666e827c721d756b5702ba5a04d24f613f,99e4e92e32a2a2dce97db05237454a4ff3225af38389059b53cd2f0afe106f13,8a69d882741c9042875045579f06172e194eedd707668175ecbe6420d5aea72c
pid102/multilayer-internal-mp-40/built-t0/t1/sign,102,sign,1,internal,0,compress,102524,102524,True,validation/stage1-20261004-0100/exact-counts.jsonl,321,db6e998d9b222d86e512c19a5819bb666e827c721d756b5702ba5a04d24f613f,9158de877638fd8897ca024dfd94fd791bd70aed78107505eb8c0dec1e430668,8a69d882741c9042875045579f06172e194eedd707668175ecbe6420d5aea72c
pid102/multilayer-internal-mp-40/built-t0/t1/sign,102,sign,1,internal,0,f,90537,90537,True,validation/stage1-20261004-0100/exact-counts.jsonl,321,db6e998d9b222d86e512c19a5819bb666e827c721d756b5702ba5a04d24f613f,9158de877638fd8897ca024dfd94fd791bd70aed78107505eb8c0dec1e430668,8a69d882741c9042875045579f06172e194eedd707668175ecbe6420d5aea72c
pid102/multilayer-internal-mp-40/built-t0/t1/sign,102,sign,1,internal,0,h,2226,2226,True,validation/stage1-20261004-0100/exact-counts.jsonl,321,db6e998d9b222d86e512c19a5819bb666e827c721d756b5702ba5a04d24f613f,9158de877638fd8897ca024dfd94fd791bd70aed78107505eb8c0dec1e430668,8a69d882741c9042875045579f06172e194eedd707668175ecbe6420d5aea72c
pid102/multilayer-internal-mp-40/built-t0/t1/sign,102,sign,1,internal,0,h_msg,1,1,True,validation/stage1-20261004-0100/exact-counts.jsonl,321,db6e998d9b222d86e512c19a5819bb666e827c721d756b5702ba5a04d24f613f,9158de877638fd8897ca024dfd94fd791bd70aed78107505eb8c0dec1e430668,8a69d882741c9042875045579f06172e194eedd707668175ecbe6420d5aea72c
pid102/multilayer-internal-mp-40/built-t0/t1/sign,102,sign,1,internal,0,prf,8060,8060,True,validation/stage1-20261004-0100/exact-counts.jsonl,321,db6e998d9b222d86e512c19a5819bb666e827c721d756b5702ba5a04d24f613f,9158de877638fd8897ca024dfd94fd791bd70aed78107505eb8c0dec1e430668,8a69d882741c9042875045579f06172e194eedd707668175ecbe6420d5aea72c
pid102/multilayer-internal-mp-40/built-t0/t1/sign,102,sign,1,internal,0,prf_msg,1,1,True,validation/stage1-20261004-0100/exact-counts.jsonl,321,db6e998d9b222d86e512c19a5819bb666e827c721d756b5702ba5a04d24f613f,9158de877638fd8897ca024dfd94fd791bd70aed78107505eb8c0dec1e430668,8a69d882741c9042875045579f06172e194eedd707668175ecbe6420d5aea72c
pid102/multilayer-internal-mp-40/built-t0/t1/sign,102,sign,1,internal,0,t,169,169,True,validation/stage1-20261004-0100/exact-counts.jsonl,321,db6e998d9b222d86e512c19a5819bb666e827c721d756b5702ba5a04d24f613f,9158de877638fd8897ca024dfd94fd791bd70aed78107505eb8c0dec1e430668,8a69d882741c9042875045579f06172e194eedd707668175ecbe6420d5aea72c
pid102/multilayer-internal-mp-40/built-t0/t1/verify,102,verify,1,internal,0,compress,6368,6368,True,validation/stage1-20261004-0100/exact-counts.jsonl,322,db6e998d9b222d86e512c19a5819bb666e827c721d756b5702ba5a04d24f613f,99e4e92e32a2a2dce97db05237454a4ff3225af38389059b53cd2f0afe106f13,8a69d882741c9042875045579f06172e194eedd707668175ecbe6420d5aea72c
pid102/multilayer-internal-mp-40/built-t0/t1/verify,102,verify,1,internal,0,f,5868,5868,True,validation/stage1-20261004-0100/exact-counts.jsonl,322,db6e998d9b222d86e512c19a5819bb666e827c721d756b5702ba5a04d24f613f,99e4e92e32a2a2dce97db05237454a4ff3225af38389059b53cd2f0afe106f13,8a69d882741c9042875045579f06172e194eedd707668175ecbe6420d5aea72c
pid102/multilayer-internal-mp-40/built-t0/t1/verify,102,verify,1,internal,0,h,264,264,True,validation/stage1-20261004-0100/exact-counts.jsonl,322,db6e998d9b222d86e512c19a5819bb666e827c721d756b5702ba5a04d24f613f,99e4e92e32a2a2dce97db05237454a4ff3225af38389059b53cd2f0afe106f13,8a69d882741c9042875045579f06172e194eedd707668175ecbe6420d5aea72c
pid102/multilayer-internal-mp-40/built-t0/t1/verify,102,verify,1,internal,0,h_msg,1,1,True,validation/stage1-20261004-0100/exact-counts.jsonl,322,db6e998d9b222d86e512c19a5819bb666e827c721d756b5702ba5a04d24f613f,99e4e92e32a2a2dce97db05237454a4ff3225af38389059b53cd2f0afe106f13,8a69d882741c9042875045579f06172e194eedd707668175ecbe6420d5aea72c
pid102/multilayer-internal-mp-40/built-t0/t1/verify,102,verify,1,internal,0,prf,0,0,True,validation/stage1-20261004-0100/exact-counts.jsonl,322,db6e998d9b222d86e512c19a5819bb666e827c721d756b5702ba5a04d24f613f,99e4e92e32a2a2dce97db05237454a4ff3225af38389059b53cd2f0afe106f13,8a69d882741c9042875045579f06172e194eedd707668175ecbe6420d5aea72c
pid102/multilayer-internal-mp-40/built-t0/t1/verify,102,verify,1,internal,0,prf_msg,0,0,True,validation/stage1-20261004-0100/exact-counts.jsonl,322,db6e998d9b222d86e512c19a5819bb666e827c721d756b5702ba5a04d24f613f,99e4e92e32a2a2dce97db05237454a4ff3225af38389059b53cd2f0afe106f13,8a69d882741c9042875045579f06172e194eedd707668175ecbe6420d5aea72c
pid102/multilayer-internal-mp-40/built-t0/t1/verify,102,verify,1,internal,0,t,23,23,True,validation/stage1-20261004-0100/exact-counts.jsonl,322,db6e998d9b222d86e512c19a5819bb666e827c721d756b5702ba5a04d24f613f,99e4e92e32a2a2dce97db05237454a4ff3225af38389059b53cd2f0afe106f13,8a69d882741c9042875045579f06172e194eedd707668175ecbe6420d5aea72c
pid102/multilayer-internal-mp-40/none/t4/sign,102,sign,4,internal,,compress,106518,106518,True,validation/stage1-20261004-0100/exact-counts.jsonl,323,db6e998d9b222d86e512c19a5819bb666e827c721d756b5702ba5a04d24f613f,9158de877638fd8897ca024dfd94fd791bd70aed78107505eb8c0dec1e430668,8a69d882741c9042875045579f06172e194eedd707668175ecbe6420d5aea72c
pid102/multilayer-internal-mp-40/none/t4/sign,102,sign,4,internal,,f,94212,94212,True,validation/stage1-20261004-0100/exact-counts.jsonl,323,db6e998d9b222d86e512c19a5819bb666e827c721d756b5702ba5a04d24f613f,9158de877638fd8897ca024dfd94fd791bd70aed78107505eb8c0dec1e430668,8a69d882741c9042875045579f06172e194eedd707668175ecbe6420d5aea72c
pid102/multilayer-internal-mp-40/none/t4/sign,102,sign,4,internal,,h,2230,2230,True,validation/stage1-20261004-0100/exact-counts.jsonl,323,db6e998d9b222d86e512c19a5819bb666e827c721d756b5702ba5a04d24f613f,9158de877638fd8897ca024dfd94fd791bd70aed78107505eb8c0dec1e430668,8a69d882741c9042875045579f06172e194eedd707668175ecbe6420d5aea72c
pid102/multilayer-internal-mp-40/none/t4/sign,102,sign,4,internal,,h_msg,1,1,True,validation/stage1-20261004-0100/exact-counts.jsonl,323,db6e998d9b222d86e512c19a5819bb666e827c721d756b5702ba5a04d24f613f,9158de877638fd8897ca024dfd94fd791bd70aed78107505eb8c0dec1e430668,8a69d882741c9042875045579f06172e194eedd707668175ecbe6420d5aea72c
pid102/multilayer-internal-mp-40/none/t4/sign,102,sign,4,internal,,prf,8305,8305,True,validation/stage1-20261004-0100/exact-counts.jsonl,323,db6e998d9b222d86e512c19a5819bb666e827c721d756b5702ba5a04d24f613f,9158de877638fd8897ca024dfd94fd791bd70aed78107505eb8c0dec1e430668,8a69d882741c9042875045579f06172e194eedd707668175ecbe6420d5aea72c
pid102/multilayer-internal-mp-40/none/t4/sign,102,sign,4,internal,,prf_msg,1,1,True,validation/stage1-20261004-0100/exact-counts.jsonl,323,db6e998d9b222d86e512c19a5819bb666e827c721d756b5702ba5a04d24f613f,9158de877638fd8897ca024dfd94fd791bd70aed78107505eb8c0dec1e430668,8a69d882741c9042875045579f06172e194eedd707668175ecbe6420d5aea72c
pid102/multilayer-internal-mp-40/none/t4/sign,102,sign,4,internal,,t,176,176,True,validation/stage1-20261004-0100/exact-counts.jsonl,323,db6e998d9b222d86e512c19a5819bb666e827c721d756b5702ba5a04d24f613f,9158de877638fd8897ca024dfd94fd791bd70aed78107505eb8c0dec1e430668,8a69d882741c9042875045579f06172e194eedd707668175ecbe6420d5aea72c
pid102/multilayer-internal-mp-40/none/t4/verify,102,verify,4,internal,,compress,6368,6368,True,validation/stage1-20261004-0100/exact-counts.jsonl,324,db6e998d9b222d86e512c19a5819bb666e827c721d756b5702ba5a04d24f613f,99e4e92e32a2a2dce97db05237454a4ff3225af38389059b53cd2f0afe106f13,8a69d882741c9042875045579f06172e194eedd707668175ecbe6420d5aea72c
pid102/multilayer-internal-mp-40/none/t4/verify,102,verify,4,internal,,f,5868,5868,True,validation/stage1-20261004-0100/exact-counts.jsonl,324,db6e998d9b222d86e512c19a5819bb666e827c721d756b5702ba5a04d24f613f,99e4e92e32a2a2dce97db05237454a4ff3225af38389059b53cd2f0afe106f13,8a69d882741c9042875045579f06172e194eedd707668175ecbe6420d5aea72c
pid102/multilayer-internal-mp-40/none/t4/verify,102,verify,4,internal,,h,264,264,True,validation/stage1-20261004-0100/exact-counts.jsonl,324,db6e998d9b222d86e512c19a5819bb666e827c721d756b5702ba5a04d24f613f,99e4e92e32a2a2dce97db05237454a4ff3225af38389059b53cd2f0afe106f13,8a69d882741c9042875045579f06172e194eedd707668175ecbe6420d5aea72c
pid102/multilayer-internal-mp-40/none/t4/verify,102,verify,4,internal,,h_msg,1,1,True,validation/stage1-20261004-0100/exact-counts.jsonl,324,db6e998d9b222d86e512c19a5819bb666e827c721d756b5702ba5a04d24f613f,99e4e92e32a2a2dce97db05237454a4ff3225af38389059b53cd2f0afe106f13,8a69d882741c9042875045579f06172e194eedd707668175ecbe6420d5aea72c
pid102/multilayer-internal-mp-40/none/t4/verify,102,verify,4,internal,,prf,0,0,True,validation/stage1-20261004-0100/exact-counts.jsonl,324,db6e998d9b222d86e512c19a5819bb666e827c721d756b5702ba5a04d24f613f,99e4e92e32a2a2dce97db05237454a4ff3225af38389059b53cd2f0afe106f13,8a69d882741c9042875045579f06172e194eedd707668175ecbe6420d5aea72c
pid102/multilayer-internal-mp-40/none/t4/verify,102,verify,4,internal,,prf_msg,0,0,True,validation/stage1-20261004-0100/exact-counts.jsonl,324,db6e998d9b222d86e512c19a5819bb666e827c721d756b5702ba5a04d24f613f,99e4e92e32a2a2dce97db05237454a4ff3225af38389059b53cd2f0afe106f13,8a69d882741c9042875045579f06172e194eedd707668175ecbe6420d5aea72c
pid102/multilayer-internal-mp-40/none/t4/verify,102,verify,4,internal,,t,23,23,True,validation/stage1-20261004-0100/exact-counts.jsonl,324,db6e998d9b222d86e512c19a5819bb666e827c721d756b5702ba5a04d24f613f,99e4e92e32a2a2dce97db05237454a4ff3225af38389059b53cd2f0afe106f13,8a69d882741c9042875045579f06172e194eedd707668175ecbe6420d5aea72c
pid102/multilayer-internal-mp-40/built-t0/t4/sign,102,sign,4,internal,0,compress,102524,102524,True,validation/stage1-20261004-0100/exact-counts.jsonl,325,db6e998d9b222d86e512c19a5819bb666e827c721d756b5702ba5a04d24f613f,9158de877638fd8897ca024dfd94fd791bd70aed78107505eb8c0dec1e430668,8a69d882741c9042875045579f06172e194eedd707668175ecbe6420d5aea72c
pid102/multilayer-internal-mp-40/built-t0/t4/sign,102,sign,4,internal,0,f,90537,90537,True,validation/stage1-20261004-0100/exact-counts.jsonl,325,db6e998d9b222d86e512c19a5819bb666e827c721d756b5702ba5a04d24f613f,9158de877638fd8897ca024dfd94fd791bd70aed78107505eb8c0dec1e430668,8a69d882741c9042875045579f06172e194eedd707668175ecbe6420d5aea72c
pid102/multilayer-internal-mp-40/built-t0/t4/sign,102,sign,4,internal,0,h,2226,2226,True,validation/stage1-20261004-0100/exact-counts.jsonl,325,db6e998d9b222d86e512c19a5819bb666e827c721d756b5702ba5a04d24f613f,9158de877638fd8897ca024dfd94fd791bd70aed78107505eb8c0dec1e430668,8a69d882741c9042875045579f06172e194eedd707668175ecbe6420d5aea72c
pid102/multilayer-internal-mp-40/built-t0/t4/sign,102,sign,4,internal,0,h_msg,1,1,True,validation/stage1-20261004-0100/exact-counts.jsonl,325,db6e998d9b222d86e512c19a5819bb666e827c721d756b5702ba5a04d24f613f,9158de877638fd8897ca024dfd94fd791bd70aed78107505eb8c0dec1e430668,8a69d882741c9042875045579f06172e194eedd707668175ecbe6420d5aea72c
pid102/multilayer-internal-mp-40/built-t0/t4/sign,102,sign,4,internal,0,prf,8060,8060,True,validation/stage1-20261004-0100/exact-counts.jsonl,325,db6e998d9b222d86e512c19a5819bb666e827c721d756b5702ba5a04d24f613f,9158de877638fd8897ca024dfd94fd791bd70aed78107505eb8c0dec1e430668,8a69d882741c9042875045579f06172e194eedd707668175ecbe6420d5aea72c
pid102/multilayer-internal-mp-40/built-t0/t4/sign,102,sign,4,internal,0,prf_msg,1,1,True,validation/stage1-20261004-0100/exact-counts.jsonl,325,db6e998d9b222d86e512c19a5819bb666e827c721d756b5702ba5a04d24f613f,9158de877638fd8897ca024dfd94fd791bd70aed78107505eb8c0dec1e430668,8a69d882741c9042875045579f06172e194eedd707668175ecbe6420d5aea72c
pid102/multilayer-internal-mp-40/built-t0/t4/sign,102,sign,4,internal,0,t,169,169,True,validation/stage1-20261004-0100/exact-counts.jsonl,325,db6e998d9b222d86e512c19a5819bb666e827c721d756b5702ba5a04d24f613f,9158de877638fd8897ca024dfd94fd791bd70aed78107505eb8c0dec1e430668,8a69d882741c9042875045579f06172e194eedd707668175ecbe6420d5aea72c
pid102/multilayer-internal-mp-40/built-t0/t4/verify,102,verify,4,internal,0,compress,6368,6368,True,validation/stage1-20261004-0100/exact-counts.jsonl,326,db6e998d9b222d86e512c19a5819bb666e827c721d756b5702ba5a04d24f613f,99e4e92e32a2a2dce97db05237454a4ff3225af38389059b53cd2f0afe106f13,8a69d882741c9042875045579f06172e194eedd707668175ecbe6420d5aea72c
pid102/multilayer-internal-mp-40/built-t0/t4/verify,102,verify,4,internal,0,f,5868,5868,True,validation/stage1-20261004-0100/exact-counts.jsonl,326,db6e998d9b222d86e512c19a5819bb666e827c721d756b5702ba5a04d24f613f,99e4e92e32a2a2dce97db05237454a4ff3225af38389059b53cd2f0afe106f13,8a69d882741c9042875045579f06172e194eedd707668175ecbe6420d5aea72c
pid102/multilayer-internal-mp-40/built-t0/t4/verify,102,verify,4,internal,0,h,264,264,True,validation/stage1-20261004-0100/exact-counts.jsonl,326,db6e998d9b222d86e512c19a5819bb666e827c721d756b5702ba5a04d24f613f,99e4e92e32a2a2dce97db05237454a4ff3225af38389059b53cd2f0afe106f13,8a69d882741c9042875045579f06172e194eedd707668175ecbe6420d5aea72c
pid102/multilayer-internal-mp-40/built-t0/t4/verify,102,verify,4,internal,0,h_msg,1,1,True,validation/stage1-20261004-0100/exact-counts.jsonl,326,db6e998d9b222d86e512c19a5819bb666e827c721d756b5702ba5a04d24f613f,99e4e92e32a2a2dce97db05237454a4ff3225af38389059b53cd2f0afe106f13,8a69d882741c9042875045579f06172e194eedd707668175ecbe6420d5aea72c
pid102/multilayer-internal-mp-40/built-t0/t4/verify,102,verify,4,internal,0,prf,0,0,True,validation/stage1-20261004-0100/exact-counts.jsonl,326,db6e998d9b222d86e512c19a5819bb666e827c721d756b5702ba5a04d24f613f,99e4e92e32a2a2dce97db05237454a4ff3225af38389059b53cd2f0afe106f13,8a69d882741c9042875045579f06172e194eedd707668175ecbe6420d5aea72c
pid102/multilayer-internal-mp-40/built-t0/t4/verify,102,verify,4,internal,0,prf_msg,0,0,True,validation/stage1-20261004-0100/exact-counts.jsonl,326,db6e998d9b222d86e512c19a5819bb666e827c721d756b5702ba5a04d24f613f,99e4e92e32a2a2dce97db05237454a4ff3225af38389059b53cd2f0afe106f13,8a69d882741c9042875045579f06172e194eedd707668175ecbe6420d5aea72c
pid102/multilayer-internal-mp-40/built-t0/t4/verify,102,verify,4,internal,0,t,23,23,True,validation/stage1-20261004-0100/exact-counts.jsonl,326,db6e998d9b222d86e512c19a5819bb666e827c721d756b5702ba5a04d24f613f,99e4e92e32a2a2dce97db05237454a4ff3225af38389059b53cd2f0afe106f13,8a69d882741c9042875045579f06172e194eedd707668175ecbe6420d5aea72c
